token,pos
उपमुख्यमंत्री,NOUN
अजित,NOUN
पवार,NOUN
यांचे,NOUN
चिरंजीव,NOUN
पार्थ,NOUN
यांच्या,PP
कंपनीमार्फत,NOUN
झालेल्या,NOUN
जमीन,NOUN
व्यवहार,NOUN
प्रकरणात,NOUN
अनियमितता,NOUN
आढळल्याचं,NOUN
प्रकरण,NOUN
सध्या,NOUN
फारच,NOUN
चर्चेत,NOUN
आहे,NOUN
एकीकडे,PP
या,PART
प्रकरणी,NOUN
पिंपरी,NOUN
चिंचवडमधील,NOUN
बावधन,NOUN
पोलीस,NOUN
ठाण्यात,NOUN
गुन्हा,NOUN
नोंद,NOUN
करण्यात,NOUN
आला,PP
तर,PART
दुसरीकडे,PP
हा,PART
रद्द,NOUN
आल्याची,NOUN
माहिती,NOUN
यांनी,NOUN
दिली,VERB
प्रकरणावर,PP
राष्ट्रवादी,NOUN
काँग्रेस,NOUN
शरद,NOUN
गटाचे,NOUN
प्रमुख,NOUN
प्रतिक्रिया,NOUN
पवारांना,NOUN
जाणीवपूर्वक,NOUN
घेरण्याचा,NOUN
प्रयत्न,NOUN
केला,PP
जातोय,NOUN
का,PART
प्रश्नावर,PP
उत्तर,NOUN
देताना,NOUN
काय,NOUN
म्हणाले,VERB
जाणून,NOUN
घ्या,NOUN
बीबीसीसाठी,PP
कलेक्टिव्ह,NOUN
न्यूजरूमचे,NOUN
प्रकाशन,NOUN
गुन्ह्यात,NOUN
पवारांचे,NOUN
नाव,NOUN
नाही,NOUN
यासह,NOUN
अनुत्तरीत,NOUN
असलेले,VERB
5,NUM
प्रश्न8,NOUN
नोव्हेंबर,NOUN
2025,NUM
प्रश्न,NOUN
करार,NOUN
करणार,NOUN
पवारांची,NOUN
आतापर्यंत,NOUN
घडलं,NOUN
10,NUM
IPS,NOUN
वाद,NOUN
इतर,NOUN
खात्याच्या,PP
सरकारी,NOUN
कामात,NOUN
अडथळा,NOUN
आणणं,NOUN
चूकच,NOUN
प्रशासकीय,NOUN
नियम,NOUN
सांगतात,VERB
6,NUM
सप्टेंबर,NOUN
1,NUM
29व्हीडिओ,NOUN
पुण्यातील,NOUN
नवले,VERB
पुलावर,PP
भीषण,NOUN
अपघात,NOUN
वाहनांना,NOUN
आग,PART
मृतांचा,NOUN
आकडा,NOUN
7,NUM
वर,PART
वेळ,NOUN
2913,NUM
व्हीडिओ,NOUN
29,NUM
8,NUM
17व्हीडिओ,NOUN
पुणे,NOUN
पोलिसांवर,PP
मुलींना,NOUN
जातिवाचक,NOUN
शिवीगाळाचे,NOUN
आरोप,NOUN
कोर्टाने,PP
आदेश,NOUN
दिले,VERB
1713,NUM
17,NUM
08व्हीडिओ,NOUN
भारतापेक्षा,NOUN
बऱ्याच,NOUN
लहान,NOUN
अर्थव्यवस्था,NOUN
असणाऱ्या,NOUN
रवांडा,NOUN
घानासारख्या,NOUN
देशांचं,NOUN
पासपोर्ट,NOUN
रँकिंग,NOUN
चांगलं,NOUN
0813,NUM
08,NUM
01व्हीडिओ,NOUN
सोपी,NOUN
गोष्ट,NOUN
भारतात,VERB
येणाऱ्या,NOUN
डेटा,NOUN
सेंटर्समुळे,NOUN
पाणीटंचाई,NOUN
वाढणार,NOUN
0112,NUM
01,NUM
तुम्ही,NOUN
बीबीसीवर,PP
विश्वास,NOUN
ठेवू,NOUN
शकता,NOUN
कारण,NOUN
न्यूजरूमचं,NOUN
BBC,NOUN
बीबीसी,NOUN
बाह्य,NOUN
इंटरनेट,NOUN
साइट्सच्या,PP
सामग्रीसाठी,PP
जबाबदार,NOUN
लिंक्सबद्दल,NOUN
आम्हाल,NOUN
वाटतं,NOUN
इथे,NOUN
वाचा,NOUN
अकोल्यात,NOUN
एकेकाळी,NOUN
शिकार,NOUN
करणारे,NOUN
फासेपारधी,NOUN
समाजातील,NOUN
लोक,NOUN
आता,NOUN
दुर्मिळ,NOUN
तणमोर,NOUN
पक्ष्याचं,NOUN
संवर्धन,NOUN
करत,NOUN
आहेत,NOUN
पक्षी,NOUN
नामशेष,NOUN
होण्याच्या,PP
मार्गावर,PP
असताना,NOUN
कौस्तुभ,NOUN
पांढरीपांडे,NOUN
संस्थेच्या,PP
मदतीनं,NOUN
अनोखा,NOUN
लोकसहभागाचा,NOUN
प्रयोग,NOUN
साकारतोय,NOUN
भारतभर,NOUN
फक्त,NOUN
सुमारे,NOUN
730,NUM
उरले,VERB
हे,PART
आशादायी,NOUN
चित्र,NOUN
एडिट,NOUN
अरविंद,NOUN
पारेकर,NOUN
भारतातल्या,NOUN
गुजरात,NOUN
आणि,NOUN
पाकिस्तानच्या,PP
सिंध,NOUN
प्रांताच्या,PP
सीमेवरच्या,PP
96,NUM
किलोमीटर,NOUN
लांबीच्या,PP
Sir,NOUN
Creek,NOUN
दलदलीच्या,PP
जागेवर,PP
भारत,NOUN
पाकिस्तान,NOUN
दोघेही,NOUN
हक्क,NOUN
कधीपासून,NOUN
याच,NOUN
परिसरात,NOUN
दोन्ही,NOUN
देशांचे,NOUN
लष्करी,NOUN
सराव,NOUN
सुरू,NOUN
अलिकडेच,NOUN
संघर्षाच्या,PP
पार्श्वभूमीवर,PP
याकडे,PP
कसं,NOUN
पाहायचं,NOUN
समजून,NOUN
घेऊयात,NOUN
गोष्टमध्ये,PP
Author,NOUN
नवीन,NOUN
सिंह,NOUN
खडका,NOUN
अँटोनिया,NOUN
क्यूबेरोआणि,NOUN
व्हिज्युअल,NOUN
जर्नलिझम,NOUN
टीमRole,NOUN
वर्ल्ड,NOUN
सर्व्हिस,NOUN
टीम,NOUN
Role,NOUN
वर्षीची,NOUN
संयुक्त,NOUN
राष्ट्रसंघाची,NOUN
हवामान,NOUN
बदल,NOUN
परिषद,NOUN
COP30,NOUN
ब्राझीलच्या,PP
भागात,NOUN
असलेल्या,NOUN
बेलेम,NOUN
शहरात,NOUN
होते,NOUN
शहराला,PP
अनेकदा,NOUN
ॲमेझॉनच्या,PP
जंगलांचं,NOUN
प्रवेशद्वार,NOUN
म्हटलं,NOUN
जातं,NOUN
जगातील,NOUN
सर्वात,NOUN
मोठं,NOUN
सदाहरित,NOUN
जंगल,NOUN
वर्षावन,NOUN
शहर,NOUN
म्हणजे,NOUN
एक,PART
प्रतीकात्मक,NOUN
स्थान,NOUN
पॅरिसमध्ये,PP
बदलावरच्या,PP
परिषदेनंतर,NOUN
दहा,NOUN
वर्षांनी,NOUN
जगभरातील,NOUN
प्रतिनिधी,NOUN
जमत,NOUN
ऐतिहासिक,NOUN
झाला,PP
होता,NOUN
त्या,NOUN
कराराचा,NOUN
उद्देश,NOUN
पृथ्वीवरील,NOUN
तापमान,NOUN
वाढवणाऱ्या,NOUN
ग्रीन,NOUN
हाऊस,NOUN
गॅस,NOUN
हरितगृह,NOUN
वायूंचं,NOUN
उत्सर्जन,NOUN
सुरक्षित,NOUN
मर्यादेपर्यंत,NOUN
रोखण्याचा,NOUN
पर्यावरणात,NOUN
मोठ्या,NOUN
प्रमाणात,NOUN
असणारा,NOUN
कार्बन,NOUN
डायऑक्साईड,NOUN
वायू,NOUN
शोषून,NOUN
घेण्याचं,NOUN
काम,NOUN
ॲमेझॉनचं,NOUN
घनदाट,NOUN
करतं,NOUN
त्यामुळे,NOUN
बदलाच्या,PP
स्थितीमध्ये,PP
सुधारणा,NOUN
करण्याच्या,PP
उपायांमध्ये,PP
जंगलांची,NOUN
भूमिका,NOUN
अत्यंत,NOUN
महत्त्वाची,NOUN
मात्र,NOUN
वैज्ञानिकांचं,NOUN
म्हणणं,NOUN
की,PART
अनक,NOUN
दशकांपासून,NOUN
होत,NOUN
असलेली,VERB
जंगलतोड,NOUN
परिणामांमुळे,NOUN
भविष्यच,NOUN
अनिश्चित,NOUN
अंधारमय,NOUN
झालं,NOUN
ही,PART
पारा,NOUN
प्रांताची,NOUN
राजधानी,NOUN
प्रांतात,VERB
जंगलांचा,NOUN
सर्वाधिक,NOUN
विनाश,NOUN
होतो,NOUN
कारणामुळे,NOUN
सद्यस्थिती,NOUN
जंगलांना,NOUN
ज्या,NOUN
धोक्यांचा,NOUN
सामना,NOUN
करावा,NOUN
लागतो,NOUN
त्याचा,NOUN
सखोल,NOUN
आढावा,NOUN
घेत,NOUN
जंगलाचा,NOUN
जवळपास,NOUN
60,NUM
टक्के,NOUN
भाग,NOUN
ब्राझीलमध्ये,PP
ब्राझीलचं,NOUN
उष्णकटिबंधीय,NOUN
सुरक्षा,NOUN
मजबूत,NOUN
करण्यासाठी,PP
ते,PART
घडवून,NOUN
आणण्याचा,NOUN
करतील,NOUN
ताण,NOUN
आलाय,NOUN
मन,PART
शांत,NOUN
करायचंय,NOUN
आपल्याच,NOUN
शरीरातल्या,NOUN
शांततेच्या,PP
बटणा,NOUN
बद्दल,NOUN
मराठी,NOUN
माणूस,NOUN
जेव्हा,NOUN
बिहारमधून,NOUN
तब्बल,NOUN
4,NUM
वेळा,NOUN
खासदार,NOUN
कर्जाचे,NOUN
हप्ते,NOUN
थकल्यावर,PP
बँकांचे,NOUN
वसुली,VERB
एजंट्स,NOUN
मागे,NOUN
लागत,NOUN
असतील,NOUN
ग्राहक,NOUN
म्हणून,NOUN
तुमचे,NOUN
अधिकार,NOUN
रुग्णालयातून,NOUN
घरी,NOUN
परतल्यावर,PP
अभिनेता,NOUN
गोविंदाने,PP
सांगितले,VERB
वर्षावनं,NOUN
किंवा,NOUN
जंगलं,NOUN
प्रामुख्यानं,NOUN
विषुववृत्ताजवळ,NOUN
आढळतात,VERB
जंगलांमध्ये,PP
उंचच,NOUN
उंच,NOUN
बहुतांश,NOUN
वृक्ष,NOUN
असतात,VERB
प्रजातींचा,NOUN
अधिवास,NOUN
ॲमेझॉनमध्ये,PP
जंगलच,NOUN
दलदलीचा,NOUN
प्रदेश,NOUN
सवाना,NOUN
गवताळ,NOUN
मैदानी,NOUN
देखील,NOUN
खोरं,NOUN
दक्षिण,NOUN
अमेरिकेत,NOUN
67,NUM
लाख,NOUN
चौ,PART
किलोमीटरहून,NOUN
अधिक,NOUN
भूभागात,NOUN
पसरलेलं,NOUN
क्षेत्रफळाचा,NOUN
विचार,NOUN
करता,NOUN
आकार,NOUN
भारताच्या,PP
दुप्पट,NOUN
समृद्ध,NOUN
जैव,NOUN
विविधता,NOUN
भागांपैकी,NOUN
किमान,NOUN
40,NUM
000,NUM
वनस्पतींच्या,PP
प्रजाती,NOUN
पक्षांच्या,PP
300,NUM
ज्यात,NOUN
हार्पी,NOUN
ईगल,NOUN
टूकानचा,NOUN
समावेश,NOUN
हिरव्या,NOUN
इगुआनापासून,NOUN
ब्लॅक,NOUN
कॅमनपर्यंत,NOUN
सरपटणाऱ्या,NOUN
प्राण्यांच्या,PP
378,NUM
400,NUM
हून,NOUN
उभयचर,NOUN
डार्ट,NOUN
पॉयझन,NOUN
फ्रॉग,NOUN
स्मूथ,NOUN
सायडेड,NOUN
टोड,NOUN
यांचा,NOUN
गोड्या,NOUN
पाण्यातील,NOUN
माशांचे,NOUN
3,NUM
प्रकार,NOUN
यात,NOUN
पिरान्हा,NOUN
विशाल,NOUN
अरपाइमा,NOUN
माशाचा,NOUN
त्याचं,NOUN
वजन,NOUN
200,NUM
किलोपर्यंत,NOUN
असू,NOUN
शकतं,NOUN
यापैकी,NOUN
अनेक,NOUN
जगात,NOUN
इतरत्र,NOUN
कुठेही,NOUN
आढळत,NOUN
नाहीत,NOUN
याव्यतिरिक्त,NOUN
प्रदेशात,NOUN
शेकडो,NOUN
मूलनिवासी,NOUN
समुदाय,NOUN
राहतात,VERB
खोरे,NOUN
जैवविविधतेच्या,PP
बाबतीत,NOUN
ॲमेझॉन,NOUN
मोठी,NOUN
नदी,NOUN
नदीला,PP
100,NUM
उपनद्या,NOUN
पाण्याचा,NOUN
मोठा,NOUN
स्रोत,NOUN
पाणी,NOUN
शेवटी,NOUN
अटलांटिक,NOUN
महासागरात,NOUN
जाऊन,NOUN
मिळतं,NOUN
सागरी,NOUN
प्रवाह,NOUN
राखण्यात,NOUN
बजावतं,NOUN
भलंमोठं,NOUN
सिंक,NOUN
अर्थात,NOUN
जंगलातील,NOUN
काही,NOUN
वृक्षतोड,NOUN
झाल्यामुळे,NOUN
खराब,NOUN
असं,NOUN
दिसून,NOUN
आलं,NOUN
जितक्या,NOUN
डाय,NOUN
ऑक्साईड,NOUN
घेतं,NOUN
त्याच्यापेक्षा,NOUN
उत्सर्जित,NOUN
अन्न,NOUN
औषधांचा,NOUN
स्त्रोत,NOUN
धातू,NOUN
विशेषकरून,NOUN
सोन्यासाठी,PP
उत्खनन,NOUN
केलं,NOUN
कच्चे,NOUN
तेल,NOUN
नैसर्गिक,NOUN
वायूचा,NOUN
उत्पादक,NOUN
ठरू,NOUN
शकतो,NOUN
तिथून,NOUN
लाकडाचा,NOUN
पुरवठा,NOUN
नेमकं,NOUN
घडतं,NOUN
तापमानात,NOUN
वेगानं,NOUN
वाढ,NOUN
प्रदीर्घ,NOUN
काळ,NOUN
पडलेल्या,NOUN
दुष्काळामुळे,NOUN
संतुलनावर,PP
परिणाम,NOUN
सर्वसाधारणपणे,NOUN
ओलसर,NOUN
राहणारं,NOUN
कोरडं,NOUN
आगीचा,NOUN
धोका,NOUN
वाढला,PP
उदाहरणार्थ,NOUN
आयएनपीई,NOUN
अंतराळ,NOUN
संस्थेनुसार,NOUN
2024,NUM
मध्ये,PP
ब्राझीलमधील,NOUN
खोऱ्यात,NOUN
41,NUM
463,NUM
ठिकाणी,NOUN
आगीचे,NOUN
हॉटस्पॉट,NOUN
नोंदवण्यात,NOUN
आले,VERB
2010,NUM
नंतर,NOUN
महिन्यात,NOUN
आलेलं,NOUN
प्रमाण,NOUN
होतं,NOUN
अमेरिकेतील,NOUN
येल,NOUN
विद्यापीठातील,NOUN
इकोसिस्टम,NOUN
कॅप्चर,NOUN
चे,PART
सहायक,NOUN
प्राध्यापक,NOUN
पाउलो,NOUN
ब्रांडो,NOUN
म्हणतात,VERB
दुष्काळ,NOUN
लागण्याच्या,PP
घटनांमध्ये,PP
सातत्यानं,NOUN
यामुळे,NOUN
भागाची,NOUN
धूप,NOUN
वाढली,VERB
पुढे,NOUN
जंगलांसाठी,PP
ठरते,NOUN
फ्लाईंग,NOUN
रिव्हर्सवरील,NOUN
विनाशकारी,NOUN
समस्या,NOUN
इथूनच,NOUN
आकाराचं,NOUN
स्वत,NOUN
च्याच,NOUN
प्रणाली,VERB
याची,NOUN
महासागरातून,NOUN
येणारी,NOUN
आर्द्रता,NOUN
ओलावा,NOUN
पसरवतात,VERB
त्यांना,NOUN
आकाशात,NOUN
वाहणाऱ्या,NOUN
हवाई,NOUN
नद्या,NOUN
रिव्हर्स,NOUN
वातावरणातील,NOUN
आधी,NOUN
पूर्व,NOUN
अटलांटिकजवळच्या,PP
पाऊस,NOUN
पाडतात,VERB
त्यानंतर,NOUN
वृक्षांवरून,NOUN
पाण्याची,NOUN
वाफ,NOUN
मग,PART
बाष्पीभवनच्या,PP
प्रक्रियेद्वारे,NOUN
हवेत,NOUN
पसरतं,NOUN
वर्षावनाच्या,PP
पडण्याआधी,NOUN
पश्चिमेकडे,PP
एका,NOUN
भागातून,NOUN
दुसऱ्या,NOUN
भागापर्यंत,NOUN
पाण्याचं,NOUN
चक्र,NOUN
संपूर्ण,NOUN
चालतं,NOUN
इतका,NOUN
कशाप्रकारे,NOUN
बहरलं,NOUN
त्यातून,NOUN
येतं,NOUN
प्रत्यक्षात,NOUN
पाण्याच्या,PP
वाफेच्या,PP
वाहून,NOUN
नेतात,VERB
तज्ज्ञ,NOUN
इशारा,NOUN
देत,NOUN
ॲमेझॉनमधील,NOUN
आर्द्रतेचं,NOUN
ओलाव्याचं,NOUN
संतुलन,NOUN
बिघडलं,NOUN
झाली,VERB
जमिनीची,NOUN
तिथे,NOUN
पूर्वीप्रमाणे,NOUN
पसरवली,VERB
जात,NOUN
नाहीये,NOUN
परिणामी,NOUN
वृक्षांमधून,NOUN
होऊन,NOUN
परतणारं,NOUN
खूपच,NOUN
कमी,NOUN
संवर्धनासाठी,PP
वैज्ञानिक,NOUN
भविष्यावरील,NOUN
ताज्या,NOUN
अहवालाचे,NOUN
सह,PART
लेखक,NOUN
मॅट,NOUN
फायनर,NOUN
पसरवणाऱ्या,NOUN
छोट्या,NOUN
आपसात,NOUN
जोडलेल्या,NOUN
होत्या,NOUN
मोडल्या,NOUN
नष्ट,NOUN
झाल्या,NOUN
त्यांचं,NOUN
याचा,NOUN
वाईट,NOUN
पश्चिमेकडील,NOUN
महासागरापासून,NOUN
दूर,NOUN
पेरू,NOUN
बोलिव्हियाच्या,PP
दक्षिणकेडील,NOUN
गंभीर,NOUN
वर्षावनांचं,NOUN
अस्तित्व,NOUN
खरंतर,NOUN
पूर्वेकडील,NOUN
जंगलांवर,PP
अवलंबून,NOUN
जर,PART
गेली,VERB
बनवणारं,NOUN
जल,PART
संपुष्टात,NOUN
येईल,NOUN
पश्चिम,NOUN
पोहोचू,NOUN
शकणार,NOUN
सर्व,NOUN
जोडलेलं,NOUN
जून,NOUN
दरम्यान,NOUN
चालणाऱ्या,NOUN
कोरड्या,NOUN
मोसमात,NOUN
रूप,NOUN
धारण,NOUN
करते,NOUN
जंगलात,NOUN
लागणाऱ्या,NOUN
आगींना,NOUN
प्रतिरोध,NOUN
सशक्त,NOUN
पावसाचं,NOUN
आगींबद्दलचा,NOUN
बचाव,NOUN
हळूहळू,NOUN
कमकुवत,NOUN
चालला,PP
वैज्ञानिकांना,NOUN
शंका,NOUN
कोरडी,NOUN
चाललेली,VERB
वर्षावने,PP
निर्णायक,NOUN
टप्प्यावर,PP
आली,VERB
इथून,NOUN
ती,PART
पुन्हा,NOUN
सावरू,NOUN
कायमची,NOUN
होण्याचा,NOUN
आपल्याला,PP
बदलाची,NOUN
सुरूवातीची,NOUN
चिन्हं,NOUN
दिसत,NOUN
ऑक्सफर्ड,NOUN
इकोसिस्टम्स,NOUN
लॅब,NOUN
वरिष्ठ,NOUN
संशोधन,NOUN
सहाय्यक,NOUN
एरिका,NOUN
बेरेनगुएर,NOUN
यांनादेखील,NOUN
वाढतो,NOUN
यांच्याप्रमाणेच,NOUN
त्यादेखील,NOUN
जंगलांच्या,PP
भागावर,PP
भागांच्या,PP
तुलनेत,NOUN
संथ,NOUN
प्रक्रिया,NOUN
असून,NOUN
विशिष्ट,NOUN
भागांमध्ये,PP
तज्ज्ञांचं,NOUN
होणाऱ्या,NOUN
वहनाचा,NOUN
जंगलांवरच,NOUN
तिच्या,PP
उपनद्यांवरदेखील,NOUN
गेल्या,NOUN
वर्षांमध्ये,PP
खोऱ्यातील,NOUN
नद्यांचा,NOUN
जलस्तर,NOUN
विक्रमी,NOUN
पातळीवर,PP
खाली,VERB
2023,NUM
45,NUM
वर्षांमधील,NOUN
पडला,PP
च्या,PP
सुरुवातीच्या,PP
महिन्यांमध्ये,PP
दुष्काळाची,NOUN
परिस्थिती,NOUN
अंशत,NOUN
अल,PART
नीनो,NOUN
प्रभावामुळे,NOUN
निर्माण,NOUN
होती,NOUN
पॅसिफिक,NOUN
समुद्राच्या,PP
पृष्ठभागाचं,NOUN
वाढतं,NOUN
पावसाच्या,PP
पॅटर्नवर,PP
तो,PART
बेकायदेशीर,NOUN
खाणींचं,NOUN
आव्हान,NOUN
बदलाचं,NOUN
संकट,NOUN
आधीच,NOUN
नुकसान,NOUN
झालेलं,NOUN
सोन्याच्या,PP
उत्खननामुळे,NOUN
खोऱ्याचं,NOUN
प्रचंड,NOUN
रेअर,NOUN
अर्थ,NOUN
खनिजांसाठी,PP
खनिजं,NOUN
इलेक्ट्रिक,NOUN
वाहन,NOUN
पवनचक्क्या,NOUN
मोबाईल,NOUN
फोन,NOUN
उपग्रहांमध्ये,PP
वापरली,VERB
जातात,VERB
त्यामुळेच,NOUN
आधुनिक,NOUN
अर्थव्यवस्थेसाठी,PP
खूप,NOUN
पाऱ्यासारख्या,NOUN
रसायनांनी,NOUN
माती,NOUN
प्रदूषित,NOUN
होतात,VERB
हेच,NOUN
विष,NOUN
प्राणी,NOUN
मानव,NOUN
दोघांसाठी,PP
घातक,NOUN
करणाऱ्या,NOUN
संघटित,NOUN
गुन्हेगारी,NOUN
नेटवर्कमधील,NOUN
संबंध,NOUN
वाढत,NOUN
यामध्ये,PP
शस्त्रं,NOUN
बंदूकांची,NOUN
तस्करी,NOUN
टोळ्यांचा,NOUN
नेटवर्क,NOUN
प्रशासनाला,PP
त्यावर,PP
नियंत्रण,NOUN
ठेवणं,NOUN
कठीण,NOUN
आठ,PART
देशांमध्ये,PP
प्रत्येक,NOUN
देशाची,NOUN
कायदा,NOUN
तयार,NOUN
करण्याची,NOUN
लागू,NOUN
पद्धत,NOUN
सीमेपलीकडील,NOUN
गुन्ह्यांना,NOUN
आळा,NOUN
घालणं,NOUN
बसतं,NOUN
चिंतेचं,NOUN
आणखी,NOUN
खोऱ्याखाली,VERB
हायड्रोकार्बन,NOUN
आढळले,VERB
इन्फोअमेझोनियानुसार,NOUN
2022,NUM
अब्ज,NOUN
बॅरलचे,NOUN
कच्च्या,PP
तेलाचे,NOUN
साठे,NOUN
शोधण्यात,NOUN
अलीकडच्या,PP
काळात,NOUN
आलेल्या,NOUN
तेलाच्या,PP
साठ्यांपैकी,NOUN
पाचवा,NOUN
हिस्सा,NOUN
जीवाश्म,NOUN
इंधन,NOUN
उद्योगासाठी,PP
केंद्र,NOUN
साठ्यांचा,NOUN
शोध,NOUN
लागण्यापूर्वीच,NOUN
ताजं,NOUN
होण्याआधी,NOUN
सायन्स,NOUN
पॅनल,NOUN
फॉर,NOUN
द,PART
अहवालात,NOUN
दाखवण्यात,NOUN
विनाशामुळे,NOUN
वनस्पती,NOUN
प्रदेशासाठीच,NOUN
जगासाठी,PP
असलेलं,NOUN
महत्त्व,NOUN
तुमच्या,PP
कामाच्या,PP
गोष्टी,NOUN
बातम्या,NOUN
थेट,NOUN
फोनवर,PP
अजूनही,NOUN
त्यामध्ये,PP
पृथ्वीचं,NOUN
CO2,NOUN
वायूला,PP
घेण्याची,NOUN
क्षमता,NOUN
प्रकाशित,NOUN
मॉनिटरिंग,NOUN
ऑफ,PART
अँडीज,NOUN
प्रोग्रॅम,NOUN
एमएएपी,NOUN
अहवालानुसार,NOUN
पर्यंत,NOUN
खोऱ्याच्या,PP
जमिनीवर,PP
71,NUM
मेट्रिक,NOUN
टन,PART
जमा,NOUN
झालेला,PP
सालच्या,PP
जागतिक,NOUN
पातळीवरील,NOUN
उत्सर्जनाच्या,PP
दोन,NOUN
वर्षांच्या,PP
उत्सर्जनाइतकं,NOUN
प्रदेशातील,NOUN
घेण्याऐवजी,NOUN
करू,NOUN
लागण्याचा,NOUN
आपण,NOUN
गमावलं,NOUN
संकटाविरोधातील,NOUN
लढाई,NOUN
हरल्यासारखं,NOUN
असेल,NOUN
ढगांचा,NOUN
थर,PART
करतात,VERB
सूर्याची,NOUN
किरणं,NOUN
परावर्तित,NOUN
करून,NOUN
अंतराळात,NOUN
परत,NOUN
पाठवतात,VERB
पृथ्वी,NOUN
थंड,NOUN
राहण्यास,NOUN
संतुलित,NOUN
मदत,NOUN
जोपर्यंत,NOUN
पक्रिया,NOUN
असते,NOUN
वाढण्याची,NOUN
गती,NOUN
वन,PART
टासो,NOUN
अजेवेदो,NOUN
ज्याप्रमाणे,NOUN
ॲमेझॉनसारखी,NOUN
मर्यादित,NOUN
ठेवतात,VERB
त्याचप्रमाणे,NOUN
त्यांच्यामध्ये,PP
ग्रहांना,NOUN
ठेवण्याची,NOUN
क्षमतादेखील,NOUN
एखाद्या,NOUN
एअर,NOUN
कंडिशनरसारखंच,NOUN
सांगितल्याप्रमाणे,NOUN
साठ्याचा,NOUN
हवामानावर,PP
खोलवर,PP
महासागराच्या,PP
प्रवाहांना,NOUN
दिशा,NOUN
देण्यास,NOUN
करतो,NOUN
तसंच,NOUN
प्रवाहात,NOUN
कोणत्याही,NOUN
बदलाचा,NOUN
प्रवाहांबरोबरच,NOUN
प्रादेशिक,NOUN
प्रणालींवर,PP
होऊ,NOUN
रक्षकांसाठी,PP
सोन्यापेक्षा,NOUN
अॅमेझॉनचं,NOUN
मौल्यवान,NOUN
आहे20,NOUN
मे,PART
2019,NUM
अॅमेझॉनच्या,PP
बेपत्ता,NOUN
झालेली,VERB
मुलं,NOUN
दिवसांनी,NOUN
अशी,NOUN
जिवंत,NOUN
सापडली12,NOUN
सापडली,VERB
अमेझॉनच्या,PP
हरवलेली,VERB
व्यक्ती,NOUN
31,NUM
परतली,VERB
अन्नाशिवाय,NOUN
कसा,NOUN
राहिला,PP
मार्च,NOUN
LIVE,NOUN
Live,NOUN
बिहार,NOUN
विधानसभा,NOUN
निकाल,NOUN
महुआ,NOUN
मतदारसंघातून,NOUN
तेज,NOUN
प्रताप,NOUN
यादव,NOUN
पिछाडीवर,PP
तेजस्वी,NOUN
क्रिकेटसाठी,PP
नववीतून,NOUN
शिक्षण,NOUN
सोडण्यापासून,NOUN
राजकीय,NOUN
मैदानात,NOUN
उतरण्यापर्यंत,NOUN
असा,NOUN
प्रवास2,NOUN
तासांपूर्वी,NOUN
प्रवास,NOUN
नितीश,NOUN
कुमार,NOUN
सातच,NOUN
दिवस,NOUN
19,NUM
वर्षे,NOUN
बिहारच्या,PP
मुख्यमंत्रिपदाचं,NOUN
गणित,NOUN
जुळवणारा,NOUN
नेता4,NOUN
नेता,NOUN
पी,PART
प्लेझर,NOUN
प्लेझरसाठी,PP
कित्येक,NOUN
बायका,NOUN
अक्षरशः,NOUN
तडफडत,NOUN
ब्लॉग26,NOUN
ऑक्टोबर,NOUN
ब्लॉग,NOUN
उंबरठा,NOUN
सिनेमा,NOUN
पाहिल्यावर,PP
स्मिता,NOUN
पाटील,NOUN
यांना,NOUN
विजय,NOUN
तेंडुलकरांनी,NOUN
तू,PART
मला,PP
हरवलंस,NOUN
2,NUM
शिंदे,NOUN
दाभाडे,NOUN
वर्षांपूर्वीचा,NOUN
सिंहासन,NOUN
आजही,NOUN
ताजा,NOUN
वाटण्याचं,NOUN
राज,NOUN
उद्धव,NOUN
ठाकरे,NOUN
भेटी,NOUN
गाठी,NOUN
वाढल्या,NOUN
दोघे,NOUN
एकत्र,NOUN
आल्यास,NOUN
मुंबई,NOUN
वर्चस्व,NOUN
मिळवू,NOUN
शकतील,NOUN
13,NUM
संत,NOUN
तुकाराम,NOUN
महाराज,NOUN
डॉ,PART
आ,PART
ह,PART
साळुंखे,NOUN
विद्रोही,NOUN
14,NUM
1ताण,NOUN
2एक,NOUN
होतोशेवटचा,NOUN
अपडेट,NOUN
एप्रिल,NOUN
3कर्जाचे,NOUN
4रुग्णालयातून,NOUN
5गरम,NOUN
हिवाळ्यात,NOUN
कोणत्या,NOUN
पाण्यानं,NOUN
अंघोळ,NOUN
करणं,NOUN
जास्त,NOUN
असतं,NOUN
चोर,NOUN
खेळण्याच्या,PP
बहाण्याने,PP
सासूला,PP
संपवलं,NOUN
डोकं,NOUN
चक्रावणारं,NOUN
उघडकीस,NOUN
7जवाहरलाल,NOUN
नेहरू,NOUN
भारताचे,NOUN
शिल्पकार,NOUN
आजच्या,PP
समस्यांना,NOUN
8जेव्हा,NOUN
IFS,NOUN
ऑफिसरला,PP
स्विमिंग,NOUN
कॉस्च्यूममध्येच,NOUN
म्यानमारच्या,PP
PMच्या,PP
स्वागतासाठी,PP
घेऊन,NOUN
गेले,VERB
शेवटचा,NOUN
18,NUM
9शेअर,NOUN
बाजारातील,NOUN
IPO,NOUN
पैसे,NOUN
गुंतवायचे,NOUN
लक्षात,NOUN
ठेवा,NOUN
महत्त्वाच्या,PP
टिप्स,NOUN
10बिहार,NOUN
एक्झिट,NOUN
पोलनुसार,NOUN
सरकार,NOUN
कोण,NOUN
स्थापन,NOUN
करतंय,NOUN
एरंडाच्या,PP
बियांपासून,NOUN
रायसिन,NOUN
विषाची,NOUN
चर्चा,NOUN
एकदा,NOUN
होताना,NOUN
जगभरात,NOUN
विषाचा,NOUN
वापर,NOUN
कृत्य,NOUN
करण्याचे,NOUN
झाल्याचे,NOUN
भारतातही,NOUN
प्रसारमाध्यमांमध्ये,PP
बातम्यांचा,NOUN
विषय,NOUN
ठरला,PP
याला,PP
निमित्त,NOUN
ठरले,VERB
पोलिसांनी,NOUN
अहमद,NOUN
मोहिउद्दीन,NOUN
सय्यद,NOUN
आझाद,NOUN
सुलेमान,NOUN
शेख,NOUN
मोहम्मद,NOUN
सुहेल,NOUN
सलीम,NOUN
तिघांना,NOUN
अटक,NOUN
केली,VERB
पीटीआयने,PP
दिलेल्या,NOUN
वृत्तानुसार,NOUN
दहशतवाद,NOUN
विरोधी,NOUN
पथकाने,PP
एटीएस,NOUN
सांगितलं,NOUN
तिघांनी,NOUN
लखनऊ,NOUN
दिल्ली,VERB
अहमदाबादमध्ये,PP
कटाची,NOUN
पूर्वतयारी,NOUN
विविध,NOUN
ठिकाणांची,NOUN
रेकी,NOUN
पण,PART
त्यांनी,NOUN
त्यासाठी,PP
निवडलेला,PP
मार्ग,NOUN
चर्चेचा,NOUN
बनला,PP
एटीएसने,PP
संशयित,NOUN
आरोपींनी,NOUN
लोकांना,NOUN
मारण्यासाठी,PP
बियांमधून,NOUN
काढलेलं,NOUN
वापरण्याची,NOUN
योजना,NOUN
आखली,VERB
पोलिसांच्या,PP
म्हणण्यानुसार,NOUN
मोहिउद्दीनने,PP
चीनमध्ये,PP
एमबीबीएसचं,NOUN
घेतलेलं,NOUN
रसायनशास्त्रातील,NOUN
ज्ञान,NOUN
वापरून,NOUN
त्याने,PP
केल्याचा,NOUN
मोहिउद्दीनचे,NOUN
इस्लामिक,NOUN
स्टेटशीही,NOUN
असल्याचे,NOUN
बनवलेल्या,NOUN
विषानं,NOUN
खरंच,NOUN
मरू,NOUN
प्रकरणामुळे,NOUN
जेवणातून,NOUN
चपाती,NOUN
भात,NOUN
पूर्णपणे,NOUN
बंद,NOUN
केले,VERB
फायदे,NOUN
पदार्थांना,NOUN
पर्याय,NOUN
संशयितांना,NOUN
तेव्हा,NOUN
त्यांच्याकडे,PP
एरंडाचं,NOUN
सापडलं,NOUN
इंडियन,NOUN
एक्सप्रेस,NOUN
ने,PART
संशयितांपैकी,NOUN
एकाने,PP
पोलिसांना,NOUN
काढण्याचा,NOUN
परंतु,NOUN
करायचा,NOUN
अजून,NOUN
तपासून,NOUN
त्याच,NOUN
दिशेने,PP
तपास,NOUN
एटीएसचे,NOUN
डीआयजी,NOUN
आरोपी,NOUN
दहशतवादी,NOUN
हल्ल्याच्या,PP
तयारीत,NOUN
केलेलं,NOUN
बनवण्याच्या,PP
प्रयत्नात,NOUN
असतानाच,NOUN
पकडलं,NOUN
होणारं,NOUN
विषारी,NOUN
द्रव्य,NOUN
वनस्पतीचं,NOUN
शास्त्रीय,NOUN
रिकिनस,NOUN
कम्युनिस,NOUN
काढल्यानंतर,NOUN
उरलेल्या,NOUN
अगदी,NOUN
छोटासा,NOUN
डोस,NOUN
घेतला,PP
तरी,NOUN
धोकादायक,NOUN
नसतं,NOUN
बियांच्या,PP
घट्ट,NOUN
पिप्पी,NOUN
विशेष,NOUN
शुद्धीकरणाच्या,PP
पद्धतीने,PP
वेगळं,NOUN
काढलं,NOUN
भारतासह,NOUN
देश,NOUN
सदस्य,NOUN
ऑर्गनायझेशन,NOUN
प्रोहिबिशन,NOUN
केमिकल,NOUN
वेपन्स,NOUN
मते,NOUN
रायसिनचा,NOUN
रासायनिक,NOUN
शस्त्रांच्या,PP
यादीत,NOUN
सिद्ध,NOUN
गुन्ह्यांमध्ये,PP
एकाच,NOUN
खून,NOUN
स्पष्ट,NOUN
शरीरात,NOUN
मार्गांनी,NOUN
इंजेक्शनने,PP
तोंडाद्वारे,NOUN
त्वचेद्वारे,NOUN
श्वासोच्छवासातून,NOUN
वासही,NOUN
चवही,NOUN
अन्नात,NOUN
मिसळलं,NOUN
कोणी,NOUN
ओळखू,NOUN
शकत,NOUN
रसायनशास्त्रानुसार,NOUN
लेक्टिन,NOUN
नावाचं,NOUN
प्रोटीन,NOUN
म्हणजेच,NOUN
प्रथिन,NOUN
कार्बोहायड्रेटशी,NOUN
चिकटणारं,NOUN
जण,PART
गैरवापर,NOUN
कॅन्सरवरील,NOUN
उपचारासाठीही,NOUN
सिकंदराबादच्या,PP
गांधी,NOUN
मेडिकल,NOUN
कॉलेजचे,NOUN
भूलशास्त्राचे,NOUN
किरण,NOUN
मदाला,PP
बीबीसीशी,NOUN
बोलताना,NOUN
त्यांच्या,PP
श्वासाद्वारे,NOUN
तोंडाने,PP
गेलं,NOUN
हानी,NOUN
शकते,NOUN
शरीरातील,NOUN
पेशींमध्ये,PP
होण्याची,NOUN
थांबवतं,NOUN
साधारण,NOUN
36,NUM
72,NUM
तासांत,NOUN
माणसाचा,NOUN
मृत्यू,NOUN
अमेरिकेची,NOUN
संस्था,NOUN
सीडीसीने,PP
सेंटर्स,NOUN
डिसीज,NOUN
कंट्रोल,NOUN
अँड,NOUN
प्रिव्हेन्शन,NOUN
आपल्या,NOUN
वेबसाइटवर,PP
माहितीनुसार,NOUN
पांढऱ्या,NOUN
पिठासारखं,NOUN
दिसतं,NOUN
द्रव,NOUN
घन,PART
अशा,NOUN
रूपांत,NOUN
मिळवतात,VERB
वेगवेगळ्या,NOUN
प्रकारच्या,PP
अॅलर्जी,NOUN
शकतात,VERB
हवा,NOUN
मिसळून,NOUN
जाऊ,NOUN
श्वास,NOUN
डोळ्यांद्वारे,NOUN
जखमांमधूनही,NOUN
प्रवेश,NOUN
गेल्यानंतर,NOUN
तासांपासून,NOUN
दिवसांपर्यंत,NOUN
कोणतीही,NOUN
लक्षणं,NOUN
दिसू,NOUN
सहा,NOUN
पचनसंस्थेवर,PP
जाणवू,NOUN
साधारणपणे,NOUN
रायसिनमुळे,NOUN
यकृत,NOUN
मेंदूची,NOUN
मध्यवर्ती,NOUN
मज्जासंस्था,NOUN
सीएनएस,NOUN
मूत्रपिंड,NOUN
एड्रिनल,NOUN
ग्रंथींवर,PP
अधिवृक्क,NOUN
ग्रंथी,NOUN
यावर,PP
सायटोटॉक्सिक,NOUN
पेशींना,NOUN
पोहोचवणारा,NOUN
रायसिनच्या,PP
झाल्यानंतर,NOUN
दिवसांत,NOUN
दगावण्याची,NOUN
शक्यता,NOUN
रूपात,NOUN
गेला,PP
किती,NOUN
शरीराच्या,PP
रायसिनसाठी,PP
प्रतिकारक,NOUN
औषध,NOUN
अँटिडोट,NOUN
तरीही,NOUN
प्राथमिक,NOUN
उपचार,NOUN
शक्य,NOUN
तितक्या,NOUN
लवकर,NOUN
रुग्णाला,PP
डॉक्टरांकडे,PP
जाणं,NOUN
गरजेचं,NOUN
परिस्थितीचं,NOUN
गांभीर्य,NOUN
पाहून,NOUN
त्यानुसार,NOUN
पाहिजेत,NOUN
थोड्या,NOUN
बियांचं,NOUN
सेवन,NOUN
केल्यासही,NOUN
फार,NOUN
बियांना,NOUN
प्रक्रियेने,PP
शुद्ध,NOUN
रिफाइन,NOUN
केल्यावरच,NOUN
बियात,NOUN
एवढं,NOUN
ठरावं,NOUN
वेळी,NOUN
बिया,NOUN
खाल्ल्या,NOUN
विषबाधा,NOUN
बल्गेरियाच्या,PP
कम्युनिस्ट,NOUN
राजवटीतून,NOUN
पळून,NOUN
लंडनमध्ये,PP
राहणाऱ्या,NOUN
जॉर्ज,NOUN
मार्कोव्ह,NOUN
अशाप्रकारचं,NOUN
एकमेव,NOUN
1978,NUM
बीबीसीच्या,PP
लंडनच्या,PP
वॉटरलू,NOUN
ब्रिजवर,PP
हल्ल्याला,PP
अम्ब्रेला,PP
असॅसिनेशन,NOUN
मर्डर,NOUN
असंही,NOUN
1960च्या,PP
दशकात,NOUN
बल्गेरियातील,NOUN
प्रसिद्ध,NOUN
1969,NUM
पक्षाकडून,NOUN
त्रास,NOUN
स्थायिक,NOUN
झाले,VERB
सेवेसाठीही,NOUN
संस्थांसाठी,PP
केलेल्या,NOUN
अहवालांमुळे,NOUN
शासक,NOUN
संतप्त,NOUN
त्यांची,NOUN
हत्या,NOUN
अज्ञात,NOUN
व्यक्तीने,PP
छत्रीने,PP
त्यांच्यावर,PP
वार,NOUN
मांडीमध्ये,PP
वेदना,NOUN
जाणवत,NOUN
रात्री,NOUN
ताप,NOUN
चार,NOUN
त्यांचा,NOUN
त्यावेळी,NOUN
मृत्यूचं,NOUN
समजलेलं,NOUN
नव्हतं,NOUN
तपासात,NOUN
समजलं,NOUN
त्याच्या,PP
मृत्यूचे,NOUN
रायसिनने,PP
भरलेली,VERB
छोटी,NOUN
धातूची,NOUN
नळी,NOUN
गोळी,NOUN
पॅलेट,NOUN
बल्गेरिया,NOUN
सोव्हिएत,NOUN
केजीबी,NOUN
सहभाग,NOUN
रायसिनची,NOUN
प्रकरणं,NOUN
पहिल्या,NOUN
महायुद्धाच्या,PP
काळापासूनच,NOUN
उपयोग,NOUN
झाल्याच्या,PP
नोंदी,NOUN
जगभर,NOUN
अनेकवेळा,NOUN
पोहोचवण्यासाठी,PP
वापरायचे,NOUN
असे,NOUN
कट,PART
वेळोवेळी,NOUN
उधळवून,NOUN
लावले,VERB
ओबामा,NOUN
ट्रम्प,NOUN
यांच्यासारख्या,NOUN
दिग्गज,NOUN
नेत्यांना,NOUN
पावडर,NOUN
पाठवण्यात,NOUN
आल्याच्या,PP
घटना,NOUN
घडल्या,NOUN
गुजरातप्रमाणेच,NOUN
2018,NUM
जर्मनीतही,NOUN
करणाऱ्यांना,NOUN
प्रकरणांची,NOUN
उघडकीस11,NOUN
पतीला,PP
मारुन,NOUN
स्वयंपाकघरात,NOUN
पुरलं,NOUN
महिने,PP
तिथेच,NOUN
स्वयंपाक,NOUN
वर्षानंतर,NOUN
उघड,NOUN
गूढ8,NOUN
गूढ,NOUN
टिंडर,NOUN
डेटचा,NOUN
भयानक,NOUN
शेवट,NOUN
20,NUM
मिनिटांच्या,PP
भेटीचा,NOUN
माझ्या,NOUN
आयुष्यावर,PP
तुरुंगात,NOUN
बाहुबली,VERB
नेते,NOUN
अनंत,NOUN
मोकामातून,NOUN
आघाडीवर,PP
प्रवास3,NOUN
नेता5,NOUN
4जेवणातून,NOUN
5कर्जाचे,NOUN
6जेव्हा,NOUN
7रुग्णालयातून,NOUN
8गरम,NOUN
9दिल्ली,VERB
बॉम्बस्फोटानंतर,NOUN
डॉक्टर,NOUN
प्राध्यापकाला,PP
तपासाच्या,PP
केंद्रस्थानी,NOUN
विद्यापीठानं,NOUN
10जवाहरलाल,NOUN
घरात,NOUN
बेशुद्ध,NOUN
पडल्यामुळे,NOUN
गोविंदा,NOUN
11,NUM
रोजी,NOUN
मुंबईतील,NOUN
जुहू,NOUN
क्रिटी,NOUN
केअर,NOUN
रुग्णालयात,NOUN
दाखल,NOUN
12,NUM
गोविंदाला,PP
सुटी,NOUN
देण्यात,NOUN
आल्यानंतर,NOUN
परतला,PP
परिस्थितीमध्ये,PP
आपले,VERB
चाहते,NOUN
पाठीशी,NOUN
उभे,NOUN
राहिले,VERB
म्हणत,NOUN
चाहत्यांचे,NOUN
आभार,NOUN
मानले,VERB
अति,NOUN
व्यायामामुळे,NOUN
थकवा,NOUN
मी,PART
पडलो,NOUN
जाण्याचा,NOUN
निर्णय,NOUN
घेतल्याचे,NOUN
ANI,NOUN
वृत्तसंस्थेला,PP
आगामी,NOUN
चित्रपटामध्ये,PP
फिट,NOUN
दिसण्यासाठी,PP
मेहनत,NOUN
वर्षांपासून,NOUN
माझे,NOUN
चित्रपट,NOUN
माझ्याबद्दल,NOUN
चाहत्यांना,NOUN
प्रेम,NOUN
वाटते,NOUN
जसा,NOUN
आई,PART
वडिलांचा,NOUN
आशीर्वाद,NOUN
तसे,NOUN
कधी,NOUN
याआधी,NOUN
गोविंदाचे,NOUN
सहकारी,NOUN
कायदेशीर,NOUN
सल्लागार,NOUN
लिगल,NOUN
अॅडव्हायझर,NOUN
ललित,NOUN
बिंदल,NOUN
आल्याचे,NOUN
लेखात,NOUN
सोशल,NOUN
मीडियावरील,NOUN
वेबसाईट्सवरचा,NOUN
मजकुराचा,NOUN
कुठलाही,NOUN
मजकूर,NOUN
अपलोड,NOUN
करण्यापूर्वी,NOUN
आम्ही,NOUN
तुमची,NOUN
परवानगी,NOUN
विचारतो,NOUN
संबंधित,NOUN
वेबसाईट,NOUN
कुकीज,NOUN
अन्य,NOUN
तंत्रज्ञान,NOUN
वापरतं,NOUN
स्वीकारण्यापूर्वी,NOUN
मीडिया,NOUN
वेबसाईट्सची,NOUN
गोपनीयतेसंदर्भातील,NOUN
धोरण,NOUN
वाचू,NOUN
पाहण्यासाठी,PP
स्वीकारा,NOUN
हिंदीला,PP
मंगळवारी,NOUN
30च्या,PP
सुमारास,NOUN
राहत्या,NOUN
सुरुवातीला,PP
डॉक्टरांच्या,PP
सल्ल्यानुसार,NOUN
त्याला,PP
त्याची,NOUN
प्रकृती,NOUN
ढासळली,VERB
असता,NOUN
मध्यरात्री,NOUN
एकच्या,PP
जुहूतील,NOUN
गोविंदाची,NOUN
स्थिर,NOUN
असल्याचं,NOUN
यांनीच,NOUN
देखरेखीखाली,VERB
आवश्यक,NOUN
चाचण्या,NOUN
चाचण्यांच्या,PP
निकालाच्या,PP
आधारे,NOUN
त्याच्यावर,PP
पुढील,NOUN
वर्षी,NOUN
पायाला,PP
लागल्यानंतर,NOUN
रुग्णालय,NOUN
गोविंदाच्या,PP
येथील,NOUN
घरापासून,NOUN
जवळ,NOUN
डॉक्टरांनी,NOUN
रुग्णालयातील,NOUN
दीपक,NOUN
नामजोशी,NOUN
वृत्ताला,PP
दुजोरा,NOUN
दिला,PP
वैद्यकीय,NOUN
चाचण्यांचे,NOUN
अद्याप,NOUN
आलेले,VERB
प्रकृतीबद्दल,NOUN
काळजी,NOUN
गरज,NOUN
परवा,NOUN
उशिरा,NOUN
स्वतः,NOUN
गाडी,NOUN
चालवून,NOUN
धर्मेंद्र,NOUN
भेटायला,PP
ब्रीच,NOUN
कँडी,NOUN
यांची,NOUN
खालावल्यानंतर,NOUN
उपचारार्थ,NOUN
कालावधीत,NOUN
चित्रपटसृष्टीतील,NOUN
अनेकजण,NOUN
कँडीमध्ये,PP
सेक्रेटरी,NOUN
शशी,NOUN
सिन्हा,NOUN
हिंदीशी,NOUN
काल,NOUN
दिवसभर,NOUN
अस्वस्थ,NOUN
वाटत,NOUN
चक्कर,NOUN
येत,NOUN
तपासण्यांसाठी,PP
जबरदस्त,NOUN
नृत्यकला,PP
हसतमुख,NOUN
व्यक्तिमत्वासाठी,PP
ओळखला,PP
जातो,NOUN
अभिनय,NOUN
शैली,VERB
चाहत्यांच्या,PP
मनावर,PP
छाप,NOUN
सोडते,NOUN
अभिनयाने,PP
नृत्यकौशल्याने,PP
90,NUM
चा,PART
गाजवलाय,NOUN
कुली,VERB
नंबर,NOUN
हिरो,NOUN
साजन,NOUN
चले,VERB
ससुराल,NOUN
हसीना,NOUN
मान,NOUN
जाएगी,NOUN
हद,PART
करदी,NOUN
आपने,PP
आंटी,NOUN
जोडी,NOUN
बडे,NOUN
मिया,NOUN
छोटे,NOUN
आदी,NOUN
प्रेक्षकांच्या,PP
मनात,NOUN
घर,PART
करुन,NOUN
दशकातील,NOUN
हिट,NOUN
बॉलीवूडचा,NOUN
मशीन,NOUN
मानला,PP
जायचा,NOUN
खासगी,NOUN
आयुष्याबद्दल,NOUN
सांगायचं,NOUN
करिअरच्या,PP
सुरुवातीलाच,NOUN
सुनीताबरोबर,NOUN
लव्ह,NOUN
मॅरिज,NOUN
काहीकाळापर्यंत,NOUN
लग्न,NOUN
जगापुढे,NOUN
जाहीर,NOUN
अभिनेत्यांच्या,PP
लग्नाबाबत,NOUN
झाल्यास,NOUN
कदाचित,NOUN
लोकप्रियता,NOUN
प्रभावित,NOUN
मानलं,NOUN
जायचं,NOUN
गोष्टीचा,NOUN
लोकप्रियतेवर,PP
वर्षातून,NOUN
9,NUM
प्रदर्शित,NOUN
असत,NOUN
बॉक्स,NOUN
ऑफिसवर,PP
गाजतही,NOUN
अद्भुत,NOUN
कॉमिक,NOUN
टायमिंग,NOUN
खास,NOUN
संवादशैली,VERB
त्याच्यासाठी,PP
लिहिलेल्या,NOUN
पंच,NOUN
लाईन्स,NOUN
रंगीबेरंगी,NOUN
चमकदार,NOUN
कपडे,NOUN
नृत्यशैली,VERB
धुमाकूळ,NOUN
घालण्यासाठी,PP
पुरेसे,NOUN
दमावर,PP
80,NUM
गाजवला,PP
ना,PART
आमिर,NOUN
खानसारखा,NOUN
चॉकलेट,NOUN
सलमानसारखी,NOUN
बॉडी,NOUN
शाहरुखसारखी,NOUN
रोमँटिक,NOUN
इमेज,NOUN
त्याच्याकडे,PP
अक्षय,NOUN
कुमारसारखी,NOUN
अॅक्शन,NOUN
गोविंदाचा,NOUN
स्वतःचा,NOUN
वेगळा,NOUN
लूक,NOUN
स्वॅग,NOUN
याच्याच,NOUN
बळावर,PP
ची,PART
ओळख,NOUN
इतकी,NOUN
शार्प,NOUN
1998,NUM
साली,VERB
मियाँ,NOUN
अनेकांना,NOUN
वाटलं,NOUN
अमिताभ,NOUN
बच्चनलाही,NOUN
टाकलं,NOUN
सेटवर,PP
नेहमी,NOUN
येण्याच्या,PP
कारणासाठीही,NOUN
कायम,NOUN
यायचा,NOUN
दिग्दर्शकांना,NOUN
तासनतास,NOUN
वाट,NOUN
पाहावी,NOUN
लागायची,NOUN
दिग्दर्शकांनी,NOUN
सवयींबद्दलची,NOUN
बाब,NOUN
मुलाखतींमधून,NOUN
मांडली,VERB
हॉस्पिटलमधून,NOUN
नेण्यात,NOUN
विरोधात,NOUN
सुनीता,NOUN
आहुजा,NOUN
पोहोचल्या,NOUN
न्यायालयात,NOUN
24,NUM
ऑगस्ट,NOUN
स्वतःच्याच,NOUN
बंदुकीतून,NOUN
लागली,VERB
3जेवणातून,NOUN
विनायक,NOUN
होगाडेविनायक,NOUN
होगाडेRole,NOUN
होगाडे,NOUN
धार्मिक,NOUN
विद्वेष,NOUN
सामाजिक,NOUN
सलोख्याला,PP
गालबोट,NOUN
उन्माद,NOUN
चिथावणीखोर,NOUN
वक्तव्यांची,NOUN
सातत्यपूर्ण,NOUN
मालिका,NOUN
महिन्यांत,NOUN
ठरावीक,NOUN
नेत्यांकडून,NOUN
दिसणारा,NOUN
पॅटर्न,NOUN
नितेश,NOUN
राणे,NOUN
गोपिचंद,NOUN
पडळकर,NOUN
संग्राम,NOUN
जगताप,NOUN
महेश,NOUN
लांडगे,NOUN
विधिमंडळात,NOUN
आमदार,NOUN
पदावर,PP
असणारे,NOUN
संवैधानिक,NOUN
मूल्यांची,NOUN
शपथ,NOUN
घेतलेले,VERB
लोकप्रतिनिधीच,NOUN
विधानं,NOUN
सातत्याने,PP
करताना,NOUN
सेक्यूलर,NOUN
पक्षात,NOUN
कट्टर,NOUN
हिंदूत्वाची,NOUN
शाल,NOUN
पांघरून,NOUN
वावरताना,NOUN
दिसतात,VERB
राष्ट्रवादीत,NOUN
असूनही,NOUN
मुस्लीमविरोधी,NOUN
वक्तव्यं,NOUN
घडतंय,NOUN
प्रसिद्धी,NOUN
मिळवण्यासाठी,PP
महायुतीच्या,PP
सत्तेत,NOUN
राजमार्ग,NOUN
महाराष्ट्रातील,NOUN
लोकांच्या,PP
जगण्या,NOUN
मरण्याचे,NOUN
चर्चेतून,NOUN
बाजूला,PP
सारण्यासाठी,PP
सलोख्याचा,NOUN
बळी,NOUN
दिलाय,NOUN
प्रश्नांचा,NOUN
घेतलेला,PP
धांडोळा,NOUN
प्रसिद्धीसाठी,PP
राज्यात,NOUN
अलीकडे,PP
ठिकठिकाणी,NOUN
हिंदू,NOUN
जनआक्रोश,NOUN
मोर्चे,NOUN
काढले,VERB
जिहाद,NOUN
लँड,NOUN
मुस्लिमांकडून,NOUN
खरेदी,NOUN
न,PART
करणे,NOUN
मुद्द्यांवरून,NOUN
मुस्लीमद्वेषी,NOUN
करण्याचा,NOUN
सिलसिला,PP
महिला,PP
मुलींनी,NOUN
जिममध्ये,PP
नये,NOUN
ट्रेनर,NOUN
मुस्लीम,NOUN
पाहा,NOUN
मुलींवर,PP
अन्याय,NOUN
वादग्रस्त,NOUN
विधान,NOUN
पडळकरांनी,NOUN
नुकतंच,NOUN
त्याआधी,NOUN
अहिल्यानगरमधील,NOUN
दिवाळीत,NOUN
धर्म,NOUN
बघून,NOUN
दुकानातून,NOUN
करण्याचं,NOUN
आवाहन,NOUN
एकाएकी,NOUN
काँग्रेसमध्ये,PP
केल्यामुळे,NOUN
यशवंतराव,NOUN
चव्हाण,NOUN
वारसा,NOUN
सांगणारे,NOUN
बोलणार,NOUN
अनुषंगाने,PP
इलेक्ट्रॉनिक,NOUN
माध्यमांवर,PP
झडू,NOUN
लागल्या,NOUN
तंबी,NOUN
कारणे,NOUN
दाखवा,NOUN
नोटीस,NOUN
पाठवली,VERB
जाईल,NOUN
विधानही,NOUN
यांच्याकडून,NOUN
दरम्यानच्या,PP
विधानामुळे,NOUN
मिळाली,VERB
मुद्दा,NOUN
ज्येष्ठ,NOUN
पत्रकार,NOUN
चोरमारे,NOUN
मराठीशी,NOUN
मांडला,PP
सगळ्या,NOUN
आमदारांमधला,PP
समान,NOUN
धागा,NOUN
एकच,NOUN
288,NUM
त्यातूनही,NOUN
लाईमलाईटमध्ये,PP
यायचं,NOUN
द्वेषाची,NOUN
हीच,NOUN
सहाय्याची,NOUN
आत्मविश्वास,NOUN
राजेंद्र,NOUN
साठेदेखील,NOUN
हाच,NOUN
नेत,NOUN
अधिकाधिक,NOUN
आक्रमकरित्या,NOUN
बोललं,NOUN
माध्यमांचं,NOUN
लक्ष,NOUN
आपल्याकडे,PP
प्रत्यक्ष,NOUN
लोकांमध्ये,PP
मिळायला,PP
जेवढे,NOUN
कष्ट,NOUN
लागतील,NOUN
त्यापेक्षा,NOUN
स्वस्तातील,NOUN
एखादं,NOUN
जरी,NOUN
वक्तव्य,NOUN
मिळते,NOUN
घेतल्यामुळे,NOUN
राज्याचे,NOUN
बनतो,NOUN
अन्यथा,NOUN
मतदारसंघाबाहेर,NOUN
आमदारांचं,NOUN
अस्तित्वच,NOUN
पात्रता,NOUN
योग्यता,NOUN
कर्तृत्व,NOUN
भंडारे,NOUN
महाराष्ट्रात,NOUN
कुठे,NOUN
सवाल,NOUN
उपस्थित,NOUN
भडक,NOUN
बोलणाऱ्यांना,NOUN
वादंगानंतर,NOUN
उलट,NOUN
लोकांपर्यंत,NOUN
पोहोचता,NOUN
सगळ्याचा,NOUN
सलोखा,NOUN
प्रदुषित,NOUN
माध्यमांनी,NOUN
विशेषत,NOUN
करायला,PP
लोकमत,NOUN
माजी,NOUN
संपादक,NOUN
वसंत,NOUN
भोसलेही,NOUN
अधोरेखित,NOUN
पूर्वी,NOUN
विधानांना,NOUN
सभ्यतेच्या,PP
कारणावरून,NOUN
विरोध,NOUN
व्हायचा,NOUN
माध्यमंही,NOUN
देतात,VERB
सभ्यता,NOUN
नैतिकता,NOUN
ठरवून,NOUN
हद्दपार,NOUN
आलेली,VERB
सार्वजनिक,NOUN
जीवनात,NOUN
उन्मादानं,NOUN
वा,PART
नुसता,NOUN
वागणं,NOUN
सर्वमान्य,NOUN
काहीही,NOUN
बोलायचं,NOUN
आपलं,NOUN
वाढवायचं,NOUN
प्रसिद्धीच्या,PP
मुद्द्यासोबतच,NOUN
माध्यमांच्या,PP
नैतिकतेचाही,NOUN
पत्रकारितेत,NOUN
कुणाची,NOUN
यावरून,NOUN
व्यक्तीला,PP
जागा,NOUN
द्यायची,NOUN
व्यक्तीच्या,PP
लांबी,NOUN
रुंदी,NOUN
उंची,NOUN
नुसारच,NOUN
वृत्तपत्रातही,NOUN
व्यक्तीसंदर्भातील,NOUN
बातमीची,NOUN
ठरवली,VERB
जायची,NOUN
मीडियाने,PP
कधीचीच,NOUN
सोडून,NOUN
दिल्याने,PP
समाजविघातक,NOUN
वक्तव्यांना,NOUN
सततची,NOUN
पूर्वीच्या,PP
पक्षातील,NOUN
हिंदुत्ववादी,NOUN
कसे,NOUN
भाजपचे,NOUN
असले,VERB
हिंदूत्ववादी,NOUN
राजकारणावर,PP
आक्रमकपणे,NOUN
टीका,NOUN
करायचे,NOUN
राष्ट्रीय,NOUN
स्वयंसेवक,NOUN
संघावर,PP
जोरदार,NOUN
दिवसांपूर्वी,NOUN
संघाच्या,PP
स्थापना,NOUN
दिनाला,PP
च,PART
गणवेशात,NOUN
मुस्लिमांविरोधात,NOUN
येतात,VERB
बरेचदा,NOUN
त्यामुळं,NOUN
वादात,NOUN
अडकतात,VERB
नवनीत,NOUN
राणा,NOUN
खासदारकी,NOUN
गमावून,NOUN
बसलेल्या,NOUN
असल्या,NOUN
प्रवासदेखील,NOUN
असाच,NOUN
येतो,NOUN
धर्मनिरपेक्ष,NOUN
म्हणवल्या,NOUN
जाणाऱ्या,NOUN
पक्षांसोबत,NOUN
राजकारण,NOUN
असलं,NOUN
त्यांनीही,NOUN
अचानकच,NOUN
आक्रमक,NOUN
घेतली,VERB
पडळकरही,NOUN
वंचित,NOUN
बहुजन,NOUN
आघाडीतून,NOUN
भाजपच्या,PP
सावलीला,PP
भोसरी,NOUN
मतदारसंघाचे,NOUN
मूळचे,NOUN
काँग्रेसची,NOUN
विद्यार्थी,NOUN
संघटना,NOUN
NSUI,NOUN
कार्यकर्ते,NOUN
तिथं,NOUN
महानगरपालिकेच्या,PP
तीन,NOUN
निवडणुका,NOUN
जिंकल्या,NOUN
अपक्ष,NOUN
भाजपमध्ये,PP
आल्यावर,PP
घेताना,NOUN
अहिल्यानगरचे,NOUN
पवारांच्या,PP
निवडणुकीआधीपर्यंत,NOUN
शाहू,NOUN
फुले,VERB
आंबेडकर,NOUN
यांचाच,NOUN
सांगत,NOUN
असल्याचा,NOUN
दावा,NOUN
हिंदूत्वाचा,NOUN
नारा,NOUN
कधीकाळी,NOUN
नक्कीच,NOUN
असला,PP
प्रत्येकानं,NOUN
घेण्यामागची,NOUN
कारणं,NOUN
थोडीफार,NOUN
वेगवेगळी,NOUN
जातील,NOUN
पक्षाची,NOUN
जी,PART
तिच्याशी,NOUN
समरसून,NOUN
मांडल्याशिवाय,NOUN
निर्माणच,NOUN
येणार,NOUN
यांच्याबद्दल,NOUN
निवडणुकीमध्ये,PP
मोहल्ल्यांमध्ये,PP
मतदान,NOUN
घेतलेली,VERB
खरं,NOUN
आधीच्या,PP
निवडणुकांमध्ये,PP
जातीयवाद्यांना,NOUN
नका,NOUN
सांगितलेलं,NOUN
उमेदवाराला,PP
मिळाल्याने,PP
बिथरले,VERB
बदलली,VERB
एकदम,NOUN
दुसरा,NOUN
हेतू,NOUN
कोंडी,NOUN
करायची,NOUN
तिसऱ्यांदा,NOUN
निवडून,NOUN
येऊन,NOUN
सुद्धा,NOUN
मंत्रिमंडळात,NOUN
उपद्रवमूल्य,NOUN
दाखवण्याचं,NOUN
इच्छितात,VERB
दिसतंय,NOUN
नगर,NOUN
जिल्ह्याचं,NOUN
बदलतं,NOUN
पाहता,NOUN
असावेत,NOUN
विखे,NOUN
भाजपकडे,PP
गेलेले,VERB
थोरातांच्या,PP
गटातले,VERB
तांबे,NOUN
तिकडेच,NOUN
कडवी,NOUN
घ्यायला,PP
पाहिजे,NOUN
पक्षाच्या,PP
वरदहस्ताशिवाय,NOUN
विधानांमागची,NOUN
भोसले,VERB
वैयक्तिक,NOUN
मिळणं,NOUN
मूळ,NOUN
नसल्यामुळे,NOUN
भाजपची,NOUN
मेसेज,NOUN
जाण्याची,NOUN
सोय,NOUN
पाठीमागची,NOUN
तसेच,NOUN
द्वेषाचा,NOUN
अजेंडाही,NOUN
यातून,NOUN
भाजपला,PP
ठेवता,NOUN
त्यांच्यादृष्टीने,PP
महत्त्वाचं,NOUN
यासाठी,PP
यांचं,NOUN
उदाहरण,NOUN
तोंडाला,PP
कुणालाही,NOUN
वाह्यात,NOUN
बोलू,NOUN
भाजपकडून,NOUN
वापरलं,NOUN
जातंय,NOUN
करूनही,NOUN
चुकीचं,NOUN
वागत,NOUN
फडणवीस,NOUN
घालताना,NOUN
याचसंदर्भात,NOUN
मांडतात,VERB
आडवाणी,NOUN
वाजपेयींचा,NOUN
भाजप,NOUN
पक्ष,NOUN
नैतिक,NOUN
पेचप्रसंगातूनही,NOUN
सोयीस्कर,NOUN
सुटका,NOUN
वाव,NOUN
मिळतो,NOUN
शिवाय,NOUN
करण्यासाठीही,NOUN
निवडलं,NOUN
गेलंय,NOUN
आकलन,NOUN
आमदारांना,NOUN
कुठं,NOUN
कशी,NOUN
भाषणं,NOUN
कुठले,VERB
मुद्दे,NOUN
वरूनच,NOUN
भगवी,NOUN
टोपी,NOUN
भगवा,NOUN
गमछा,NOUN
घालून,NOUN
मुसलमानांच्या,PP
बोलून,NOUN
राज्यभर,NOUN
मिळत,NOUN
टिव्हीवर,PP
सतत,NOUN
बाईट्स,NOUN
चालणार,NOUN
हवंच,NOUN
यातूनही,NOUN
झालंच,NOUN
सांभाळून,NOUN
आहेतच,NOUN
राणेंचं,NOUN
मंत्रिपद,NOUN
सक्सेस,NOUN
स्टोरी,NOUN
चं,PART
प्रश्नांवरून,NOUN
दुर्लक्ष,NOUN
घडवण्यासाठी,PP
माणसं,NOUN
उभी,NOUN
राहिल्याने,PP
हटवता,NOUN
येते,NOUN
समस्यांवर,PP
सरकारचं,NOUN
उत्तरदायित्व,NOUN
उरू,NOUN
नॉन,NOUN
इश्यूज,NOUN
आणले,VERB
लोकप्रतिनिधींसाठी,PP
मंत्रिपदाच्या,PP
रुपाने,PP
भाजपने,PP
दिल्याचं,NOUN
बाकीच्यांना,NOUN
एकप्रकारे,NOUN
गाजर,NOUN
वरिष्ठांनी,NOUN
सोपवल्याशिवाय,NOUN
कामच,NOUN
सोपवण्यात,NOUN
पूर्ण,NOUN
सत्तेतला,PP
वाटा,NOUN
भोसलेदेखील,NOUN
पक्षाचा,NOUN
वरदहस्त,NOUN
समाजाकडून,NOUN
बहिष्कार,NOUN
घाला,PP
तत्सम,NOUN
विद्वेषी,NOUN
गुन्हाच,NOUN
संविधानातील,NOUN
मूल्यतत्त्वे,NOUN
पाळण्याची,NOUN
वाढवण्याची,NOUN
घेऊनही,NOUN
त्यांनाच,NOUN
छेद,NOUN
कुणी,NOUN
आव्हानही,NOUN
फावत,NOUN
चाललेलं,NOUN
काहीतरी,NOUN
मिळेल,NOUN
मिळतील,NOUN
आशेपोटी,NOUN
लोकांनी,NOUN
दिसतेय,NOUN
पक्षांनी,NOUN
असावा,NOUN
जे,PART
चाड,NOUN
रोखलं,NOUN
रोखत,NOUN
सध्याचं,NOUN
वास्तव,NOUN
गोपीचंद,NOUN
जुलै,NOUN
2021,NUM
मढीच्या,PP
यात्रेत,NOUN
दुकानदारांवर,PP
बंदीचा,NOUN
ठराव,NOUN
होणारच,NOUN
बीडीओंनाही,NOUN
सुनावले,VERB
पदावरील,NOUN
व्यक्तीनं,NOUN
धर्माच्या,PP
लोकांकडून,NOUN
योग्य,NOUN
4कर्जाचे,NOUN
5जेव्हा,NOUN
6जेवणातून,NOUN
9जवाहरलाल,NOUN
10दिल्ली,VERB
अभिनेत्री,NOUN
गिरिजा,NOUN
ओक,PART
मीडियावर,PP
चांगलीच,NOUN
गिरिजाच,NOUN
निळ्या,NOUN
साडीतील,NOUN
फोटो,NOUN
व्हायरल,NOUN
लवकरच,NOUN
थेरेपी,NOUN
शेरेपी,NOUN
नावाच्या,PP
वेब,NOUN
सीरिजमध्ये,PP
दिसणार,NOUN
गुलशन,NOUN
देवैया,NOUN
यांच्यासोबत,NOUN
तिने,PP
इंटिमेट,NOUN
सीन्स,NOUN
लल्लनटॉप,NOUN
ला,PART
मुलाखतीत,NOUN
याबद्दल,NOUN
ओकने,PP
इन्टिमसी,NOUN
को,PART
ऑर्डिनेटरचा,NOUN
उल्लेख,NOUN
सिरिज,NOUN
चित्रपटात,NOUN
स्क्रिनवर,PP
इन्टिमसीवाले,VERB
सीन्सचं,NOUN
शूटींग,NOUN
बऱ्याचदा,NOUN
ऑर्डिनेटर,NOUN
तुमच्याशी,NOUN
सीन,NOUN
शूट,NOUN
जाते,NOUN
आहोत,NOUN
दिसेल,NOUN
तुम्हाला,PP
कल्पना,NOUN
दिलेली,VERB
ऑर्डिनेटरची,NOUN
नेमकी,NOUN
लेखातून,NOUN
न्यूजच्या,PP
गीता,NOUN
पांडे,NOUN
लेख,NOUN
वर्षांपूर्वी,NOUN
लिहिला,PP
1992,NUM
बेसिक,NOUN
इन्स्टिंक्ट,NOUN
अंडरवेअर,NOUN
काढण्याचं,NOUN
दृश्य,NOUN
फसवून,NOUN
चित्रित,NOUN
झाल्याचा,NOUN
गौप्यस्फोट,NOUN
हॉलिवूडमधील,NOUN
शेरॉन,NOUN
स्टोन,NOUN
अलीकडेच,NOUN
दृश्यामध्ये,PP
चौकशी,NOUN
पात्र,NOUN
कृती,NOUN
दाखवलं,NOUN
आत्मचरित्र,NOUN
दिवसांपूर्वीच,NOUN
त्यात,NOUN
लिहिल्यानुसार,NOUN
रंगावरून,NOUN
लाईट,NOUN
रिफ्लेक्ट,NOUN
होतोय,NOUN
काढून,NOUN
ठेवावी,NOUN
प्रेक्षकांना,NOUN
काहीच,NOUN
चित्रीकरणावेळी,NOUN
सांगण्यात,NOUN
सगळ्याच,NOUN
बरंच,NOUN
पाहायला,PP
मिळालं,NOUN
चित्रपटाचे,NOUN
दिग्दर्शक,NOUN
पॉल,NOUN
वर्होवन,NOUN
फेटाळून,NOUN
लावला,PP
माहीत,NOUN
खोटं,NOUN
बोलत,NOUN
वर्होवेन,NOUN
घटनाक्रमामध्ये,PP
आपली,VERB
फसवणूक,NOUN
मनातून,NOUN
कोसळून,NOUN
पडले,VERB
कटुकहाणी,NOUN
टाळता,NOUN
असती,NOUN
सहज,NOUN
आस्था,NOUN
खन्ना,NOUN
भारतातील,NOUN
प्रमाणित,NOUN
कोऑर्डिनेटर,NOUN
शारीरिक,NOUN
जवळीक,NOUN
दृश्यांसाठीच्या,PP
संयोजक,NOUN
त्वचेच्या,PP
रंगाची,NOUN
अंतर्वस्त्रं,NOUN
चित्रीकरणाची,NOUN
सुरुवात,NOUN
1990,NUM
शब्दही,NOUN
ऐकलेले,VERB
नव्हते,NOUN
नग्न,NOUN
दृश्यांचं,NOUN
लैंगिक,NOUN
वर्तनाशी,NOUN
निगडीत,NOUN
चित्रण,NOUN
आश्वासक,NOUN
वातावरण,NOUN
प्रश्नही,NOUN
नव्हता,NOUN
2017,NUM
MeToo,NOUN
आंदोलनानंतर,NOUN
संयोजकाची,NOUN
सेवा,NOUN
मागणी,NOUN
वाढू,NOUN
यापूर्वी,NOUN
मनोरंजन,NOUN
क्षेत्रांमध्ये,PP
छळाचे,NOUN
1970,NUM
न्यूयॉर्कमधील,NOUN
सेक्स,NOUN
व,PART
पॉर्न,NOUN
उद्योगावर,PP
आधारित,NOUN
ड्यूस,NOUN
मालिकेसाठी,PP
एमिली,VERB
मीड,NOUN
मागणीनुसार,NOUN
कोऑर्डिनेटरची,NOUN
नेमणूक,NOUN
केल्याचं,NOUN
एचबीओ,NOUN
HBO,NOUN
वाहिनीने,PP
सर्वच,NOUN
कार्यक्रमांमधली,VERB
दाखवणारी,NOUN
दृश्यं,NOUN
कोऑर्डिनेटरच्या,PP
नेटवर्कने,PP
नेटफ्लिक्स,NOUN
अमेझॉन,NOUN
यांसारख्या,NOUN
प्लॅटफॉर्म,NOUN
कंपन्यांनीही,NOUN
स्वीकारलं,NOUN
स्टुडिओ,NOUN
निर्माते,NOUN
कोऑर्डिनेटरचा,NOUN
लागले,VERB
बदलाचे,NOUN
नवे,NOUN
वारे,NOUN
वाहताना,NOUN
कोऑर्डिनेटरचं,NOUN
26,NUM
कामाची,NOUN
तुलना,NOUN
डायरेक्टर,NOUN
नृत्यदिग्दर्शिकेशी,NOUN
येऊ,NOUN
माझं,NOUN
केवळ,NOUN
जवळकीच्या,PP
दृश्यांपुरतं,NOUN
मुंबईहून,NOUN
फोनवरून,NOUN
म्हणाल्या,NOUN
साहसी,NOUN
स्टंट,NOUN
असतीलल,NOUN
सुरक्षिततेची,NOUN
खातरजमा,NOUN
खोटा,NOUN
हिंसेचं,NOUN
सुरक्षिततेजी,NOUN
प्रणय,NOUN
दृश्यांदरम्यान,NOUN
कलाकार,NOUN
यांच्यात,NOUN
ताळमेळ,NOUN
राखण्याचं,NOUN
कलाकारांचं,NOUN
शोषण,NOUN
स्टुडिओत,NOUN
राहील,NOUN
खात्री,NOUN
अमुक,NOUN
दृश्याच्या,PP
अनुभव,NOUN
कोणा,NOUN
कलाकाराला,PP
पाच,NOUN
म्हणायची,NOUN
व्यक्तीची,NOUN
सहमती,NOUN
मर्यादा,NOUN
संदर्भात,NOUN
व्यक्तीशी,NOUN
पोशाखांची,NOUN
तजवीज,NOUN
कीटमध्ये,PP
क्रॉच,NOUN
गार्ड,NOUN
निपल,NOUN
पेस्टीस,NOUN
टेप,NOUN
डोनट,NOUN
पिलो,NOUN
साधनं,NOUN
साधनांचा,NOUN
दृश्याचं,NOUN
चित्रीकरण,NOUN
एकमेकांपासून,NOUN
अंतर,NOUN
राखू,NOUN
गुप्तांगांचा,NOUN
परस्परांशी,NOUN
संपर्क,NOUN
मासिक,NOUN
पाळीसंबंधीच्या,PP
लघुपटासाठी,PP
ऑस्कर,NOUN
पुरस्कार,NOUN
मिळवलेल्या,NOUN
निर्मात्या,NOUN
मंदाकिनी,NOUN
काकर,NOUN
पुढचा,NOUN
प्रकल्प,NOUN
पूर्णतः,NOUN
जवळिकीशी,NOUN
मुख्यप्रवाही,NOUN
चित्रपटांमध्ये,PP
नग्नतेकडे,PP
सर्वसाधारणतः,NOUN
चुंबनदृश्यही,NOUN
टाळण्याकडे,PP
कल,PART
असतो,NOUN
कौटुंबिक,NOUN
मर्यादेपलीकडे,PP
जाणारा,NOUN
नको,NOUN
निर्मात्यांचं,NOUN
फायदा,NOUN
कडक,NOUN
सेन्सॉर,NOUN
बोर्ड,NOUN
यांमुळे,NOUN
बॉलिवुडमधील,NOUN
चित्रपटांना,NOUN
दाखवणाऱ्या,NOUN
दृश्यांबाबत,NOUN
सर्जनशील,NOUN
खटपट,NOUN
करावी,NOUN
फुलं,NOUN
एकमेकांना,NOUN
चिकटल्याचं,NOUN
एकमेकांचं,NOUN
चुंबन,NOUN
घेतायंत,NOUN
दूध,NOUN
उतू,NOUN
पलंगावरची,NOUN
चादर,NOUN
चुरगळली,VERB
क्लृप्त्या,NOUN
वापरल्या,NOUN
दशकांच्या,PP
चुंबनदृश्यं,NOUN
स्ट्रिमिंग,NOUN
प्लॅटफॉर्मांवर,PP
नग्नताही,NOUN
दाखवली,VERB
कलाकारांसाठी,PP
विशेषतः,NOUN
नवख्या,NOUN
तरुणींसाठी,PP
अतिशय,NOUN
अवघड,NOUN
यावेळी,NOUN
पिळवणूक,NOUN
फॅशन,NOUN
मॉडेल,NOUN
अंजली,VERB
शिवरमन,NOUN
नेटफ्लिक्सच्या,PP
एलिट,NOUN
मालिकेचं,NOUN
असल्यामुळे,NOUN
आश्वस्त,NOUN
माझ्यासाठी,PP
दिलासा,NOUN
लागणार,NOUN
कधीच,NOUN
अभिनेत्याला,PP
भेटलेलेही,NOUN
अभिनेत्यासोबत,NOUN
होणार,NOUN
स्पोर्ट्स,NOUN
ब्रा,NOUN
करायचं,NOUN
पूर्णच,NOUN
नग्नावस्थेत,NOUN
वाटून,NOUN
व्हायला,PP
सहकलाकार,NOUN
अनोळखी,NOUN
किस,NOUN
करणंही,NOUN
अवघडल्यासारखं,NOUN
दिग्दर्शकही,NOUN
पुरुष,NOUN
त्यांच्याशीही,NOUN
बोलणं,NOUN
सोपं,NOUN
आस्थाने,PP
सगळं,NOUN
माझी,NOUN
अडचण,NOUN
दिग्दर्शकाच्या,PP
कानावर,PP
घातली,VERB
टाकला,PP
सीनच्या,PP
आमच्या,PP
दोघांमध्ये,PP
कुशन,NOUN
ठेवलं,NOUN
आमची,NOUN
गुप्तांगं,NOUN
स्पर्श,NOUN
नव्हती,NOUN
थोडं,NOUN
विचित्र,NOUN
बरं,NOUN
व्यवस्थापक,NOUN
काळचे,NOUN
अभिनेत्रीची,NOUN
सोबत,NOUN
अनौपचारिकरित्या,NOUN
तेच,NOUN
निभावायचे,NOUN
बॉलिवूडमधील,NOUN
पूजा,NOUN
भट्ट,NOUN
अनुभवांमुळे,NOUN
निर्माती,NOUN
केल्यावर,PP
स्वतःला,PP
म्हणूनही,NOUN
जवळिकीची,NOUN
अभिनेत्रीला,PP
वाटणार,NOUN
रितीने,PP
क्रूमधील,NOUN
निवडक,NOUN
सदस्यांनाच,NOUN
हजर,NOUN
राहायची,NOUN
2002,NUM
जिस्म,NOUN
इरॉटिक,NOUN
थ्रिलर,NOUN
बिपाशा,NOUN
बसूला,PP
वाटणारं,NOUN
कोणतंही,NOUN
करावंस,NOUN
स्त्री,NOUN
सांगणार,NOUN
नग्नता,NOUN
कामुकता,NOUN
बिपाशाचं,NOUN
जॉन,NOUN
अब्राहमच्या,PP
पात्राला,PP
आकर्षून,NOUN
घ्यायचा,NOUN
वाटेल,NOUN
अडाणीपणे,NOUN
संदिग्धतेने,PP
कुठवर,PP
तूच,NOUN
ठरवायचं,NOUN
तिला,PP
नेटफ्लिक्सवर,PP
बॉम्बे,NOUN
बेगम्स,NOUN
मालिकेत,NOUN
मालिकेच्या,PP
दिग्दर्शिका,NOUN
अलंकृता,NOUN
श्रीवास्तव,NOUN
कलाकारांना,NOUN
जवळिकीच्या,PP
अलंक्रिता,NOUN
आमचा,NOUN
एकमेकींवर,PP
दिग्दर्शकांवर,PP
सहकलाकारांवर,PP
चित्रीकरणानंतर,NOUN
व्यथित,NOUN
परतत,NOUN
नसे,NOUN
असल्याने,PP
मान्य,NOUN
असायला,PP
हवी,NOUN
आग्रह,NOUN
धरणं,NOUN
स्वागतार्हच,NOUN
बदलल्या,NOUN
उपलब्ध,NOUN
भेदभाव,NOUN
छळ,PART
तक्रार,NOUN
बरीच,NOUN
चांगली,VERB
सेटवरची,NOUN
हजेरी,NOUN
स्वागतार्ह,NOUN
मानली,VERB
सगळ्यामुळे,NOUN
खर्च,NOUN
यामागचं,NOUN
मुख्य,NOUN
चटकन,NOUN
दिसणारी,NOUN
कारणंही,NOUN
यामागे,NOUN
आमच्यावर,PP
ठेवतीलच,NOUN
निर्माता,NOUN
दिग्दर्शकांनाही,NOUN
चिंता,NOUN
पसंतीहून,NOUN
दिग्दर्शकाने,PP
ओळखतो,NOUN
सगळे,NOUN
चांगले,VERB
मित्रमैत्रिणी,NOUN
त्यांच्याशी,NOUN
बोललोय,NOUN
कुटुंबियांची,NOUN
माझ्याकडे,PP
येण्यापासून,NOUN
प्रतिबंध,NOUN
निर्मात्यांनी,NOUN
कामावर,PP
ठेवलेलं,NOUN
चित्रीकरणासाठी,PP
बाहेरच्या,PP
लोकेशनवरही,NOUN
व्हॅनमध्येच,NOUN
बसवून,NOUN
चाकू,NOUN
वापरायचा,NOUN
स्टन्ट,NOUN
डायरेक्टरची,NOUN
पडते,NOUN
पटकथेत,NOUN
हवं,NOUN
आश्चर्य,NOUN
वाटण्यासारखं,NOUN
प्रस्थापित,NOUN
निर्मात्यांना,NOUN
स्वतःच्या,PP
मर्जीने,PP
कालोचित,NOUN
राहायचं,NOUN
स्वीकारावे,NOUN
होतायंत,NOUN
चित्रपटउद्योगातील,NOUN
मूर्ख,NOUN
संकुचित,NOUN
मागासलेले,VERB
शक्तिशाली,VERB
रोषाची,NOUN
जोखीम,NOUN
पत्करून,NOUN
एकमेकांसाठी,PP
एकमेकांसह,NOUN
उभं,NOUN
ठाकण्याची,NOUN
सरोगेट,NOUN
जखमी,NOUN
इस्रायली,VERB
सैनिकांना,NOUN
बायको,NOUN
माझ्यावर,PP
वर्षं,NOUN
बलात्कार,NOUN
फेब्रुवारी,NOUN
सवय,NOUN
आजार,NOUN
25,NUM
नितीन,NOUN
सुलतानेRole,NOUN
आयुष्यात,NOUN
फरक,NOUN
पडणार,NOUN
एखाद्याने,PP
समकालीन,NOUN
संवाद,NOUN
वर्षांपूर्वीच्या,PP
चित्रपटातला,PP
राज्य,NOUN
मुख्यमंत्री,NOUN
सत्ता,NOUN
पाडण्यासाठी,PP
त्यांच्याच,NOUN
बरोबर,NOUN
डोक्यांची,NOUN
कारस्थानं,NOUN
सगळ्याचं,NOUN
निरीक्षण,NOUN
करणारा,NOUN
सभोवतालीच,NOUN
घडत,NOUN
सिनेमाची,NOUN
पडद्यामागच्या,PP
राजकारणाचा,NOUN
चेहरा,NOUN
समोर,NOUN
सर्वांसमोर,NOUN
आणणारा,NOUN
अरुण,NOUN
साधूंची,NOUN
कथा,NOUN
तेंडुलकरांची,NOUN
पटकथा,NOUN
अन्,NOUN
जब्बार,NOUN
पटेलांचं,NOUN
दिग्दर्शन,NOUN
दिग्गजांच्या,PP
स्पर्शानं,NOUN
सोनं,NOUN
त्यामुळंच,NOUN
वाटणारा,NOUN
महाराष्ट्राच्या,PP
मुख्यमंत्र्यांना,NOUN
फोननं,NOUN
सस्पेन्स,NOUN
येनकेन,NOUN
प्रकारे,NOUN
टिकवण्यासाठी,PP
धडपड,NOUN
येणारा,NOUN
राजकारणातील,NOUN
क्रूरपणा,NOUN
थक्क,NOUN
सोडणारा,NOUN
सिनेसृष्टीला,PP
सोन्याचे,NOUN
चित्रपटांपैकी,NOUN
विषयी,NOUN
आज,PART
घेऊया,NOUN
मुखवट्यामागचा,NOUN
दाखवणारा,NOUN
सारखा,NOUN
केल्यानंतर,NOUN
पटेलांनी,NOUN
जैत,NOUN
रे,PART
असलेला,PP
राजकारणासारख्या,NOUN
विषयाला,PP
हात,NOUN
घालत,NOUN
तेवढ्याच,NOUN
ताकदीनं,NOUN
शिवधनुष्य,NOUN
पेललं,NOUN
खऱ्या,NOUN
अर्थानं,NOUN
मराठीतला,PP
अप्रतिम,NOUN
मल्टीस्टारर,NOUN
कालातीत,NOUN
हसत,NOUN
टोकाच्या,PP
घेणारे,NOUN
राजकारणी,NOUN
दाखवतानाच,NOUN
पात्रांच्या,PP
माध्यमातून,NOUN
मानवी,NOUN
स्वभावाचे,NOUN
पदरही,NOUN
उलगडून,NOUN
दाखवण्याचा,NOUN
चित्रपटातून,NOUN
दिसतो,NOUN
पाहताना,NOUN
कुठंही,NOUN
जुना,NOUN
पद्धतीनं,NOUN
शह,PART
काटशहचं,NOUN
गरिबी,NOUN
जातींतील,NOUN
लोकांचं,NOUN
महिलांचं,NOUN
असंच,NOUN
किंबहुना,NOUN
जरा,NOUN
क्रूर,NOUN
प्रेक्षकाचा,NOUN
बसल्याशिवाय,NOUN
राहत,NOUN
वृत्तपत्रांशिवाय,NOUN
माध्यमांचे,NOUN
फारसे,NOUN
बातम्यांच्या,PP
पडद्यामागं,NOUN
दाखवत,NOUN
खरा,NOUN
चित्रपटानं,NOUN
लोकांसमोर,NOUN
आणला,PP
चित्रपटाची,NOUN
साहित्यिक,NOUN
साधूंनी,NOUN
दिनांक,NOUN
कादंबऱ्यांवर,PP
बेतलेली,VERB
कादंबऱ्या,NOUN
वाचल्यानंतर,NOUN
पटेल,NOUN
चित्रपटाचा,NOUN
जाणवलं,NOUN
बनवायचा,NOUN
तेंडुलकरांकडे,PP
दोन्हींवरून,NOUN
लिहायला,PP
सांगितली,VERB
पत्रकारिता,NOUN
जवळून,NOUN
अनुभवलं,NOUN
सत्ताकेंद्रांशी,NOUN
संबंधितांशी,NOUN
निमित्ताने,PP
अर्क,NOUN
कादंबऱ्यांमध्ये,PP
उतरलेला,PP
कथेची,NOUN
लिहिले,VERB
साक्षात,NOUN
पटेलांबरोबरचा,NOUN
पहिला,PP
एकाहून,NOUN
वरचढ,NOUN
संवादांचा,NOUN
खजिना,NOUN
सिंहासनच्या,PP
परिस्थितीवर,PP
भाष्य,NOUN
संधी,NOUN
कादंबरींचा,NOUN
मिलाफ,NOUN
रचलेली,VERB
चित्रपटातले,VERB
मोजके,NOUN
प्रभावी,NOUN
हुकुमाचा,NOUN
एक्का,NOUN
दिग्गजांची,NOUN
लेखकाच्या,PP
कलाकृतीवरून,NOUN
दुसरी,NOUN
कलाकृती,NOUN
दुसऱ्याला,PP
जराही,NOUN
असुरक्षितता,NOUN
नसल्याचंही,NOUN
चित्रपटामध्येच,NOUN
कादंबरीचा,NOUN
कौतुक,NOUN
सहकाऱ्याला,PP
नवं,NOUN
वाचताय,NOUN
विचारतात,VERB
कादंबरी,NOUN
वाचतो,NOUN
सत्तेला,PP
चटवून,NOUN
नादान,NOUN
याचं,NOUN
वर्णन,NOUN
यापेक्षा,NOUN
मोठेपणा,NOUN
असणार,NOUN
मल्टिस्टारर,NOUN
सृष्टीतला,PP
वावगं,NOUN
ठरणार,NOUN
निळू,NOUN
दिगू,NOUN
टिपणीस,NOUN
सरनाईक,NOUN
जिवाजीराव,NOUN
श्रीराम,NOUN
अर्थमंत्री,NOUN
विश्वासराव,NOUN
रिमा,NOUN
विश्वासरावांची,NOUN
सून,NOUN
कमल,NOUN
सतीष,NOUN
दुभाषी,NOUN
कामगार,NOUN
सबास्टियन,NOUN
डिकास्टा,NOUN
मंत्र्यांच्या,PP
भूमिकेत,NOUN
मोहन,NOUN
आगाशे,NOUN
दत्ता,NOUN
भट,PART
श्रीकांत,NOUN
मोघे,NOUN
नाना,NOUN
पाटेकर,NOUN
जयवंत,NOUN
हर्डीकर,NOUN
उषा,NOUN
नाडकर्णी,NOUN
लालन,NOUN
सारंग,NOUN
सरस,NOUN
दिसले,VERB
चित्रपटातलं,NOUN
कास्टिंगही,NOUN
विचारपूर्वक,NOUN
प्रतिमा,NOUN
तमाशापटातील,NOUN
अभिनेत्याची,NOUN
नाटकांतल्या,NOUN
पाहिलेल्या,NOUN
असल्यानं,NOUN
मुख्यमंत्र्यांची,NOUN
उत्तमपणे,NOUN
साकारली,VERB
सांगितलंय,NOUN
आलेला,PP
निनावी,NOUN
त्यांचेच,NOUN
असल्याची,NOUN
देतो,NOUN
विरुद्ध,NOUN
इतरांचं,NOUN
एकमेकांवर,PP
कुरघोडी,NOUN
करण्यासाठीचं,NOUN
घसरत,NOUN
जाणारी,NOUN
राजकारणाची,NOUN
पातळी,NOUN
सगळा,NOUN
खेळ,NOUN
त्याचवेळी,NOUN
कामगारांच्या,PP
भ्रष्टाचार,NOUN
घेण्यासाठी,PP
मुख्यमंत्र्यांकडून,NOUN
ब्लॅकमेलिंग,NOUN
सत्तेतीलच,NOUN
विरोधकांकडून,NOUN
इतरांना,NOUN
आमिषं,NOUN
हेही,NOUN
सुरुच,NOUN
नजरेतून,NOUN
सामन्यांचा,NOUN
दृष्टीकोन,NOUN
साकारलेली,VERB
पत्रकाराची,NOUN
वेगळ्या,NOUN
प्रकारची,NOUN
ठरली,VERB
चित्रपटाच्या,PP
आधीपर्यंत,NOUN
फुलेंनी,NOUN
गावच्या,PP
सरपंचांपासून,NOUN
सामनातल्या,NOUN
सहकारसम्राटापर्यंत,NOUN
राजकारण्यांच्या,PP
केल्या,NOUN
एवढे,NOUN
चित्रपटातही,NOUN
नेत्यांची,NOUN
सहजपणे,NOUN
स्वतःचं,NOUN
नेत्याचं,NOUN
कंटाळला,PP
पटेलांना,NOUN
निरीक्षकाच्या,PP
वावरणाऱ्या,NOUN
पहिल्याच,NOUN
फ्रेममध्ये,PP
मुंबईच्या,PP
गर्दीत,NOUN
दिसणाऱ्या,NOUN
पत्रकारापासून,NOUN
होणारी,NOUN
अखेरीस,NOUN
उद्विग्न,NOUN
पत्रकारावर,PP
होणारा,NOUN
पहिलं,NOUN
शेवटचं,NOUN
फुलेंवरच,NOUN
बाजूंमधील,NOUN
मध्यस्थ,NOUN
वाटावा,NOUN
सूत्रधार,NOUN
भासावा,NOUN
निळूभाऊंच्या,PP
वाट्याला,PP
केलेली,VERB
कमालही,NOUN
औरच,NOUN
सत्तेबद्दल,NOUN
असणारी,NOUN
चीडही,NOUN
हसण्यामागं,NOUN
लपवत,NOUN
मध्यमवर्गीय,NOUN
मानसिकता,NOUN
भूमिकेतून,NOUN
दिसते,NOUN
सत्तेतील,NOUN
केंद्रांकडून,NOUN
आपला,PP
चलाखीनं,NOUN
त्यापासून,NOUN
राहण्याचं,NOUN
कसबही,NOUN
साधत,NOUN
राजकारण्यांबरोबर,NOUN
वावरतानाची,NOUN
हुशारी,NOUN
वेश्याव्यवसायातून,NOUN
अंथरुणाला,PP
खिळलेल्या,NOUN
प्रेयसीवरील,NOUN
जीव,NOUN
सत्तेच्या,PP
खेळातून,NOUN
उद्विग्नता,NOUN
निळूभाऊंनी,NOUN
अभिनयाचा,NOUN
कस,PART
लावलेला,PP
संवादांची,NOUN
पर्वणी,NOUN
तेंडुलकर,NOUN
जोडीचा,NOUN
करिश्मा,NOUN
सिंहासनमध्येही,NOUN
दमदार,NOUN
डायलॉग,NOUN
शब्द,NOUN
दृश्यांमधून,NOUN
सजहपणे,NOUN
तेवढंच,NOUN
प्रभावीपणे,NOUN
सांगण्याची,NOUN
पटेलांची,NOUN
हातोटी,NOUN
मुख्यमंत्र्यांनंतर,NOUN
क्रमांकावर,PP
यांच्यातले,VERB
अशाचप्रकारे,NOUN
सांगून,NOUN
सुनेशी,NOUN
गरजेपेक्षा,NOUN
राजकारणात,NOUN
सुनेचा,NOUN
सासरा,NOUN
सूनेच्या,PP
बॅडमिंटन,NOUN
खेळल्यानंतर,NOUN
बाई,NOUN
दॅट,NOUN
इज,PART
अ,PART
लव्हली,VERB
गेम,NOUN
यू,PART
प्लेड,NOUN
सुनेचं,NOUN
मुलाच्या,PP
चेहऱ्यावरचे,NOUN
भाव,NOUN
संवादापलिकडचं,NOUN
बोलतात,VERB
मिसेस,NOUN
चंद्रापुरेंच्या,PP
भूमिकेतील,NOUN
उद्योजकांमध्ये,PP
नातं,NOUN
उद्योजकही,NOUN
राजकारण्यांना,NOUN
खुश,NOUN
ठेवण्याचा,NOUN
मिनिटांत,NOUN
दाखवून,NOUN
दिलं,NOUN
दिगूला,PP
गाडीतून,NOUN
सोडताना,NOUN
चंद्रापुरेंचा,NOUN
बोलण्याचा,NOUN
ढळणारा,NOUN
पदर,NOUN
सेकंदांच्या,PP
दृश्यातूनही,NOUN
साधलंय,NOUN
याशिवाय,NOUN
दृश्यात,NOUN
आमदाराकडे,PP
गावातील,NOUN
सोन्या,NOUN
महार,NOUN
मुलानं,NOUN
मुलीवर,PP
अत्याचार,NOUN
बाळ,NOUN
झाल्याचं,NOUN
आमदाराकडं,NOUN
नसतो,NOUN
सीनही,NOUN
संदेश,NOUN
देऊन,NOUN
संवादाचं,NOUN
म्हणायचं,NOUN
अगदीच,NOUN
भिडणारे,NOUN
दिगूची,NOUN
शेजारीन,NOUN
वहिणी,NOUN
ऐकवत,NOUN
म्हणते,NOUN
पुढारी,NOUN
मंत्री,NOUN
भांडत,NOUN
बसणार,NOUN
छापा,NOUN
आम्हा,NOUN
पाण्यासाठी,PP
तडफडणाऱ्यांची,NOUN
नेत्याची,NOUN
यांच्याशी,NOUN
जुगलबंदी,NOUN
बनण्यासाठी,PP
मागताना,NOUN
अटी,NOUN
नव्या,NOUN
मंत्रालयासमोर,NOUN
जोड्याने,PP
मारेन,NOUN
संवादाद्वारे,NOUN
पात्राचा,NOUN
धाडसीपणा,NOUN
रुजला,PP
मुख्यमंत्र्यांशी,NOUN
तोंडावर,PP
चिकटलेले,VERB
मुंगळे,NOUN
ज्यादिवशी,NOUN
जाल,NOUN
दिवशी,NOUN
देशाला,PP
भवितव्य,NOUN
टोमण्याला,PP
मुख्यमंत्र्यांचं,NOUN
येतील,NOUN
सांगणंही,NOUN
व्याख्या,NOUN
चपखलपणे,NOUN
मांडलंय,NOUN
राजकारणावरच्या,PP
अडीच,NOUN
तासांहून,NOUN
गाणं,NOUN
तेही,NOUN
नेण्यासाठी,PP
वापरण्यात,NOUN
सुरेश,NOUN
भटांनी,NOUN
शब्दांना,NOUN
हृदयनाथ,NOUN
मंगेशकरांनी,NOUN
लावलेली,VERB
चाल,NOUN
आशा,NOUN
भोसलेंच्या,PP
स्वरांनी,NOUN
फुललेलं,NOUN
काळातलं,NOUN
वाटल्याशिवाय,NOUN
आजूबाजूला,PP
नकारात्मकता,NOUN
शोषणाचं,NOUN
दुःख,NOUN
मांडतानाच,NOUN
अरे,NOUN
आयुष्यांच्या,PP
पेटवा,NOUN
मशाली,VERB
पेटून,NOUN
उठण्याचं,NOUN
देणारं,NOUN
गीत,NOUN
स्फुरण,NOUN
देतं,NOUN
गाण्याचे,NOUN
दृश्याचा,NOUN
मिलाफही,NOUN
सुंदरपणे,NOUN
पोरीसहं,NOUN
निराश,NOUN
गाण्याच्या,PP
उभा,NOUN
बंदीशाला,PP
जिथे,NOUN
देवकीचा,NOUN
पान्हा,NOUN
दूधाने,PP
जळाला,PP
ओळी,NOUN
पाहणाऱ्याला,PP
व्यापक,NOUN
अशाच,NOUN
समाजाचं,NOUN
रुप,NOUN
मांडण्यासाठी,PP
विधीमंडळाचा,NOUN
राखा,NOUN
चित्रपटाला,PP
44,NUM
आयोजित,NOUN
कार्यक्रमात,NOUN
चित्रपटाशी,NOUN
किस्से,NOUN
सचिवांनी,NOUN
नकार,NOUN
देऊनही,NOUN
पवारांनी,NOUN
विधीमंडळ,NOUN
शुटिंगसाठी,PP
उपपंतप्रधान,NOUN
मुंबईला,PP
भेट,NOUN
कादंबरीत,NOUN
शुष्क,NOUN
बनणार,NOUN
दिनांकचाही,NOUN
भाह,NOUN
शाबासकी,NOUN
पाठीवर,PP
थाप,NOUN
चव्हाणांनी,NOUN
सभागृहाचा,NOUN
घेण्याचा,NOUN
सल्लाही,NOUN
जयराम,NOUN
तस्करीचं,NOUN
गुन्हेगार,NOUN
हर्डीकरचा,NOUN
चित्रपटानंतर,NOUN
अपघातात,VERB
हर्डीकरांच्या,PP
पत्नी,NOUN
वर्ष,NOUN
पाटेकरांशी,NOUN
नव्हत्या,NOUN
मारल्याने,PP
अपशकुन,NOUN
नवरा,NOUN
मत,PART
आठवण,NOUN
नानांनी,NOUN
चित्रपटाचं,NOUN
शुटिंग,NOUN
संपलं,NOUN
जनता,NOUN
सरकारचा,NOUN
कार्यकाळ,NOUN
संपत,NOUN
इंदिरा,NOUN
दाट,NOUN
सरकारमध्ये,PP
जाणार,NOUN
भीती,NOUN
सरकारच्या,PP
कार्यकाळात,NOUN
रात्रीत,NOUN
रिलीजही,NOUN
वकिलानं,NOUN
डिसेंबरला,PP
हिंदमाताला,PP
रात्रीचा,NOUN
शो,PART
ठरवलं,NOUN
वृत्तपत्रात,NOUN
जाहिरातही,NOUN
तेव्हाही,NOUN
जाहिरात,NOUN
वाचून,NOUN
लोकं,NOUN
डेक्कन,NOUN
जिमखान्यावर,PP
थिएटरमध्ये,PP
प्रिमियर,NOUN
शोला,PP
आठवड्याभराचे,NOUN
28,NUM
बूक,NOUN
झालेले,VERB
आठवडे,NOUN
एकूणच,NOUN
हिंदी,NOUN
सृष्टीमध्येही,NOUN
विषयांवर,PP
पटेलांच्या,PP
सिंहासनचं,NOUN
भागातील,NOUN
राज्यकर्त्यावरचा,NOUN
सिंहासनमध्ये,PP
त्याभोवती,NOUN
व्यवस्था,NOUN
कशा,NOUN
चालते,NOUN
लोकांनाही,NOUN
भावलं,NOUN
मारुती,NOUN
कांबळेचं,NOUN
विचारण्याचं,NOUN
धाडस,NOUN
50,NUM
कल्ट,NOUN
27,NUM
57,NUM
चाललेल्या,NOUN
सातासमुद्रापार,NOUN
गाजलेल्या,NOUN
चित्रपटाने,PP
तुकोबांची,NOUN
रुजवली,VERB
कोकणातील,NOUN
निसर्गासाठी,PP
खाणींविरोधात,NOUN
घेणारा,NOUN
दशावतार,NOUN
महत्त्वाचा,NOUN
जगातल्या,NOUN
199,NUM
भारतीय,NOUN
पासपोर्टचा,NOUN
कितवा,NOUN
माहित्येय,NOUN
85,NUM
वर्षीपेक्षा,NOUN
जागांनी,NOUN
घसरलंय,NOUN
घाना,NOUN
अझरबैजानसारख्या,NOUN
जगभरातल्या,NOUN
देशांच्या,PP
पासपोर्टचं,NOUN
ठरतं,NOUN
कोणता,NOUN
आंतरराष्ट्रीय,NOUN
प्रवासावर,PP
घेऊ,NOUN
No,PART
Cost,NOUN
EMI,NOUN
व्याज,NOUN
घेतलं,NOUN
घ्यायची,NOUN
15,NUM
थिएटरची,NOUN
क्रेझ,NOUN
कोव्हिडनंतर,NOUN
विंचूदंश,NOUN
सर्पदंश,NOUN
उपचारांपासून,NOUN
नैतिकतेपर्यंत,NOUN
हिम्मतराव,NOUN
बावस्करांची,NOUN
सडेतोड,NOUN
मुलाखत12,NOUN
मुलाखत,NOUN
मेघालयच्या,PP
आकाश,NOUN
चौधरीनं,NOUN
इतिहास,NOUN
घडवला,PP
प्रथम,NOUN
श्रेणी,NOUN
क्रिकेटमध्ये,PP
अर्धशतक,NOUN
विक्रम,NOUN
त्यानं,NOUN
चेंडूंवर,PP
लागोपाठ,NOUN
षटकारदेखील,NOUN
ठोकले,VERB
कामगिरी,NOUN
षटकार,NOUN
लगावणारा,NOUN
तिसरा,NOUN
खेळाडू,NOUN
सूरतमध्ये,PP
रणजी,NOUN
ट्रॉफीच्या,PP
प्लेट,NOUN
ग्रुपमधील,NOUN
अरुणाचल,NOUN
प्रदेशच्या,PP
विरुद्धच्या,PP
सामन्याच्या,PP
मेघालयची,NOUN
धावसंख्या,NOUN
गडी,NOUN
बाद,NOUN
576,NUM
धावा,NOUN
आठव्या,NOUN
फलंदाजीसाठी,PP
मेघालयनं,NOUN
628,NUM
डाव,NOUN
घोषीत,NOUN
डावात,NOUN
प्रदेशचा,NOUN
संघ,NOUN
73,NUM
धावांवर,PP
शास्त्री,NOUN
सोबर्सच्या,PP
विक्रमाची,NOUN
बरोबरी,NOUN
आकाशनं,NOUN
करण्याआधी,NOUN
लगावण्याचा,NOUN
वेस्ट,NOUN
इंडिजचा,NOUN
गॅरी,NOUN
सोबर्स,NOUN
रवि,NOUN
शास्त्रीच्या,PP
नावावर,PP
आफ्रिकेच्या,PP
माइक,NOUN
प्रॉक्टरनंदेखील,NOUN
लगावले,VERB
षटकांमध्ये,PP
ओव्हरच्या,PP
काढल्या,NOUN
डावखुरा,NOUN
स्पिनर,NOUN
लिमार,NOUN
डाबीच्या,PP
षटकात,NOUN
यानंतर,NOUN
षटकांतही,NOUN
टीएनआर,NOUN
मोहीतला,PP
लगावत,NOUN
लीसेस्टरशायरच्या,PP
वेन,NOUN
व्हाईटच्या,PP
2012,NUM
एसेक्स,NOUN
सामन्यात,NOUN
चेंडूंमध्ये,PP
झळकावलं,NOUN
ईएसपीएनक्रिकइन्फोने,PP
वेळेचा,NOUN
क्रिकेटच्या,PP
इतिहासातील,NOUN
दुसरं,NOUN
वेगवान,NOUN
ईएसपीएनक्रिकइन्फोच्या,PP
अर्धशतकाचा,NOUN
क्लाईव्ह,NOUN
इनमॅनच्या,PP
1965,NUM
लीसेस्टरशायरकडून,NOUN
नॉटिंघमशायरविरुद्ध,NOUN
खेळताना,NOUN
चौधरी,NOUN
उजव्या,NOUN
हाताचा,NOUN
मध्यमगती,NOUN
गोलंदाज,NOUN
हातानं,NOUN
फलंदाजी,NOUN
जन्म,NOUN
1999,NUM
30,NUM
सामन्यांमधून,NOUN
37,NUM
सरासरीनं,NOUN
503,NUM
97,NUM
एकूण,NOUN
87,NUM
बनदीप,NOUN
याच्या,PP
2015,NUM
जम्मू,NOUN
काश्मीरकडून,NOUN
त्रिपुराच्या,PP
संघाविरुद्ध,NOUN
ठोकण्याचा,NOUN
सोबर्सनं,NOUN
1968,NUM
नॉटिंघमशायर,NOUN
ग्लेमॉर्गनमध्ये,PP
काऊंटी,NOUN
मॅल्कम,NOUN
नॅशरच्या,PP
भारताचा,NOUN
अष्टपैलू,NOUN
शास्त्रीनं,NOUN
1984,NUM
मुंबईकडून,NOUN
बडोद्याच्या,PP
त्यावेळेस,NOUN
तिलक,NOUN
राजच्या,PP
गोलंदाजीवर,PP
चौधरीच्या,PP
कामगिरीबद्दल,NOUN
मेघालय,NOUN
क्रिकेट,NOUN
असोसिएशनचे,NOUN
अध्यक्ष,NOUN
नबा,NOUN
भट्टाचार्य,NOUN
बीबीसीचे,NOUN
सहयोगी,NOUN
दिलीप,NOUN
शर्मा,NOUN
दिवसात,NOUN
सुरुवातीपासूनच,NOUN
मेहनती,NOUN
संघाचा,NOUN
ओपनर,NOUN
विकसित,NOUN
अंडर,NOUN
16,NUM
सामन्यांमध्ये,PP
उत्तम,NOUN
पासून,NOUN
ट्रॉफीमध्ये,PP
खेळतो,NOUN
चौधरीबद्दल,NOUN
कुटुंबातील,NOUN
आकाशचा,NOUN
संगोपन,NOUN
मेघालयमध्येच,NOUN
त्याचे,NOUN
वडील,NOUN
मेघालयातच,NOUN
सरकारचे,NOUN
कर्मचारी,NOUN
शिलाँगच्या,PP
केंद्रीय,NOUN
विद्यालयात,NOUN
शालेय,NOUN
दिवसांपासूनच,NOUN
मूलत,NOUN
आकाशचं,NOUN
कुटुंबं,NOUN
बिहारमधील,NOUN
मेघालयचेच,NOUN
रहिवासी,NOUN
आकाशला,PP
आयपीएलसारख्या,NOUN
स्पर्धांमध्ये,PP
खेळण्याची,NOUN
आशादेखील,NOUN
व्यक्त,NOUN
क्रिकेटर,NOUN
नसता,NOUN
रवींद्र,NOUN
जडेजानं,NOUN
सर्वोत्तम,NOUN
ऑलराऊंडर,NOUN
खेळलास,NOUN
तुझा,NOUN
मुलगा,NOUN
भारतासाठी,PP
खेळेल,NOUN
अभिषेक,NOUN
शर्माची,NOUN
गोष्ट26,NOUN
अमोल,NOUN
मुजुमदार,NOUN
ज्यांना,NOUN
इंडिया,NOUN
साठी,PP
खेळणं,NOUN
स्वप्नच,NOUN
राहिलं3,NOUN
राहिलं,NOUN
दिल्लीपासून,NOUN
35,NUM
किमी,NOUN
अंतरावर,PP
धौज,NOUN
गावाची,NOUN
सीमा,NOUN
होताच,NOUN
पोलिसांचे,NOUN
बॅरिकेड्स,NOUN
लागतात,VERB
डझनभर,NOUN
सैनिक,NOUN
येथून,NOUN
वाहनाची,NOUN
तपासणी,NOUN
असल्यास,NOUN
ड्रायव्हरच्या,PP
नंबरसह,NOUN
नोंदवली,VERB
रस्त्यापासून,NOUN
70,NUM
एकरपेक्षा,NOUN
पसरलेले,VERB
भिंतींनी,NOUN
वेढलेले,VERB
फलाह,NOUN
विद्यापीठाचे,NOUN
मोठे,NOUN
कॅम्पस,NOUN
विद्यापीठाच्या,PP
गेटबाहेरील,NOUN
पत्रकारांना,NOUN
आत,PART
जाण्यापासून,NOUN
विद्यापीठ,NOUN
कॅम्पसमधून,NOUN
बाहेर,NOUN
पडणाऱ्या,NOUN
लोकांशी,NOUN
बोलण्याच्या,PP
मायक्रोफोन,NOUN
धरणारे,NOUN
संख्येने,PP
त्यापैकी,NOUN
बहुतेक,NOUN
प्रतिसाद,NOUN
देता,NOUN
निघून,NOUN
लोकांचा,NOUN
पाठलागही,NOUN
गोंगाटात,NOUN
चेहऱ्यावर,PP
संकोच,NOUN
2014,NUM
यावर्षी,NOUN
ऑक्टोबरच्या,PP
उत्तरार्धात,NOUN
प्रकाशझोतात,VERB
काश्मीर,NOUN
हरियाणा,NOUN
कारवाईत,NOUN
शिकवणाऱ्या,NOUN
नोव्हेंबरला,PP
दिल्लीत,NOUN
तपासाचे,NOUN
बनले,VERB
बुधवारी,NOUN
यंत्रणेच्या,PP
एनआयए,NOUN
पथकांनी,NOUN
कॅम्पसची,NOUN
मेकॅनिकल,NOUN
इंजिनीअरने,PP
केलेले,VERB
विधानसभेने,PP
मंजूर,NOUN
कायद्यांतर्गत,NOUN
दिल्लीतील,NOUN
ओखला,PP
जामिया,NOUN
नोंदणीकृत,NOUN
चॅरिटेबल,NOUN
ट्रस्टद्वारे,NOUN
चालविले,VERB
व्यवसायाने,PP
अभियंता,NOUN
जावेद,NOUN
सिद्दीकी,NOUN
1995,NUM
ट्रस्टचे,NOUN
संस्थापक,NOUN
ट्रस्टने,PP
1997,NUM
शैक्षणिक,NOUN
करण्यास,NOUN
फरीदाबादच्या,PP
गावात,NOUN
अभियांत्रिकी,NOUN
महाविद्यालय,NOUN
2006,NUM
2008,NUM
कॉलेज,NOUN
एज्युकेशन,NOUN
ब्राउन,NOUN
हिल,NOUN
इंजिनीअरिंगची,NOUN
अनुदान,NOUN
आयोगानेही,NOUN
यूजीसी,NOUN
विद्यापीठाला,PP
मान्यता,NOUN
शिक्षणाला,PP
2016,NUM
स्कूल,NOUN
सायन्सेसला,PP
महाविद्यालयात,NOUN
एमबीबीएस,NOUN
व्यतिरिक्त,NOUN
विज्ञान,NOUN
विषयातील,NOUN
पदव्युत्तर,NOUN
अभ्यासक्रमही,NOUN
नॅशनल,NOUN
असेसमेंट,NOUN
अॅक्रिडिटेशन,NOUN
कौन्सिल,NOUN
एनएएसी,NOUN
द्वारे,NOUN
एनएएसीने,PP
प्रमाणपत्र,NOUN
बनावट,NOUN
निवेदन,NOUN
जारी,NOUN
म्हटले,VERB
दरवर्षी,NOUN
एमबीबीएसचे,NOUN
घेतात,VERB
1000,NUM
अभ्यासक्रमात,NOUN
निमवैद्यकीय,NOUN
चालवले,VERB
कुलपती,NOUN
इंदूरमधील,NOUN
देवी,NOUN
अहिल्याबाई,NOUN
विद्यापीठातून,NOUN
औद्योगिक,NOUN
उत्पादन,NOUN
डिझाइनमध्ये,PP
बीटेकची,NOUN
पदवी,NOUN
ट्रस्ट,NOUN
कंपन्यांचे,NOUN
1996,NUM
इन्व्हेस्टमेंट,NOUN
लिमिटेडची,NOUN
स्थापनाही,NOUN
यांच्यावर,PP
गुंतवणूकीत,NOUN
त्याच्याविरोधात,NOUN
गुन्हाही,NOUN
2000,NUM
फसवणूकीच्या,PP
खटल्यात,NOUN
वर्षांहून,NOUN
तुरूंगात,NOUN
2005,NUM
निर्दोष,NOUN
मुक्तता,NOUN
मिलिया,NOUN
इस्लामियाच्या,PP
इंजिनीअरिंग,NOUN
विभागातही,NOUN
शिकवण्याचे,NOUN
विद्यापीठाची,NOUN
होतेय,NOUN
नोव्हेंबरच्या,PP
संध्याकाळी,NOUN
लाल,NOUN
किल्ल्यासमोर,NOUN
स्फोट,NOUN
मानत,NOUN
आलेल्यांपैकी,NOUN
विद्यापीठाशी,NOUN
मुझम्मिल,NOUN
शकील,NOUN
कॉलेजमध्ये,PP
फिजिओलॉजी,NOUN
विभागात,NOUN
शिक्षक,NOUN
फरीदाबाद,NOUN
मुजम्मिल,NOUN
शकीलच्या,PP
मागावर,PP
स्फोटके,NOUN
रसायने,PP
जप्त,NOUN
फरीदाबादचे,NOUN
आयुक्त,NOUN
सत्येंद्र,NOUN
फरिदाबादमधील,NOUN
तपासादरम्यान,NOUN
आयईडी,NOUN
बनवण्याचे,NOUN
साहित्य,NOUN
दारूगोळा,NOUN
अटकेलाही,NOUN
रायफल,NOUN
पिस्तुलसह,NOUN
शस्त्रे,NOUN
आल्याचा,NOUN
दावाही,NOUN
यंत्रणांनी,NOUN
आयुक्तांचे,NOUN
जनसंपर्क,NOUN
अधिकारी,NOUN
यशपाल,NOUN
बीबीसीला,PP
शाहीन,NOUN
सईद,NOUN
यांनाही,NOUN
ताब्यात,NOUN
घेतले,VERB
फार्माकोलॉजी,NOUN
अटकेला,PP
शाहीनचा,NOUN
भाऊ,NOUN
शोएब,NOUN
याने,PP
वृत्तसंस्था,NOUN
पीटीआयशी,NOUN
एटीएसची,NOUN
वडिलांनी,NOUN
शाहीनवरील,NOUN
आरोपांवर,PP
कानपूरमध्ये,PP
शिकवले,VERB
कानपूर,NOUN
लोकांची,NOUN
कानपूरचे,NOUN
जॉइंट,NOUN
सीपी,NOUN
लॉ,PART
ऑर्डर,NOUN
आशुतोष,NOUN
जेएसएम,NOUN
शिकवत,NOUN
सूत्रांच्या,PP
हवाल्याने,PP
डीएनए,NOUN
चाचणीद्वारे,NOUN
पुष्टी,NOUN
किल्ल्याजवळ,NOUN
कारमध्ये,PP
कार,NOUN
ओमर,NOUN
नबी,NOUN
चालवत,NOUN
उमर,NOUN
जनरल,NOUN
मेडिसिन,NOUN
कार्यरत,NOUN
कुटुंबीयांचीही,NOUN
वहिनी,NOUN
अख्तर,NOUN
सोमवारी,NOUN
पुलवामाच्या,PP
कोइल,NOUN
पथक,NOUN
ओमरच्या,PP
नातेवाईकांचीही,NOUN
यंत्रणांकडून,NOUN
कोणतेही,NOUN
अधिकृत,NOUN
विद्यापीठाने,PP
डॉक्टरांपासून,NOUN
ठेवत,NOUN
त्यांचे,NOUN
व्यावसायिक,NOUN
सायन्सेसच्या,PP
मुख्याध्यापिका,NOUN
भूपिंदर,NOUN
कौर,NOUN
निवेदनात,NOUN
आम्हाला,PP
कळले,VERB
डॉक्टरांना,NOUN
इच्छितो,NOUN
व्यक्तींचा,NOUN
कोणताही,NOUN
आमच्याबरोबर,NOUN
क्षमतेने,PP
संस्थेचा,NOUN
रसायन,NOUN
स्फोटकांशी,NOUN
यंत्रणांना,NOUN
सहकार्य,NOUN
करीत,NOUN
किल्ल्याजवळील,NOUN
घटनेशी,NOUN
जोडल्याने,PP
विद्यार्थ्यांना,NOUN
बीबीसीने,PP
महाविद्यालयाच्या,PP
मंडळाची,NOUN
बाजू,NOUN
मिळाला,PP
विद्यार्थ्यांमध्ये,PP
भीतीचे,NOUN
देशाच्या,PP
भागांतून,NOUN
विद्यापीठात,NOUN
शिकण्यासाठी,PP
अभ्यासक्रमाचे,NOUN
कॅम्पसमध्ये,PP
बांधलेल्या,NOUN
वसतिगृहांमध्ये,PP
अभ्यासक्रमांचे,NOUN
आसपासच्या,PP
लॉज,NOUN
भाड्याच्या,PP
खोल्यांमध्ये,PP
विळख्यात,NOUN
आल्यापासून,NOUN
घाबरले,VERB
पॅरामेडिकल,NOUN
विषयात,NOUN
घेणाऱ्या,NOUN
विद्यार्थ्याने,PP
सांगण्याच्या,PP
अटीवर,PP
महाविद्यालयाशी,NOUN
जेव्हापासून,NOUN
घडामोडी,NOUN
तेव्हापासून,NOUN
संलग्न,NOUN
650,NUM
खाटांचे,NOUN
रुग्णालयही,NOUN
येथे,NOUN
क्षेत्राव्यतिरिक्त,NOUN
दूरदूरहून,NOUN
रुग्ण,NOUN
उपचारासाठी,PP
संख्येत,NOUN
घट,PART
कर्मचाऱ्याने,PP
घटनेनंतर,NOUN
रुग्णांच्या,PP
निम्मे,NOUN
प्रदेशचे,NOUN
जॉन्सन,NOUN
घेतल्यानंतर,NOUN
संस्थेतच,NOUN
नोकरी,NOUN
कानाकोपऱ्यातून,NOUN
अभ्यासक्रमांच्या,PP
अभ्यासासाठी,PP
शिकणाऱ्या,NOUN
विद्यार्थ्यांकडे,PP
विश्वासही,NOUN
शाहीना,NOUN
पाहिले,VERB
विद्यापीठावर,PP
विद्यार्थ्यांच्या,PP
भविष्यावर,PP
प्रशासनाने,PP
संयम,NOUN
राखण्याचे,NOUN
रक्षक,NOUN
अटकेनंतर,NOUN
कर्मचारीही,NOUN
करतोय,NOUN
ऐकलंच,NOUN
करणाऱ्यांच्या,PP
मनातही,NOUN
फल्लाह,NOUN
विद्यापीठाजवळील,NOUN
आवारातून,NOUN
खोली,VERB
भाड्याने,PP
पोलिसांसह,NOUN
फरीदाबादमध्ये,PP
कारवाई,NOUN
पोलिसांनीही,NOUN
याबाबत,NOUN
सविस्तर,NOUN
हजार,NOUN
900,NUM
किलोपेक्षा,NOUN
पदार्थ,NOUN
सप्टेंबरमध्ये,PP
इथेही,NOUN
यंत्रणा,NOUN
घराच्या,PP
मालकाचीही,NOUN
तोही,NOUN
घाबरला,PP
विद्यापीठापासून,NOUN
फतेहपूर,NOUN
तागा,NOUN
नव्याने,PP
बांधण्यात,NOUN
डेहरा,NOUN
वस्तीच्या,PP
टोकाला,PP
उघडले,VERB
बोलण्यास,NOUN
घाबरतात,VERB
घरासमोर,NOUN
महिलेने,PP
ज्याने,PP
कधीही,NOUN
माध्यमांमध्ये,PP
येण्यापूर्वी,NOUN
ऐकले,VERB
भाडेकरू,NOUN
घराचे,NOUN
मालक,NOUN
नूर,NOUN
इश्तियाक,NOUN
मशिदीचे,NOUN
इमाम,NOUN
त्यांनाही,NOUN
घेण्यात,NOUN
एएनआय,NOUN
वृत्तसंस्थेशी,NOUN
भावाने,PP
घरातील,NOUN
भावाला,PP
माझा,NOUN
मशिदीत,NOUN
नमाज,NOUN
अदा,NOUN
विद्यार्थ्यांशी,NOUN
कोणाशीही,NOUN
युनिव्हर्सिटी,NOUN
राज्यांच्या,PP
रक्षकाने,PP
मंगळवारपासून,NOUN
यंत्रणांशी,NOUN
रात्रीपर्यंत,NOUN
आवारात,NOUN
पथके,NOUN
फाटकावरचा,NOUN
म्हणतो,NOUN
पूर्वीपेक्षा,NOUN
होईल,NOUN
कोणालाही,NOUN
अंतरावरून,NOUN
थोडे,NOUN
स्वस्त,NOUN
चौकशीत,NOUN
भवितव्याबाबत,NOUN
प्रश्नांमुळे,NOUN
पॅरामेडिकलच्या,PP
एवढ्या,NOUN
हल्ल्याशी,NOUN
जोडले,VERB
सर्वांच्या,PP
बदनामी,NOUN
फटका,NOUN
आमच्यासारख्या,NOUN
सहन,NOUN
स्फोटाचा,NOUN
रचणाऱ्यांना,NOUN
सोडणार,NOUN
मोदींचा,NOUN
स्फोटापूर्वी,NOUN
डॉक्टरांबद्दल,NOUN
प्रश्नांची,NOUN
उत्तरं,NOUN
नाहीत11,NOUN
बंगाळेश्रीकांत,NOUN
बंगाळे,NOUN
सरकारनं,NOUN
अतिवृष्टीबाधित,NOUN
शेतकऱ्यांसाठी,PP
कोटींचं,NOUN
पॅकेज,NOUN
केलंय,NOUN
याबाबतचा,NOUN
शासन,NOUN
09,NUM
महिन्यांच्या,PP
अतिवृष्टीमुळे,NOUN
नुकसानीच्या,PP
भरपाईबाबतचा,NOUN
निर्णयावर,PP
मदतीच्या,PP
पॅकेजवर,PP
प्रश्नं,NOUN
त्यातील,NOUN
कोणते,NOUN
बातमीत,NOUN
पाहणार,NOUN
मुख्यमंत्र्यांनी,NOUN
माध्यमांशी,NOUN
जो,PART
आकड्याचा,NOUN
घटनेसाठी,PP
निर्णयात,NOUN
विभागासाठी,PP
जिल्ह्यासाठी,PP
निधी,NOUN
रुपयांचं,NOUN
शेतकरी,NOUN
म्हटलंय,NOUN
देवेंद्र,NOUN
आकर्षकपणानं,NOUN
महाराष्ट्रापुढे,NOUN
मांडले,VERB
महामदत,NOUN
असल्याचंही,NOUN
भासवलं,NOUN
पॅकेजचं,NOUN
आर्थिक,NOUN
विश्लेषण,NOUN
बहुतांशी,NOUN
रक्कम,NOUN
योजनांची,NOUN
बेरीज,NOUN
कोटी,NOUN
रुपयांपैकी,NOUN
रब्बी,NOUN
हंगाम,NOUN
देऊ,NOUN
6500,NUM
रुपये,NOUN
एवढीच,NOUN
नवी,NOUN
तरतूद,NOUN
उर्वरित,NOUN
यापूर्वीच,NOUN
योजनांच्या,PP
रकमांची,NOUN
सरकारकडून,NOUN
आतापर्यंतची,NOUN
सर्वांत,NOUN
आलंय,NOUN
खरडून,NOUN
गेल्यास,NOUN
सरसकट,NOUN
शेतकऱ्यांना,NOUN
लाभ,NOUN
निर्णयानुसार,NOUN
अल्प,NOUN
अत्यल्प,NOUN
भूधारक,NOUN
शेतकऱ्यांनाच,NOUN
शेतकऱ्याकडे,PP
एकर,NOUN
शेतजमीन,NOUN
मिळणार,NOUN
समजा,NOUN
तुमच्याकडे,PP
नदीकाठची,NOUN
साडेतीन,NOUN
रुपयांचा,NOUN
अल्पभूधारक,NOUN
खात्यात,NOUN
प्रति,NOUN
हेक्टरी,NOUN
47000,NUM
लाखांची,NOUN
मनरेगाच्या,PP
महात्मा,NOUN
ग्रामीण,NOUN
रोजगार,NOUN
हमी,NOUN
मनरेगा,NOUN
अंतर्गत,NOUN
विहीर,NOUN
उलटूनही,NOUN
नसल्याची,NOUN
शेतकऱ्यांची,NOUN
गेलेली,VERB
लागवडीयोग्य,NOUN
शेतकऱ्याला,PP
योजनेअंतर्गत,NOUN
अर्ज,NOUN
कामाचं,NOUN
मस्टर,NOUN
निघेल,NOUN
मजुरांचे,NOUN
कामाचे,NOUN
तास,NOUN
ठरतील,NOUN
अधिकाऱ्यांच्या,PP
इच्छाशक्तीवर,PP
शेत,NOUN
नेमका,NOUN
पीक,NOUN
विम्याच्या,PP
भरपाईचं,NOUN
सरकारने,PP
शेतकऱ्यांचा,NOUN
विमा,NOUN
उतरवला,PP
विम्याचे,NOUN
विम्यातून,NOUN
कमीत,NOUN
आकड्यांबाबत,NOUN
काहीएक,NOUN
मुळात,NOUN
विम्यासाठी,PP
कंपन्यांना,NOUN
हप्ता,NOUN
कंपन्यांकडून,NOUN
शेतकऱ्यांच्या,PP
भरपाईची,NOUN
कंपन्या,NOUN
गावामध्ये,PP
मोजक्या,NOUN
विम्याचा,NOUN
बहुसंख्य,NOUN
आक्षेप,NOUN
नियमितपणे,NOUN
नोंदवतात,VERB
योजनेतून,NOUN
कोट्यवधी,NOUN
रुपयांची,NOUN
कमाई,NOUN
महाराष्ट्रातून,NOUN
23,NUM
वर्षांत,NOUN
कंपन्यांनी,NOUN
93,NUM
देशपातळीवरचा,NOUN
केल्यास,NOUN
112,NUM
प्रधानमंत्री,NOUN
झाल्यापासून,NOUN
आल्याचं,NOUN
कृषीमंत्री,NOUN
शिवराजसिंग,NOUN
चौहान,NOUN
पंजाबच्या,PP
धर्तीवर,PP
पंजाबमध्ये,PP
हेक्टरवरील,NOUN
शेतपिकांचं,NOUN
झालंय,NOUN
तिथल्या,NOUN
हेक्टर,NOUN
देण्याचं,NOUN
करा,NOUN
महाराष्ट्र,NOUN
कोरडवाहू,NOUN
पिकांसाठी,PP
18500,NUM
बागायती,NOUN
27000,NUM
बहुवार्षिक,NOUN
32000,NUM
शेतपिकांच्या,PP
नुकसानीसाठी,PP
पंजाब,NOUN
मदतीपेक्षा,NOUN
तामिळनाडू,NOUN
कर्नाटक,NOUN
पेक्षाही,NOUN
मदतीचे,NOUN
करण्यापेक्षा,NOUN
शेतकऱ्याचं,NOUN
वस्तुनिष्ठ,NOUN
अहवाल,NOUN
एकनाथ,NOUN
शिंदेंनी,NOUN
कव्हरेजदरम्यान,NOUN
शेतकऱ्यानं,NOUN
विचारलं,NOUN
देशातील,NOUN
श्रीमंत,NOUN
कोणतं,NOUN
पंजाबचा,NOUN
एवढी,NOUN
महाराष्ट्राचे,NOUN
अंदाजे,NOUN
सकल,NOUN
देशांतर्गत,NOUN
GSDP,NOUN
42,NUM
GDP,NOUN
टॉपच्या,PP
बाधितांच्या,PP
नांदेड,NOUN
जिल्हा,NOUN
सप्टेंबरच्या,PP
पावसामुळं,NOUN
भरपाईचा,NOUN
राज्यातल्या,NOUN
जिल्ह्यातील,NOUN
253,NUM
तालुके,NOUN
बाधित,NOUN
घोषित,NOUN
जिल्ह्यात,NOUN
पावसामुळे,NOUN
नांदेडला,PP
वगळण्यात,NOUN
आकडेवारी,NOUN
49,NUM
122,NUM
क्षेत्रावरील,NOUN
पिकांचं,NOUN
भरपाई,NOUN
मिळणाऱ्या,NOUN
जिल्ह्यांच्या,PP
नांदेडचं,NOUN
भरपाईसाठी,PP
553,NUM
वितरित,NOUN
सप्टेंबरला,PP
त्याबाबतचा,NOUN
48,NUM
533,NUM
क्षेत्रासाठी,PP
ऑगस्टमधील,NOUN
नुकसानीचा,NOUN
हेक्टरचा,NOUN
क्षेत्र,NOUN
वगळलं,NOUN
एकरवरील,NOUN
नांदेडमधील,NOUN
महिन्यातील,NOUN
नुकसानीची,NOUN
निर्णयाप्रमाणे,NOUN
जिल्ह्यांसाठी,PP
सवलती,NOUN
जिल्ह्यांना,NOUN
यादी7,NOUN
यादी,NOUN
हाती,NOUN
वाळवंट,NOUN
अतिवृष्टीने,PP
शेतजमिनी,NOUN
गेलेल्या,NOUN
गोष्ट7,NOUN
चुलीत,NOUN
आमचं,NOUN
भरुन,NOUN
द्या,NOUN
भरपाईच्या,PP
निकषांत,NOUN
महाराष्ट्रच,NOUN
देशभर,NOUN
लग्नाळू,NOUN
तरुणांना,NOUN
लग्नासाठी,PP
मुली,VERB
नाहीयेत,NOUN
तरूणांची,NOUN
टोळींकडून,NOUN
तरुणाने,PP
त्यांच्यासोबत,NOUN
घडलेला,PP
प्रसंग,NOUN
गावांमध्ये,PP
मशिदी,NOUN
मशिदींची,NOUN
देखभाल2,NOUN
देखभाल,NOUN
भाडेपट्टीवर,PP
द्यायला,PP
आदिवासी,NOUN
समुदायाचा,NOUN
कंपनीच्या,PP
काट्यावरील,NOUN
किलो,NOUN
किलोच,NOUN
भरलं30,NOUN
भरलं,NOUN
भाग्यश्री,NOUN
राऊतRole,NOUN
मराठीसाठी,PP
घरवालीवर,PP
भिस्त,NOUN
दोघं,NOUN
मिळून,NOUN
वनवासात,NOUN
टाकून,NOUN
माझ्यासोबत,NOUN
घरच,NOUN
बुडालं,NOUN
वावरात,NOUN
घरवालीला,PP
वाघानं,NOUN
उचलून,NOUN
नेलं,NOUN
समजलंच,NOUN
वाघाच्या,PP
हल्ल्यात,NOUN
गमावलेले,VERB
पांडुरंग,NOUN
पेंदोर,NOUN
रडत,NOUN
अल्का,NOUN
अवघ्या,NOUN
व्या,NOUN
वर्षात,NOUN
चंद्रपूर,NOUN
गोंडपिपरी,NOUN
तालुक्यातील,NOUN
गणेशपिपरीच्या,PP
मृत्यूनंतर,NOUN
संसाराचं,NOUN
पती,NOUN
शेतात,VERB
ऑक्टोबरला,PP
घडली,VERB
मराठीसोबत,NOUN
फवारणी,NOUN
घरवाली,VERB
गवत,NOUN
कापत,NOUN
दोनवेळा,NOUN
बघितलं,NOUN
दिसली,VERB
प्यायला,PP
मिनिटांनी,NOUN
पाहिलं,NOUN
दिसलीच,NOUN
हाक,NOUN
मारली,VERB
सायंकाळची,NOUN
घरीही,NOUN
झाल्याची,NOUN
गावातल्या,NOUN
आरडाओरड,NOUN
करताच,NOUN
कापसाच्या,PP
शेतातून,NOUN
वाघ,NOUN
पळाला,PP
शेताच्या,PP
मृतदेह,NOUN
पडलेला,PP
दिसला,PP
खाल्लेली,VERB
पत्नीचा,NOUN
अचानक,NOUN
तिथंच,NOUN
पत्नीच्या,PP
वर्षांचा,NOUN
दोघंच,NOUN
कुटुंबात,NOUN
उरलेत,NOUN
त्यांच्याकडं,NOUN
स्वतःची,NOUN
शेती,NOUN
दुसऱ्यांची,NOUN
पोट,NOUN
भरत,NOUN
आजपर्यंत,NOUN
बघितला,PP
दिवसांपासून,NOUN
गावाच्या,PP
वाघाची,NOUN
दहशत,NOUN
रस्त्यावर,PP
दिसायचा,NOUN
पत्नीनं,NOUN
वाघाला,PP
हल्ला,PP
कुटुंब,NOUN
उद्धवस्त,NOUN
जणांचा,NOUN
पेंदोरच,NOUN
नव्हे,NOUN
महिलेचा,NOUN
वाघांच्या,PP
हल्ल्याची,NOUN
पहिली,VERB
गणेशपिपरी,NOUN
गाववरून,NOUN
किलोमीटरवर,PP
चेकपिपरी,NOUN
भाऊजी,NOUN
पाल,NOUN
बैलांना,NOUN
चराईसाठी,PP
परतले,VERB
सायंकाळी,NOUN
आणायला,PP
कुटुंबीयांनी,NOUN
कुठेच,NOUN
सापडले,VERB
ग्रामस्थांच्या,PP
शोधमोहीम,NOUN
राबवली,VERB
मृतदेहाचे,NOUN
तुकडे,PP
विखुरलेल्या,NOUN
अवस्थेत,NOUN
शेतकळऱ्याचा,NOUN
नागभीड,NOUN
तालुक्यात,NOUN
आकापूर,NOUN
इथले,VERB
वासुदेव,NOUN
वेटे,NOUN
जंगलाच्या,PP
शेजारी,NOUN
जागीच,NOUN
ठार,NOUN
तिसरी,NOUN
जिथं,NOUN
पत्नीला,PP
चिमूर,NOUN
चौथा,NOUN
शिवरा,NOUN
गावचे,NOUN
सरपंच,NOUN
निलकंठ,NOUN
भुरे,NOUN
वाजण्याच्या,PP
हल्ल्यातील,NOUN
चिंताजनक,NOUN
जानेवारी,NOUN
वन्यजीव,NOUN
संघर्षात,NOUN
वनविभागाकडून,NOUN
नसली,VERB
सूत्रांचं,NOUN
प्रतिभा,NOUN
धानोरकर,NOUN
लोकसभेत,NOUN
चंद्रपुरात,NOUN
वन्यप्राण्यांच्या,PP
हल्ल्यांबाबत,NOUN
पर्यावरण,NOUN
वने,PP
मंत्रालयानं,NOUN
सादर,NOUN
सात,NOUN
एकट्या,NOUN
संख्या,NOUN
मृत्यूंची,NOUN
मृत्यूंमुळे,NOUN
संघर्ष,NOUN
देशातही,NOUN
झालेल्यांचं,NOUN
हल्ल्यांत,NOUN
82,NUM
जणांचे,NOUN
2020,NUM
वर्षांतील,NOUN
देशात,NOUN
58,NUM
218,NUM
यामध्येही,NOUN
अव्वल,NOUN
एनटीसीएने,PP
टायगर,NOUN
स्टेटस,NOUN
रिपोर्टमध्ये,PP
सर्वाधित,NOUN
यामागील,NOUN
खाणकाम,NOUN
अतिक्रमणाच्या,PP
वाढत्या,NOUN
हालचालींमुळे,NOUN
विभागांवर,PP
कॉरिडॉर,NOUN
जंगलमार्ग,NOUN
वनक्षेत्रांची,NOUN
पशुधनाची,NOUN
वाढलेली,VERB
उपलब्धता,NOUN
घटक,NOUN
वाढण्यास,NOUN
कारणीभूत,NOUN
ठरत,NOUN
महाराष्ट्राचा,NOUN
क्रमांक,NOUN
व्याघ्रगणनेनुसार,NOUN
वाघांची,NOUN
सरासरी,NOUN
3682,NUM
राज्यांमध्ये,PP
मध्य,NOUN
785,NUM
कर्नाटकात,NOUN
563,NUM
उत्तराखंडमध्ये,PP
560,NUM
444,NUM
जिल्हानिहाय,NOUN
रिपोर्ट,NOUN
व्याघ्रगणनेमध्ये,PP
दाखवतात,VERB
तीव्र,NOUN
उपाययोजना,NOUN
वनमंत्र्यांकडून,NOUN
मागवली,VERB
मिळाल्यानंतर,NOUN
याठिकाणी,NOUN
संघर्षावर,PP
माणसाचे,NOUN
वाघांचे,NOUN
प्राण,NOUN
वाचवण्यासाठी,PP
हव्या,NOUN
दर,PART
दिवसाला,PP
वाघाचा,NOUN
मृत,NOUN
22,NUM
पाळीव,NOUN
सिंहांना,NOUN
खायला,PP
प्राणिसंग्रहालयाची,NOUN
मागणी6,NOUN
प्राजक्ता,NOUN
धुळपRole,NOUN
सुलभा,NOUN
वागू,NOUN
सुलभाला,PP
सुलभाचं,NOUN
संस्कृतीला,PP
शोभणारं,NOUN
समाजाला,PP
पडू,NOUN
एखादी,NOUN
घराचा,NOUN
ओलांडेल,NOUN
म्हणूनच,NOUN
1982,NUM
महत्वाचा,NOUN
वयाच्या,PP
काळाच्या,PP
पडद्याआड,NOUN
साकारल्या,NOUN
मधली,VERB
महाजन,NOUN
मुलाखतीचा,NOUN
उंबरठाचं,NOUN
लिहिली,VERB
सुबह,NOUN
नावाने,PP
हिंदीतही,NOUN
निर्मितीची,NOUN
नाट्यमय,NOUN
वळणांनी,NOUN
नाटक,NOUN
अभिनेते,NOUN
रमेश,NOUN
देव,NOUN
शांता,NOUN
निसाळ,NOUN
बेघर,NOUN
वाचल्यावर,PP
करण्याविषयी,NOUN
सुचवलं,NOUN
कादंबरीतली,VERB
मांडणी,NOUN
नाटकासाठी,PP
कादंबरीचं,NOUN
कथानक,NOUN
तेंडुलकरांना,NOUN
आवडलं,NOUN
हिच्या,PP
भोवती,NOUN
फिरतं,NOUN
प्रोटोगनिस्ट,NOUN
नसण्याचा,NOUN
थोडक्यात,NOUN
उच्चभ्रू,NOUN
कुटंबातील,NOUN
विवाहित,NOUN
तरुणी,NOUN
नामांकीत,NOUN
वकील,NOUN
सुभाष,NOUN
गिरीश,NOUN
कर्नाड,NOUN
इंग्रजी,NOUN
माध्यमातील,NOUN
शाळेत,NOUN
मुलगी,NOUN
सासूबाई,NOUN
मात्तबर,NOUN
समाजसेविका,NOUN
दीर,NOUN
प्रतिष्ठित,NOUN
गृहकृतदक्ष,NOUN
आशालता,NOUN
तिचा,NOUN
परिवार,NOUN
लग्नानंतर,NOUN
झाल्यावर,PP
मास्टर,NOUN
वर्कचं,NOUN
एमएसडब्ल्यू,NOUN
घेते,NOUN
साजेसं,NOUN
शल्य,NOUN
क्षेत्रात,NOUN
करावं,NOUN
उर्मीने,PP
सुधारगृहाची,NOUN
सुपरिटेण्डंट,NOUN
ऑफर,NOUN
स्वीकारायची,NOUN
ठरवते,NOUN
संस्थेत,NOUN
घालायला,PP
आयती,NOUN
नाकारते,NOUN
समजुतदार,NOUN
कुटुंबाची,NOUN
व्यवस्थेने,PP
नाकारलेल्या,NOUN
शिक्का,NOUN
महिलांच्या,PP
आश्रमात,NOUN
प्रश्नांबद्दल,NOUN
सहवेदना,NOUN
सुलभाच्या,PP
हातात,VERB
आश्रमाची,NOUN
जबाबदारी,NOUN
ऑथोरिटीने,PP
पार,NOUN
पाडत,NOUN
आश्रमाचं,NOUN
शुटींग,NOUN
पुण्याच्या,PP
येरवडा,NOUN
आश्रमाच्या,PP
चेअरमन,NOUN
दया,NOUN
डोंगरे,NOUN
वर्चस्ववादी,NOUN
व्यक्तिमत्व,NOUN
आश्रमाचा,NOUN
रिमोट,NOUN
नेत्यांचे,NOUN
हितसंबंध,NOUN
गुंतलेले,VERB
मर्जी,NOUN
सांभाळत,NOUN
रुजू,NOUN
शिस्त,NOUN
आणते,NOUN
महिलांना,NOUN
आयुष्य,NOUN
सावरण्याचा,NOUN
घडलेल्या,NOUN
दुर्घटनेनंतर,NOUN
आरोपांना,NOUN
निर्भिडपणे,NOUN
तोंड,NOUN
राजीनामा,NOUN
देते,NOUN
संपेल,NOUN
तसं,NOUN
बदलल्याचं,NOUN
जाणवतं,NOUN
नातेसंबंधही,NOUN
ठळकपणे,NOUN
सहकारीसोबत,NOUN
शाररिक,NOUN
सांगतो,NOUN
कळल्यावर,PP
नवऱ्यापासून,NOUN
मनाने,PP
कोस,NOUN
घराला,PP
उरली,VERB
घरासोबतचं,NOUN
ठेवून,NOUN
ओलांडते,NOUN
परखड,NOUN
शिस्तीची,NOUN
संवेदनशील,NOUN
संयत,NOUN
स्वभावाची,NOUN
साकारताना,NOUN
कमालीचं,NOUN
नायिका,NOUN
दिप्ती,NOUN
नवल,NOUN
लिहिताना,NOUN
तेंडुलकरांच्या,PP
डोळ्यासमोर,NOUN
दीप्ती,NOUN
साधना,NOUN
साप्ताहिकाला,PP
डोक्यामध्ये,PP
उंबरठामधील,NOUN
पात्रासाठी,PP
आंतरिक,NOUN
शक्ती,NOUN
जिचा,NOUN
बोलका,NOUN
देहबोलीचं,NOUN
भान,NOUN
ठेवणारी,NOUN
ऐकून,NOUN
डोळ्यातलं,NOUN
पुसलं,NOUN
कुणीही,NOUN
रोल,NOUN
माझ्याकडून,NOUN
हिसकावून,NOUN
देणार,NOUN
तेंडुलकरसुद्धा,NOUN
माजं,NOUN
तिचं,NOUN
माहित,NOUN
आहेच,NOUN
महाजनच्या,PP
व्यक्तिरेखेत,NOUN
आईची,NOUN
देहबोली,VERB
तेंडुलकरांपर्यंत,NOUN
पोहचवा,NOUN
विद्याताई,NOUN
राष्ट्र,NOUN
दलाच्या,PP
कार्यकर्त्या,NOUN
निवडीचा,NOUN
सांगितला,PP
जब्बारनी,NOUN
उंबरठ्याचा,NOUN
माझ्याशिवाय,NOUN
करूच,NOUN
हेरलं,NOUN
विचारांशी,NOUN
साधर्म्य,NOUN
सुलभासारखी,NOUN
घरदार,NOUN
मूल,NOUN
सोडूही,NOUN
स्त्रीचं,NOUN
स्वातंत्र्य,NOUN
डिग्निटी,NOUN
याविषयी,NOUN
तडजोड,NOUN
योग,NOUN
जुळून,NOUN
पुण्यात,NOUN
खडकीजवळ,NOUN
बंगल्यामध्ये,PP
निवडीबद्दलचा,NOUN
पटला,PP
फिल्मचे,NOUN
रशेस,NOUN
आश्चर्याचा,NOUN
धक्का,NOUN
बसला,PP
चुकीचा,NOUN
जब्बारांकडे,PP
क्षण,NOUN
विलक्षण,NOUN
म्हणाली,VERB
महाजनची,NOUN
जवळजवळ,NOUN
जगली,VERB
आहेस,NOUN
ऐकल्यावर,PP
स्मिताचा,NOUN
बांध,NOUN
फुटला,PP
आठवतंय,NOUN
खांद्यावर,PP
मोठ्याने,PP
रडायला,PP
मनाची,NOUN
अवस्था,NOUN
चपखल,NOUN
कुटुंबातले,VERB
गप्पा,NOUN
मारत,NOUN
गाजत,NOUN
केसबद्दल,NOUN
डॉक्टराने,PP
पेशंटवर,PP
केलेला,PP
त्याचीच,NOUN
केस,NOUN
कोर्टात,NOUN
लढत,NOUN
अशीलाला,PP
थराला,PP
तयारी,NOUN
पेशंट,NOUN
महिलेचं,NOUN
चारित्र्यच,NOUN
पैशांच्या,PP
हव्यासापोटी,NOUN
बोभाटा,NOUN
आर्ग्युमेंट,NOUN
कौतुकास्पद,NOUN
सूर,NOUN
वहिनीकडून,NOUN
पटत,NOUN
तडकपणे,NOUN
उठून,NOUN
नवऱ्याकडे,PP
लावून,NOUN
हट्टाने,PP
प्रसंगात,NOUN
निग्रह,NOUN
गाण्याचीही,NOUN
जोड,NOUN
गंजला,PP
ओठात,NOUN
धार,NOUN
वज्राची,NOUN
मिळू,NOUN
दे,PART
आंधळ्या,NOUN
आत्म्यात,NOUN
सूर्य,NOUN
सत्याचा,NOUN
जळू,NOUN
कवी,NOUN
भटांचं,NOUN
निढळ्या,NOUN
आवाजातल्या,NOUN
साठेंनी,NOUN
गायलंय,NOUN
आश्रमाकडे,PP
टांग्यातून,NOUN
चाललेले,VERB
विचारच,NOUN
जणू,NOUN
शब्दबद्ध,NOUN
झालेयत,NOUN
वाटू,NOUN
लागतं,NOUN
सुन्या,NOUN
मैफलीत,NOUN
चित्रपटातील,NOUN
संगीतकार,NOUN
मंगेशकर,NOUN
संगीतबद्ध,NOUN
गाणी,NOUN
लोकप्रिय,NOUN
बापट,NOUN
लता,NOUN
गायलेली,VERB
गगन,NOUN
सदन,NOUN
तेजोमय,NOUN
प्रार्थना,NOUN
आश्रमातल्या,NOUN
शिस्तीच्या,PP
गाण्याचाच,NOUN
तोडीचं,NOUN
मधलं,NOUN
प्रार्थनागीतही,NOUN
जमून,NOUN
तुम,NOUN
हमारे,NOUN
धरती,NOUN
आशयाचं,NOUN
पंडीत,NOUN
नरेंद्र,NOUN
शर्मांनी,NOUN
लिहिलंय,NOUN
चैत्रगौरीच्या,PP
उत्सवाचं,NOUN
चांद,NOUN
मातला,PP
आवरू,NOUN
गाण्याची,NOUN
जादू,NOUN
सगळी,NOUN
लतादिदींनी,NOUN
कहाणी,NOUN
रंजक,NOUN
योगायोगाने,PP
वि,PART
स,PART
खांडेकर,NOUN
कादंबरीवर,PP
अमृतवेल,NOUN
नावाचा,NOUN
जयश्री,NOUN
गडकर,NOUN
लिहित,NOUN
मुंबईत,NOUN
मुक्कामी,NOUN
पंधरा,NOUN
सुचत,NOUN
भटांना,NOUN
हॉटेलचं,NOUN
बील,NOUN
वाढतंय,NOUN
निघाल्यावर,PP
सुचू,NOUN
तुझेच,NOUN
गात,NOUN
धुरी,NOUN
ओळींनी,NOUN
भारावून,NOUN
कारणाने,PP
शकला,PP
उंबरठासाठी,PP
बसेल,NOUN
शोधत,NOUN
गीताबद्दल,NOUN
धुरींच्या,PP
परवानगीनंतर,NOUN
सामील,NOUN
गीतात,VERB
तुझे,NOUN
हसू,NOUN
आरशात,NOUN
शांताबाई,NOUN
शेळके,NOUN
सुचवले,VERB
पहिल्यांदाच,NOUN
लेस्बियन,NOUN
संबंधाविषयी,NOUN
संबंधांकडे,PP
मनोविकृती,NOUN
डॉक्टरांकडून,NOUN
दृष्टीने,PP
गैरसमजावर,PP
त्याकाळी,NOUN
हाताळण्याचं,NOUN
दुर्लभ,NOUN
सीनवरुन,NOUN
घमासान,NOUN
सोडत,NOUN
दुर्घटना,NOUN
बिघडलेली,VERB
हाताळण्यात,NOUN
अपयशी,NOUN
ठरल्याचा,NOUN
ठपका,NOUN
सुलभावर,PP
ठेवण्यात,NOUN
सच्चेपणावर,PP
चौकशीला,PP
सामोरी,NOUN
सुटते,NOUN
निघते,NOUN
कथेत,NOUN
जब्बारांना,NOUN
सुलभाने,PP
स्पष्टीकरण,NOUN
देणं,NOUN
ठाम,NOUN
अखेर,NOUN
सुधारायचं,NOUN
सुधारणं,NOUN
जगाचे,NOUN
धागेदोरे,NOUN
जगाशी,NOUN
बाहेरचं,NOUN
जग,PART
कक्षेबाहेरचं,NOUN
मॅनेजिंग,NOUN
कमिटी,NOUN
बायकांची,NOUN
बाहेरची,NOUN
जगं,NOUN
आश्रमावर,PP
दबाव,NOUN
आणणाऱ्या,NOUN
सगळ्यांच्या,PP
सोयीच्या,PP
आश्रम,NOUN
बंदीशाळा,NOUN
राहणं,NOUN
जरुरी,NOUN
थारा,NOUN
भरा,NOUN
ज्यांची,NOUN
कोंडा,NOUN
नकोत,NOUN
टाका,NOUN
जणूकाही,NOUN
समाजाचा,NOUN
उकीरडा,NOUN
उकिरड्यावरची,NOUN
घाण,NOUN
वहायला,PP
कुठेतरी,NOUN
फेका,NOUN
यालाच,NOUN
बहुधा,NOUN
इथल्या,NOUN
माणसांचं,NOUN
पुनर्वसन,NOUN
शेवटावरुन,NOUN
प्रेक्षकांमध्येही,NOUN
निसळांची,NOUN
संसार,NOUN
चांगला,PP
अट्टाहास,NOUN
नियतकालिकाला,PP
मनापासून,NOUN
वृत्ती,NOUN
पुरुषामध्ये,PP
असली,VERB
कोणीही,NOUN
फ्रान्सला,PP
दाखवला,PP
उंबरठ्यातल्या,NOUN
बाईबद्दल,NOUN
तिकडच्या,PP
बायकांच्या,PP
गोली,VERB
तिलासुद्धा,NOUN
वाईटच,NOUN
बायकांचे,NOUN
असेच,NOUN
एवढा,NOUN
गरीबी,NOUN
वगैरे,NOUN
तेवढं,NOUN
नसलं,NOUN
मूलभूत,NOUN
नात्यामध्ये,PP
एक्सप्लॉयटेशन्स,NOUN
गुंतागुंती,NOUN
सगळीकडेच,NOUN
सारख्या,NOUN
सगळीकडे,PP
बाईची,NOUN
तीच,NOUN
कमीजास्त,NOUN
मूलतः,NOUN
स्त्रिया,NOUN
करताहेत,NOUN
मनातल्या,NOUN
झगडताहेत,NOUN
चांगल्या,NOUN
फिल्म्स,NOUN
होणं,NOUN
स्त्रियांची,NOUN
फिल्म्समध्ये,PP
बनवली,VERB
तोडणं,NOUN
साहित्यामधनं,NOUN
उभ्या,NOUN
फिल्म,NOUN
सिनेमांचा,NOUN
महोत्सव,NOUN
फ्रान्स,NOUN
भरवला,PP
आवडता,NOUN
बहिणाई,NOUN
दिवाळी,NOUN
अंकासाठी,PP
स्मिताची,NOUN
आवडती,NOUN
कॉस्मोपॉलिटन,NOUN
प्रगत,NOUN
हाल,NOUN
वेगळी,NOUN
महाराष्ट्राइतका,NOUN
पुरुषवर्गाची,NOUN
स्त्रियांच्या,PP
संबंधात,NOUN
परंपरावादी,NOUN
मनोभूमिका,NOUN
घरातून,NOUN
हैवान,NOUN
स्त्रीच,NOUN
धारणा,NOUN
महाराष्ट्रीय,NOUN
प्रेक्षकांनी,NOUN
उंबरठ्याला,PP
उत्कृष्ठ,NOUN
कलेचा,NOUN
नमुना,NOUN
धरला,PP
बी,PART
आर,PART
चोप्रा,NOUN
तुम्हारी,NOUN
देखी,NOUN
बहुत,NOUN
अच्छी,NOUN
लगी,NOUN
तुम्हारा,NOUN
भी,PART
अच्छा,NOUN
है,PART
मगर,NOUN
बात,NOUN
कहूँ,NOUN
हिंदुस्थानी,NOUN
फिल्ममें,NOUN
ट्रेडिशनल,NOUN
औरतही,NOUN
चलती,NOUN
उंबरठ्यातील,NOUN
आईच्या,PP
जवळची,NOUN
वाटली,VERB
जाणे,NOUN
वगळता,NOUN
आईनेही,NOUN
जीवन,NOUN
कार्यात,NOUN
व्यतीत,NOUN
आवडला,PP
सर्वसामान्यांचं,NOUN
विचारवंतांचं,NOUN
कुठपर्यंत,NOUN
आवडेल,NOUN
ओलांडून,NOUN
तोपर्यंतच,NOUN
चालो,NOUN
प्रबोधनासाठी,PP
निघणे,NOUN
उद्या,NOUN
बारा,NOUN
स्त्रियांनाच,NOUN
स्फूर्ती,NOUN
देईल,NOUN
स्त्रियांना,NOUN
दूरदर्शनवर,PP
श्याम,NOUN
बेनेगलांनी,NOUN
सिनेमात,NOUN
भूमिका17,NOUN
सिनेमानंतर,NOUN
शबाना,NOUN
आझमी,NOUN
रंगू,NOUN
डिसेंबर,NOUN
तिचे,NOUN
वागण्या,NOUN
बोलण्यात,NOUN
साधेपणा,NOUN
घरासाठी,PP
कर्ज,NOUN
घेणं,NOUN
पर्सनल,NOUN
लोन,NOUN
क्रेडिट,NOUN
कार्डचा,NOUN
सर्रास,NOUN
सगळेच,NOUN
गरजांसाठी,PP
बँका,NOUN
वित्तीय,NOUN
संस्थांकडून,NOUN
ठराविक,NOUN
व्याजाने,PP
कारणांमुळे,NOUN
फेडणं,NOUN
भरणं,NOUN
पैशांची,NOUN
व्यवसायात,NOUN
थकण्यात,NOUN
रिकव्हरी,NOUN
पाठतात,VERB
अशावेळी,NOUN
कर्जवसुलीबद्दलचे,NOUN
रिझर्व्ह,NOUN
बँकेचे,NOUN
NBFCs,NOUN
बँकिंग,NOUN
फायनान्शियल,NOUN
कंपनी,NOUN
कर्जवसुलीसाठी,PP
एजंट्ची,NOUN
नियुक्ती,NOUN
कर्जाची,NOUN
परतफेड,NOUN
ग्राहकांकडून,NOUN
डिफॉल्टर्सकडून,NOUN
वसूल,NOUN
एजंट्सनी,NOUN
ग्राहकांना,NOUN
धमकावणं,NOUN
शिवीगाळ,NOUN
अपमानास्पद,NOUN
वागवण्याचे,NOUN
ग्राहकांनी,NOUN
तक्रारी,NOUN
वसुलीसाठी,PP
नातलगांना,NOUN
मित्रांनी,NOUN
ऑफिसच्या,PP
सहकाऱ्यांना,NOUN
घेतलेल्या,NOUN
व्यक्तीसाठी,PP
लाजिरवाणी,NOUN
एजंट्ससाठीचे,NOUN
ग्राहकांसोबत,NOUN
गैरवर्तन,NOUN
बँकेने,PP
याबद्दलच्या,PP
सूचना,NOUN
NBFC,NOUN
नी,PART
नियुक्त,NOUN
एजंट्सकडून,NOUN
मौखिक,NOUN
गैरव्यवहार,NOUN
खबरदारी,NOUN
जावी,NOUN
प्रोफेशनली,VERB
पद्धतींचा,NOUN
RBI,NOUN
अपमान,NOUN
प्रायव्हसीचं,NOUN
उल्लंघन,NOUN
एजंट्सना,NOUN
ग्राहकांशी,NOUN
साधताना,NOUN
सांगणं,NOUN
बंधनकारक,NOUN
बँकेचं,NOUN
Authorisation,NOUN
Letter,NOUN
ओळखपत्र,NOUN
सकाळी,NOUN
वेळेदरम्यानच,NOUN
साधू,NOUN
नियमांचं,NOUN
पालन,NOUN
बँकेच्या,PP
गाईडलाईन्सचं,NOUN
ठरेल,NOUN
ऑफिसला,PP
हो,PART
यायची,NOUN
अटींवर,PP
नियमांनुसार,NOUN
भेटीची,NOUN
ठरवावी,NOUN
लागेल,NOUN
तेव्हाच,NOUN
परवानगीशिवाय,NOUN
सन्मानाने,PP
त्यांच्यासाठी,PP
धमकी,NOUN
फेडू,NOUN
शकलेल्या,NOUN
व्यक्तीलाही,NOUN
परिस्थितीत,NOUN
कारणांनी,NOUN
याबद्दलही,NOUN
केल्यायत,NOUN
सगळ्यात,NOUN
प्रायव्हसी,NOUN
कर्जाबद्दलची,NOUN
जगजाहीर,NOUN
तुमचं,NOUN
रकमेचं,NOUN
नातेवाईकांना,NOUN
मित्रांना,NOUN
शेजाऱ्यांना,NOUN
सांगू,NOUN
वागवलं,NOUN
व्यक्तीचा,NOUN
एजंटसनी,NOUN
ग्राहकाशी,NOUN
आदरपूर्वक,NOUN
अपेक्षित,NOUN
धमक्या,NOUN
अपशब्द,NOUN
वापरणं,NOUN
हिंसा,NOUN
एजंटनी,NOUN
पारदर्शक,NOUN
व्यवहाराचा,NOUN
बाकी,NOUN
व्याजदर,NOUN
अतिरिक्त,NOUN
शुल्क,NOUN
बँकेला,PP
तपशीलवार,NOUN
द्यावीच,NOUN
नसल्याचं,NOUN
बँकेत,NOUN
लोकपालाशी,NOUN
तुमच्यासोबत,NOUN
घाबरून,NOUN
स्वतःसाठी,PP
पावलं,NOUN
उचलू,NOUN
संभाषणाचा,NOUN
रेकॉर्ड,NOUN
एजंट,NOUN
कॉल,NOUN
ऑथोरायझेशन,NOUN
लेटर,NOUN
तपासा,NOUN
असल्यासारखं,NOUN
लगेच,NOUN
नोडल,NOUN
ऑफिसर्ससोबत,NOUN
साधा,NOUN
लेखी,NOUN
स्वरूपात,NOUN
बँक,NOUN
कठोर,NOUN
कडे,PP
दंड,NOUN
करण्यावर,PP
बंदी,NOUN
मुलांच्या,PP
शिक्षणासाठीचं,NOUN
नियोजन,NOUN
गुंतवणुकीची,NOUN
सुरूवात,NOUN
पोस्ट,NOUN
ऑफिसातील,NOUN
गुंतवणूक,NOUN
करसवलतीसह,NOUN
तुमच्यासाठी,PP
स्पेशलाइज्ड,NOUN
फंड,NOUN
SIF,NOUN
म्युच्युअल,NOUN
फंडपेक्षा,NOUN
ठरतो,NOUN
लोकसभा,NOUN
निवडणूक,NOUN
असो,NOUN
कुठलीही,NOUN
उमेदवाराची,NOUN
जिंकण्याची,NOUN
तिकीट,NOUN
उमेदवार,NOUN
निवडताना,NOUN
मतदारसंघातील,NOUN
नेत्याला,PP
प्राधान्य,NOUN
देण्याची,NOUN
परंपरा,NOUN
जन्मगावापासून,NOUN
दीड,NOUN
ठिकाणाहून,NOUN
चारवेळा,NOUN
आजची,NOUN
स्थिती,NOUN
बसणं,NOUN
अवघडच,NOUN
पन्नास,NOUN
नेत्याबद्दल,NOUN
उत्सुकतेनं,NOUN
वाचत,NOUN
आहात,NOUN
मधुकर,NOUN
रामचंद्र,NOUN
लिमये,NOUN
उर्फ,NOUN
मधु,NOUN
1964,NUM
1980,NUM
जातीय,NOUN
समीकरणं,NOUN
बळकट,NOUN
पाहूच,NOUN
तत्पूर्वी,NOUN
कुठल्याही,NOUN
पार्श्वभूमी,NOUN
नसलेल्या,NOUN
लिमयेंनी,NOUN
पल्ला,PP
गाठला,PP
मुंबईची,NOUN
पाणीवाली,VERB
जिने,PP
नाकारलं,NOUN
व्हिलन,NOUN
दंडवते,NOUN
खेळण्यासाठी,PP
देशाचा,NOUN
रेल्वेमंत्री,NOUN
21,NUM
बालवयात,NOUN
पाहिल्या,NOUN
दंगली,VERB
असहकार,NOUN
आंदोलनात,NOUN
पोलिसांचा,NOUN
लाठीमारही,NOUN
झेलणारे,NOUN
गांधींचे,NOUN
अनुयायीही,NOUN
घटनांचा,NOUN
लिमयेंच्या,PP
विचारसृष्टीवर,PP
पुढच्या,PP
जमातवादाला,PP
आमि,NOUN
सत्याग्रहावर,PP
निष्ठा,NOUN
ठेवली,VERB
बालवयातल्या,NOUN
कोरून,NOUN
तल्लख,NOUN
बुद्धीचे,NOUN
कामगिरीवरून,NOUN
लक्षातही,NOUN
1922,NUM
जन्मलेल्या,NOUN
लिमयेंचे,NOUN
पेशाने,PP
रुजलेलं,NOUN
रॉबर्ट,NOUN
मनी,NOUN
हायस्कूलमध्ये,PP
सरस्वती,NOUN
मंदिर,NOUN
शाळे,NOUN
पाचवी,NOUN
सहावी,NOUN
सातवी,NOUN
तिन्ही,NOUN
इयत्ता,NOUN
दिल्या,NOUN
मॅट्रिकची,NOUN
परीक्षा,NOUN
देण्यासाठी,PP
विभागानं,NOUN
1937,NUM
मॅट्रिक,NOUN
पुण्यातल्या,NOUN
फर्ग्युसन,NOUN
कला,PP
शाखेत,NOUN
पुण्यास,NOUN
समाजवादी,NOUN
एस,PART
एम,PART
जोशींची,NOUN
ऑल,PART
स्टुडंट्स,NOUN
फेडरेशनचे,NOUN
आयुष्याचा,NOUN
RSS,NOUN
संघर्षाची,NOUN
दिनानिमित्त,NOUN
मिरवणूक,NOUN
निघाली,VERB
मिरवणुकीत,NOUN
जोशी,NOUN
सेनापती,NOUN
ग,PART
गोरे,NOUN
मंडळी,NOUN
वर्षांचे,NOUN
मिरवणुकीवर,PP
स्वयंसेवकांनी,NOUN
लिमयेंचा,NOUN
विचारसरणीशी,NOUN
पटलं,NOUN
संघर्षही,NOUN
पुस्तकाच्या,PP
खंडात,NOUN
प्रसंगाचा,NOUN
मोरारजी,NOUN
देसाई,NOUN
पंतप्रधान,NOUN
लिमयेंनीच,NOUN
पार्टी,NOUN
दोहोंचे,NOUN
द्विसदस्यत्वाचा,NOUN
त्यातूनच,NOUN
पार्टीचं,NOUN
कोसळलं,NOUN
साने,PP
गुरुजींच्या,PP
संपर्कात,NOUN
1938,NUM
सालापासून,NOUN
संपूर्णपणे,NOUN
देशकार्याला,PP
लिमयेंची,NOUN
ध्येयनिष्ठा,NOUN
जोशींनी,NOUN
सोशलिस्ट,NOUN
पक्षाचे,NOUN
सरचिटणीस,NOUN
नेमलं,NOUN
सक्रीय,NOUN
पुढच्याच,NOUN
महायुद्धाला,PP
युद्धविरोधी,NOUN
भाषण,NOUN
वय,PART
तुरुंगवाऱ्या,NOUN
धुळ्याच्या,PP
रवानगी,NOUN
गुरूजी,NOUN
एकत्रच,NOUN
गुरुची,NOUN
प्रभावाखाली,VERB
मांडणीने,PP
गुरूजीही,NOUN
विचारांच्या,PP
प्रभावातून,NOUN
समाजवाद्यांच्या,PP
जोडीला,PP
1942,NUM
सालीही,NOUN
ठरलं,NOUN
क्रांतिकारी,NOUN
भूमिगत,NOUN
चालवलं,NOUN
स्वातंत्र्यानंतर,NOUN
विचारसरणींच्या,PP
पक्षांमध्येच,NOUN
बदलले,VERB
विचारधारा,NOUN
राहिली,VERB
लिमयेंचं,NOUN
पाहिलेले,VERB
संसदेतील,NOUN
लोकसभेच्या,PP
सभागृहात,NOUN
शिरल्यानंतर,NOUN
सत्ताधारी,NOUN
बाकांवरील,NOUN
घाम,NOUN
फुटत,NOUN
कुणाला,PP
धारेवर,PP
धरणार,NOUN
बुद्धिबळ,NOUN
खेळण्यात,NOUN
पटाईत,NOUN
भलभल्यांना,NOUN
शब्दांनी,NOUN
पुराव्यानिशी,NOUN
गारद,NOUN
इतिहासाबद्दल,NOUN
मधू,NOUN
आवर्जून,NOUN
त्याशिवाय,NOUN
बिहारचा,NOUN
अपूर्णच,NOUN
पुण्याचे,NOUN
मूळचा,NOUN
अशाप्रकारे,NOUN
राज्यातून,NOUN
क्वचित,NOUN
उदाहरणं,NOUN
राज्यसभेवर,PP
बरेच,NOUN
सापडतील,NOUN
लोकांमधून,NOUN
नावं,NOUN
नेत्यांपैकी,NOUN
पहिल्यांदा,NOUN
तिसऱ्या,NOUN
निवडणुकीत,NOUN
जिंकले,VERB
मतदारसंघ,NOUN
मुंगेर,NOUN
पोटनिवडणूक,NOUN
सालीच,NOUN
सोशालिस्ट,NOUN
प्रजा,NOUN
एकमेकांत,NOUN
विलीन,NOUN
पार्टीच्या,PP
तिकिटावर,PP
विजयानंतर,NOUN
संसदीय,NOUN
बोर्डाचे,NOUN
अध्यक्षही,NOUN
1967,NUM
निवडणुकीतही,NOUN
मधून,NOUN
विजयी,NOUN
पार्टीतही,NOUN
फूट,NOUN
पडली,VERB
पार्टीकडून,NOUN
मतदारसंघही,NOUN
बदलला,PP
1973,NUM
बिहारमधीलच,NOUN
बांका,NOUN
निवडणुकीच्या,PP
रिंगणात,NOUN
उतरले,VERB
विजयीही,NOUN
आणीबाणी,NOUN
जयप्रकाश,NOUN
नारायण,NOUN
नेतृत्त्वात,NOUN
गांधींविरोधातील,NOUN
दल,PART
1977,NUM
नमूद,NOUN
1971,NUM
बांकामधून,NOUN
पराभूत,NOUN
वावरही,NOUN
राजकारणातून,NOUN
बाहेरच,NOUN
बिहारमध्ये,PP
खरे,NOUN
सहावेळा,NOUN
लढले,VERB
वाढलेले,VERB
शकले,VERB
तुम्हा,NOUN
पडणं,NOUN
सहाजिक,NOUN
आजचं,NOUN
बिहारचं,NOUN
समीकरणांभोवती,NOUN
फिरत,NOUN
संबंधही,NOUN
तितकेसे,NOUN
नसण्याच्या,PP
प्रश्नाचं,NOUN
शोधण्यासाठी,PP
विश्लेषकांशी,NOUN
साधला,PP
बिहरामधील,NOUN
मणिकांत,NOUN
ठाकूर,NOUN
विभागणी,NOUN
मंडल,NOUN
आयोगापूर्वीचा,NOUN
आयोगानंतरचा,NOUN
आयोगापूर्वी,NOUN
जातीपेक्षा,NOUN
विचारधारेचं,NOUN
कर्पुरी,NOUN
राजकारणाचे,NOUN
शेवटचे,NOUN
साठ,NOUN
सत्तरच्या,PP
दशकाचा,NOUN
मातीत,NOUN
राममनोहर,NOUN
लोहिया,NOUN
विचारधारेला,PP
वेद,NOUN
वैदिक,NOUN
विजयाचं,NOUN
सांगताना,NOUN
आकर्षण,NOUN
कुठल्या,NOUN
राज्याच्या,PP
राजकारणाचं,NOUN
बंधन,NOUN
लिमयेंसारखं,NOUN
हसले,VERB
विचारधारेचा,NOUN
लोकही,NOUN
विचारधारेवर,PP
मुद्द्यांवर,PP
मतं,NOUN
आम्हीही,NOUN
आजूबाजूचं,NOUN
पाहिल्यानंतर,NOUN
खात्रीने,PP
एखादा,NOUN
शकेल,NOUN
महाविद्यालयीन,NOUN
विचारधारेकडे,PP
वळण्याचा,NOUN
रुजण्यचा,NOUN
काळही,NOUN
महाराष्ट्रातलाच,NOUN
गोष्टीची,NOUN
महाराष्ट्रातूनही,NOUN
होण्यापूर्वी,NOUN
1957,NUM
वांद्रे,NOUN
निवडणुकीला,PP
गोवामुक्ती,NOUN
संग्रामासाठी,PP
आंदोलनं,NOUN
केल्यानं,NOUN
त्यांच्याबद्दल,NOUN
1958,NUM
पार्टीचे,NOUN
रस,PART
घेण्यास,NOUN
लिमयेंना,NOUN
यशही,NOUN
नेतृत्त्वाची,NOUN
चमकही,NOUN
प्रामाणिक,NOUN
तत्त्वनिष्ठ,NOUN
गाजले,VERB
गुणांना,NOUN
देणारे,NOUN
डोळ्यांदेखत,NOUN
वेदप्रताप,NOUN
घडीला,PP
कल्पनाही,NOUN
विनम्रता,NOUN
प्रामाणिकपणा,NOUN
त्यांच्यात,NOUN
व्यापाऱ्यांचे,NOUN
दलाल,NOUN
पोस्टमन,NOUN
रुपयाचं,NOUN
ऑर्डरवर,PP
सही,NOUN
ज्यावेळी,NOUN
ऑर्डरचे,NOUN
पाठवले,VERB
संसदेत,NOUN
तांदळासंदर्भात,NOUN
विचारून,NOUN
भ्रष्टाचाराचा,NOUN
भांडाफोड,NOUN
व्यापाऱ्याला,PP
कृतज्ञता,NOUN
काहीसे,NOUN
संतापले,VERB
पाठवा,NOUN
दुसऱ्याच,NOUN
ऑफिसमध्ये,PP
किस्सा,NOUN
राहिलेले,VERB
रघू,NOUN
संपल्यानंतर,NOUN
तातडीनं,NOUN
रिकामं,NOUN
खासदारकीचा,NOUN
कालावधी,NOUN
संपला,PP
पत्र,NOUN
लिहिलं,NOUN
तातडीने,PP
दिल्लीला,PP
जा,PART
निवासस्थान,NOUN
कर,PART
लिमयेंमध्ये,PP
चंपा,NOUN
याही,NOUN
एकनिष्ठ,NOUN
सामान,NOUN
चळवळीशी,NOUN
जोडलेला,PP
रस्त्यावरून,NOUN
पत्रकारानं,NOUN
राजकारण्यांचे,NOUN
खासदारला,PP
मिळणारं,NOUN
पेन्शन,NOUN
आणीबाणीवेळी,NOUN
वर्षानं,NOUN
लोकसभेचा,NOUN
वाढवला,PP
असातनाही,NOUN
झाल्याने,PP
हयातीत,NOUN
नाहीच,NOUN
पत्नीलाही,NOUN
माझ्यानंतरही,NOUN
वाढलेला,PP
काँग्रसमध्ये,PP
वळलेला,PP
चळवळीत,NOUN
देशाचं,NOUN
सर्वोच्च,NOUN
सभागृह,NOUN
प्रश्नांनी,NOUN
भाषणांनी,NOUN
दणाणून,NOUN
सोडलेल्या,NOUN
बिहारसह,NOUN
इतिहासात,NOUN
अनन्यसाधारण,NOUN
विधानसभेची,NOUN
मुख्यमंत्री1,NOUN
सातारा,NOUN
शिरूर,NOUN
कोल्हेंविरोधात,NOUN
गट,PART
लढणार,NOUN
अमेरिकेच्या,PP
रिप्रेझेंटेटिव्ह,NOUN
शटडाऊन,NOUN
संपवण्याशी,NOUN
विधेयक,NOUN
222,NUM
209,NUM
मतांनी,NOUN
अमेरिकन,NOUN
संसदेचे,NOUN
कनिष्ठ,NOUN
सिनेट,NOUN
जसं,NOUN
राज्यसभा,NOUN
मतदानादरम्यान,NOUN
डेमोक्रॅट,NOUN
सदस्यांनी,NOUN
रिपब्लिकन,NOUN
विधेयकाला,PP
पाठिंबा,NOUN
विधेयकावर,PP
राष्ट्राध्यक्ष,NOUN
डोनाल्ड,NOUN
गुरुवारीच,NOUN
स्वाक्षरी,NOUN
स्वाक्षरीनंतर,NOUN
रिप्रेझेन्टेटिव्ह,NOUN
सभापती,NOUN
वाटतो,NOUN
डेमोक्रॅट्समुळे,NOUN
शटडाऊनसाठी,PP
खासदारांना,NOUN
धरले,VERB
शटडाऊनमुळे,NOUN
कामकाज,NOUN
ठप्प,NOUN
संघीय,NOUN
सुटीवर,PP
पगाराशिवाय,NOUN
सिनेटमध्ये,PP
खर्चाशी,NOUN
पारित,NOUN
नाकारले,VERB
शटडाऊनची,NOUN
बिगर,NOUN
अत्यावश्यक,NOUN
उपक्रम,NOUN
सेवादेखील,NOUN
आल्या,NOUN
शटडाऊनला,PP
सामोरं,NOUN
कर्मचाऱ्यांना,NOUN
विना,NOUN
वेतन,NOUN
सुट्टीवर,PP
सरकारला,PP
देण्यासाठीचा,NOUN
डेमोक्रॅट्सचा,NOUN
प्रस्ताव,NOUN
फेटाळला,PP
47,NUM
53,NUM
फेटाळलं,NOUN
शटडाऊनपासून,NOUN
वाचण्यासाठी,PP
मांडण्यात,NOUN
होण्यासाठी,PP
तसा,NOUN
पक्षाचं,NOUN
फंडिंगचं,NOUN
विधेयकंदेखील,NOUN
55,NUM
व्हाईट,NOUN
हाऊसच्या,PP
वेबसाईटवर,PP
शटडाऊनच्या,PP
काउंटडाऊनचं,NOUN
क्लॉक,NOUN
घड्याळ,NOUN
लावण्यात,NOUN
वेबसाईटच्या,PP
पेजवर,PP
डेमोक्रॅट्सशी,NOUN
सहमत,NOUN
लिहिण्यात,NOUN
अमेरिकेचं,NOUN
चालवण्यासाठी,PP
अर्थसंकल्प,NOUN
कारणास्तव,NOUN
सीनेट,NOUN
मंजूरी,NOUN
पास,NOUN
पगार,NOUN
इसेन्शियल,NOUN
कार्यालयं,NOUN
हाऊसने,PP
व्यवस्थापन,NOUN
कार्यालयानं,NOUN
मेमो,NOUN
मंगळवार,NOUN
मध्यरात्रीपासून,NOUN
मेमोवर,PP
संचालक,NOUN
रसेल,NOUN
वॉट,NOUN
डेमोक्रॅट्स,NOUN
टाकत,NOUN
काँग्रेसवर,PP
मतांची,NOUN
आवश्यकता,NOUN
सरकारकडे,PP
तितकी,NOUN
शटडाऊनचा,NOUN
स्वरूपाचा,NOUN
पार्क,NOUN
लेबर,NOUN
डिपार्टमेंट,NOUN
खात्याअंतर्गत,NOUN
ब्युरो,NOUN
स्टॅटिस्टिक्सदेखील,NOUN
शुक्रवारी,NOUN
नोकरभरतीत,NOUN
घसरण,NOUN
अहवालाची,NOUN
पाहण्यात,NOUN
आल्यामुळे,NOUN
अर्थव्यवस्थेचं,NOUN
अस्पष्ट,NOUN
अस्थिरता,NOUN
वाढेल,NOUN
कामकाजावर,PP
हॉस्पिटलमधील,NOUN
सुव्यवस्था,NOUN
ट्रॅफिक,NOUN
यादरम्यान,NOUN
राहतील,NOUN
पुरवला,PP
बेनिफिट,NOUN
व्हेरिफिकेशन,NOUN
कार्ड,NOUN
शटडाऊनमध्ये,PP
सेवांचे,NOUN
सामान्य,NOUN
सेवांच्या,PP
तात्पुरत्या,NOUN
स्वरुपात,NOUN
पगाराच्या,PP
पाठवलं,NOUN
मागील,NOUN
तारखांपासून,NOUN
फूड,NOUN
असिस्टंट,NOUN
फेडरल,NOUN
प्री,NOUN
पार्कांचं,NOUN
यासारख्या,NOUN
विश्लेषकांनी,NOUN
अंदाज,NOUN
वर्तवला,PP
शटडाऊनपेक्षा,NOUN
काँग्रेसनं,NOUN
फंडिंग,NOUN
विधेयकं,NOUN
लाखांहून,NOUN
रजा,NOUN
रजेवर,PP
कार्यकाळाच्या,PP
वेळेस,NOUN
तीनवेळा,NOUN
दिवसांच्या,PP
शटडाऊनचाही,NOUN
रोनाल्ड,NOUN
रेगन,NOUN
निर्णयामुळं,NOUN
भारताची,NOUN
धोक्यात,NOUN
गाझा,NOUN
पाऊल,NOUN
अडथळे30,NOUN
अडथळे,NOUN
राष्ट्राध्यक्षांसाठी,PP
ब्रिटनची,NOUN
शाही,NOUN
मेजवानी,NOUN
किंग,NOUN
चार्ल्स,NOUN
2024अपडेटेड,NOUN
पं,PART
जवाहरलाल,NOUN
जन्मदिन,NOUN
शेअर,NOUN
कागदी,NOUN
खोळीत,NOUN
उजेड,NOUN
चाललेला,PP
हातागाडीवाला,PP
विचारले,VERB
प्रकाश,NOUN
आत्ता,NOUN
कशाला,PP
नेतो,NOUN
राव,NOUN
काळोख,NOUN
दात,NOUN
विचकित,NOUN
त्यावेळची,NOUN
तत्कालीन,NOUN
निधनानंतर,NOUN
सुर्वे,NOUN
लिहिल्या,NOUN
भावनाच,NOUN
ओळीतून,NOUN
मांडल्या,NOUN
काश्मीरपासून,NOUN
कन्याकुमारीपर्यंत,NOUN
आसामपासून,NOUN
गुजरातपर्यंत,NOUN
जनमानसावर,PP
यांच्यानंतर,NOUN
नव्हतीच,NOUN
स्वतंत्र,NOUN
वाजता,NOUN
दिलेले,VERB
ट्रिस्ट,NOUN
विथ,NOUN
डेस्टिनी,NOUN
अनेकांनी,NOUN
पाठच,NOUN
पारंपरिक,NOUN
शेरवाणीला,PP
बाह्या,NOUN
नसलेले,VERB
जॅकेट,NOUN
घालायचे,NOUN
त्यालाच,NOUN
लागलं,NOUN
यावरुनच,NOUN
लोकप्रियतेची,NOUN
झलक,NOUN
कोटाला,PP
फुल,NOUN
नेहरूंची,NOUN
झाल्याशिवाय,NOUN
सलग,NOUN
टर्म,NOUN
पंतप्रधानपदी,NOUN
राहिण्याची,NOUN
इच्छा,NOUN
मृत्यूपर्यंत,NOUN
केरळ,NOUN
लिटरेचर,NOUN
फेस्टिवलमध्ये,PP
काँग्रेसचे,NOUN
इन्वेन्शन,NOUN
पुस्तकाचे,NOUN
थरूर,NOUN
नेहरूंनी,NOUN
हिमालयात,NOUN
महिन्यांसाठी,PP
निवृत्त,NOUN
कुणीतरी,NOUN
स्वीकारावी,NOUN
वर्किंग,NOUN
कमिटीला,PP
स्वीकारण्यास,NOUN
कुणीच,NOUN
इतकंच,NOUN
अमेरिका,NOUN
रशियाच्या,PP
राष्ट्राध्यक्षांनी,NOUN
नेहरूंना,NOUN
गळ,PART
बाजूंनी,NOUN
घ्यावा,NOUN
लागला,PP
सुट्टी,NOUN
यावे,NOUN
पंतप्रधानपदाची,NOUN
धुरा,NOUN
घ्यावी,NOUN
जनमानसातील,NOUN
मोदींनी,NOUN
भाषणात,NOUN
नेहरूंचा,NOUN
अधोगतीला,PP
नेहरूच,NOUN
सर्वांधिक,NOUN
चर्चेतील,NOUN
इतक्या,NOUN
वर्षांनंतर,NOUN
मीडियात,NOUN
फिरवले,VERB
बाजूने,PP
बोलणाऱ्यांची,NOUN
लक्षणीय,NOUN
यावरुन,NOUN
प्रासंगिकता,NOUN
व्यक्तिमत्त्व,NOUN
पंडित,NOUN
नेहरूंच्या,PP
व्यक्तिमत्त्वाची,NOUN
बालपणाच्या,PP
कशासाठी,PP
व्यक्तीचं,NOUN
बालपण,NOUN
तितकंच,NOUN
शब्दांत,NOUN
लहानपणाबद्दल,NOUN
लहानपणाचं,NOUN
अनइंव्हेटफुल,NOUN
मोतीलाल,NOUN
अलाहाबाद,NOUN
उच्च,NOUN
वकिलीची,NOUN
प्रॅक्टिस,NOUN
यशस्वी,NOUN
भावंडात,NOUN
वयाचं,NOUN
त्यांच्याहून,NOUN
चुलत,NOUN
भावंडांच्या,PP
गप्पांमध्ये,PP
ऐकत,NOUN
परिस्थितीची,NOUN
त्याबद्दल,NOUN
याविषयीची,NOUN
इंग्रज,NOUN
सरकारमधील,NOUN
भारतीयांसोबत,NOUN
चीड,NOUN
अलाहाबादमध्ये,PP
बाग,NOUN
बगीचांमध्ये,PP
इंग्रजांसाठी,PP
वेगळे,NOUN
बेंच,NOUN
इतरांसाठी,PP
इंग्रजांच्या,PP
बेंचवर,PP
भारतीयांना,NOUN
बसण्याची,NOUN
मनाला,PP
लागल्याचे,NOUN
आत्मचरित्रात,NOUN
शिकवण्यासाठी,PP
ट्युटर,NOUN
वयापासून,NOUN
शिकण्याची,NOUN
आवड,NOUN
पुस्तकांबरोबरच,NOUN
गोष्टींची,NOUN
पुस्तकं,NOUN
आवडत,NOUN
अरेबियन,NOUN
नाइट्स,NOUN
रामायण,NOUN
महाभारत,NOUN
गोष्टींसोबतच,NOUN
लोककथा,NOUN
लहानपणीच,NOUN
वाचल्या,NOUN
अलाहाबादच्या,PP
गंगा,NOUN
जमनी,NOUN
तहजीबचा,NOUN
प्रभाव,NOUN
लहानपणापासूनच,NOUN
यातूनच,NOUN
धर्मनिरपेक्षता,NOUN
सर्वधर्मसमभाव,NOUN
मूल्यांबाबत,NOUN
जगताना,NOUN
जन्माष्ठमी,NOUN
मोहर्रम,NOUN
ईद,PART
सणांमध्ये,PP
सहभागी,NOUN
स्वरूपाची,NOUN
पुरतं,NOUN
तितकं,NOUN
स्वरूप,NOUN
भक्तिभावाने,PP
शिक्षणासाठी,PP
इंग्लंडला,PP
इंग्लंडमधील,NOUN
हॉरो,NOUN
बोर्डिंग,NOUN
स्कूलमध्ये,PP
शिकले,VERB
वर्षीच,NOUN
केंब्रिजमधून,NOUN
पदवीधर,NOUN
घटनांची,NOUN
जगाकडे,PP
पाहण्याचा,NOUN
दृष्टिकोन,NOUN
विचारवंतांची,NOUN
विज्ञाननिष्ठ,NOUN
भावली,VERB
केल्याचे,NOUN
त्यांच्यासमोर,NOUN
सनदी,NOUN
परीक्षांसाठी,PP
बसण्याचा,NOUN
थांबावे,NOUN
परीक्षेला,PP
बसण्यासाठी,PP
असणे,NOUN
अट,PART
थांबून,NOUN
देणे,NOUN
वाटले,VERB
शासनाबद्दल,NOUN
तरीदेखील,NOUN
ICSला,PP
बसणे,NOUN
अयोग्य,NOUN
त्याबद्दलचा,NOUN
कबुली,VERB
वडिलांच्याच,NOUN
उतरण्याचा,NOUN
कायद्याचे,NOUN
एकानंतर,NOUN
कायद्याचा,NOUN
अभ्यासक्रम,NOUN
वाटला,PP
सोपा,NOUN
येता,NOUN
गेलो,NOUN
भव्य,NOUN
दिव्य,NOUN
यश,PART
परीक्षांमध्ये,PP
1912,NUM
परतल्यानंतर,NOUN
वडिलांसोबत,NOUN
महायुद्ध,NOUN
लोकमान्य,NOUN
टिळक,NOUN
अॅनी,NOUN
बेझंट,NOUN
गोपालकृष्ण,NOUN
गोखले,VERB
दबदबा,NOUN
टिळकांबद्दल,NOUN
आदर,NOUN
राजकारणाबद्दल,NOUN
सक्रिय,NOUN
सभांना,NOUN
उपस्थिती,NOUN
1916,NUM
गांधींना,NOUN
भेटले,VERB
गांधींनी,NOUN
आफ्रिकेतील,NOUN
वंशाच्या,PP
लोकांसाठी,PP
कार्य,NOUN
चंपारणचा,NOUN
सत्याग्रह,NOUN
होतीच,NOUN
कार्याने,PP
सरोजिनी,NOUN
नायडूंनी,NOUN
राष्ट्रवादावर,PP
भाषणातून,NOUN
जाणीव,NOUN
स्वातंत्र्यलढ्यातील,NOUN
योगदान,NOUN
स्वातंत्र्यलढ्यात,NOUN
पार्श्वभूमीचा,NOUN
प्रशासनात,NOUN
घटकांचे,NOUN
घेणे,NOUN
आखण्यासाठी,PP
कामी,NOUN
कार्यकर्ताच,NOUN
आंदोलनाचे,NOUN
नेतृत्व,NOUN
तुरुंगवास,NOUN
भोगलेले,VERB
स्वातंत्र्यासाठी,PP
जावं,NOUN
1920,NUM
प्रतापगड,NOUN
किसान,NOUN
मार्चचं,NOUN
आयोजन,NOUN
विद्याविभूषित,NOUN
तरुण,NOUN
उतरतोय,NOUN
पाहण्याची,NOUN
पहिलीच,NOUN
आफ्रिकेतून,NOUN
परतलेल्या,NOUN
नीळच्या,PP
आंदोलनांची,NOUN
आंदोलनाने,PP
असावी,NOUN
लिहितात,VERB
1921,NUM
सर्वांसाठी,PP
एकमेवाद्वितीयच,NOUN
राष्ट्रवाद,NOUN
गूढता,NOUN
कट्टरतावादांचं,NOUN
वेगळंच,NOUN
मिश्रण,NOUN
गोष्टींच्या,PP
पाठीमागे,NOUN
कृषी,NOUN
वर्गाच्या,PP
चळवळीचा,NOUN
उदय,NOUN
स्वातंत्र्यालाच,NOUN
वर्गांच्या,PP
उत्थानाबाबत,NOUN
कळवळा,NOUN
स्वांतत्र्यपूर्व,NOUN
घेतल्याचं,NOUN
समजतं,NOUN
चळवळीवेळी,NOUN
जावे,NOUN
आंदोलन,NOUN
शिखरावर,PP
चौरीचौरा,NOUN
आंदोलकांनी,NOUN
चौकी,NOUN
पेटवून,NOUN
नागरिकांचा,NOUN
गांधींने,PP
चौरीचोराचे,NOUN
नाराज,NOUN
प्रक्षुब्ध,NOUN
धुळीला,PP
मिळाल्या,NOUN
मानसिक,NOUN
होणे,NOUN
स्वाभाविकच,NOUN
वेदनादायी,NOUN
थांबवण्यासाठी,PP
घटनाक्रम,NOUN
थांबवलं,NOUN
गांधींजी,NOUN
थांबवल्यानंतरची,NOUN
नाराजी,NOUN
जाहीररित्या,NOUN
प्रकट,NOUN
इतकेच,NOUN
अहिंसेचा,NOUN
स्वीकारला,PP
मार्गाच्या,PP
तत्त्वज्ञानात,NOUN
वापरात,NOUN
अर्थातच,NOUN
स्पष्टपणे,NOUN
गांधींजीविरोधात,NOUN
गांधींजीने,PP
अहिंसेचे,NOUN
तत्त्व,NOUN
गोष्टींचा,NOUN
त्यामागचे,NOUN
तत्त्वज्ञान,NOUN
गांधींजींच्या,PP
नेतृत्वात,NOUN
झोकून,NOUN
काँग्रेसच्या,PP
फिरून,NOUN
जगासमोर,NOUN
परराष्ट्र,NOUN
पंचसूत्री,NOUN
विदेश,NOUN
नीतीचा,NOUN
समजली,VERB
बीजं,NOUN
दौऱ्यांमध्ये,PP
1929,NUM
लाहोर,NOUN
अधिवेशनाचे,NOUN
सेल्फ,NOUN
गवर्नन्स,NOUN
स्वप्रशासन,NOUN
बदलून,NOUN
स्वराज्य,NOUN
स्वातंत्र्याच्या,PP
आंदोलनातील,NOUN
घडल्याचे,NOUN
गांधींच्या,PP
कार्याचा,NOUN
विचारांचा,NOUN
प्रसार,NOUN
माध्यमांतून,NOUN
गांधीजींनी,NOUN
मीठाचा,NOUN
सर्वसामान्य,NOUN
माणसाच्या,PP
जिव्हाळ्याचा,NOUN
गरजेचा,NOUN
ऐरणीवर,PP
आणलाच,NOUN
आंदोलनाच्या,PP
लढ्यात,NOUN
शक्तिनिशी,NOUN
उतरली,VERB
घडला,PP
विपुल,NOUN
लिखाण,NOUN
1935,NUM
1936,NUM
आठवणी,NOUN
संग्रह,NOUN
स्वातंत्र्यपूर्व,NOUN
दस्तावेज,NOUN
मानण्यात,NOUN
सत्याग्रहात,NOUN
विनोबा,NOUN
भावे,NOUN
पहिले,VERB
सत्याग्रही,NOUN
दुसरे,NOUN
छोडोमध्ये,PP
छोडोवेळी,NOUN
अहमदनगर,NOUN
छोडोचे,NOUN
नेताजी,NOUN
सुभाषचंद्र,NOUN
बोस,NOUN
हिंद,NOUN
सेनेची,NOUN
सेनेच्या,PP
अधिकाऱ्यांना,NOUN
इंग्रजांनी,NOUN
देशद्रोहाचा,NOUN
खटला,PP
चालवला,PP
1945,NUM
अधिकाऱ्यांचे,NOUN
वकीलपत्र,NOUN
हरले,VERB
कार्याला,PP
राष्ट्रप्रेम,NOUN
देशाचे,NOUN
बनण्यावरुन,NOUN
सुलट,NOUN
मतप्रवाह,NOUN
सरदार,NOUN
वल्लभभाई,NOUN
यांच्यासारखा,NOUN
लोहपुरुष,NOUN
निवड,NOUN
गंमत,NOUN
नेहरूच्या,PP
बोलणाऱ्या,NOUN
लोकांचे,NOUN
गोष्टींवर,PP
एकमत,NOUN
सत्तेची,NOUN
किल्ली,VERB
ठरवतील,NOUN
गोष्टीला,PP
पटेलांऐवजी,NOUN
निवडले,VERB
वारस,NOUN
गोष्टींहून,NOUN
मतभेद,NOUN
साधनांबाबत,NOUN
साध्याबाबत,NOUN
नव्हतेच,NOUN
लोकशाहीवादी,NOUN
नेत्यांच्या,PP
जनतेच्या,PP
उत्थानाविषयी,NOUN
तितकाच,NOUN
दोघांचेही,NOUN
आंदोलनातूनच,NOUN
उजवे,NOUN
गृहमंत्री,NOUN
लाच,NOUN
दृष्टिक्षेपातही,NOUN
कारणमीमांसा,NOUN
आजवर,PP
इतिहासाकाराने,PP
निघतं,NOUN
नेत्यांमध्ये,PP
इंग्रजांसोबत,NOUN
वाटाघाटी,NOUN
नाजूक,NOUN
संवेदनशीलतेने,PP
सक्षम,NOUN
भारतच,NOUN
लोकदेखील,NOUN
उदयोन्मुख,NOUN
पाहत,NOUN
अलिप्ततावादी,NOUN
चळवळीचे,NOUN
भारतातच,NOUN
पाहिलेच,NOUN
याचे,NOUN
श्रेय,NOUN
गांधीजींच्या,PP
दूरदष्टीलाही,NOUN
द्यावे,NOUN
तितकेच,NOUN
कृतीप्रवणतेला,PP
मिळाले,VERB
56,NUM
पंतप्रधानपदासारख्या,NOUN
धावपळीच्या,PP
थोडी,NOUN
पत्रव्यवहारावरुन,NOUN
प्रकृतीची,NOUN
हेळसांड,NOUN
केल्याबद्दल,NOUN
नेमके,NOUN
बाबती,NOUN
हिंदीसाठी,PP
दयाशंकर,NOUN
शुक्ल,NOUN
सागर,NOUN
अली,VERB
जीना,NOUN
यांच्याबरोबर,NOUN
समग्र,NOUN
साहित्याचा,NOUN
संदर्भ,NOUN
मौलाना,NOUN
लिहून,NOUN
अध्यक्षपदाचा,NOUN
द्यावा,NOUN
काँग्रेसचाच,NOUN
काळजीवाहू,NOUN
उघडच,NOUN
मनोदय,NOUN
कळवला,PP
आडपडदा,NOUN
गांधीजींना,NOUN
सल्ला,PP
मागितला,PP
जवाहरलालचं,NOUN
सांगेन,NOUN
सांगणे,NOUN
पत्रानंतर,NOUN
पसरलं,NOUN
नेहरूंनाच,NOUN
1946,NUM
कमिटीचा,NOUN
निवडायचा,NOUN
प्रांतीय,NOUN
कमिटीच्या,PP
अध्यक्षांच्या,PP
संमतीने,PP
निवडला,PP
पैकी,NOUN
अध्यक्षांना,NOUN
कमिटीचे,NOUN
हवे,NOUN
निवडण्यासाठी,PP
नावे,NOUN
टाकली,VERB
दिलेला,PP
मौन,NOUN
बाळगले,VERB
गांधीजींची,NOUN
तरच,NOUN
बिनविरोध,NOUN
शकली,VERB
प्रस्तावावर,PP
आचार्य,NOUN
कृपलानी,NOUN
हिज,NOUN
लाइफ,NOUN
थॉट,NOUN
पुस्तकात,NOUN
यानुसार,NOUN
1947,NUM
विरोधकांना,NOUN
बाबासाहेब,NOUN
धोरणावर,PP
त्याचबरोबर,NOUN
महासभेचे,NOUN
श्यामाप्रसाद,NOUN
मुखर्जी,NOUN
योग्यतेनुसार,NOUN
पदं,NOUN
काँग्रेसचेच,NOUN
सर्वांचेच,NOUN
नेहरूंवरील,NOUN
वारशात,NOUN
मिळालेल्या,NOUN
आनंदोत्सव,NOUN
अनुयायांनी,NOUN
साजरा,NOUN
स्थितीच,NOUN
मानल्या,NOUN
मुळे,NOUN
गळ्यात,NOUN
माळ,NOUN
पदाबरोबरच,NOUN
आणखीही,NOUN
फाळणी,NOUN
जागोजागी,NOUN
उसळलेले,VERB
दंगे,NOUN
पाकिस्तानची,NOUN
निर्मिती,NOUN
बाजूंना,NOUN
तणावग्रस्त,NOUN
गांधींची,NOUN
भडकलेल्या,NOUN
देशातले,VERB
साक्षरतेचे,NOUN
अल्पप्रमाण,NOUN
संस्थानिकांचा,NOUN
राज्यघटनेची,NOUN
भाषाववर,PP
प्रांतरचनेचा,NOUN
हक्कांविरोधात,NOUN
लढणारी,NOUN
पुरुषप्रधान,NOUN
सिंचनाचा,NOUN
अभाव,NOUN
शेतीसंकट,NOUN
चीनने,PP
सियाचिनवर,PP
सांगितलेला,PP
इत्यादी,NOUN
पंतप्रधानपदाच्या,PP
जबाबदारीसोबतच,NOUN
नेहरूंचे,NOUN
विरोधक,NOUN
सोडवण्यासाठी,PP
चिघळवण्यासाठी,PP
धरतात,VERB
त्यांनीच,NOUN
नेहरूंवर,PP
उपकारच,NOUN
समस्येसाठीच,NOUN
धरायचं,NOUN
अनिवार्य,NOUN
नेहरुंनी,NOUN
काश्मीरचा,NOUN
राष्ट्रांकडे,PP
नेला,PP
चिघळला,PP
भारताशी,NOUN
युद्ध,NOUN
पराभव,NOUN
वाक्यात,NOUN
देण्याइतकी,NOUN
मागोवा,NOUN
गो,PART
राजूरकर,NOUN
प्रा,NOUN
नरहर,NOUN
कुरुंदकर,NOUN
नेहरंसमोर,NOUN
एकेका,NOUN
समस्येचे,NOUN
गुंतागुंतीचेव,NOUN
अजस्र,NOUN
शतकानुशतके,NOUN
साठवत,NOUN
शे,PART
दीडशे,NOUN
राजवटीत,NOUN
यातील,NOUN
कुजविलेल्या,NOUN
साधी,NOUN
संपणारी,NOUN
तत्काळ,NOUN
समाधानकारक,NOUN
सोडवणूक,NOUN
नवस्वतंत्र,NOUN
जनतेची,NOUN
आतुर,NOUN
उत्कट,NOUN
तशी,NOUN
भारतीयांची,NOUN
अपेक्षा,NOUN
दोष,NOUN
देण्याचे,NOUN
येणे,NOUN
शक्यतेच्याही,NOUN
पलीकडचे,NOUN
मोठेपण,NOUN
काळापासून,NOUN
भारतासमोरील,NOUN
मनाशी,NOUN
प्रश्नांच्या,PP
उलगड्यासाठी,PP
निश्चित,NOUN
होण्याआधीच,NOUN
निधन,NOUN
संस्थानिकांना,NOUN
अत्यंंत,NOUN
जटील,NOUN
त्यांंनी,NOUN
सोडवला,PP
नेहरूंंनी,NOUN
स्तुती,NOUN
त्यांच्यापत्रव्यवहारावरुन,NOUN
गांधीनी,NOUN
समज,NOUN
निवडणुकात,NOUN
1952,NUM
1962,NUM
काँग्रेसने,PP
490,NUM
जागांपैकी,NOUN
अनुक्रमे,NOUN
364,NUM
371,NUM
361,NUM
लढवणे,NOUN
मागचा,NOUN
लोकशाहीची,NOUN
मूल्यं,NOUN
रुजवायची,NOUN
राज्यघटनेचा,NOUN
प्रचार,NOUN
जास्तीत,NOUN
भेटून,NOUN
आणायचे,NOUN
प्रचारसभातून,NOUN
प्रचाराचा,NOUN
विरोधकांवर,PP
इंग्रजांमुळे,NOUN
प्रश्नांवर,PP
निर्विवादपणे,NOUN
अनुनय,NOUN
घ्यायचे,NOUN
ज्यामुळे,NOUN
भाषावर,PP
प्रांतरचनेच्या,PP
विभाजन,NOUN
राज्ये,NOUN
बहुभाषिक,NOUN
असावीत,NOUN
मतावर,PP
आंध्रप्रदेशच्या,PP
निर्मितीसाठी,PP
पोट्टी,NOUN
श्रीरामलु,NOUN
प्राणांतिक,NOUN
उपोषणात,NOUN
मर्जीनुसार,NOUN
भाषावार,NOUN
प्रांतरचनेला,PP
घटनेच्या,PP
काँग्रेसला,PP
३६४,NUM
जनतेला,PP
नेहरूंकडे,PP
घटनांच्या,PP
दृष्टिक्षेपातून,NOUN
वावर,PP
लोकशाहीवरील,NOUN
भावनेतून,NOUN
इतिहासकार,NOUN
गुहा,NOUN
हिंदुस्तान,NOUN
टाइम्ससाठी,PP
समस्यांचा,NOUN
पाढा,NOUN
वाचला,PP
प्रत्येकाला,PP
प्रगतीसाठी,PP
प्रगती,NOUN
तेढ,NOUN
उद्बवणाऱ्या,NOUN
राग,NOUN
प्रवृ्त्तींच्या,PP
सरकारमधून,NOUN
बाहेरुन,NOUN
शक्तींविरोधात,NOUN
ठामपणे,NOUN
कडाडत,NOUN
म्हणायचे,NOUN
धर्माची,NOUN
अधोगती,NOUN
सुधारणे,NOUN
प्रश्नांबाबत,NOUN
जागरुक,NOUN
गोष्टींमध्ये,PP
आणत,NOUN
सांगायचे,NOUN
प्रकारचा,NOUN
निवडणुकाच,NOUN
लढवल्या,NOUN
पायाभूत,NOUN
सुविधा,NOUN
भाकरा,NOUN
नांगलचा,NOUN
आण्विक,NOUN
संशोधक,NOUN
केंद्राची,NOUN
आयआयटी,NOUN
आयआयएम,NOUN
इस्रो,NOUN
पंचवार्षिक,NOUN
क्षेत्रातील,NOUN
कारखाने,PP
महत्त्वकांक्षी,NOUN
आखून,NOUN
कार्यक्रमावरच,NOUN
वाटचाल,NOUN
मिळतात,VERB
खात्यातून,NOUN
काढण्यात,NOUN
अटल,NOUN
बिहारी,NOUN
वाजपेयींना,NOUN
आवडली,VERB
जागी,NOUN
तर्क,NOUN
सर्वस्वी,NOUN
व्यक्तींवर,PP
लोकशाहीवर,PP
लोकांवर,PP
पुरेसा,NOUN
लोकनेते,NOUN
भावनांची,NOUN
कदर,NOUN
कितीही,NOUN
लोकांवरील,NOUN
ढळली,VERB
हिंदीचे,NOUN
इकबाल,NOUN
किश्शाचा,NOUN
लिहिलात,NOUN
लोहियांच्या,PP
सांगण्यावरुन,NOUN
संसद,NOUN
जसे,NOUN
कारमधून,NOUN
कॉलर,NOUN
पकडली,VERB
म्हातारीला,PP
नेहरूंच,NOUN
पंतप्रधानाची,NOUN
पकडून,NOUN
गोष्टींमुळे,NOUN
राहण्याचा,NOUN
प्रेमातून,NOUN
म्हणू,NOUN
परिषदेत,NOUN
भारताला,PP
सदस्यत्व,NOUN
मिळण्यासाठी,PP
मृत्यूच्या,PP
आठवडाआधी,NOUN
नेहरूंनंतर,NOUN
पत्रकारांनी,NOUN
भांबावून,NOUN
सोडलं,NOUN
अमृता,NOUN
दुर्वेRole,NOUN
संशोधनामध्ये,PP
माशीचं,NOUN
भविष्यात,NOUN
अंतराळवीरांच्या,PP
स्पेस,NOUN
मेनू,NOUN
अळ्या,NOUN
कीटकांचा,NOUN
ईईई,NOUN
पृथ्वीवरही,NOUN
देशांत,NOUN
कीटक,NOUN
खाल्ले,VERB
गडचिरोलीतही,NOUN
मुंग्यांची,NOUN
चटणी,NOUN
युनायटेड,NOUN
नेशन्सच्या,PP
संस्थेने,PP
पृथ्वीवर,PP
भागांत,NOUN
पेक्षा,NOUN
प्रजातींचे,NOUN
डाएटचा,NOUN
नक्की,NOUN
मोहिमांना,NOUN
जाण्याच्या,PP
पोहोचला,PP
1961,NUM
युरी,NOUN
गागारीन,NOUN
भ्रमंती,NOUN
लायका,NOUN
कुत्रीला,PP
त्याही,NOUN
जगणारा,NOUN
फ्रूटफ्लाय,NOUN
फळमाशी,NOUN
प्राण्यांवर,PP
प्रवासाचा,NOUN
किरणोत्सर्गाचा,NOUN
तपासण्यासाठी,PP
माशी,NOUN
तेव्हापासूनच,NOUN
शरीरावर,PP
वागणूक,NOUN
विकासात्मक,NOUN
संशोधनासाठी,PP
फळमाशीचा,NOUN
आधार,NOUN
माश्या,NOUN
मायक्रोगॅव्हीटी,NOUN
गुरुत्वाकर्षणातही,NOUN
गर्भधारणेपासून,NOUN
प्रजननक्षम,NOUN
माश्यांची,NOUN
होण्यापर्यंतचे,NOUN
टप्पे,NOUN
जगू,NOUN
बम्बलबीज,NOUN
मधमाशी,NOUN
हाऊसफ्लाईज्,NOUN
आढळणारी,NOUN
मुंग्या,NOUN
यांच्यावरही,NOUN
अंतराळातल्या,NOUN
वातावरणाशी,NOUN
जुळवून,NOUN
तणाव,NOUN
स्वीडिश,NOUN
अॅग्रिकल्चर,NOUN
सायन्सेच्या,PP
आसा,NOUN
बेर्ग्रेन,NOUN
खाण्यायोग्य,NOUN
कीटकांवर,PP
गुरुत्वाकर्षणाचा,NOUN
संशोधनाच्या,PP
खाऊ,NOUN
वाढीसाठी,PP
कीटकांमध्ये,PP
पोषक,NOUN
संशोधनातून,NOUN
घटकांवर,PP
पुनर्प्रक्रिया,NOUN
शाश्वत,NOUN
प्रथिनं,NOUN
सगळ्यानंतर,NOUN
युरोपियन,NOUN
एजन्सनीने,PP
युरोपातल्या,NOUN
जीवशास्त्र,NOUN
विषयातल्या,NOUN
संशोधकांना,NOUN
केलीय,NOUN
आहारात,NOUN
अभ्यास,NOUN
किड्यांना,NOUN
इतकं,NOUN
महत्त्वं,NOUN
सुपरफूड,NOUN
पोषणमूल्य,NOUN
चव,PART
किड्यांमध्ये,PP
फॅटी,NOUN
अॅसिड्स,NOUN
लोह,NOUN
झिंक,NOUN
ब,PART
जीवनसत्त्व,NOUN
आढळलं,NOUN
कीटकांमधलं,NOUN
पोषणतत्वांचं,NOUN
मांस,NOUN
मासे,NOUN
डाळींपेक्षाही,NOUN
त्यांच्याइतकंच,NOUN
संशोधनाचा,NOUN
भर,PART
यलो,NOUN
मीलवर्म,NOUN
सेफ्टी,NOUN
अथॉरिटीने,PP
कीटकांचं,NOUN
विक्री,NOUN
किड्याचं,NOUN
पीठ,NOUN
युक्त,NOUN
ब्रेड,NOUN
पास्ता,NOUN
बिस्किटं,NOUN
मोहीमेवर,PP
एजन्सीच्या,PP
अंतराळवीर,NOUN
समांथा,NOUN
क्रिस्टोफोरेट्टी,NOUN
फ्लोअर,NOUN
ब्लूबेरी,NOUN
सिरीयल,NOUN
बार,NOUN
किड्यांचा,NOUN
इतक्यात,NOUN
अंतराळाचा,NOUN
किड्यांवर,PP
याबद्दलचं,NOUN
अपुरं,NOUN
1960,NUM
सालांदरम्यान,NOUN
प्रयोगांबद्दलचा,NOUN
त्यांवर,PP
व्हायचंय,NOUN
प्रयोगांची,NOUN
आखणी,NOUN
जातेय,NOUN
दीर्घकालीन,NOUN
दूरचा,NOUN
अंतराळमोहीमांना,NOUN
स्थानकात,NOUN
अंतराळवीरांसोबत,NOUN
पाठवलेलं,NOUN
कार्गो,NOUN
मिशन्सद्वारे,NOUN
चंद्रावर,PP
मंगळ,NOUN
त्याहीपुढे,NOUN
मोहीमांना,NOUN
पृथ्वीवरून,NOUN
अंतराळयानात,NOUN
असणारं,NOUN
लागणारं,NOUN
इन्सेक्ट,NOUN
फार्म,NOUN
अन्नाचा,NOUN
सस्टेनेबल,NOUN
प्रोडक्शन,NOUN
सिस्टीम,NOUN
निमिर्ती,NOUN
नासाही,NOUN
उलगडलं,NOUN
जैवविज्ञानातला,PP
टप्पा,NOUN
स्टेशनमध्ये,PP
चिकन,NOUN
बनवून,NOUN
खातात,VERB
तेव्हा9,NOUN
एलियन्स,NOUN
अस्तित्वात,NOUN
परग्रहवासी,NOUN
गोष्ट29,NOUN
परग्रहांवर,PP
शोधाच्या,PP
उंबरठ्यावर,PP
2025अपडेटेड,NOUN
पुत्र,NOUN
आढळल्याप्रकरणी,NOUN
समिती,NOUN
नेमण्यात,NOUN
प्रकरणाची,NOUN
नेमलेले,VERB
गैरव्यवहारात,NOUN
निष्पक्ष,NOUN
राहिलेली,VERB
मुद्दामहून,NOUN
गुंडाळली,VERB
कुंभार,NOUN
यासंदर्भात,NOUN
पत्रात,NOUN
मुंढवा,NOUN
जमिनीचा,NOUN
शासनाच्या,PP
मालकीची,NOUN
व्यक्तींना,NOUN
अधिकाऱ्यांनी,NOUN
संगनमत,NOUN
चौकशीसाठी,PP
गुन्हे,NOUN
यावेत,NOUN
शासनाचे,NOUN
थेटपणे,NOUN
अप्रत्यक्षरित्या,NOUN
पुरावे,NOUN
आरोपींमध्ये,PP
शीतल,NOUN
किशनचंद,NOUN
तेजवाणी,NOUN
दिग्विजय,NOUN
अमरसिंह,NOUN
बाळकृष्ण,NOUN
तारू,NOUN
शनिवार,NOUN
गैरकृतीचे,NOUN
पार्थने,PP
विक्रीपत्र,NOUN
दस्तऐवज,NOUN
नोंदणी,NOUN
कार्यालयात,NOUN
दमानिया,NOUN
एक्सवर,PP
प्रकरणासंदर्भात,NOUN
कारवाईची,NOUN
किंमत,NOUN
1804,NUM
मुद्रांक,NOUN
माफ,NOUN
खुलासा,NOUN
पडताळून,NOUN
घेतलाय,NOUN
व्यवहारासंदर्भात,NOUN
प्रकरणाविषयी,NOUN
मिळाल्यानंतरच,NOUN
सविस्तरपणे,NOUN
अधिकाऱ्यांशी,NOUN
पार्थशी,NOUN
तथ्ये,NOUN
व्यवहारात,NOUN
कार्यालय,NOUN
हस्तक्षेप,NOUN
खरेदीचा,NOUN
अमेडिया,NOUN
सदस्याकडून,NOUN
विक्रेत्यास,NOUN
ताबा,NOUN
अपूर्ण,NOUN
पार्थच्या,PP
प्रस्तावित,NOUN
चौकटीत,NOUN
पारदर्शकतेने,PP
पाडला,PP
आरोपांचा,NOUN
संशय,NOUN
आपल्यावर,PP
महत्त्वाचे,NOUN
निबंधक,NOUN
वर्ग,NOUN
तथा,NOUN
मुंद्राक,NOUN
जिल्हाधिकारी,NOUN
संतोष,NOUN
अशोक,NOUN
हिंगाणे,NOUN
प्रकरणातील,NOUN
फिर्यादी,NOUN
तक्रारीनुसार,NOUN
मिळकतीचे,NOUN
खरेदीखत,NOUN
करतेवेळी,NOUN
89,NUM
800,NUM
रूपये,NOUN
इतके,NOUN
भरणे,NOUN
कळवले,VERB
संगणमत,NOUN
जमिनीचे,NOUN
दस्त,NOUN
शासनाला,PP
देय,NOUN
06,NUM
घेता,NOUN
शासनाची,NOUN
अधिकाऱ्याला,PP
निलंबित,NOUN
उपमहानिरीक्षक,NOUN
उदयराज,NOUN
स्वस्तात,VERB
लाटल्याचा,NOUN
इंटरप्राइजेस,NOUN
कंपनीने,PP
1800,NUM
रुपयांमध्ये,PP
व्यवहाराची,NOUN
उपमहानिरीक्षकांनी,NOUN
अनियमततेसाठी,PP
दुय्यम,NOUN
निबंधिक,NOUN
आदेशात,NOUN
तारु,NOUN
नोंदविलेल्या,NOUN
क्र,NOUN
9018,NUM
नोंदणीमध्ये,PP
अनियमतता,NOUN
आढळून,NOUN
दिसल्यानंतर,NOUN
शुल्कात,NOUN
सवलत,NOUN
घेवून,NOUN
500,NUM
मुद्रांकावर,PP
नोंदविला,PP
त्याप्रमाणेही,NOUN
स्थानिक,NOUN
मेट्रो,NOUN
विक्रीसाठी,PP
अधिकाऱ्यांची,NOUN
त्यास,NOUN
हरकत,NOUN
जोडणे,NOUN
नसल्याचे,NOUN
वतनाची,NOUN
व्यक्तींकडून,NOUN
विकत,NOUN
FIR,NOUN
नोंदणीची,NOUN
अधिकाऱ्याने,PP
मराठीला,PP
प्रकरणाशी,NOUN
नसून,NOUN
चुकीच्या,PP
समर्थन,NOUN
माध्यमं,NOUN
त्याच्यासोबत,NOUN
वर्षापासून,NOUN
चालत,NOUN
जमिनीच्याबद्दल,NOUN
चुकीचे,NOUN
आरोपावर,PP
मराठीने,PP
साधण्याचा,NOUN
अधिकाऱ्यांसाठी,PP
सांगेल,NOUN
नियमात,NOUN
बसणारे,NOUN
नसेल,NOUN
खपवून,NOUN
घेणार,NOUN
सत्यता,NOUN
बघणे,NOUN
बघणं,NOUN
बसतात,VERB
वस्तुस्थिती,NOUN
तुमच्यासमोर,NOUN
मांडणार,NOUN
स्टॅम्प,NOUN
ड्यूटीची,NOUN
शहानिशा,NOUN
सगळ्यांनी,NOUN
नियमाप्रमाणे,NOUN
वागलं,NOUN
पत्ता,NOUN
बंगला,PP
कोणासोबत,NOUN
बोललो,NOUN
संविधानाला,PP
मानणारा,NOUN
रजिस्ट्रेशन,NOUN
स्टॅम्पचा,NOUN
कागद,NOUN
मुळशी,NOUN
कागदपत्रानुसार,NOUN
आबाजी,NOUN
गायकवाड,NOUN
यांच्यातर्फे,NOUN
शितल,NOUN
पॉवर,PP
अटर्नी,NOUN
एंटरप्राइजेस,NOUN
एलएलपी,NOUN
तर्फे,NOUN
भागीदार,NOUN
पक्षकार,NOUN
मोबदला,PP
कागदावर,PP
ड्युटी,NOUN
भरण्यात,NOUN
व्यवहारावर,PP
भरायला,PP
छोटंस,NOUN
लाखो,NOUN
भरतो,NOUN
कोट्यवधींच्या,PP
जमिनींसाठी,PP
एंटरप्राईजेसचे,NOUN
कागदपत्रं,NOUN
शुल्काचा,NOUN
सारखं,NOUN
फुकट,NOUN
म्हणणारे,NOUN
पोराच्या,PP
804,NUM
कोटींचे,NOUN
डील,NOUN
126,NUM
कोटींची,NOUN
त्यावरील,NOUN
ड्युटीही,NOUN
माफी,NOUN
महारवतनाची,NOUN
इन्फेरिअर,NOUN
व्हिलेज,NOUN
वतन,NOUN
अबॉलिशन,NOUN
अॅक्ट,NOUN
कलम,NOUN
नुसार,NOUN
विकता,NOUN
हस्तांतरीत,NOUN
गहाण,NOUN
कायद्यानं,NOUN
सरकारची,NOUN
महसूल,NOUN
बावनकुळे,NOUN
जप्तीचे,NOUN
सवालही,NOUN
चंद्रशेखर,NOUN
मागितली,VERB
दमानियांनी,NOUN
ईओडब्लू,NOUN
EOW,NOUN
ईडीने,PP
पेड,NOUN
अप,PART
कॅपिटल,NOUN
कंपनीत,NOUN
अंबादास,NOUN
दानवे,NOUN
परिषदेचे,NOUN
रुपयांत,NOUN
उपमुख्यमंत्र्यांचे,NOUN
सुपुत्र,NOUN
अवघे,NOUN
भांडवल,NOUN
कंपनीला,PP
बाजारमूल्य,NOUN
जमिनीच,NOUN
रुपयांना,NOUN
झोल,NOUN
महाराष्ट्राला,PP
सांगावा,NOUN
कोरेगाव,NOUN
इथं,NOUN
आयटी,NOUN
सेंटर,NOUN
उभारण्याची,NOUN
असतानाही,NOUN
सांगावं,NOUN
आंबेडकरांचं,NOUN
वतनाच्या,PP
जमिनी,NOUN
खिशात,NOUN
घालायच्या,PP
अजितदादांचा,NOUN
पुरोगामी,NOUN
आरोपही,NOUN
नागपुरात,NOUN
विचारण्यात,NOUN
प्रकाराला,PP
घालतील,NOUN
पवारांवर,PP
प्रकरणाच्या,PP
विभाग,NOUN
आयजीआर,NOUN
यासंदर्भातील,NOUN
चौकशीचे,NOUN
चौकशीच्या,PP
आधारावर,PP
प्राथमिकदृष्ट्या,NOUN
पाठिशी,NOUN
जैन,NOUN
धंगेकर,NOUN
मुरलीधर,NOUN
मोहोळ,NOUN
भिडले,VERB
रद्द30,NOUN
सिंचन,NOUN
घोटाळा,NOUN
अलीनगर,NOUN
गायिका,NOUN
मैथिली,VERB
6जवाहरलाल,NOUN
7जेव्हा,NOUN
8शेअर,NOUN
10म्युच्युअल,NOUN
फंडमध्ये,PP
कोणती,NOUN
टप्प्यात,NOUN
नोव्हेंब,NOUN
टप्प्यातील,NOUN
मतदानही,NOUN
त्यानंतरच्या,PP
निकालापूर्वी,NOUN
वृत्तवाहिन्यांकडून,NOUN
पोल्सची,NOUN
विधानसभेसाठी,PP
पोलमध्ये,PP
येण्याची,NOUN
भविष्यातच,NOUN
समजेलच,NOUN
पोल्सबद्दल,NOUN
पोलबद्दल,NOUN
विश्लेषक,NOUN
स्टडी,NOUN
डेव्हलपिंग,NOUN
स्टडीज,NOUN
CSDS,NOUN
सहसंचालक,NOUN
संजय,NOUN
पोल,NOUN
शब्दच,NOUN
Polls,NOUN
मतदार,NOUN
निवडणुकीसाठी,PP
केंद्रामधून,NOUN
पडत,NOUN
पक्षाला,PP
सांगाल,NOUN
पोल्स,NOUN
केंद्राच्या,PP
जसजसे,NOUN
इतरही,NOUN
उदा,NOUN
पदासाठी,PP
तुमचा,NOUN
पाकिस्तानी,NOUN
निवडणुकीबद्दल,NOUN
पाकिस्तानने,PP
जिंकण्यासाठी,PP
वाचा31,NOUN
नेत्यांचं,NOUN
शिंदेंची,NOUN
प्रतिष्ठा,NOUN
पणाला,PP
विश्लेषण31,NOUN
ठरवणार,NOUN
शिवसेना,NOUN
सहसा,NOUN
केंद्रावरील,NOUN
दहावा,NOUN
विसाव्या,NOUN
मतदाराला,PP
मतदारांकडून,NOUN
माहितीचं,NOUN
निवडणुकीचे,NOUN
बांधण्याचा,NOUN
सी,PART
व्होटर,NOUN
अॅक्सिस,NOUN
माय,NOUN
CNX,NOUN
निवडणुकीच्यावेळी,NOUN
कंपन्याही,NOUN
गायब,NOUN
पोलविषयी,NOUN
कायदे,NOUN
पोल्सना,NOUN
रिप्रेझेंटेशन,NOUN
पीपल्स,NOUN
1951चा,NOUN
सेक्शन,NOUN
126A,NOUN
आयोगाने,PP
पोल्ससाठी,PP
आखले,VERB
निवडणुकीवर,PP
आयोग,NOUN
पोल्ससाठीच्या,PP
मार्गदर्शक,NOUN
करावेत,NOUN
मतदानाच्या,PP
पोलचे,NOUN
प्रसारित,NOUN
नयेत,NOUN
शेवटच्या,PP
टप्प्यातलं,NOUN
संपल्याच्या,PP
अर्धा,NOUN
यासोबतच,NOUN
मतदानानंतर,NOUN
पाहणी,NOUN
संस्थेला,PP
आयोगाची,NOUN
लागते,NOUN
विभागाच्या,PP
अंदाजांशी,NOUN
अंदाजांसारखे,NOUN
अचूक,NOUN
आसपास,NOUN
नसतात,VERB
पोलने,PP
बांधला,PP
टक्केवारीचा,NOUN
पक्षांना,NOUN
जागांचा,NOUN
2004ची,NOUN
विसरून,NOUN
अटलबिहारी,NOUN
वाजपेयींचं,NOUN
पोल्सनी,NOUN
पोल्सचे,NOUN
हरली,VERB
वेगवेगळे,NOUN
वेगवेगळा,NOUN
आजारासाठी,PP
डॉक्टर्स,NOUN
तपासण्या,NOUN
पोलबाबतही,NOUN
संस्थांनी,NOUN
वेगवेगळं,NOUN
सँपल,NOUN
चाचणी,NOUN
फील्डवर्क,NOUN
केल्याने,PP
एजन्सीज,NOUN
गोळा,NOUN
फील्डवर,PP
1957च्या,PP
निवडणुकांदरम्यान,NOUN
इन्स्टिट्यूट,NOUN
पब्लिक,NOUN
ओपिनियनने,PP
ओपिनियनचे,NOUN
एरिक,NOUN
डी,PART
कॉस्टा,NOUN
सर्वेक्षण,NOUN
म्हणता,NOUN
1980मध्ये,PP
रॉय,NOUN
1984मध्ये,PP
दूरदर्शनने,PP
1996मध्ये,PP
नलिनी,NOUN
यासाठीची,NOUN
फील्ड,NOUN
वर्क,NOUN
पोल्सचं,NOUN
सत्र,NOUN
सुरूच,NOUN
एखाद,NOUN
आधीपासून,NOUN
युरोप,NOUN
आशिया,NOUN
आग्नेय,NOUN
आशियासह,NOUN
1936मध्ये,PP
गॅलप,NOUN
क्लॉड,NOUN
रॉबिन्सन,NOUN
न्यूयॉर्क,NOUN
फ्रँकलिन,NOUN
रुझवेल्ट,NOUN
जिंकतील,NOUN
आकडेवारीवरून,NOUN
जिंकली,VERB
देशांतही,NOUN
ब्रिटनमध्ये,PP
1937साली,VERB
फ्रान्समध्ये,PP
पोल्सच्या,PP
निकालांविषयी,NOUN
यंदाच,NOUN
2024ची,NOUN
देशामध्ये,PP
एनडीएच्या,PP
बाजुनं,NOUN
वर्तवले,VERB
पोल्समध्येही,NOUN
प्रकारचे,NOUN
आकडे,PP
मोदींच्या,PP
सत्ते,NOUN
बाबतचे,NOUN
एनडीएला,PP
जागांबाबतचे,NOUN
चुकले,VERB
पोलची,NOUN
एनडीए,NOUN
350,NUM
मिळवणार,NOUN
293,NUM
समाधान,NOUN
मानावं,NOUN
एवढंच,NOUN
स्वबळावर,PP
आणेल,NOUN
असाही,NOUN
विधानसभेच्या,PP
वेळीही,NOUN
राज्यातील,NOUN
भाजपविरोधी,NOUN
हरियाणाच्या,PP
वर्तवण्यात,NOUN
जिंकेल,NOUN
भाजपनं,NOUN
जिंकत,NOUN
जागाच,NOUN
NDAला,PP
2019च्या,PP
नेतृत्त्वातील,NOUN
UPA,NOUN
आघाडीला,PP
100च्या,PP
मिळण्याचा,NOUN
प्रत्यक्षातले,VERB
अंदाजांसारखेच,NOUN
303,NUM
NDA,NOUN
52,NUM
बंगाल,NOUN
2021साली,VERB
आसाम,NOUN
पुद्दुचेरी,NOUN
बंगालमध्ये,PP
सगळ्यांचं,NOUN
बंगालवर,PP
292,NUM
जागांच्या,PP
विधानसभेत,NOUN
एजन्सीजने,PP
जन,PART
एजन्सीने,PP
174,NUM
काहींनी,NOUN
तृणमूल,NOUN
करेल,NOUN
ममता,NOUN
बॅनर्जींची,NOUN
2016मध्ये,PP
75,NUM
स्थापनेसाठी,PP
हिमाचल,NOUN
2022च्या,PP
डिसेंबरमध्ये,PP
राज्यांत,NOUN
गुजरातसाठीच्या,PP
पोल्समध्ये,PP
182,NUM
117,NUM
148,NUM
पोल्सने,PP
156,NUM
मिळवल्या,NOUN
प्रदेशमध्ये,PP
आघाडी,NOUN
टुडे,NOUN
इंडियाने,PP
68,NUM
राजस्थान,NOUN
छत्तीसगढ,NOUN
तेलंगणा,NOUN
कर्नाटकमध्ये,PP
2023च्या,PP
मेमध्ये,PP
भाजपपेक्षा,NOUN
निकालही,NOUN
थोड्याफार,NOUN
फरकाने,PP
इतकाच,NOUN
अंदाजांपेक्षा,NOUN
224,NUM
43,NUM
मिळवत,NOUN
136,NUM
मिळवला,PP
दशकांतला,PP
राज्यातला,PP
काँग्रेसचा,NOUN
65,NUM
सेक्युलरला,PP
जिंकता,NOUN
छत्तीसगड,NOUN
मिझोरममध्ये,PP
छत्तीसगडमध्ये,PP
तुल्यबळ,NOUN
54,NUM
230,NUM
88,NUM
163,NUM
62,NUM
137,NUM
66,NUM
राजस्थानात,NOUN
भाजपचं,NOUN
पारडं,NOUN
जड,PART
ABP,NOUN
न्यूज,NOUN
व्होटरच्या,PP
77,NUM
128,NUM
113,NUM
115,NUM
69,NUM
अपक्षांना,NOUN
मिळवता,NOUN
तेलंगणातल्या,NOUN
BRS,NOUN
निकालांमध्ये,PP
64,NUM
BRSला,PP
39,NUM
आयोगावर,PP
पारचा,NOUN
संविधान,NOUN
आरक्षण,NOUN
निवडणुकांचा,NOUN
झुकणारा,NOUN
कल31,NOUN
आयुक्तांचं,NOUN
5रुग्णालयातून,NOUN
6गरम,NOUN
8जवाहरलाल,NOUN
प्रियंका,NOUN
जगतापRole,NOUN
खंडणी,NOUN
अपहरण,NOUN
मारहाण,NOUN
गुन्ह्यांच्या,PP
आरोपांमध्ये,PP
अडकलेला,PP
निलेश,NOUN
घायवळ,NOUN
कागपत्रांच्या,PP
मिळवून,NOUN
परदेशात,NOUN
गेल्याची,NOUN
घायवळच्या,PP
कोथरूडमधील,NOUN
छापेमारी,NOUN
गुन्ह्यांमधील,NOUN
छापेमारीत,NOUN
जमिनीशी,NOUN
सातबारा,NOUN
बंदुकीच्या,PP
गोळ्या,NOUN
डीसीपी,NOUN
संभाजी,NOUN
कदम,NOUN
घरावर,PP
त्यातल्या,NOUN
कागदपत्रांची,NOUN
जशी,NOUN
अवैध,NOUN
मिळवणं,NOUN
दडवल्याच्या,PP
आरोपाखाली,VERB
तायर,NOUN
भंग,NOUN
मोक्का,NOUN
कोथरूड,NOUN
साडेअकराच्या,PP
तरुणावर,PP
टोळीतील,NOUN
गोळीबार,NOUN
मयूर,NOUN
कुंबरे,NOUN
रोहित,NOUN
आखाडे,NOUN
गणेश,NOUN
राऊत,NOUN
मयंक,NOUN
मॉन्टी,NOUN
व्यास,NOUN
आनंद,NOUN
चांदलेकर,NOUN
अंड्या,NOUN
दिनेश,NOUN
फाटक,NOUN
घायवळवर,PP
जामखेडचा,NOUN
त्याच्याविरुद्ध,NOUN
शहरातील,NOUN
फरार,NOUN
घायवळने,PP
अहिल्यानगरमधून,NOUN
नंबरप्लेट,NOUN
वापरल्याबद्दल,NOUN
कोथरुड,NOUN
गुन्ह्याची,NOUN
मालकीच्या,PP
वाहनाचा,NOUN
वाहनासाठी,PP
वापरत,NOUN
आऊट,NOUN
बजावली,VERB
घायवळचा,NOUN
आयुक्तांनी,NOUN
कुटुंबीयांची,NOUN
बॉस,NOUN
अक्षर,NOUN
येणारे,NOUN
सिमकार्ड,NOUN
मिळवण्याचं,NOUN
अक्षरं,NOUN
तक्रारदाराच्या,PP
कार्डाचा,NOUN
मिळवले,VERB
खाती,NOUN
केल्याची,NOUN
तक्रारदाराचे,NOUN
बेकायदेशीररीत्या,NOUN
आपणच,NOUN
भासवल्याचा,NOUN
याच्याविरुद्ध,NOUN
संहिता,NOUN
420,NUM
506,NUM
504,NUM
शब्दांद्वारे,NOUN
66C,NOUN
दूरसंचार,NOUN
मधील,NOUN
अहिल्यानगर,NOUN
व्हेरिफिकेशनवर,PP
व्हेरिफिकेशनची,NOUN
उपायुक्त,NOUN
पोलिसांकडून,NOUN
कॅरेक्टर,NOUN
सर्टिफिकेशन,NOUN
देशाबाहेर,NOUN
जाताच,NOUN
घायवळला,PP
त्याचाच,NOUN
नावात,NOUN
पत्त्यात,NOUN
मिळवल्याची,NOUN
माहितीही,NOUN
यानं,NOUN
कागदपत्रांच्या,PP
प्रकरणाचा,NOUN
गुन्ह्यांचे,NOUN
भारताबाहेर,NOUN
गुन्ह्यांचा,NOUN
प्राधिकरण,NOUN
देण्याचा,NOUN
खालील,NOUN
कारणांवरून,NOUN
नाकारला,PP
अर्जदार,NOUN
नागरिक,NOUN
सार्वभौमता,NOUN
एकात्मता,NOUN
बाधक,NOUN
हालचाली,VERB
अर्जदाराची,NOUN
परदेशातील,NOUN
सुरक्षिततेला,PP
पोचवू,NOUN
ठरण्याची,NOUN
भारताबाहेरची,NOUN
परकीय,NOUN
देशाबरोबरच्या,PP
मैत्रीच्या,PP
संबंधांना,NOUN
बाधा,NOUN
आणण्याची,NOUN
अर्जदाराला,PP
अर्जाच्या,PP
तारखेच्या,PP
कालावधीमध्ये,PP
न्यायालयाने,PP
अपराधाबद्दल,NOUN
दोषी,NOUN
ठरवले,VERB
तुरुंगवासाची,NOUN
शिक्षा,NOUN
अर्जदाराच्या,PP
फौजदारी,NOUN
प्रलंबित,NOUN
गुन्हेगारांना,NOUN
कायद्याअंतर्गत,NOUN
राहण्यासाठी,PP
अटकेसाठी,PP
वॉरंट,NOUN
समन्स,NOUN
जाण्यास,NOUN
सोडण्यास,NOUN
मनाई,NOUN
स्वदेशी,NOUN
पाठविण्यात,NOUN
पाठविण्यासाठी,PP
खर्चाची,NOUN
प्रवासासंदर्भातील,NOUN
हिताचे,NOUN
1993,NUM
अधिसूचना,NOUN
GSR,NOUN
570,NUM
E,PART
कोर्टाच्या,PP
आदेशानुसार,NOUN
अटींच्या,PP
अधीन,NOUN
राहून,NOUN
अर्जदाराविरूद्ध,NOUN
जाण्यासाठी,PP
अटींनुसार,NOUN
कालावधीसाठी,PP
जाता,NOUN
वर्षापेक्षा,NOUN
प्रवासासाठी,PP
वैधता,NOUN
वर्षासाठीच,NOUN
नसल्यास,NOUN
वर्षाने,PP
नूतनीकरण,NOUN
लिखित,NOUN
आश्वासन,NOUN
द्यावं,NOUN
अर्जदारांसंबंधी,NOUN
प्राधिकरणाला,PP
पाळाव्या,NOUN
अर्जदारांच्या,PP
अर्जासंबंधी,NOUN
प्राधिकरणाने,PP
चौकशीची,NOUN
केल्यानंतरच,NOUN
न्यायालयाकडून,NOUN
एनओसी,NOUN
हमीपत्रातील,NOUN
अटींची,NOUN
पूर्तता,NOUN
अर्जदाराविरुद्ध,NOUN
खटल्यांची,NOUN
द्यावी,NOUN
चुकीची,NOUN
अपुरी,NOUN
रिजेक्ट,NOUN
अर्जांचं,NOUN
पीव्ही,NOUN
अर्जदाराने,PP
हमीपत्र,NOUN
पीव्हीआर,NOUN
खटल्यांशी,NOUN
पुर्णपणे,NOUN
जुळते,NOUN
स्वीकारले,VERB
मंजुरीशिवाय,NOUN
मोड,NOUN
नो,PART
अवलंब,NOUN
पडताळणी,NOUN
नसणे,NOUN
लपवल्याचे,NOUN
तरतुदींनुसार,NOUN
खोटी,NOUN
लपवून,NOUN
प्रतिकूल,NOUN
दुसऱ्यांदा,NOUN
खटल्यांविषयी,NOUN
प्रकरणांच्या,PP
स्थितीबद्दल,NOUN
मागणारे,NOUN
मागवले,VERB
वाटल्यास,NOUN
न्यायालयीन,NOUN
खात्यांची,NOUN
अर्जदाराविषयी,NOUN
प्रकरणांमध्ये,PP
दखल,NOUN
तपशील,NOUN
जुळत,NOUN
अहवालापेक्षा,NOUN
प्रमाणपत्राला,PP
मंजुरीने,PP
पीव्हीआरमध्ये,PP
तफावत,NOUN
मागवणारी,NOUN
न्यायालयांकडून,NOUN
मिळविण्याचा,NOUN
अंमलबजावणीतून,NOUN
सूट,NOUN
उप,PART
कलमांमधून,NOUN
ई,PART
वैशिष्ट्यं,NOUN
पॉवरफुल,NOUN
ब्रिटनचं,NOUN
घसरलं,NOUN
कितव्या,NOUN
स्थानावर,PP
व्हिसा,NOUN
टेन्शन,NOUN
पासपोर्टवर,PP
खुला,PP
संघाने,PP
विश्वचषक,NOUN
जिंकल्यानंतर,NOUN
खेळाडूच्या,PP
फायनलमधल्या,NOUN
योगदानाची,NOUN
होतच,NOUN
उपांत्य,NOUN
धडाकेबाज,NOUN
शतक,NOUN
झळकावत,NOUN
अंतिम,NOUN
पोहोचवणाऱ्या,NOUN
जेमिमा,NOUN
रॉड्रिग्सचं,NOUN
प्रशिक्षकांना,NOUN
इंडियाच्या,PP
कामगिरीविषयी,NOUN
कोच,NOUN
प्रशांत,NOUN
शेट्टी,NOUN
मराठीच्या,PP
जान्हवी,NOUN
बातचीत,NOUN
मांजरेकर,NOUN
पॉलिटिकल,NOUN
आयडिऑलॉजीचा,NOUN
बाजार,NOUN
सरगम,NOUN
मानणाऱ्या,NOUN
गायिकेसोबत,NOUN
दिलखुलास,NOUN
गप्पा20,NOUN
माओवादी,NOUN
कोबाड,NOUN
डाव्यांना,NOUN
जातीच्या,PP
प्रश्नात,NOUN
नाहीय,NOUN
गुंतवणूकदारांना,NOUN
इनिशियल,NOUN
ऑफरिंग,NOUN
आयपीओ,NOUN
झटपट,NOUN
नफा,NOUN
मिळवण्याची,NOUN
सोन्याची,NOUN
खाण,NOUN
चूक,NOUN
नफ्याऐवजी,NOUN
तोटाही,NOUN
आयपीओमध्ये,PP
गुंतवण्यापूर्वी,NOUN
बाजारात,NOUN
नामांकित,NOUN
कंपन्यांच्या,PP
आयपीओची,NOUN
नेहमीच,NOUN
आवडतं,NOUN
गुंतवतात,VERB
फायदेशीर,NOUN
शेअरची,NOUN
लिस्टिंग,NOUN
किंमतीच्या,PP
बँडपेक्षा,NOUN
दरात,NOUN
ज्याला,PP
डिस्काउंट,NOUN
तोटा,NOUN
राहतो,NOUN
विकताना,NOUN
गुंतवताना,NOUN
ठेवाव्यात,NOUN
कंपनीचं,NOUN
प्रोफाइल,NOUN
अवश्य,NOUN
बाजारातून,NOUN
उभारण्यासाठी,PP
सर्वप्रथम,NOUN
तिची,NOUN
उद्दिष्टं,NOUN
पाहणं,NOUN
गाजावाजा,NOUN
घसरल्याने,PP
रिलायन्स,NOUN
पेटीएमचे,NOUN
पॉवरचा,NOUN
ग्रे,NOUN
मार्केटमध्ये,PP
टक्क्यांनी,NOUN
लिस्टिंगच्या,PP
राहिलेल्या,NOUN
ठरलेल्या,NOUN
आयपीओपैकी,NOUN
आयपीओच्या,PP
किंमतीपेक्षा,NOUN
पेटीएमचा,NOUN
झाल्यानंतरही,NOUN
इश्यू,NOUN
किमतीत,NOUN
प्रचाराकडे,PP
गाजावाजाकडे,PP
खरी,NOUN
गुंतवणूकदारांकडे,PP
कंपनीबद्दल,NOUN
पुरेशी,NOUN
नसते,NOUN
समजूनही,NOUN
व्यवसायाचा,NOUN
विस्तार,NOUN
विलीनीकरणासाठी,PP
आयपीओमधून,NOUN
पैशांचा,NOUN
कंपनीची,NOUN
नीट,NOUN
मगच,NOUN
गुंतवणुकीचा,NOUN
अहमदाबाद,NOUN
इन्व्हेस्टअलाइन,NOUN
लि,PART
सीइओ,NOUN
गुंजन,NOUN
चोक्सी,NOUN
आणणारी,NOUN
स्पर्धक,NOUN
कंपन्यांची,NOUN
सेल,NOUN
ओएफएस,NOUN
आधीचे,NOUN
गुंतवणूकदार,NOUN
कंपनीमधून,NOUN
पडण्यासाठी,PP
शेअर्स,NOUN
विकतात,VERB
सावध,NOUN
गुंतवणूकदारांनी,NOUN
वापरणार,NOUN
गुंतवणूकदारांकडून,NOUN
कंपनीवर,PP
फेडण्यासाठी,PP
टाळावी,NOUN
व्यवसाय,NOUN
वाढवण्यासाठी,PP
उभारत,NOUN
आणतात,VERB
व्याजाचा,NOUN
भार,NOUN
तिच्याकडे,PP
लिक्विटिडी,NOUN
खरोखर,NOUN
घेणंही,NOUN
शेअरचं,NOUN
मूल्य,NOUN
आयपीओद्वारे,NOUN
ओळखणं,NOUN
गुंतवणूकदारांसाठी,PP
प्राइस,NOUN
टू,PART
अर्निंग,NOUN
बुक,NOUN
गुणोत्तरांच्या,PP
मूल्यांकन,NOUN
दिवशीच,NOUN
विकायचा,NOUN
करणाऱ्यांसाठी,PP
असाल,NOUN
कंपनीचा,NOUN
वाढीची,NOUN
व्हॅल्यूएशन,NOUN
काहीवेळा,NOUN
अल्पकाळात,NOUN
थोडा,NOUN
प्रतिस्पर्धी,NOUN
मूल्यांकनावर,PP
कंपन्यांवर,PP
जीएसटी,NOUN
इन्कम,NOUN
टॅक्ससंबंधी,NOUN
हजारो,NOUN
कोटींमध्ये,PP
टॅक्स,NOUN
जबाबदाऱ्या,NOUN
भराव्या,NOUN
शेअर्सची,NOUN
खटले,VERB
चालू,NOUN
शोधा,NOUN
गेन,NOUN
शेअरला,PP
प्रीमियम,NOUN
लॉटचाच,NOUN
उद्दिष्टांकडे,PP
भविष्यातील,NOUN
हव्यात,NOUN
बीबीसीचं,NOUN
घेण्यापूर्वी,NOUN
कृपया,NOUN
सल्लागाराचे,NOUN
मार्गदर्शन,NOUN
बाजाराविषयी,NOUN
उत्तरं18,NOUN
घसरतोय,NOUN
गुंतवणुकीवर,PP
थंडीचे,NOUN
अंघोळीचा,NOUN
कंटाळा,NOUN
यायला,PP
अंघोळीसाठी,PP
गरम,NOUN
थंडीत,NOUN
शरीराला,PP
आराम,NOUN
सर्दीपासून,NOUN
संरक्षण,NOUN
दुसरीकडं,NOUN
त्वचा,NOUN
केसांचं,NOUN
शरीरावरील,NOUN
तेलाचा,NOUN
सत्य,NOUN
ऋतूत,NOUN
इंटरनॅशनल,NOUN
जर्नल,NOUN
सायंटिफिक,NOUN
रिसर्च,NOUN
डेव्हलपमेंटमध्ये,PP
पृष्ठभागावर,PP
केराटिन,NOUN
पेशी,NOUN
पेशींचं,NOUN
एक्जिमासारखे,NOUN
त्वचारोग,NOUN
हिवाळ्याच्या,PP
पसंत,NOUN
त्वचारोगतज्ज्ञ,NOUN
मानतात,VERB
पाण्यामुळे,NOUN
त्वचेवर,PP
संरक्षणात्मक,NOUN
थराचं,NOUN
नोएडा,NOUN
कैलास,NOUN
अंजू,NOUN
झा,PART
कोमट,NOUN
कोरडेपणा,NOUN
झेरोसिस,NOUN
अपोलो,NOUN
थंडी,NOUN
जाणवणार,NOUN
वरच्या,PP
थरात,NOUN
सीबम,NOUN
लिपिडचा,NOUN
पातळ,NOUN
तेलकट,NOUN
बॅक्टेरिया,NOUN
धूळ,NOUN
संक्रमणांपासून,NOUN
वाचवतो,NOUN
त्वचेचा,NOUN
राखण्यास,NOUN
ओतलं,NOUN
आधीपासूनच,NOUN
धुवून,NOUN
फाटू,NOUN
अस्वस्थता,NOUN
खाज,NOUN
नेहमीपेक्षा,NOUN
उद्भवू,NOUN
एक्जिमा,NOUN
वाढते,NOUN
त्वचेत,NOUN
जळजळ,NOUN
यांचंही,NOUN
एखाद्याला,PP
एटोपिक,NOUN
डर्माटायटीस,NOUN
पॉलीसिथेमिया,NOUN
व्हेरा,NOUN
ज्यामध्ये,PP
रक्तपेशी,NOUN
सावधगिरी,NOUN
बाळगण्याची,NOUN
आजारानं,NOUN
ग्रस्त,NOUN
लालसर,NOUN
कडाक्याची,NOUN
ओतत,NOUN
प्राणघातक,NOUN
माहितीसाठी,PP
दिल्लीच्या,PP
बीएलके,NOUN
मॅक्स,NOUN
सुपर,NOUN
स्पेशालिटी,NOUN
हॉस्पिटलचे,NOUN
न्यूरोलॉजिस्ट,NOUN
न्यूरोव्हास्क्युलर,NOUN
इंटरव्हेन्शन,NOUN
प्रतीक,NOUN
किशोर,NOUN
शरीर,NOUN
रक्तवाहिन्या,NOUN
त्वरित,NOUN
पडताच,NOUN
आकुंचन,NOUN
पावतात,VERB
रक्तदाब,NOUN
हृदयाचे,NOUN
ठोके,NOUN
पडतं,NOUN
विस्तारू,NOUN
अशक्तपणा,NOUN
टाळणं,NOUN
महत्वाचं,NOUN
हृदयरोग,NOUN
ब्लॉक,NOUN
हृदयाशी,NOUN
हृदयविकाराचा,NOUN
झटका,NOUN
ब्रेन,NOUN
स्ट्रोकचा,NOUN
करण्याबाबत,NOUN
कडाक्याच्या,PP
शरीरासाठी,PP
हानिकारक,NOUN
चिलब्लेनचा,NOUN
चिलब्लेनमध्ये,PP
बोटं,NOUN
बोटांची,NOUN
टोकं,NOUN
बोटांमध्ये,PP
निळसरपणा,NOUN
सूज,NOUN
सर्दीमुळे,NOUN
रक्ताभिसरण,NOUN
उद्भवते,NOUN
टाळलं,NOUN
शरीराचं,NOUN
वृद्धांची,NOUN
चिडचिड,NOUN
फाटण्याचा,NOUN
आंघोळ,NOUN
अंघोळीनंतर,NOUN
मॉइश्चरायझर,NOUN
लावणं,NOUN
जेणेकरून,NOUN
यापासून,NOUN
हातपंप,NOUN
बोअरवेलचं,NOUN
बोअरवेलचा,NOUN
हातपंपातून,NOUN
बोअरवेलमधून,NOUN
किंचित,NOUN
तापवता,NOUN
जमिनीतून,NOUN
पाण्यातही,NOUN
हलक्या,NOUN
खनिजांचे,NOUN
घटकही,NOUN
तापमानानुसार,NOUN
उन्हाळ्यात,NOUN
आरामदायक,NOUN
डीएम,NOUN
कधीकधी,NOUN
सुटणे,NOUN
खनिजांचं,NOUN
मागचं,NOUN
पाण्यात,NOUN
क्लोराइड्स,NOUN
सल्फेट्स,NOUN
विरघळलेल्या,NOUN
क्षारांचं,NOUN
हार्ड,NOUN
वॉटर,NOUN
वर्गवारीत,NOUN
जडपणा,NOUN
वाढतात,VERB
आढळल्यानं,NOUN
केसांचा,NOUN
पोत,NOUN
बिघडू,NOUN
कोरडे,NOUN
निर्जीव,NOUN
पडणारं,NOUN
तापमानाच्या,PP
दृष्टिनं,NOUN
गुणवत्ता,NOUN
केसांच्या,PP
आरोग्यावर,PP
जीवनशैलीशी,NOUN
वडीलधारी,NOUN
शारीरिकदृष्ट्या,NOUN
परिश्रम,NOUN
तापमानाचे,NOUN
धक्के,NOUN
हृदय,NOUN
रक्तदाबाचे,NOUN
त्वचेवरच,NOUN
केसांवरही,NOUN
केसांमधील,NOUN
अडकू,NOUN
तुटू,NOUN
त्वचेप्रमाणेच,NOUN
केसांमध्ये,PP
केसांवर,PP
ओततो,NOUN
शिफारस,NOUN
उन्हाळा,NOUN
वापरावं,NOUN
टाळावं,NOUN
आरोग्यासाठी,PP
आंघोळीची,NOUN
शॅम्पूचा,NOUN
केसांबाबतच्या,PP
घ्या22,NOUN
शॉवरमधून,NOUN
येणारं,NOUN
आरोग्य,NOUN
बिघडवतंय,NOUN
मुळेजान्हवी,NOUN
बंगालच्या,PP
उपसागरात,NOUN
चक्रीवादळ,NOUN
घोंघावत,NOUN
भोला,PP
बेटाच्या,PP
किनाऱ्यावर,PP
धडकलं,NOUN
वादळानं,NOUN
हजारोंचा,NOUN
आशियाचा,NOUN
नकाशाच,NOUN
बेट,NOUN
शाहबाझपूर,NOUN
ओळखलं,NOUN
बांगलादेशात,NOUN
बांगलादेशच,NOUN
तज्ज्ञांच्या,PP
पाकिस्तानमधून,NOUN
बांगलादेशच्या,PP
निर्मितीच्या,PP
मागणीला,PP
बळ,PART
बेटावरच्या,PP
चक्रीवादळानंच,NOUN
चक्रीवादळानंतर,NOUN
पुरवताना,NOUN
उदासीनतेची,NOUN
जनतेत,NOUN
सत्ताधाऱ्यांविरोधात,NOUN
असंतोष,NOUN
परिणती,NOUN
गृहयुद्धात,NOUN
बांगलादेश,NOUN
चक्रीवादळाची,NOUN
काळी,NOUN
चक्रीवादळांना,NOUN
बेटावर,PP
नावानं,NOUN
ग्रेट,NOUN
सायक्लोन,NOUN
ओळखले,VERB
नोंदींनुसार,NOUN
चक्रीवादळादरम्यान,NOUN
वाऱ्याचा,NOUN
कमाल,NOUN
वेग,NOUN
ताशी,NOUN
भाषेत,NOUN
अती,NOUN
अतीतीव्र,NOUN
वादळांमध्ये,PP
चक्रीवादळाचा,NOUN
वादळ,NOUN
किनाऱ्याला,PP
बेटासोबतच,NOUN
बेटांवर,PP
प्रलयच,NOUN
गंगेच्या,PP
मुखाजवळच्या,PP
प्रदेशातला,PP
बराचसा,NOUN
सखल,NOUN
समुद्राची,NOUN
मीटरनं,NOUN
पाण्याखाली,VERB
किनारी,NOUN
भरतीच्या,PP
लाटांनी,NOUN
33,NUM
गाठली,VERB
चक्रीवादळात,NOUN
कितीजण,NOUN
मारले,VERB
गेल्याचं,NOUN
सांगते,NOUN
ब्रिटनच्या,PP
गार्डियन,NOUN
वृत्तपत्राचे,NOUN
हॉवर्ड,NOUN
व्हिटन,NOUN
बेटाला,PP
रेडिओवर,PP
वादळाचा,NOUN
ऐकला,PP
जागे,NOUN
लाटेचा,NOUN
बचावलेल्या,NOUN
मनपूरा,NOUN
जणांपैकी,NOUN
लाटांमुळे,NOUN
पिण्याच्या,PP
पाण्याचे,NOUN
स्रोतही,NOUN
कमतरता,NOUN
उपासमार,NOUN
रोगराईमुळे,NOUN
मृत्युमुखी,NOUN
उदासीनता,NOUN
त्यावेळच्या,PP
पाकिस्तानचे,NOUN
मेजर,NOUN
खादिम,NOUN
हुसेन,NOUN
राजा,NOUN
हेलिकॉप्टरनं,NOUN
कपड्यांसाठी,PP
मदतीची,NOUN
देणाऱ्या,NOUN
भूमिकेवरही,NOUN
राज्यपालांना,NOUN
लष्कराच्या,PP
मदतीने,PP
मदतकार्य,NOUN
राज्यपालांनी,NOUN
लष्कराला,PP
ठोस,NOUN
उचलील,NOUN
पाकिस्तानातून,NOUN
केंद्रिय,NOUN
सरकारमधला,PP
बडा,NOUN
तेव्हाचे,NOUN
लष्करशाह,NOUN
याहया,NOUN
खान,NOUN
पूर,NOUN
इच्छाही,NOUN
दर्शवली,VERB
चीनच्या,PP
दौऱ्यावर,PP
ढाक्यात,NOUN
पाकिस्तानात,NOUN
पाकिस्तानमध्ये,PP
संताप,NOUN
वाढल्यावर,PP
याह्या,NOUN
वादळानंतर,NOUN
१४,NUM
पोहोचले,VERB
मदतकार्याबाबत,NOUN
समाधानी,NOUN
मदतीसाठी,PP
आक्रोश,NOUN
परदेशी,NOUN
पत्रकाराने,PP
त्याविषयी,NOUN
पर्वा,NOUN
उद्दिष्ट,NOUN
लिहिल्याप्रमाणे,NOUN
हेलिकॉप्टरने,PP
उंचीवरून,NOUN
माहितीवर,PP
ठेवला,PP
प्रशासनानं,NOUN
दिलीच,NOUN
साहजिकच,NOUN
जनतेचा,NOUN
महिनाभरातच,NOUN
पडसाद,NOUN
बांगलादेशची,NOUN
पाकिस्तानातील,NOUN
बंगाली,VERB
पाकिस्तानकडून,NOUN
वागणुकीवर,PP
नाराजीला,PP
भाषिक,NOUN
असमानता,NOUN
सांस्कृतिक,NOUN
वर्णद्वेष,NOUN
इस्लामाबादनं,NOUN
दाखवलेल्या,NOUN
उदासीनतेनं,NOUN
अविश्वासावर,PP
शिक्कामोर्तब,NOUN
भोलाकडे,PP
पाठ,NOUN
फिरवली,VERB
अवामी,NOUN
लीगचे,NOUN
मुजीबुर,NOUN
रहमान,NOUN
नोव्हेंबरलाच,NOUN
पीडित,NOUN
बंगबंधू,NOUN
जाणारे,NOUN
जवळचे,NOUN
तौफेल,NOUN
बेटाचे,NOUN
निवडणूकही,NOUN
लढवत,NOUN
चक्रीवादळाच्या,PP
असंख्य,NOUN
गोंधळूनच,NOUN
आठवणींविषयी,NOUN
मुजीबूर,NOUN
मदतकार्यात,NOUN
असेंब्लीची,NOUN
आठवड्यांवर,PP
ठेपली,VERB
सार्वत्रिक,NOUN
लीगने,PP
पाकिस्तानमधल्या,NOUN
169,NUM
167,NUM
जिंकून,NOUN
असेंब्लीत,NOUN
मिळालेलं,NOUN
बहुमत,NOUN
झुल्फिकार,NOUN
भुट्टो,NOUN
रुचलं,NOUN
सभागृहाचं,NOUN
अधिवेशन,NOUN
लांबवलं,NOUN
ऑपरेशन,NOUN
सर्चलाईट,NOUN
ज्याची,NOUN
भारतही,NOUN
ओढला,PP
सरतेशेवटी,NOUN
आशियातल्या,NOUN
सीमारेषा,NOUN
नकाशा,NOUN
रवी,NOUN
शंकर,NOUN
बीटल्स,NOUN
कॉन्सर्ट,NOUN
पाठोपाठ,NOUN
युद्धामुळे,NOUN
अँथनी,NOUN
मास्करेन्हस,NOUN
यांच्यासारख्यांनी,NOUN
नरसंहार,NOUN
सितारवादक,NOUN
बातम्यांनी,NOUN
मूळचं,NOUN
बंगालमधलं,NOUN
मित्र,NOUN
पॉप,NOUN
ग्रुप,NOUN
बीटल्सचा,NOUN
हॅरिसनला,PP
संगितलं,NOUN
जन्माला,PP
हॅरिसननं,NOUN
बांग्ला,PP
गीतही,NOUN
संकटात,NOUN
सेलिब्रिटींनी,NOUN
नवा,NOUN
पायंडा,NOUN
कॉन्सर्टनं,NOUN
घातला,PP
शतकातली,VERB
एखादीच,NOUN
ठरावी,NOUN
काळातही,NOUN
दर्जाच्या,PP
चक्रीवादळांनी,NOUN
झोडपून,NOUN
सुधारलेलं,NOUN
पोहोचवण्याची,NOUN
हवामानाचा,NOUN
चक्रीवादळांचा,NOUN
तुलनेनं,NOUN
राष्ट्रांच्या,PP
आमसभेनं,NOUN
संकटांचा,NOUN
संस्थेनं,NOUN
ठेवण्यासाठी,PP
ट्रॉपिकल,NOUN
प्रोग्रॅमची,NOUN
करणारी,NOUN
हलवणारी,NOUN
पोहोचवणारी,NOUN
यंत्रणाही,NOUN
बदलामुळे,NOUN
चक्रीवादळांची,NOUN
ताकद,NOUN
विनाशाचं,NOUN
सावट,NOUN
गहिरं,NOUN
चक्रीवादळासारख्या,NOUN
आपत्तींचा,NOUN
लेखासाठी,PP
बांग्लाच्या,PP
मनातले,VERB
उत्तरं11,NOUN
बॉर्डर,NOUN
दाखवलेलं,NOUN
लढलं,NOUN
अमेरिकेनं,NOUN
सातवं,NOUN
आरमार,NOUN
डगमगल्या,NOUN
युद्धाची,NOUN
गोष्ट16,NOUN
नाट्यसृष्टीतील,NOUN
विजया,NOUN
मेहता,NOUN
दिग्गजांनी,NOUN
त्यांच्याकडून,NOUN
नाटकाचे,NOUN
धडे,NOUN
बोलतं,NOUN
त्यानिमित्ताने,PP
कारकिर्दीचा,NOUN
घडतच,NOUN
पकडणं,NOUN
पकडले,VERB
शिखर,NOUN
गाठतात,VERB
एकासाठीच,NOUN
याउलट,NOUN
काहींचा,NOUN
प्रवाहासारखा,NOUN
सहान,NOUN
सामावून,NOUN
विस्तृत,NOUN
येणाऱ्यांसाठी,PP
अक्षय्य,NOUN
मराठीच,NOUN
नाट्यसृष्टीला,PP
आयाम,NOUN
प्रथितयश,NOUN
रंगभूमीवरची,NOUN
धुळाक्षरं,NOUN
गिरवायला,PP
नाट्यप्रशिक्षक,NOUN
रूपांतून,NOUN
दिसलेल्या,NOUN
गणना,NOUN
प्रकारात,NOUN
खळखळून,NOUN
हसणारी,NOUN
मुद्रा,NOUN
चेहऱ्यावरचं,NOUN
अभिनयाखेरीज,NOUN
मावळलंच,NOUN
पाहणाऱ्याचा,NOUN
विजू,NOUN
खोटे,NOUN
आव्हानांनी,NOUN
भरलेलं,NOUN
त्याकडे,PP
वळूच,NOUN
जयवंतच्या,PP
रंगभूमीवरच्या,PP
एन्ट्रीपासून,NOUN
जयवंतचं,NOUN
रंगभूमीवर,PP
पदार्पण,NOUN
दत्तात्रेय,NOUN
भुराबाईंच्या,PP
पोटी,NOUN
बडोद्यात,NOUN
1934,NUM
विजयाचा,NOUN
भावापेक्षा,NOUN
सगळ्यांची,NOUN
लाडकी,NOUN
बेबी,NOUN
थिओसॉफिकल,NOUN
सोसायटीत,NOUN
ॲनी,NOUN
वडिलांचं,NOUN
बायजी,NOUN
मायेने,PP
शिस्तीने,PP
वाढवलेल्या,NOUN
विजूतला,PP
चिकित्सकपणा,NOUN
वयातच,NOUN
दिसायला,PP
रॉयिस्ट,NOUN
विचारसरणी,NOUN
स्वातंत्र्यप्राप्तीच्या,PP
चळवळ,NOUN
वैचारिक,NOUN
मशागत,NOUN
बैठक,NOUN
पक्की,NOUN
विल्सन,NOUN
कॉलेजात,NOUN
राज्यशास्त्र,NOUN
अर्थशास्त्र,NOUN
पदवीचा,NOUN
समीक्षक,NOUN
ल,PART
कुलकर्णी,NOUN
वाङ्मय,NOUN
मंडळाच्या,PP
कुठल्याशा,NOUN
उताऱ्याचं,NOUN
वाचन,NOUN
विद्यार्थिनीला,PP
नाटकात,NOUN
विजयाबाई,NOUN
अपघातां,NOUN
त्यातलाच,NOUN
सुरुवातीचा,NOUN
विद्या,NOUN
भवन,NOUN
बहरत,NOUN
नाटकांमधून,NOUN
झळकू,NOUN
अभिनयाला,PP
पैलू,NOUN
पाडणाऱ्या,NOUN
गुरूचं,NOUN
आगमन,NOUN
व्हायचं,NOUN
गुरू,NOUN
इब्राहिम,NOUN
अल्काझी,NOUN
ड्रामा,NOUN
अल्काझींकडे,PP
प्रशिक्षण,NOUN
दंडक,NOUN
जयवंतांच्या,PP
व्यक्तिमत्वाला,PP
अल्काझींची,NOUN
तालमीची,NOUN
त्यातली,VERB
विजयाबाईंवर,PP
आजतागायत,NOUN
राहिलाय,NOUN
अल्काझींकडून,NOUN
शिकून,NOUN
नाटकांमध्ये,PP
कामं,NOUN
अशातच,NOUN
नाट्यक्षेत्रासंबंधी,NOUN
शिष्यवृत्तीसाठी,PP
गुरुंशी,NOUN
गाठ,NOUN
ॲकॅडमी,NOUN
ड्रामॅटिक,NOUN
आर्ट्स,NOUN
IADA,NOUN
नाट्यअभ्यासक्रम,NOUN
अदी,NOUN
मर्झबान,NOUN
दुर्गाबाई,NOUN
दोघांकडे,PP
कारकीर्दीत,NOUN
आयुष्यातही,NOUN
बजावणार,NOUN
आयएडीएच्या,PP
अभिनयावर,PP
चेहऱ्याला,PP
रंग,NOUN
लागलेल्या,NOUN
प्रेक्षकांची,NOUN
दाद,NOUN
टाळ्या,NOUN
कुणाही,NOUN
पडद्यासमोर,NOUN
असावं,NOUN
वठवून,NOUN
थांबणारं,NOUN
दिग्दर्शनाकडेही,NOUN
वळावं,NOUN
खोटेंनी,NOUN
खर्चावा,NOUN
घरची,NOUN
दुर्गाबाईंनी,NOUN
धडा,NOUN
विजयाबाईंनी,NOUN
झिम्मा,NOUN
लिहिलाय,NOUN
नाटकाचा,NOUN
लोकांपुढे,NOUN
मांडण्याचं,NOUN
नटाचं,NOUN
आशय,NOUN
भरारी,NOUN
घेतो,NOUN
विंगेत,NOUN
नटाची,NOUN
पाहात,NOUN
नट,PART
दिग्दर्शकाचं,NOUN
ठेवायचं,NOUN
रंगमंचावर,PP
कळसूत्री,NOUN
बाहुल्यांसारखे,NOUN
वावरणार,NOUN
जितका,NOUN
तेवढ्या,NOUN
मुक्त,NOUN
भराऱ्या,NOUN
नटांच्या,PP
तत्त्वाचा,NOUN
अंगीकार,NOUN
मेहतांच्या,PP
शैलीत,NOUN
दूरदर्शनच्या,PP
थिएटर,NOUN
डिरेक्टर्स,NOUN
ॲट,PART
अभिनेत्रीचा,NOUN
दिग्दर्शकाचा,NOUN
लेखकाचाही,NOUN
मेळ,NOUN
गाईड,NOUN
इम्प्रोव्हायझेशन्स,NOUN
ज्यातून,NOUN
चालेल,NOUN
बोलेल,NOUN
कळू,NOUN
जोडीने,PP
दर्जेदार,NOUN
नाटकं,NOUN
यातलं,NOUN
कुमारी,NOUN
मातांचा,NOUN
हाताळणारं,NOUN
नाट्यस्पर्धेसाठी,PP
वर्षांची,NOUN
आपल्यापेक्षा,NOUN
वयाने,PP
संचाला,PP
दिग्दर्शित,NOUN
संचातले,VERB
संबोधायचे,NOUN
ऐवजी,NOUN
आदरार्थी,NOUN
संबोधन,NOUN
बिरुद,NOUN
कायमचं,NOUN
आयएडीएमध्ये,PP
दुर्गा,NOUN
खोटेंकडे,PP
घरून,NOUN
लग्नाचा,NOUN
औपचारिक,NOUN
घालवण्याचा,NOUN
विजयाबाईंना,NOUN
उपाय,NOUN
सुचवला,PP
हरीन,NOUN
विजयाने,PP
अनौपचारिकपणे,NOUN
भेटावं,NOUN
दोघांनी,NOUN
मनमोकळेपणानं,NOUN
बोलावं,NOUN
ठीक,NOUN
मनमोकळ्या,NOUN
गुरुबरोबरच,NOUN
सासूचीही,NOUN
टेल्कोमध्ये,PP
बड्या,NOUN
हुद्द्यावर,PP
जमशेटपूरला,PP
जनांना,NOUN
नाटकही,NOUN
बसवलं,NOUN
हौसेखातर,NOUN
मानवणारं,NOUN
नाट्यवर्तुळ,NOUN
सलत,NOUN
जमशेटपुरात,NOUN
रमत,NOUN
तब्येत,NOUN
खालावते,NOUN
सासू,NOUN
परतीची,NOUN
गरोदर,NOUN
परतताच,NOUN
टागोर,NOUN
नाटकांची,NOUN
रंगायन,NOUN
पर्वाची,NOUN
पायाभरणी,NOUN
नाट्यनिर्मितीचा,NOUN
रेनेसॉ,NOUN
समविचारी,NOUN
मंडळींनी,NOUN
एकत्रितपणे,NOUN
क्लिशे,NOUN
नाट्यवर्तुळातही,NOUN
झडत,NOUN
त्यामागची,NOUN
बाईंचा,NOUN
श्री,NOUN
पु,PART
भागवत,NOUN
अध्यक्षपद,NOUN
मुंबईतल्या,NOUN
भुलाभाई,NOUN
इन्स्टिट्यूटमध्ये,PP
तरुणपणीची,NOUN
गिरवत,NOUN
तिथूनच,NOUN
नाट्यसंस्थेची,NOUN
प्रयोगशीलता,NOUN
नाविन्य,NOUN
बांधिलकी,NOUN
रंगायनसाठी,PP
वलयं,NOUN
वलयाकडे,PP
वलय,NOUN
सभासद,NOUN
प्रेक्षकांचं,NOUN
वार्षिक,NOUN
वर्गणी,NOUN
कार्यक्रम,NOUN
रुपरेषा,NOUN
त्याबरहुकुम,NOUN
पाडण्याची,NOUN
वर्तुळातल्या,NOUN
सभासदाच्या,PP
मताला,PP
सूचनांना,NOUN
नाट्यसृष्टीतल्या,NOUN
काळाला,PP
पुनरुज्जीवनाचा,NOUN
भरभरून,NOUN
रंगायनने,PP
विषयाचंच,NOUN
प्रयोगातही,NOUN
वैविध्य,NOUN
सभासदांमध्ये,PP
टोकाचे,NOUN
फुटली,VERB
1972,NUM
औपचारिकपणे,NOUN
रंगायनबद्दल,NOUN
मेहतांनी,NOUN
स्पंदन,NOUN
गाठते,NOUN
लयाला,PP
साध्य,NOUN
आयुष्यातल्या,NOUN
रंगायनचं,NOUN
थाटून,NOUN
वर्षंही,NOUN
नसतील,NOUN
अशात,NOUN
छत्तीसाव्या,NOUN
अकस्मात,NOUN
पदरात,NOUN
वैधव्य,NOUN
पतीचं,NOUN
सोडणं,NOUN
हाताने,PP
लय,PART
सगळ्यातून,NOUN
काढताना,NOUN
टच,PART
ब्राईटनेस,NOUN
नाट्यमहोत्सवात,NOUN
शिकायला,PP
तालमींच्या,PP
फरोख,NOUN
मेहतांशी,NOUN
वेश्यावस्तीतल्या,NOUN
कथानकावर,PP
बेतलेलं,NOUN
लंडनला,PP
शकलं,NOUN
संस्कृतीचा,NOUN
घोर,NOUN
कलाकारांचे,NOUN
फर्मान,NOUN
काढल्याचं,NOUN
दार,NOUN
कृष्णमेघाची,NOUN
चंदेरी,NOUN
किनार,NOUN
कॅडबरी,NOUN
मुलांचा,NOUN
लळा,NOUN
विजयाबाईंच्या,PP
मुलांशी,NOUN
स्नेह,NOUN
जुळला,PP
मुलांनी,NOUN
वडिलांची,NOUN
खोटेंच्या,PP
कामानिमित्ताने,PP
वर्षांसाठी,PP
सहपरिवार,NOUN
नाटकांशी,NOUN
परिचय,NOUN
प्रयोगाचं,NOUN
मेहतांचं,NOUN
स्वप्न,NOUN
सत्यात,NOUN
उतरत,NOUN
नाट्यानुभव,NOUN
NCPA,NOUN
इंग्लंडमध्ये,PP
नाटकारांशी,NOUN
नाटकांच्या,PP
शैलींशी,NOUN
पाश्चात्य,NOUN
शैलींचा,NOUN
उमगली,VERB
ऑल्फ्रेड,NOUN
जेरी,NOUN
उबू,NOUN
रुआ,NOUN
नाट्यशैलीत,NOUN
बसवण्याची,NOUN
असाईनमेंट,NOUN
तमाशाच्या,PP
ब्रेश्त,NOUN
जर्मन,NOUN
नाटककाराचं,NOUN
देवाजीने,PP
करुणा,NOUN
भाषांतरित,NOUN
बाईंनी,NOUN
एके,NOUN
जमला,PP
फ्रिट्झ,NOUN
बेनेव्हिट्झशी,NOUN
ब्रेश्तची,NOUN
कॉकेशियन,NOUN
चॉक,NOUN
सर्कल,NOUN
चिं,NOUN
त्र्यं,NOUN
खानोलकर,NOUN
अनुवाद,NOUN
अजब,NOUN
न्याय,NOUN
वर्तुळाचा,NOUN
जर्मनी,NOUN
डेमोक्रॅटिक,NOUN
रिपब्लिक,NOUN
देशांमधल्या,NOUN
देवाणघेवाणीच्या,PP
कराराअंतर्गत,NOUN
पहिलाच,NOUN
जर्मनीतल्या,NOUN
सोळा,NOUN
प्रयोगांमध्ये,PP
डोक्यावर,PP
भास्कर,NOUN
चंदावरकर,NOUN
संगीत,NOUN
वायमार,NOUN
प्रयोगानंतरचा,NOUN
कर्टन,NOUN
मिनिटं,NOUN
खुद्द,NOUN
रंगभूमीवरील,NOUN
स्टेजवर,PP
रसिकांना,NOUN
अभिवादन,NOUN
रसिक,NOUN
रंगभूमीकडे,PP
वळल्या,NOUN
हवंय,NOUN
जास्वंदी,NOUN
अखेरचा,NOUN
हमीदाबाईची,NOUN
कोठी,NOUN
आणलेली,VERB
गाजली,VERB
परदेश,NOUN
दौरेही,NOUN
कालिदासाच्या,PP
शाकुंतल,NOUN
कलाकारांसह,NOUN
याखेरीज,NOUN
मुद्राराक्षस,NOUN
हयवदन,NOUN
नागमंडल,NOUN
नाटकंही,NOUN
अवतरली,VERB
जर्मनीच,NOUN
पोलंड,NOUN
इंग्लंडमध्येही,NOUN
नाटकांचे,NOUN
दौरे,NOUN
1986,NUM
नाट्यपरिषदेचं,NOUN
भूषवलं,NOUN
1988,NUM
नाट्य,NOUN
विद्यालयाच्या,PP
नृत्य,NOUN
संचालकपदाची,NOUN
उचलली,VERB
नाट्यरंगभूमी,NOUN
डोळ्यापुढे,NOUN
नाटकांसंबंधी,NOUN
माध्यमांमध्येही,NOUN
मोलाचं,NOUN
शांकुतल,NOUN
हवेली,VERB
बुलंद,NOUN
थी,PART
हमीदाबाई,NOUN
टेलिफिल्म्स,NOUN
स्मृतिचित्रे,NOUN
रावसाहेब,NOUN
पेस्तनजी,NOUN
बॅरिस्टर,NOUN
नाटकावर,PP
बेतलेला,PP
चित्रपटगृहात,NOUN
सर्वोत्कृष्ट,NOUN
गोखलेंनी,NOUN
बाईंची,NOUN
पसंती,NOUN
अभिनयाच्या,PP
दिग्दर्शनाच्या,PP
शैलीबद्दल,NOUN
लोकसत्ताच्या,PP
आयडिया,NOUN
एक्सचेंज,NOUN
नाटकादरम्यानचा,NOUN
नसायचा,NOUN
वाक्याला,PP
वाक्य,NOUN
पाहायचो,NOUN
घडणाऱ्या,NOUN
ऐकतायत,NOUN
देतायत,NOUN
करतायत,NOUN
शिकलो,NOUN
खुर्चीतून,NOUN
दाखवते,NOUN
विद्यार्थ्याला,PP
स्मृतिचित्रेला,PP
उत्कृष्ट,NOUN
सन्मान,NOUN
1975,NUM
अकादमी,NOUN
पद्मश्रीनेही,NOUN
गौरव,NOUN
बायकांचं,NOUN
बापाईजी,NOUN
सासूने,PP
सांभाळ,NOUN
घरच्या,PP
शकलो,NOUN
आईने,PP
नीटनेटकेपणा,NOUN
शिकवला,PP
दुर्गाबाईंचे,NOUN
पतीही,NOUN
वारले,VERB
डगमगता,NOUN
सूनेला,PP
कामासाठी,PP
प्रोत्साहनच,NOUN
दुरावा,NOUN
अबोला,PP
मेहतांची,NOUN
बापाईजीने,PP
धाकटी,NOUN
अनाहिता,NOUN
सगळ्यांचा,NOUN
बाईंसाठी,PP
स्वीकारण्याचा,NOUN
मोकळा,NOUN
यशात,NOUN
तिघींचं,NOUN
अनेकांचं,NOUN
ऋण,PART
चुकता,NOUN
मेहतांना,NOUN
नाटकाचं,NOUN
कलाक्षेत्रातले,VERB
विजयाबाईंकडे,PP
शिकलोय,NOUN
अभिमानाने,PP
पाटेकरांनी,NOUN
नुकतेच,NOUN
राहायला,PP
मुठीत,NOUN
बाईंचं,NOUN
बोट,NOUN
तोल,NOUN
सांभाळला,PP
चालतोय,NOUN
पांगुळगाडा,NOUN
छान,NOUN
चालायला,PP
लागलीयत,NOUN
अलगद,NOUN
मूठ,NOUN
तशीच,NOUN
वळलेली,VERB
वयाची,NOUN
नव्वदी,NOUN
गाठलेल्या,NOUN
विजयाबाईंची,NOUN
राहण्याची,NOUN
प्रवासाचं,NOUN
गमक,NOUN
विद्यार्थिनी,NOUN
नाटकामधल्या,NOUN
मॅजिकची,NOUN
पद्धतीनी,NOUN
आजमावून,NOUN
कसरत,NOUN
सावित्रीबाई,NOUN
फुलेंच्या,PP
फातिमा,NOUN
दीनबंधु,NOUN
चालवणाऱ्या,NOUN
तानुबाई,NOUN
बिर्जे,NOUN
रोखले,VERB
ब्राह्मण,NOUN
युवकाचे,NOUN
लिंचिंग,NOUN
बायकोचा,NOUN
रोबोट,NOUN
रंगमचांवर,PP
बोल्ड,NOUN
विषयावरचं,NOUN
काहींना,NOUN
टॉय,NOUN
सनसनाटी,NOUN
असेही,NOUN
समजेल,NOUN
झोनमध्ये,PP
शिरलेय,NOUN
मातब्बर,NOUN
साहित्यिकांना,NOUN
स्त्रीलेखिकांना,NOUN
हिणविण्यासाठी,PP
तोडांत,NOUN
चघळायचे,NOUN
च्युंगमही,NOUN
यानिमित्ताने,PP
जाईन,NOUN
शहरी,NOUN
लेखिकांवर,PP
सेक्सशिवाय,NOUN
विषयच,NOUN
आत्महत्या,NOUN
प्रेमभंग,NOUN
धर्मिक,NOUN
वर्णव्यवस्था,NOUN
विषयांइतकाच,NOUN
विषयही,NOUN
जैविक,NOUN
बाईच्या,PP
दृष्टीकोनातून,NOUN
पहावी,NOUN
नाटकाच्या,PP
हेटाळणीचा,NOUN
टवाळकीचा,NOUN
सुखावर,PP
अवंलबून,NOUN
शाररीक,NOUN
स्वास्थ्यावर,PP
बोलायचे,NOUN
आजी,NOUN
सांगायची,NOUN
उन्हाळे,NOUN
पावसाळे,NOUN
पाहिलेली,VERB
नातीला,PP
ऐंशी,NOUN
किवां,NOUN
नव्वदीला,PP
पोहचलेल्या,NOUN
आजीबायांना,NOUN
कळकळून,NOUN
विचारायचे,NOUN
आज्जे,NOUN
तुझ्या,NOUN
मोडक्या,NOUN
कण्याने,PP
झाडाला,PP
पालवी,NOUN
आखडलेल्या,NOUN
सांध्याना,NOUN
फांद्यावरची,NOUN
फळं,NOUN
वेचायला,PP
राखणदार,NOUN
मुक्या,NOUN
वेलींना,NOUN
रखरखीत,NOUN
हातांनी,NOUN
आंजारगोंजारल,NOUN
बायकांनी,NOUN
मनासारखं,NOUN
सुख,NOUN
अनुभवले,VERB
बायकोला,PP
तृप्त,NOUN
काळच्या,PP
पुरूषांच्या,PP
शिवला,PP
प्रघातानुसार,NOUN
मिळावे,NOUN
व्हायची,NOUN
जुन्या,NOUN
काळातील,NOUN
घरकामाला,PP
दुर्गादेवी,NOUN
बैलासारखी,NOUN
राबणारे,NOUN
पायाचे,NOUN
जनावर,PP
वशंसातत्य,NOUN
टिकविण्यासाठीची,NOUN
गर्भाशयाची,NOUN
पिशवी,NOUN
देवधर्माचे,NOUN
परंपरेला,PP
नेणारी,NOUN
सवाष्ण,NOUN
काठी,NOUN
टेकत,NOUN
भुरभुरणाऱ्या,NOUN
आजींबाईना,NOUN
रूक्मिणी,NOUN
शादी,NOUN
क्या,NOUN
हुँआ,NOUN
कौन,NOUN
जीता,NOUN
हारा,NOUN
खिडकीमेंसे,NOUN
देखो,NOUN
रोजा,NOUN
सिनेमातील,NOUN
खट्याळ,NOUN
म्हाताऱ्यांना,NOUN
बायांना,NOUN
विचारला,PP
शरीरसुखाचा,NOUN
घेतांना,NOUN
हरला,PP
जयपराजयाचा,NOUN
इंटरेस्ट,NOUN
संसाराच्या,PP
रहाटगाड्यात,NOUN
शृंगाराचा,NOUN
घेण्याइतका,NOUN
एकांत,NOUN
बायकोंच्या,PP
नशिबी,NOUN
विचारायचा,NOUN
संबधातून,NOUN
मिळणारा,NOUN
अनुभवायची,NOUN
समाजव्यवस्थेने,PP
कालच्या,PP
प्रश्नाच्या,PP
उत्तरातच,NOUN
उद्याच्या,PP
प्रश्नाचे,NOUN
दडलेले,VERB
वर्षापूर्वी,NOUN
गं,PART
आताच्या,PP
पोरींच्या,PP
छात्या,NOUN
वेळेला,PP
चालायचे,NOUN
पुरूषाच्या,PP
स्पर्शसुखाला,PP
आम्हीं,NOUN
द्यायचो,NOUN
सुचवायचे,NOUN
असायचे,NOUN
मजाक,NOUN
मस्ती,NOUN
फोरप्ले,VERB
आलिंगन,NOUN
छूट,NOUN
अंधारात,NOUN
घुशी,NOUN
झुरळ,NOUN
कोपऱ्यात,NOUN
सबंध,NOUN
उरकून,NOUN
टाकायचे,NOUN
मालकाला,PP
तेव्हां,NOUN
मालकाचे,NOUN
इच्छेसाठी,PP
वापरू,NOUN
द्यायचे,NOUN
कुंकवाचा,NOUN
धनी,NOUN
कुंकवाच्या,PP
धन्याचे,NOUN
चाकर,NOUN
नायिकेचे,NOUN
मरणशय्येवर,PP
असतांनाही,NOUN
नवऱ्याला,PP
कुंकू,NOUN
लावा,NOUN
ब्लँक,NOUN
अँन्ड,NOUN
व्हाँईटचा,NOUN
जमाना,NOUN
माणसे,NOUN
स्त्रीला,PP
शरीरसुखाची,NOUN
शकण्याचे,NOUN
सामर्थ्य,NOUN
ठेवते,NOUN
कोणत्याच,NOUN
स्त्रियांचा,NOUN
शरीराविरूद्ध,NOUN
बाईने,PP
जातीत,NOUN
धर्मात,NOUN
करावे,NOUN
लग्नात,NOUN
उदारतेने,PP
तडजोडी,NOUN
सुखी,NOUN
रहावे,NOUN
सुखाच्या,PP
व्हॉट्सअप,NOUN
फेसबुकवर,PP
पोस्टी,NOUN
टाकाव्यात,NOUN
महागडे,NOUN
घ्यावे,NOUN
दागिने,PP
सजवावे,NOUN
नटवावे,NOUN
विक्रीमधून,NOUN
मार्केट,NOUN
इकोनॉमीमध्ये,PP
पैसा,NOUN
खेळता,NOUN
रहावा,NOUN
चंद्राच्या,PP
कलांनुसार,NOUN
भरती,NOUN
आहोटी,NOUN
आगीला,PP
ग्रंथात,NOUN
उर्मींच्या,PP
दमनासाठी,PP
व्यवस्थेकडे,PP
खतना,NOUN
बुरखे,NOUN
विधवा,NOUN
उठूनही,NOUN
पाण्याने,PP
नेमक्या,NOUN
करण्यासाठीच,NOUN
नात्यातल्या,NOUN
बाईला,PP
तरूण,NOUN
वयात,NOUN
आईला,PP
चामडी,NOUN
जळते,NOUN
तुला,PP
आताच,NOUN
कळणार,NOUN
जळजळीत,NOUN
खरेच,NOUN
चामडीच,NOUN
दुर्गंधच,NOUN
सुटतो,NOUN
शरीरसुखाला,PP
मुकलेल्या,NOUN
स्त्रीच्या,PP
शरीराचा,NOUN
ऱ्हास,NOUN
बायकांना,NOUN
नीटसं,NOUN
हिमंत,NOUN
किचन,NOUN
मल्याळी,NOUN
बिचकत,NOUN
सांगतेय,NOUN
कराल,NOUN
डायरेक्ट,NOUN
करतांना,NOUN
चवचाल,NOUN
नजरेने,PP
पाहतो,NOUN
मुलींचा,NOUN
सेक्समधील,NOUN
सांगायला,PP
नकोय,NOUN
पेपरमध्ये,PP
वाचलेला,PP
नांदायला,PP
घरीच,NOUN
पालकांनी,NOUN
विचारणा,NOUN
दबावानंतर,NOUN
घरातल्यापाशी,NOUN
मोकळं,NOUN
पोनोग्राफी,NOUN
त्याप्रकारचा,NOUN
इंटरनेटने,PP
खुलं,NOUN
झालय,NOUN
अस्स,NOUN
आदिम,NOUN
कामप्रेरणेचे,NOUN
रोखठोक,NOUN
पुरूषांना,NOUN
उत्तेजीत,NOUN
बनवलेली,VERB
स्त्रिला,PP
फुलवणारा,NOUN
रोमान्स,NOUN
येवूच,NOUN
शृंगार,NOUN
आवडतो,NOUN
सौदर्यांची,NOUN
पार्टनरने,PP
नजरानजर,NOUN
स्पर्शसुख,NOUN
शब्दातील,NOUN
उत्तेजना,NOUN
काळजीने,PP
पाठीवरून,NOUN
फिरवलेला,PP
मारलेली,VERB
मिठी,NOUN
चुंबनाचे,NOUN
अत्तर,NOUN
सोपांनाना,NOUN
आवेग,NOUN
मैत्रीण,NOUN
गृहदक्ष,NOUN
संसारीही,NOUN
लग्नाला,PP
पंचवीस,NOUN
झालीत,NOUN
लग्नांनतर,NOUN
म्हणाला,PP
घरच्यांच्या,PP
आग्रहामुळे,NOUN
तुझ्याबरोबर,NOUN
दुसरीच,NOUN
शरीरसंबध,NOUN
जबरदस्तीने,PP
कधीतरी,NOUN
संबध,NOUN
ठेवायाला,PP
पाडले,VERB
दोघांचे,NOUN
उर्मीवर,PP
नवऱ्याने,PP
लावणाऱ्या,NOUN
कुटुंबाने,PP
समाजानेच,NOUN
केलाय,NOUN
वर्षानुवर्षै,NOUN
मैत्रीणीसारख्या,NOUN
डिप्रॉयवेशनमधून,NOUN
जॉईन्टपेन,NOUN
डिप्रेशन,NOUN
यांसारखे,NOUN
उद्भवतात,VERB
जागेचे,NOUN
दुखणे,NOUN
तेव्हांच,NOUN
सुचले,VERB
सूचला,PP
मालकीचा,NOUN
मिळविण्यासाठी,PP
गरजेचे,NOUN
गिल्ट,NOUN
बाळगता,NOUN
विनाअट,NOUN
स्वीकार,NOUN
घटस्फोटिता,NOUN
लग्नाआधी,NOUN
प्रियकर,NOUN
विवाहबाह्य,NOUN
ट्रान्सवुमन,NOUN
स्वतःवर,PP
कसलेच,NOUN
कंपलशन,NOUN
ठेवायचे,NOUN
कुणाच्याच,NOUN
द्यायचा,NOUN
मिळविण्याच्या,PP
विवाहव्यवस्थेला,PP
हादरे,NOUN
नुकतीच,NOUN
नांदेडमध्ये,PP
एकोणीस,NOUN
वर्षाच्या,PP
विवाहीत,NOUN
मुलीला,PP
बापानेच,NOUN
प्रियकरासकट,NOUN
मारून,NOUN
मारण्याआधी,NOUN
पाहिल्याने,PP
सासरच्यांनी,NOUN
धिंड,NOUN
काढली,VERB
समाजाची,NOUN
माँरेलिटी,NOUN
लिचींग,NOUN
समाजाच्या,PP
मानसिकतेविरूद्ध,NOUN
पंगा,NOUN
स्त्रीपुरूषांना,NOUN
लग्नाच्या,PP
पिंजऱ्यात,NOUN
कोबांयचे,NOUN
जितके,NOUN
आनंदी,NOUN
राहता,NOUN
येईन,NOUN
तितके,NOUN
पोरबाळ,NOUN
पैदा,NOUN
धनसंपत्ती,NOUN
त्यातच,NOUN
यात्रा,NOUN
पिकनीक,NOUN
फाँरेन,NOUN
टूर,NOUN
सणसमारंभाचे,NOUN
सेलिब्रेशन,NOUN
सेक्सबद्दल,NOUN
अळीमिळी,NOUN
गुपचूप,NOUN
जमेल,NOUN
ढकलायचं,NOUN
समाजात,NOUN
स्त्रिच्या,PP
पुरूषाच्याही,NOUN
सेक्शुलिटीला,PP
शरीरभान,NOUN
सहचरणी,NOUN
नसेन,NOUN
पुरूष,NOUN
हिंसक,NOUN
होवू,NOUN
शारीरप्रेम,NOUN
समजतो,NOUN
महत्वाचे,NOUN
नाटकातील,NOUN
कामसुखाला,PP
नाकारणारा,NOUN
युद्धांमध्ये,PP
रममाण,NOUN
सँडेस्टिक,NOUN
युद्धग्रस्त,NOUN
मानसिकतेमुळे,NOUN
निकोप,NOUN
कामजीवन,NOUN
अनुभवूच,NOUN
बायकोसारखाच,NOUN
आजारी,NOUN
फाँर,NOUN
समाजाचे,NOUN
पीस,NOUN
साठलेले,VERB
कळायला,PP
डोक्यात,NOUN
गोंधळ,NOUN
झालाय,NOUN
वाटतेय,NOUN
ओके,NOUN
फ्लिबँग,NOUN
अमेझॉनवरची,NOUN
सिरीज,NOUN
सिरीजची,NOUN
चुका,NOUN
सावत्र,NOUN
दगावलेली,VERB
बेस्ट,NOUN
फ्रेंड,NOUN
अडकलेली,VERB
बहिण,NOUN
रिकामे,NOUN
भकासपणा,NOUN
सेक्सचा,NOUN
आय़ुष्यात,NOUN
चर्चमधील,NOUN
फादरच्या,PP
प्रेमात,NOUN
पडलेली,VERB
गोळाबेरीज,NOUN
गोष्टीत,NOUN
प्रोटोगोनिस्ट,NOUN
लिहीली,VERB
गेलीय,NOUN
प्रोटॉगोनिस्ट,NOUN
स्वांतत्र्य,NOUN
शिल्पा,NOUN
कांबळे,NOUN
मराठीतील,NOUN
लेखिका,NOUN
लेखनही,NOUN
लेखातील,NOUN
पुरुषांना,NOUN
पाळी,NOUN
समजले,VERB
म्हणण्याची,NOUN
कोर्टावर,PP
खासदारांचं,NOUN
0,NUM
टक्केच,NOUN
स्त्रीची,NOUN
सेक्सची,NOUN
सांगतात26,NOUN
हरमनप्रीत,NOUN
कौरनं,NOUN
टीममेटसह,NOUN
उंचावला,PP
विश्वविजयाचा,NOUN
उरला,PP
क्षणात,NOUN
अनेकांची,NOUN
स्वप्नपूर्ती,NOUN
अनेकींच्या,PP
पंखांना,NOUN
एरवी,NOUN
झोपी,NOUN
गेलेलं,NOUN
पहाट,NOUN
उजाडेपर्यंत,NOUN
रात्रीच्या,PP
राहिल्या,NOUN
चाचपडत,NOUN
आशेचे,NOUN
बनून,NOUN
क्रिकेटमधलं,NOUN
कळत,NOUN
विश्वविजेता,NOUN
ठरल्या,NOUN
पर्यंतचा,NOUN
दशकांचा,NOUN
शतकांचा,NOUN
काटेरी,NOUN
वाटेवरून,NOUN
इथवर,PP
एकमेकींना,NOUN
एकमेकींचं,NOUN
कोडकौतुक,NOUN
एकमेकींसोबत,NOUN
अश्रू,NOUN
ढाळले,VERB
पिढीनं,NOUN
पिढीला,PP
धरलं,NOUN
धरून,NOUN
रस्ता,NOUN
हरमनप्रीतच्या,PP
टीमनं,NOUN
रीना,NOUN
मल्होत्रा,NOUN
अंजुम,NOUN
मिताली,VERB
झुलन,NOUN
गोस्वामी,NOUN
पूर्वसूरींसोबतही,NOUN
तेवढाच,NOUN
जल्लोष,NOUN
डायना,NOUN
एडलजी,NOUN
रंगास्वामी,NOUN
शुभांगी,NOUN
कुणाकुणाची,NOUN
महिलांनी,NOUN
पाया,NOUN
त्यावरच,NOUN
स्मृती,NOUN
शेफाली,VERB
इमारत,NOUN
उभारली,VERB
उभारताना,NOUN
वीट,NOUN
राधा,NOUN
यादवचंच,NOUN
ओमप्रकाश,NOUN
प्रदेशातून,NOUN
लाखोंपैकी,NOUN
उपनगरात,NOUN
कांदिवलीमध्ये,PP
राधाची,NOUN
अमरावती,NOUN
भाज्यांचाछोटासा,NOUN
स्टॉल,NOUN
चालवायचे,NOUN
रोज,NOUN
वेळचं,NOUN
जेवण,NOUN
मिळणंही,NOUN
मुश्किल,NOUN
सातव्या,NOUN
वाचेल,NOUN
याचीही,NOUN
शाळेनं,NOUN
प्रवेशही,NOUN
राधानं,NOUN
खेळण्याचं,NOUN
अख्खं,NOUN
मुलीमागे,NOUN
बहीणही,NOUN
खेळत,NOUN
राधासाठी,PP
तिनंही,NOUN
त्याग,NOUN
गोलंदाजी,NOUN
जेवढ्या,NOUN
उत्कटतेनं,NOUN
पुरुषांचं,NOUN
खेळाडूंकडे,PP
विश्वचषकानंतर,NOUN
बदलताना,NOUN
राधाच,NOUN
प्रत्येकीच्याच,NOUN
फायनलची,NOUN
वर्माला,PP
यावं,NOUN
कापून,NOUN
भासवत,NOUN
मुलांसोबत,NOUN
खेळावं,NOUN
कर्णधार,NOUN
टीममधल्या,NOUN
युवा,NOUN
खेळाडूंची,NOUN
हॅरी,NOUN
दी,PART
मोंगा,NOUN
दुपट्टा,NOUN
गणवेश,NOUN
घालूनच,NOUN
शाळेच्या,PP
खेळायची,NOUN
हरमननं,NOUN
पुढाकारानं,NOUN
हरमनला,PP
रेल्वेतली,VERB
खेळाडूंनी,NOUN
खेळाडूंना,NOUN
आणण्यासाठी,PP
प्रयत्नांपैकी,NOUN
चांगलाच,NOUN
शेफालीसारख्या,NOUN
अनेकींना,NOUN
एकटीनं,NOUN
शोधावी,NOUN
शहरांत,NOUN
खेळतायत,NOUN
किशोरवयीन,NOUN
कुठला,PP
पचत,NOUN
मुंबईतही,NOUN
उतरून,NOUN
सहजच,NOUN
सतरा,NOUN
वर्षांपूर्वीपर्यंत,NOUN
फारसं,NOUN
MIG,NOUN
क्लबमध्ये,PP
2009,NUM
दरमम्यान,NOUN
रॉड्रिग्जचा,NOUN
मिळालेली,VERB
सध्याची,NOUN
स्टार,NOUN
खेळाडूंच्या,PP
जेमिमाच्या,PP
वाट्यालाही,NOUN
खेळाऐवजी,NOUN
दिसण्याची,NOUN
मीडियावरच्या,PP
वावराची,NOUN
ट्रोलिंगलाही,NOUN
खार,NOUN
जिमखान्यात,NOUN
कार्यक्रमांवरून,NOUN
आयोजनांना,NOUN
नसल्यानं,NOUN
जेमिमाचं,NOUN
मानद,NOUN
ट्रोलिंग,NOUN
इन्स्टाग्रामवर,PP
रील्ससोबतच,NOUN
रन्सही,NOUN
जेमिमानं,NOUN
मागच्या,PP
विश्वचषकात,NOUN
संघातून,NOUN
डावललं,NOUN
जेमी,NOUN
फायनलचं,NOUN
ऑलाराऊंडर,NOUN
अमनजोत,NOUN
कौरचे,NOUN
मोहालीत,NOUN
सुतारकाम,NOUN
खेळते,NOUN
नातेवाईकांचे,NOUN
टोमणेही,NOUN
कपमध्ये,PP
अमनजोतचं,NOUN
चित्त,NOUN
ढळू,NOUN
आजीला,PP
हॉर्ट,NOUN
अटॅक,NOUN
प्रतिका,NOUN
रावल,NOUN
ऋचा,NOUN
घोष,NOUN
क्रांती,NOUN
गौड,NOUN
चरणी,NOUN
यांच्यासारख्याच,NOUN
कितीतरी,NOUN
जणी,NOUN
कुटुंबाचा,NOUN
खेळू,NOUN
प्रशिक्षकांचा,NOUN
प्रत्येकीच्या,PP
प्रवासात,NOUN
महतत्त्वाचा,NOUN
महिलांमध्ये,PP
गुणवत्तेची,NOUN
शर्माच्या,PP
भावासोबत,NOUN
मॅच,NOUN
चेंडू,NOUN
तिनं,NOUN
फेकला,PP
मीटरवर,PP
स्टंपवर,PP
आदळला,PP
हेमलता,NOUN
काला,PP
पाहिला,PP
खेळण्याचा,NOUN
नवव्या,NOUN
दीप्तीनं,NOUN
खेळायला,PP
तिच्याच,NOUN
गोलंदाजीनं,NOUN
विजयावर,PP
मापाचं,NOUN
किट,NOUN
मिळवण्यापासूनच,NOUN
सांगलीतल्या,NOUN
मंधानानं,NOUN
भावाचं,NOUN
भावाच्या,PP
जर्सीतूनच,NOUN
मापाचे,NOUN
संधीसोबतच,NOUN
सोयीसुविधांची,NOUN
उणीव,NOUN
खेळांतला,PP
क्रिकेटमधलाही,NOUN
बोलल्या,NOUN
क्रिकेटर्स,NOUN
गर्दीनं,NOUN
भरलेल्या,NOUN
ट्रेनमधून,NOUN
करायच्या,PP
डॉर्मिटरीत,NOUN
जमिनीवरच,NOUN
झोपायच्या,PP
महिलांची,NOUN
बीसीसीआयपेक्षा,NOUN
स्पॉन्सर्सच्या,PP
अभावी,NOUN
पैशाची,NOUN
असायची,NOUN
क्रिकेटला,PP
आयसीसीच्या,PP
अखत्यारीत,NOUN
आणलं,NOUN
भारतातली,VERB
टीमही,NOUN
बीसीसीआयच्या,PP
अखत्यातारीत,NOUN
खेळाच्या,PP
प्रसाराच्या,PP
बाबतीतही,NOUN
बदलू,NOUN
नावंही,NOUN
नसायची,NOUN
खेळणाऱ्या,NOUN
खेळावर,PP
लिहिणाऱ्या,NOUN
पोहोचते,NOUN
तितकीच,NOUN
खेळाडूंसमोरच्या,PP
आव्हानांविषयी,NOUN
जागरुकता,NOUN
झूलन,NOUN
पाळीदरम्यान,NOUN
वेदनांतही,NOUN
राहायच्या,PP
खेळात,NOUN
मॅटर्निटी,NOUN
लीव्ह,NOUN
सारखी,NOUN
धोरणं,NOUN
न्यूझीलंड,NOUN
पकिस्तानातल्या,NOUN
बोर्ड्सनी,NOUN
पुढाकार,NOUN
क्रिकेटमुळे,NOUN
क्रिकेटमधल्या,NOUN
जीवनातल्या,NOUN
आयपीएलच्या,PP
डब्ल्यूपीएल,NOUN
लीगचं,NOUN
लगालं,NOUN
ऑस्ट्रेलियातली,VERB
बिग,NOUN
बॅश,NOUN
लीग,NOUN
क्रिकेटमधली,VERB
आकर्षक,NOUN
स्पर्धा,NOUN
बनली,VERB
डब्ल्यूपीएलनं,NOUN
प्राईजमनीसोबतच,NOUN
नवनव्या,NOUN
मुलींची,NOUN
भारतासारख्या,NOUN
प्रभावशाली,VERB
घडण्याच,NOUN
दूरगामी,NOUN
विसरता,NOUN
गावांत,NOUN
देशांमध्येही,NOUN
क्रिकेटर्ससमोरची,NOUN
खडतर,NOUN
भारतासारखाच,NOUN
आफ्रिकन,NOUN
संघातल्या,NOUN
अनेकींनाही,NOUN
अफगाणिस्तानात,NOUN
परवानगीच,NOUN
उरलेली,VERB
बदलतो,NOUN
फायनल,NOUN
गाठल्यापासून,NOUN
चाकं,NOUN
फिरतायत,NOUN
कपमधल्या,NOUN
क्रिकेटची,NOUN
स्पीडनं,NOUN
हरमनप्रीतनं,NOUN
उचलला,PP
उरलेला,PP
क्षणापासून,NOUN
भारतातलं,NOUN
बदलेलं,NOUN
क्रिकेटचं,NOUN
जगच,NOUN
बदलण्याची,NOUN
नांदी,NOUN
स्पोर्ट्सवुमन,NOUN
इयर,NOUN
नात,NOUN
खेळतात14,NOUN
खेळतात,VERB
पुरुषांच्या,PP
डे,PART
तील,NOUN
धावांचाही,NOUN
विश्वचषकाची,NOUN
जिंकवणाऱ्या,NOUN
अपघातामुळे,NOUN
साताऱ्याकडून,NOUN
मुंबईकडे,PP
लेन,NOUN
काळासाठी,PP
अग्निशमन,NOUN
कक्षात,NOUN
वाहनांनी,NOUN
पेट,NOUN
मिळाल्याचं,NOUN
दलानं,NOUN
गाड्या,NOUN
घटनास्थळी,NOUN
कंटेनर,NOUN
चारचाकी,NOUN
अडकल्याचे,NOUN
दिसलं,NOUN
अडकलेल्या,NOUN
गाडीने,PP
घटनेत,NOUN
कंटेनरमधून,NOUN
नागरिकांकडून,NOUN
कंटेनरने,PP
लागण्याआधी,NOUN
बर्याच,NOUN
धडक,NOUN
दलाचे,NOUN
पोटफोडे,NOUN
यांच्यासह,NOUN
चाळीस,NOUN
जवान,NOUN
तात्या,NOUN
विंचू,NOUN
हसवाफसवी,NOUN
टिपरे,NOUN
साकारणं,NOUN
प्रभावळकरांसाठी,PP
शेअरबाजारातून,NOUN
स्टॉक्सची,NOUN
ETF,NOUN
म्युझियममध्ये,PP
मिनिटात,NOUN
चोरी,NOUN
केल्याप्रकरणी,NOUN
दोघांना,NOUN
सर्बिया,NOUN
स्पेन,NOUN
सांगायचा,NOUN
युरोपात,NOUN
नोकरीसाठी,PP
लाखोंची,NOUN
फसवणूक8,NOUN
निठारी,NOUN
हत्याकांडातील,NOUN
सुरिंदर,NOUN
कोलीला,PP
तुरुंगातून,NOUN
सोडण्यात,NOUN
त्वरीत,NOUN
सोडण्याचे,NOUN
हादरला,PP
गुरुवारी,NOUN
ग्रेटर,NOUN
लुक्सर,NOUN
तुरुंगामध्ये,PP
तुरुंग,NOUN
अधीक्षक,NOUN
ब्रिजेश,NOUN
हत्याकांडाने,PP
हादरवून,NOUN
कोली,VERB
मोनिंदर,NOUN
पंढेर,NOUN
बनवण्यात,NOUN
त्यांच्यावरील,NOUN
आरोपांचे,NOUN
भयंकर,NOUN
गाझियाबादच्या,PP
सीबीआय,NOUN
आरोपींना,NOUN
आरोपांमुळे,NOUN
फाशीची,NOUN
सुनावली,VERB
हत्येशी,NOUN
प्रकरणांत,NOUN
पंढेरविरुद्ध,NOUN
एकटा,NOUN
पंढेरसोबत,NOUN
सहआरोपी,NOUN
पंढेरच्या,PP
घरासमोरील,NOUN
नाल्यात,NOUN
अवयव,NOUN
मुलांचे,NOUN
उजेडात,NOUN
मुलांवर,PP
अवयवांचे,NOUN
नोकर,NOUN
हत्याकांडाच्या,PP
तपासाबाबत,NOUN
कोलीच्या,PP
कबुलीजबाबावर,PP
कोलीने,PP
पोलिसांसमोर,NOUN
कबुलीजबाब,NOUN
प्रसारमाध्यमांनी,NOUN
हॉरर,NOUN
मुलांना,NOUN
मिठाई,NOUN
आकर्षित,NOUN
अवशेष,NOUN
पिशव्यांमध्ये,PP
ठेवल्याचे,NOUN
नरभक्षक,NOUN
नेक्रोफिलियाची,NOUN
हत्याकांडानंतर,NOUN
कामकाजादरम्यान,NOUN
अवयवांच्या,PP
व्यापाराशीही,NOUN
संस्थांच्या,PP
नोएडातील,NOUN
सेक्टर,NOUN
घराजवळील,NOUN
खुल्या,NOUN
जागेत,NOUN
कवटी,NOUN
हाडं,NOUN
सांगाडे,NOUN
तारखेवरूनही,NOUN
नोंदवलं,NOUN
फिर्यादीचा,NOUN
पक्षाने,PP
ह्या,NOUN
हत्येमुळे,NOUN
दुर्लक्षाचा,NOUN
स्वरूपामुळे,NOUN
मानवत,NOUN
हत्याकांड,NOUN
गुप्तधनाचा,NOUN
जणींची,NOUN
निर्घृण,NOUN
फाशीपासून,NOUN
बचावलेले,VERB
आरोपी6,NOUN
अश्विनी,NOUN
बिद्रे,NOUN
अभय,NOUN
कुरुंदकरला,PP
जन्मठेप,NOUN
Y,PART
U,PART
अक्षरांनी,NOUN
हत्येचं,NOUN
गूढ21,NOUN
पुरुषांची,NOUN
पत्नींनी,NOUN
निळी,NOUN
जर्सी,NOUN
कळलं,NOUN
जर्सीचं,NOUN
पाहणारी,NOUN
सर्वसाधारण,NOUN
संघाची,NOUN
संघानं,NOUN
क्रिकेटमधील,NOUN
पंजाबमधील,NOUN
मोगामध्ये,PP
कौरची,NOUN
हरमन,NOUN
हॉकीही,NOUN
डंका,NOUN
वाजतो,NOUN
2025च्या,PP
आयसीसी,NOUN
विश्वचषकाच्या,PP
फेरीत,NOUN
नेतृत्वाखाली,VERB
कौरचा,NOUN
आतापर्यंतचा,NOUN
मोगाच्या,PP
कोचने,PP
मोगा,NOUN
प्रशिक्षक,NOUN
कमलदीश,NOUN
सिंग,NOUN
सोधी,NOUN
मैदानावर,PP
हरमनप्रीतची,NOUN
ओळखली,VERB
भेटीमुळं,NOUN
कौरला,PP
बनण्याचं,NOUN
पंख,NOUN
हरमनप्रीतचे,NOUN
खेळातील,NOUN
कौशल्य,NOUN
वाढवलं,NOUN
रोजच्याप्रमाणे,NOUN
खेळायचं,NOUN
वडिलांना,NOUN
अभ्यासापासून,NOUN
खेळापर्यंतचा,NOUN
देईन,NOUN
व्हॅन,NOUN
सोडेलही,NOUN
मोगापासून,NOUN
वीस,NOUN
ज्योती,NOUN
माध्यमिक,NOUN
शाळा,NOUN
नावाची,NOUN
चालवतात,VERB
हरमनच्या,PP
विनंतीनुसार,NOUN
होकार,NOUN
2007,NUM
आलो,NOUN
लागलो,NOUN
दारापूर,NOUN
संघापर्यंतचा,NOUN
प्रशिक्षणाबद्दल,NOUN
लावायचे,NOUN
बनण्याची,NOUN
झेलचा,NOUN
लावायचो,NOUN
राज्यस्तरीय,NOUN
राष्ट्रीयस्तरावरील,NOUN
खेळली,VERB
संघात,NOUN
यादविंदर,NOUN
स्वभावाबद्दल,NOUN
खेळवायचो,NOUN
त्यामागील,NOUN
तुमच्यापेक्षा,NOUN
बलाढ्य,NOUN
व्यक्तींसोबत,NOUN
सुधारतो,NOUN
फलंदाजीकडं,NOUN
वळली,VERB
प्रशिक्षकांनी,NOUN
फिरकी,NOUN
करायलाही,NOUN
पाडलं,NOUN
घटनेची,NOUN
कलामदीश,NOUN
पटियालामध्ये,PP
स्पर्धेच्या,PP
हरमनने,PP
मारला,PP
मैदानाजवळील,NOUN
घराची,NOUN
काच,NOUN
रागाच्या,PP
भरात,NOUN
मुलीनं,NOUN
त्यानंही,NOUN
प्रोत्साहन,NOUN
आजीचं,NOUN
आजीचंही,NOUN
कलर्स,NOUN
सिनेप्लेक्सला,PP
संघाकडून,NOUN
कामगिरीमुळे,NOUN
कॅप्टन,NOUN
पद,PART
सन्मानित,NOUN
अमरिंदर,NOUN
पंजाबचे,NOUN
साहेबांना,NOUN
पीएचा,NOUN
हरमनचे,NOUN
कुटुंबाला,PP
हरमनप्रीतला,PP
डीएसपी,NOUN
पोलिसांत,NOUN
डब्ल्यूव्ही,NOUN
रमन,NOUN
हरमनसोबत,NOUN
आठवणारी,NOUN
संघासाठी,PP
हरमनमध्ये,PP
कोणाचंही,NOUN
इच्छित,NOUN
ज्यांनी,NOUN
कारकिर्दीत,NOUN
स्वभाव,NOUN
फलंदाज,NOUN
ऑस्ट्रेलियाविरुद्ध,NOUN
171,NUM
सर्वांना,NOUN
आश्चर्यचकित,NOUN
सामन्यामुळं,NOUN
जगाचं,NOUN
वेधून,NOUN
160,NUM
एकदिवसीय,NOUN
4300,NUM
शतकं,NOUN
टी,PART
3600,NUM
अविस्मरणीय,NOUN
खेळीनंतर,NOUN
क्रीडा,NOUN
विराट,NOUN
कोहलीनं,NOUN
ओतला,PP
हरमननंही,NOUN
बॅट,NOUN
तळपत,NOUN
तिच्यासमोर,NOUN
राहू,NOUN
उत्साहानं,NOUN
तिच्यात,NOUN
फटके,NOUN
दडपण,NOUN
खेळाडूही,NOUN
एकजुटीनं,NOUN
मुलींसाठीही,NOUN
कामगिरीनंतर,NOUN
हरताज,NOUN
क्रिकेटपटू,NOUN
मुलींचे,NOUN
महिलांसाठी,PP
फी,PART
प्रेरणास्त्रोत,NOUN
बनत,NOUN
फिटनेसकडं,NOUN
मुलींपेक्षा,NOUN
तंदुरुस्त,NOUN
इतरांपेक्षा,NOUN
रणरागिणींनी,NOUN
वर्ल्डकप,NOUN
वर्मा,NOUN
टीममध्येही,NOUN
सामन्यांसाठी,PP
प्लेयर,NOUN
बनली3,NOUN
तरुणींना,NOUN
पीडितेला,PP
तरुणांनाच,NOUN
आरोपांबाबत,NOUN
पोलिसांविरोधात,NOUN
पुरावा,NOUN
याविरोधातील,NOUN
याचिकेवर,PP
परिक्रमा,NOUN
खोत,NOUN
पुण्यामध्ये,PP
अॅट्रोसिटीचा,NOUN
व्हावा,NOUN
मुलींच्या,PP
लढ्याला,PP
नोंदविण्याचे,NOUN
सेशन,NOUN
याचिका,NOUN
आयुक्तालय,NOUN
ठिय्या,NOUN
मांडून,NOUN
आणल्याचा,NOUN
मुलींवरच,NOUN
नोंदवला,PP
ब्रेक,NOUN
फ्री,NOUN
स्टोरीज,NOUN
पैशानं,NOUN
लेकरू,NOUN
माघारी,NOUN
पुराच्या,PP
आईचा,NOUN
टाहो29,NOUN
टाहो,NOUN
इंडस्ट्री,NOUN
झपाट्याने,PP
गुगल,NOUN
अॅमेझॉन,NOUN
सर्व्हिसेस,NOUN
मेटा,NOUN
कंपन्यांसोबतच,NOUN
टाटा,NOUN
कम्युनिकेशन्स,NOUN
सिफी,NOUN
सेंटर्समध्ये,PP
सेंटर्सना,NOUN
सेंटर्ससाठी,PP
जगाने,PP
भारताकडे,PP
रोख,NOUN
वळवलाय,NOUN
वाढल्याने,PP
वीज,NOUN
सेवांवर,PP
देशांची,NOUN
लष्करं,NOUN
म्युचुअल,NOUN
ETFमध्ये,PP
पृथ्वीच्या,PP
चंद्र,NOUN
फिरणार,NOUN
देशांनी,NOUN
सैन्यावर,PP
सामर्थ्यावर,PP
वाढवलेला,PP
बदलासाठी,PP
ठरतोय,NOUN
नेशन्सनीही,NOUN
राष्ट्रसंघाने,PP
सैन्याचा,NOUN
बदलाशी,NOUN
किमीच्या,PP
दलदलीवरून,NOUN
गोष्ट8,NOUN
F1,PART
2026,NUM
कार्सच्या,PP
परफॉर्मन्सवर,PP
अफगाण,NOUN
रोया,NOUN
करीमीचा,NOUN
मेकअप,NOUN
सोनेरी,NOUN
रंगाच्या,PP
केसांमुळे,NOUN
मिस,NOUN
युनिव्हर्सच्या,PP
फायनलमध्ये,PP
बालविवाह,NOUN
अडचणी,NOUN
बंधनांना,NOUN
झुगारून,NOUN
करीमीने,PP
बॉडीबिल्डिंगच्या,PP
करीमी,NOUN
अफगाणिस्तानमध्ये,PP
किशोरवयात,NOUN
बालविवाहाला,PP
युरोपच्या,PP
टॉप,NOUN
बॉडीबिल्डर्सपैकी,NOUN
आठवड्यात,NOUN
बॉडीबिल्डिंग,NOUN
चॅम्पियनशिपमध्ये,PP
शरीरसौष्ठव,NOUN
कल्पनेपलीकडचा,NOUN
प्रोफेशनल,NOUN
अफगाणिस्तान,NOUN
मुलासोबत,NOUN
नॉर्वेमध्ये,PP
आश्रय,NOUN
आयुष्याला,PP
नर्स,NOUN
इथंच,NOUN
बॉडीबिल्डर,NOUN
बॉडीबिल्डिंगने,PP
बंधनांपासून,NOUN
वर्षानुवर्षे,NOUN
तिच्यावर,PP
लादलं,NOUN
जिमला,PP
आठवतं,NOUN
मोकळेपणाने,PP
व्यायाम,NOUN
अफगाणला,PP
रोयाच्या,PP
आयुष्याची,NOUN
परंपरांच्या,PP
बंधनांविरुद्ध,NOUN
बनवण्याची,NOUN
प्रेरणादायी,NOUN
निर्बंधांमध्ये,PP
जगत,NOUN
बंधनं,NOUN
तालिबानी,NOUN
बिघडली,VERB
नोकऱ्यांपासून,NOUN
सहकाऱ्याशिवाय,NOUN
दूरचे,NOUN
बोलण्याची,NOUN
भाग्यवान,NOUN
परिस्थितीतून,NOUN
शिक्षणासारख्या,NOUN
हक्कांपासून,NOUN
दुःखद,NOUN
हृदयद्रावक,NOUN
जगायचं,NOUN
तालिबान,NOUN
सत्तेमध्ये,PP
येण्यापूर्वीच,NOUN
2011,NUM
सोडण्याचा,NOUN
रोयाचा,NOUN
महिलेसाठी,PP
आठवायच्या,PP
बोलायलाही,NOUN
पोहोचल्यावर,PP
वातावरणात,NOUN
घ्यावं,NOUN
समाजाशी,NOUN
घ्यायचं,NOUN
भागवण्यासाठी,PP
नॉर्वेजियन,NOUN
भाषा,NOUN
शिकावी,NOUN
सुरुवातीचे,NOUN
कष्टाला,PP
रोयाने,PP
नर्सिंगचं,NOUN
ओस्लो,NOUN
कामाला,PP
वळण,NOUN
तिच्यासाठी,PP
इथेच,NOUN
अफगाणीशी,NOUN
जलालुद्दीनशी,NOUN
बॉडीबिल्डिंगशी,NOUN
भेटण्यापूर्वी,NOUN
पाठिंब्यामुळे,NOUN
प्रतिबंधित,NOUN
समजल्या,NOUN
जाण्याचं,NOUN
पुरुषाने,PP
महिलेस,NOUN
साथ,NOUN
महिन्यांपूर्वी,NOUN
नर्सची,NOUN
सोडली,VERB
स्तरावर,PP
सुरु,NOUN
बदलण्याचं,NOUN
स्वातंत्र्याचा,NOUN
आमच्यासमोर,NOUN
इतरांनी,NOUN
आमच्यासाठी,PP
मोडणं,NOUN
रोयाला,PP
अडचणींचा,NOUN
स्टेजवरील,NOUN
बिकिनीमधील,NOUN
खुले,VERB
मानकांपासून,NOUN
निर्बंधाच्या,PP
जीवे,NOUN
मारण्याच्या,PP
धमक्यांचा,NOUN
टीकांकडे,PP
बिकिनी,NOUN
दुखः,NOUN
सहजासहजी,NOUN
मीडियाबद्दल,NOUN
नकारात्मक,NOUN
अफगाणिस्तानच्या,PP
महिलांपर्यंत,NOUN
आवाज,NOUN
घडवण्याचं,NOUN
चॅम्पियनशिपसाठी,PP
बार्सिलोनामध्ये,PP
आधीपेक्षा,NOUN
मिळवायचं,NOUN
एप्रिलमध्ये,PP
स्टोपेरिएट,NOUN
ओपन,NOUN
स्पर्धेत,NOUN
वेलनेस,NOUN
कॅटेगरीत,NOUN
सुवर्ण,NOUN
पदक,NOUN
जिंकलं,NOUN
कॅटेगरीमध्ये,PP
स्नायूंपेक्षा,NOUN
फिटनेस,NOUN
आरोग्यदायी,NOUN
दिसणं,NOUN
साधेपणाला,PP
लगेचच,NOUN
नॉर्वे,NOUN
क्लासिक,NOUN
स्कँडिनेव्हियातील,NOUN
अभिमान,NOUN
सुवर्णपदक,NOUN
स्पर्धांदरम्यान,NOUN
प्रेक्षकांमध्ये,PP
बसलेले,VERB
रोयाचे,NOUN
स्वप्नांची,NOUN
रोयासाठी,PP
मानसिकदृष्ट्या,NOUN
लावायला,PP
गळू,NOUN
वाढले,VERB
बॉडीबिल्डिंगमुळे,NOUN
वेळेआधीच,NOUN
थांबली,VERB
गर्भवतींनी,NOUN
145,NUM
उचलणं,NOUN
व्हीडिओमुळे,NOUN
वाद30,NOUN
महिन्यांची,NOUN
गर्भवती,NOUN
ऑलिंपिकमध्ये,PP
तलवारबाज,NOUN
युवतीचं,NOUN
होतंय,NOUN
कौतुक31,NOUN
रुथ,NOUN
क्लेगRole,NOUN
हेल्थ,NOUN
वेलबिईंग,NOUN
रिपोर्टर,NOUN
बसावं,NOUN
शरीरातला,PP
मज्जातंतू,NOUN
Vagus,NOUN
Nerve,NOUN
सुपरहायवे,NOUN
मेंदूपासून,NOUN
अवयवांपर्यंत,NOUN
पोहोचवतो,NOUN
अस्तित्वही,NOUN
ट्रेन,NOUN
आपल्यासाठी,PP
अजूनच,NOUN
उत्तेजित,NOUN
रीसेट,NOUN
कानात,NOUN
रबरच्या,PP
ब्रशसारख्या,NOUN
वस्तूने,PP
चोळणे,NOUN
डोळ्यांची,NOUN
हालचाल,NOUN
टॅपिंग,NOUN
वजनदार,NOUN
जाकीट,NOUN
गुळण्या,NOUN
वाटणाऱ्या,NOUN
पद्धती,NOUN
सुचवल्या,NOUN
तरुणांमध्ये,PP
बर्नआउट,NOUN
पोस्ट्सना,NOUN
व्ह्यूज,NOUN
स्टॉकपोर्ट,NOUN
मधल्या,NOUN
मेणबत्त्यांनी,NOUN
उजळलेल्या,NOUN
बसून,NOUN
हमिंग,NOUN
लयीत,NOUN
गुणगुणण्यासारखा,NOUN
गुंजारवासारख्या,NOUN
आवाजाचा,NOUN
योगासनात,NOUN
भ्रामरी,NOUN
तसाच,NOUN
काढला,PP
हृदयाची,NOUN
वाटायला,PP
कंपन,NOUN
मेंदू,NOUN
सोमॅटिक्स,NOUN
वर्गात,NOUN
एरियन,NOUN
कोलाइन,NOUN
सौम्य,NOUN
श्वसन,NOUN
झुलणे,NOUN
डोलणे,NOUN
उपायांवर,PP
पद्धतीत,NOUN
शरीराशी,NOUN
जोडून,NOUN
यामागचा,NOUN
सिद्धांत,NOUN
सरधोपट,NOUN
व्यग्र,NOUN
तणावपूर्ण,NOUN
शांतता,NOUN
साराबद्दल,NOUN
माझ्याजवळच,NOUN
चटईवर,PP
पडून,NOUN
वर्षभरापासून,NOUN
सत्रानंतर,NOUN
रडले,VERB
आरोग्याच्या,PP
समस्यांशी,NOUN
झगडते,NOUN
मेंदूचं,NOUN
फ्लॉसिंगच,NOUN
फ्लॉसिंग,NOUN
दातामधल्या,NOUN
फटीमधले,VERB
अन्नकण,NOUN
प्लाक,NOUN
टाकणे,NOUN
मेंदूमध्ये,PP
साचून,NOUN
रोगट,NOUN
भावना,NOUN
मळभ,NOUN
अर्थी,NOUN
शब्दप्रयोग,NOUN
वापरला,PP
जोडीदार,NOUN
झांडर,NOUN
समजायला,PP
शिकवलं,NOUN
दीर्घकाळ,NOUN
नैराश्याशी,NOUN
झगडलो,NOUN
विचारांना,NOUN
दुरुस्त,NOUN
बसण्याऐवजी,NOUN
स्वीकारतो,NOUN
कामातून,NOUN
विश्रांती,NOUN
धावायला,PP
डोंगरात,NOUN
फिरतो,NOUN
मज्जासंस्थेचं,NOUN
लॅटिनमध्ये,PP
विचारणारा,NOUN
अवयवाशी,NOUN
ऑटोनॉमिक,NOUN
नर्व्हस,NOUN
सिस्टम,NOUN
पचन,NOUN
क्रिया,NOUN
नियंत्रित,NOUN
विभागलेली,VERB
सिम्पॅथेटिक,NOUN
फाईट,NOUN
ऑर,PART
फ्लाईट,NOUN
स्थितीला,PP
तिच्यापासून,NOUN
पॅरासिम्पॅथेटिक,NOUN
सायकायट्रिस्ट,NOUN
कन्सल्टंट,NOUN
हामिश,NOUN
मॅकअलिस्टर,NOUN
विल्यम्स,NOUN
आमच्याकडे,PP
vagus,NOUN
nerveचं,NOUN
उद्दिपन,NOUN
आजारांवर,PP
उपयोगी,NOUN
उपकरण,NOUN
बसवावं,NOUN
विद्युत,NOUN
सिग्नल,NOUN
पाठवतं,NOUN
मेंदूत,NOUN
सेरोटोनिन,NOUN
डोपामिन,NOUN
रसायनं,NOUN
मूड,NOUN
युकेच्या,PP
एनएचएसवर,PP
रुग्णांसाठी,PP
उपकरणांची,NOUN
उपकरणं,NOUN
कान,NOUN
छातीवर,PP
लावली,VERB
उपकरणांबाबत,NOUN
उपकरणांमधून,NOUN
स्नायू,NOUN
चरबी,NOUN
ल्युसी,NOUN
लॅम्बर्टने,PP
बर्नआऊट,NOUN
समस्येला,PP
दिलंय,NOUN
हर्बर्ट,NOUN
फ्रॉइडेनबेर्गर,NOUN
1974,NUM
शोधनिबंधात,NOUN
इमोशनल,NOUN
करण्यासारख्या,NOUN
कसोट्यांचा,NOUN
जीवनामुळे,NOUN
पराकोटीचा,NOUN
येणं,NOUN
काळामध्ये,PP
भरपूर,NOUN
जीवनातील,NOUN
आव्हानांशी,NOUN
ठिकाणीच,NOUN
आपल्याशी,NOUN
क्षेत्रातून,NOUN
शिक्षिका,NOUN
तणावामुळे,NOUN
थकले,VERB
जाणवलंच,NOUN
अपुरे,NOUN
पडल्यावर,PP
कानातून,NOUN
दुखायला,PP
लागायचं,NOUN
दिवसातून,NOUN
दोनदा,NOUN
डोकेदुखी,NOUN
कंपनं,NOUN
ख्रिस,NOUN
बार्कर,NOUN
शाखा,NOUN
अनुभवतो,NOUN
प्रणालीतील,NOUN
असंतुलनाचं,NOUN
लक्षण,NOUN
भरमसाठ,NOUN
श्वसनाचे,NOUN
उपायांपूर्वी,NOUN
भावनिक,NOUN
वापरते,NOUN
ध्यान,NOUN
तपासते,NOUN
पाडतं,NOUN
उपकरणांमुळे,NOUN
विश्रांतीमुळे,NOUN
ल्युसीसाठी,PP
स्वशोधासाठी,PP
पडलं,NOUN
मिळवायला,PP
ताणः,NOUN
टाळाल,NOUN
कुणालाच,NOUN
मंत्र,NOUN
व्यायाम3,NOUN
मॅडेलिन,NOUN
हॅलपर्टRole,NOUN
शहराचा,NOUN
महापौर,NOUN
क्षणांतच,NOUN
झोहरान,NOUN
ममदानी,NOUN
अमेरिकेचे,NOUN
कॅमेऱ्याकडे,PP
बघत,NOUN
टर्न,NOUN
व्हॉल्यूम,NOUN
वाढवा,NOUN
मिनिटांनंतर,NOUN
ट्रुथ,NOUN
34,NUM
वर्षीय,NOUN
भविष्य,NOUN
गव्हर्नर,NOUN
अँड्र्यू,NOUN
कुओमो,NOUN
दर्शविला,PP
न्यूयॉर्कनं,NOUN
शहरासाठीचा,NOUN
विजयाच्या,PP
न्यूयॉर्कमध्ये,PP
वाढलेल्या,NOUN
शहराच्या,PP
कारभारात,NOUN
इमिग्रेशन,NOUN
विभागातील,NOUN
छापे,NOUN
वाढवण्याचा,NOUN
कंजेशन,NOUN
प्रायसिंग,NOUN
साठीचा,NOUN
थांबवण्याचा,NOUN
धोरणाला,PP
वाहतूक,NOUN
गर्दीच्या,PP
रस्ते,NOUN
परिसर,NOUN
वापरण्यासाठी,PP
आकारण्याचं,NOUN
विजयानंतरच्या,PP
दाखवू,NOUN
ज्यानं,NOUN
शासित,NOUN
शहरांवर,PP
संघराज्यीय,NOUN
सत्तेचा,NOUN
गार्डच्या,PP
तैनातीपासून,NOUN
इमिग्रेशनवरील,NOUN
कठोरतेपर्यंतचा,NOUN
डॉलर्सचा,NOUN
थांबवला,PP
न्यूयॉर्कसाठी,PP
राखून,NOUN
ठेवलेल्या,NOUN
फंडमधील,NOUN
सुविधांच्या,PP
प्रकल्पांसाठी,PP
कपात,NOUN
आश्वासनांवर,PP
दैनंदिन,NOUN
लोकशाही,NOUN
म्हणवणाऱ्या,NOUN
मोफत,NOUN
जलद,NOUN
बस,PART
घरभाडेवाढीवर,PP
स्थगिती,NOUN
बालसंगोपन,NOUN
किराणा,NOUN
दुकाने,PP
योजनांचे,NOUN
वास्तविकता,NOUN
नवनिर्वाचित,NOUN
महापौरांना,NOUN
विरोधातील,NOUN
निर्णयांचा,NOUN
समस्यांकडे,PP
प्रिन्स्टन,NOUN
ज्युलियन,NOUN
झेलिझर,NOUN
बीबीसीनं,NOUN
डॉलर्सच्या,PP
निधीचा,NOUN
तुटवडा,NOUN
महत्त्वाकांक्षी,NOUN
उद्दिष्टांच्या,PP
पूर्ततेसाठी,PP
आव्हानांचा,NOUN
तज्ज्ञांचा,NOUN
उत्पन्नाच्या,PP
स्तरावरील,NOUN
कॉर्पोरेशन्सवरील,NOUN
वाढवून,NOUN
डॉलर्स,NOUN
उभारू,NOUN
राज्यपालांच्या,PP
मान्यतेची,NOUN
भासेल,NOUN
कॅथी,NOUN
होचुल,NOUN
येण्यासाठी,PP
लढाईचा,NOUN
योजनेला,PP
कचरत,NOUN
समर्थक,NOUN
नेत्या,NOUN
एलिस,NOUN
स्टेफनिक,NOUN
गव्हर्नरपदासाठी,PP
उमेदवारीची,NOUN
निधीमध्ये,PP
बजेटमध्ये,PP
होतील,NOUN
फंडचा,NOUN
बजेटच्या,PP
योजनेची,NOUN
अंमलबजावणी,NOUN
निधीच्या,PP
सिटी,NOUN
इंडिपेंडेंट,NOUN
ऑफिसनुसार,NOUN
गृहनिर्माण,NOUN
आपत्ती,NOUN
निवारण,NOUN
बाल,NOUN
उत्पन्न,NOUN
विद्यार्थ्यांसाठी,PP
इंडिपेंडंट,NOUN
बजेट,NOUN
सारा,NOUN
पार्कर,NOUN
सरकारे,NOUN
संभाव्य,NOUN
परिस्थितींसाठी,PP
पर्यायी,NOUN
कायदेशीररित्या,NOUN
बेघरांना,NOUN
निवारा,NOUN
देण्यासारख्या,NOUN
निधीत,NOUN
राज्याला,PP
भरून,NOUN
काढावी,NOUN
ज्याचा,NOUN
योजनांवर,PP
हार्वर्ड,NOUN
केनेडी,NOUN
स्कूलचे,NOUN
जस्टिन,NOUN
बेनेडिक्टिस,NOUN
कासनर,NOUN
रोखण्याबाबत,NOUN
मिळण्यास,NOUN
विलंब,NOUN
पाठवण्याची,NOUN
सुव्यवस्थेच्या,PP
नावाखाली,VERB
शहरांमध्ये,PP
गार्डला,PP
लॉस,NOUN
एंजेलिस,NOUN
पोर्टलँड,NOUN
वॉशिंग्टन,NOUN
डीसीचा,NOUN
अंमलात,NOUN
न्यूयॉर्कला,PP
राज्यांप्रमाणे,NOUN
देतील,NOUN
इमिग्रेशनशी,NOUN
छाप्यांमध्ये,PP
शिस्तही,NOUN
वाढवू,NOUN
दशकापासून,NOUN
सॅक्चुअरी,NOUN
प्रशासन,NOUN
एजन्सींसोबत,NOUN
न्यायालयांवर,PP
टाकले,VERB
खटल्यादरम्यान,NOUN
शहराचे,NOUN
सध्याचे,NOUN
अडम्स,NOUN
बाबींवर,PP
युगांडाहून,NOUN
म्हणालेत,NOUN
स्थलांतरितांचं,NOUN
स्थलांतरितांनी,NOUN
बांधलं,NOUN
स्थलांतरित,NOUN
ऐका,NOUN
आमच्यापैकी,NOUN
कोणापर्यंतही,NOUN
पोहचण्यासाठी,PP
सर्वांचा,NOUN
प्रूफ,NOUN
बनवणार,NOUN
कोलंबिया,NOUN
बॉब,NOUN
शापिरो,NOUN
जानेवारीमध्ये,PP
पदभार,NOUN
धोरणांना,NOUN
रणनीती,NOUN
महापौरांप्रमाणे,NOUN
स्वीकारू,NOUN
बोस्टनच्या,PP
मिशेल,NOUN
वू,PART
उघडपणे,NOUN
सॅन,NOUN
फ्रान्सिस्कोचे,NOUN
डॅनियल,NOUN
ल्युरी,NOUN
टेक,NOUN
पाठवण्यापासून,NOUN
रिअल,NOUN
इस्टेटमधील,NOUN
कारकीर्द,NOUN
वॉल,NOUN
स्ट्रीटवरील,NOUN
चेहऱ्यांच्या,PP
हस्तक्षेपाला,PP
रोखू,NOUN
प्रूफिंग,NOUN
धोरणात्मक,NOUN
दस्तऐवजात,NOUN
प्रशासनाच्या,PP
हालचालींना,NOUN
टीममध्ये,PP
वकिलांचा,NOUN
हार्वर्डचे,NOUN
अजेंडा,NOUN
राबविण्यासाठी,PP
आव्हानांना,NOUN
ट्रम्पविरोधी,NOUN
मतदारांचा,NOUN
ध्येयाच्या,PP
दिशेनं,NOUN
हुशार,NOUN
विनाकारण,NOUN
ममदानींच्या,PP
नियतीशी,NOUN
ममदानींसोबत,NOUN
सीरियन,NOUN
रमा,NOUN
दुवाजींचीही,NOUN
ममदानींचा,NOUN
आव्हानं,NOUN
मृण्मयी,NOUN
देशपांडेचा,NOUN
मनाचे,NOUN
श्लोक,NOUN
बोल,NOUN
भेटीस,NOUN
नावावरून,NOUN
बराच,NOUN
वादाचा,NOUN
रामदास,NOUN
स्वामी,NOUN
शी,PART
साधणारं,NOUN
प्रदर्शन,NOUN
पाडण्यात,NOUN
महोत्सवा,NOUN
खालिद,NOUN
शिवाजी,NOUN
लाही,NOUN
विरोधाला,PP
तोदेखील,NOUN
शकलेला,PP
चित्रपटसृष्टीला,PP
उर्जितावस्था,NOUN
मिळण्याची,NOUN
कितपत,NOUN
सेन्सॉरकडून,NOUN
संमत,NOUN
सिनेमे,NOUN
झुंडशाहीने,PP
समांतर,NOUN
सत्ताकेंद्रं,NOUN
कलेसाठी,PP
शीर्षकाचे,NOUN
समर्थ,NOUN
ग्रंथाशी,NOUN
दुखावल्या,NOUN
प्रामुख्याने,PP
श्रीसमर्थ,NOUN
मंडळ,NOUN
सज्जनगड,NOUN
समस्त,NOUN
मंडळाने,PP
मनोरंजनाच्या,PP
अथवा,NOUN
काल्पनिक,NOUN
कथानकासाठी,PP
संतपरंपरेशी,NOUN
विसंगत,NOUN
अश्लील,NOUN
विकृत,NOUN
दृश्ये,NOUN
सादरीकरण,NOUN
सरळ,NOUN
राष्ट्रसंत,NOUN
स्वामींच्या,PP
परंपरेचा,NOUN
अवमान,NOUN
शिर्षकातून,NOUN
सुसंगत,NOUN
कोणाच्याच,NOUN
दुखावणार,NOUN
खासकरून,NOUN
छत्रपती,NOUN
संभाजीनगर,NOUN
थिएटर्समध्ये,PP
मोर्चाच्या,PP
उज्वला,PP
आघाडीने,PP
प्राईड,NOUN
आरडाओरडा,NOUN
गदारोळ,NOUN
थिएटरच्या,PP
पोस्टरही,NOUN
फाडण्यात,NOUN
नावाला,PP
देशपांडे,NOUN
शनिवारी,NOUN
प्रदर्शनावरून,NOUN
थांबवत,NOUN
सिनेमाच्या,PP
नावासह,NOUN
यांच्याविरोधात,NOUN
रविवारी,NOUN
अलंकार,NOUN
उरलेलं,NOUN
महाराष्ट्राची,NOUN
हास्यजत्रा,NOUN
सुप्रसिद्ध,NOUN
कार्यक्रमाचे,NOUN
सचिन,NOUN
घडणं,NOUN
दु,PART
खद,PART
प्रत्येकवेळी,NOUN
वर्गांचं,NOUN
गटांचं,NOUN
शासनाने,PP
ठेवलेला,PP
जणांच्या,PP
कमिटीत,NOUN
विचारसरणीचे,NOUN
सद्यस्थितीचा,NOUN
सभ्यतेचा,NOUN
सर्टिफिकेट,NOUN
सगळाच,NOUN
अधिकृतपणे,NOUN
नकळत,NOUN
शासनाचीही,NOUN
गटांचा,NOUN
लादला,PP
आघाडीचे,NOUN
वैद्यदेखील,NOUN
सेन्सॉरसंमत,NOUN
केल्यानंतरही,NOUN
झुंडगिरी,NOUN
कायद्याचं,NOUN
दिल्यानंतर,NOUN
घालण्याची,NOUN
गोस्वामीही,NOUN
आपापली,VERB
कलेवर,PP
लादू,NOUN
कलावंत,NOUN
वैद्य,NOUN
झुंडशाहीविरोधात,NOUN
दुर्दैवाचा,NOUN
फाईल्स,NOUN
सारखे,NOUN
द्वेष,NOUN
पसरवणारे,NOUN
सिनेमेदेखील,NOUN
हादेखील,NOUN
त्यातला,PP
कात्रीमध्ये,PP
बदलता,NOUN
बदलण्याचा,NOUN
हेदेखील,NOUN
समजू,NOUN
सेन्सॉरने,PP
घाबरत,NOUN
कृतीला,PP
केव्हातरी,NOUN
आपल्याही,NOUN
दारापर्यंत,NOUN
पाडणं,NOUN
बदलणं,NOUN
चित्रपटालाही,NOUN
घटनाक्रमांना,NOUN
चित्रपटावेळी,NOUN
टीकात्मक,NOUN
सूरही,NOUN
रसिका,NOUN
मुद्द्यावर,PP
फेसबुक,NOUN
राहीलं,NOUN
कधीना,NOUN
वाटतंय,NOUN
येणारच,NOUN
टीमच्या,PP
मित्रांनो,NOUN
हार,NOUN
मानू,NOUN
महोत्सवातल्या,NOUN
मार्शे,NOUN
March,NOUN
du,PART
Film,NOUN
ट्रेलर,NOUN
नावापासूनच,NOUN
संघटनांनी,NOUN
सिनेमाला,PP
महासंघाने,PP
प्रदर्शनावर,PP
मोरे,NOUN
सिनेमाबाबत,NOUN
पडायचं,NOUN
बाबत,NOUN
राहिल,NOUN
कलाकृतीबाबतचा,NOUN
बोर्डसोबत,NOUN
बदलण्यात,NOUN
सिनेमाचं,NOUN
झुंडशाहीला,PP
मूक,NOUN
अशीही,NOUN
शीर्षक,NOUN
बदलण्याबद्दल,NOUN
सिने,PP
मतकरी,NOUN
बदललं,NOUN
तात्त्विकदृष्ट्या,NOUN
लावत,NOUN
भांडणं,NOUN
निषेध,NOUN
नाईलाजाने,PP
टाळायचं,NOUN
सेन्सॅार,NOUN
चित्रपटसृष्टी,NOUN
एकटादुकटा,NOUN
नायक,NOUN
मनवा,NOUN
श्लोकचा,NOUN
सांगड,NOUN
परिचित,NOUN
वापरलंय,NOUN
अवमानकारक,NOUN
संस्कृती,NOUN
सेन्सॅारनेही,NOUN
संमती,NOUN
नसती,NOUN
सेन्सॅारसंमत,NOUN
बाह्यबळाचा,NOUN
गैर,NOUN
व्यक्तीगतरित्या,NOUN
लिहावेत,NOUN
त्यापलीकडे,PP
झुंडशाहीसमोर,NOUN
ताठ,NOUN
मानेनं,NOUN
टिकून,NOUN
चार्ली,VERB
चॅप्लीन,NOUN
डिक्टेटर,NOUN
सिनेमाचंही,NOUN
क्रिएटीव्हीटीच्या,PP
क्षेत्रामध्ये,PP
झुंडशाहीची,NOUN
त्यासमोर,NOUN
राहण्याचीच,NOUN
दुर्दैवी,NOUN
सिनेमाचे,NOUN
दावरा,NOUN
यांच्याशीही,NOUN
ख,PART
कष्टानं,NOUN
प्रेमानं,NOUN
मेहनतीनं,NOUN
साकार,NOUN
पोहोचावा,NOUN
चीज,NOUN
व्हावं,NOUN
परिक्षण,NOUN
तांत्रिक,NOUN
स्वप्नातदेखील,NOUN
संदर्भच,NOUN
शक्यताही,NOUN
स्वप्नात,NOUN
रॉमकॉम,NOUN
पारिवारिक,NOUN
निखळ,NOUN
करमणूक,NOUN
रिलीजच्या,PP
प्रमोशन,NOUN
गोष्टीवर,PP
प्रतिवाद,NOUN
महिन्यांपासून,NOUN
प्रोसेस,NOUN
निर्मात्यांशी,NOUN
बोलायला,PP
जुमानलं,NOUN
न्यायालयंही,NOUN
गेलीही,NOUN
परवानगीही,NOUN
न्यायालयाला,PP
मानणार,NOUN
सध्याच्या,PP
परिस्थितीबद्दल,NOUN
उत्साहवर्धक,NOUN
प्रेक्षक,NOUN
स्क्रीन,NOUN
मेहनतीने,PP
नाउमेद,NOUN
करण्यासारखं,NOUN
क्लेषकारक,NOUN
दडपशाहीच,NOUN
म्हणावी,NOUN
वैद्यही,NOUN
अवस्थेबाबत,NOUN
रेव्हेन्यूही,NOUN
अक्षरश,NOUN
बंदच,NOUN
घडण्यामुळे,NOUN
दोन्हीही,NOUN
झुंडींच्या,PP
महिना,NOUN
लांबणीवर,PP
अथर्व,NOUN
सुदामे,NOUN
ऐक्याचा,NOUN
रील,NOUN
व्हावे,NOUN
ट्रोल25,NOUN
ट्रोल,NOUN
परदेशातही,NOUN
वऱ्हाडी,NOUN
बाळासाहेब,NOUN
मनसे,NOUN
यांच्यातील,NOUN
भेटीगाठी,NOUN
मातोश्री,NOUN
ठाकरेंची,NOUN
स्नेहभोजनासाठी,PP
व्यासपीठावर,PP
सक्तीच्या,PP
निर्णयाच्या,PP
विरोधाच्या,PP
निमित्तानं,NOUN
हिंदीसक्तीविरोधात,NOUN
मोर्चा,NOUN
काढणार,NOUN
मोर्चाऐवजी,NOUN
मेळावा,NOUN
वरळी,NOUN
डोममध्ये,PP
झेंडा,NOUN
बंधूच,NOUN
आडाखे,NOUN
बांधण्यास,NOUN
भाषणातही,NOUN
आलोय,NOUN
जुलैमध्येच,NOUN
ठाकरेंच्या,PP
वाढदिवसानिमित्त,NOUN
मातोश्रीवर,PP
शुभेच्छा,NOUN
रश्मी,NOUN
आदित्य,NOUN
दादरमधील,NOUN
शिवतीर्थ,NOUN
निवासस्थानी,NOUN
गणपतीच्या,PP
दर्शनाला,PP
महिन्यांतही,NOUN
निवडणुकांच्या,PP
भेटींना,NOUN
महापालिकांच्या,PP
भेटींमुळे,NOUN
मराठीनं,NOUN
बंधू,NOUN
विश्लेषणात्मक,NOUN
बातमी,NOUN
ठाकरेंचं,NOUN
सूचक,NOUN
पक्षासोबतच्या,PP
युतीबद्दलचं,NOUN
तशा,NOUN
चर्चाही,NOUN
रंगतात,VERB
महापालिका,NOUN
चर्चांनी,NOUN
जोर,NOUN
तिसरं,NOUN
भावांनी,NOUN
संकेत,NOUN
दोघंही,NOUN
करुयात,NOUN
भावांची,NOUN
वक्तव्ये,NOUN
नजर,NOUN
टाकुयात,NOUN
एप्रिलला,PP
सिनेदिग्दर्शक,NOUN
युट्यूब,NOUN
चॅनलला,PP
सकारात्मक,NOUN
गोष्टीसाठी,PP
आमच्यातले,VERB
किरकोळ,NOUN
अस्तित्वासाठी,PP
क्षुल्लक,NOUN
त्याच्यामुळे,NOUN
इच्छेचा,NOUN
एकट्याच्या,PP
चित्राकडे,PP
पक्षातल्या,NOUN
काढावा,NOUN
वक्तव्यावर,PP
ठेवायला,PP
मीही,NOUN
हितासाठी,PP
माणसांना,NOUN
येण्याचं,NOUN
भाजपाला,PP
आड,PART
आगत,NOUN
स्वागत,NOUN
पंगतीला,PP
ठरवा,NOUN
मिटवून,NOUN
माझ्याबरोबर,NOUN
हिंदुत्वाचं,NOUN
हित,NOUN
भाजपाबरोबर,NOUN
माणसांनी,NOUN
चोरांना,NOUN
गाठीभेटी,NOUN
शिवरायांसमोर,NOUN
टाळी,NOUN
दिल्याची,NOUN
हाळी,NOUN
बातमीच,NOUN
दोघांच्या,PP
येण्याबद्दल,NOUN
येण्याचा,NOUN
भावांकडून,NOUN
घडू,NOUN
दोघांनाही,NOUN
टिकवायचं,NOUN
येण्याशिवाय,NOUN
निवडणुकीतल्या,NOUN
पराभवामुळे,NOUN
कार्यकर्त्यांमध्ये,PP
निराशा,NOUN
येण्यामुळे,NOUN
पक्षांतील,NOUN
कार्यकर्त्यांचा,NOUN
विश्लेषकांचं,NOUN
महापालिकेत,NOUN
मतांचं,NOUN
टळू,NOUN
मतांचा,NOUN
दोघांचं,NOUN
फायद्याचं,NOUN
तोटे,NOUN
परस्परविरोधी,NOUN
भूमिकेविरोधात,NOUN
एकमेकांकडे,PP
गेलेला,PP
ट्रान्सफर,NOUN
किंतु,NOUN
बदललेल्या,NOUN
भूमिकेमुळे,NOUN
जोडली,VERB
रुचेल,NOUN
ठाकरेंनी,NOUN
मशिदीवरील,NOUN
भोंग्याविरोधात,NOUN
बसू,NOUN
ठाकरेंसोबत,NOUN
काँग्रेसमुळे,NOUN
गमवायचं,NOUN
मतदारांना,NOUN
पटवून,NOUN
हेमंत,NOUN
बाळासाहेबांसारखी,NOUN
पाकिस्तानातल्या,NOUN
मुस्लिमांना,NOUN
भोंग्यांच्या,PP
आवाजाला,PP
नरेटीव्ह,NOUN
युतीचा,NOUN
जायला,PP
उरणार,NOUN
फारशी,NOUN
यांच्याविषयी,NOUN
बोलणारे,NOUN
भरोसा,NOUN
दोघांची,NOUN
विश्वासार्हता,NOUN
अपील,NOUN
बदलतील,NOUN
महापालिकांमध्ये,PP
बंधूंची,NOUN
युतीची,NOUN
चाललीय,NOUN
महापालिकेतील,NOUN
शिवसेनेचा,NOUN
आत्मा,NOUN
शिवसेनेनं,NOUN
मुंबईवर,PP
गाजवली,VERB
हातून,NOUN
निसटू,NOUN
युतीकडे,PP
मुंबईतलं,NOUN
समीकरण,NOUN
बदलेल,NOUN
ठेवायची,NOUN
व्यवस्थित,NOUN
जनतेसमोर,NOUN
मनसेचे,NOUN
नगरसेवक,NOUN
कोणीतरी,NOUN
पळवला,PP
मनसेकडे,PP
कार्यकर्ता,NOUN
उमेदवारामुळे,NOUN
शिंदेंच्या,PP
उमेदवाराचं,NOUN
शिवसेनेकडे,PP
केडर,NOUN
लढायचं,NOUN
आघाड्यांवर,PP
लक्ष्य,NOUN
परप्रांतीय,NOUN
अडचणीचं,NOUN
एकटं,NOUN
लढण्यापेक्षा,NOUN
लढलेलं,NOUN
लढली,VERB
महायुतीला,PP
यायलाच,NOUN
महायुतीपुढचं,NOUN
गडद,NOUN
भाजपचा,NOUN
विखुरलेली,VERB
गुजराती,NOUN
बाजूनं,NOUN
गटात,NOUN
कोकणातल्या,NOUN
निकालावरून,NOUN
कोकण,NOUN
मुंबईचे,NOUN
घनिष्ठ,NOUN
प्रमुखांमध्ये,PP
खालीपर्यंत,NOUN
गटाची,NOUN
अजिबात,NOUN
गटातील,NOUN
मिळतोय,NOUN
सोडायची,NOUN
शिवसेनेच्या,PP
कार्यकर्त्यांना,NOUN
येण्यानं,NOUN
मतविभाजन,NOUN
टाळण्यासाठी,PP
प्रमोद,NOUN
चुंचुवार,NOUN
शिवसेनेचं,NOUN
ठाकरेंमुळे,NOUN
टळेल,NOUN
बंधूंनी,NOUN
शिवसैनिकांच्या,PP
मनातील,NOUN
उद्धवसोबत,NOUN
महायुती,NOUN
सरकारवर,PP
तुटून,NOUN
जागावाटप,NOUN
तोडगा,NOUN
निघाला,PP
आल्यानं,NOUN
एकमेकांचा,NOUN
शिफ्ट,NOUN
परब,NOUN
शिवसेनेविरोधात,NOUN
ठाकरेंकडे,PP
महायुतीसमोर,NOUN
एकट्यानं,NOUN
लढणं,NOUN
महापालिकेच्या,PP
यांच्याकडे,PP
लढायची,NOUN
नाहीतर,NOUN
होतीलच,NOUN
अमित,NOUN
तरुणांमधून,NOUN
ठाकरेंना,NOUN
स्थापनेच्या,PP
वर्षांनंतरही,NOUN
गवसत,NOUN
गणितज्ज्ञ,NOUN
शकुंतला,PP
तारखेला,PP
कन्नड,NOUN
ईश्वरी,NOUN
वरदान,NOUN
लाभल्याचं,NOUN
हस्तरेषा,NOUN
घरातीलच,NOUN
वृद्धानं,NOUN
मुलीचं,NOUN
नृत्यांगणा,NOUN
कुटुंबीयांना,NOUN
कुटुंबाचंच,NOUN
नावही,NOUN
उंचावेल,NOUN
ज्योतिषी,NOUN
बासरी,NOUN
वादक,NOUN
व्यक्तीतच,NOUN
व्यक्तीत,NOUN
अंकांचा,NOUN
गुणाकार,NOUN
सेकंदात,NOUN
गिनीज,NOUN
रेकॉर्डमध्ये,PP
ज्योतिषविद्येतून,NOUN
मोठ,NOUN
रांगा,NOUN
बसत,NOUN
प्रतिभेला,PP
शास्त्रज्ञ,NOUN
प्रश्नांसह,NOUN
पत्ते,NOUN
त्यावेळीच,NOUN
गणितातील,NOUN
हेरली,VERB
वयानं,NOUN
अंक,NOUN
सोडवण्यास,NOUN
गणितातले,VERB
शेजारची,NOUN
मुलंही,NOUN
यांच्याकडेच,NOUN
कुशलता,NOUN
सर्वत्र,NOUN
पसरू,NOUN
म्हैसूर,NOUN
गणितीय,NOUN
ज्ञानाबद्दल,NOUN
होण्याचं,NOUN
सर्कसमध्ये,PP
गणिताच्या,PP
प्रश्नांना,NOUN
सोडवलंत,NOUN
इंग्रजीचंही,NOUN
बोलते,NOUN
नहीय,NOUN
इंग्रजीतून,NOUN
कादंबऱ्याही,NOUN
तामिळमध्ये,PP
कुठलाच,NOUN
करताही,NOUN
लिहिल्यात,NOUN
इतरांशी,NOUN
बोलता,NOUN
शिकत,NOUN
लिहिता,NOUN
वाचता,NOUN
अभ्यासातून,NOUN
ईश्वराची,NOUN
देणगी,NOUN
म्हणणाऱ्या,NOUN
गणिताला,PP
कॉन्सेप्ट,NOUN
लॉजिक,NOUN
गणिताबद्दलचं,NOUN
ज्ञानाची,NOUN
चमक,NOUN
विद्यापीठं,NOUN
रेडिओ,NOUN
टेलिव्हिजन,NOUN
कार्यक्रमातही,NOUN
कॉम्प्युटरच्या,PP
क्षमतेशी,NOUN
188132517,NUM
संख्येचं,NOUN
घनमूळ,NOUN
एम्पेरियल,NOUN
686,NUM
369,NUM
774,NUM
870,NUM
465,NUM
099,NUM
745,NUM
779,NUM
अंकांच्या,PP
निवडल्या,NOUN
संख्येचा,NOUN
शोधायचं,NOUN
संख्यांची,NOUN
गणितं,NOUN
सोडवणाऱ्या,NOUN
कॅलिफोर्निया,NOUN
मानसशास्त्रज्ञ,NOUN
आर्थर,NOUN
जेन्सन,NOUN
गणिताचं,NOUN
वहीत,NOUN
लिहिण्याआधीच,NOUN
बीबीसीलाही,NOUN
सांगतिला,PP
कार्यालयातील,NOUN
अकाऊंट,NOUN
तपासलं,NOUN
ज्योतिषविषयक,NOUN
ज्ञानही,NOUN
रशिया,NOUN
चीन,NOUN
फिरल्या,NOUN
ईश्वरावर,PP
श्रद्धा,NOUN
म्हणायच्या,PP
ईश्वराच्या,PP
देणगीला,PP
एटीएन,NOUN
कॅनडाला,PP
सतारवादनबाबत,NOUN
विमानतळावर,PP
बसली,VERB
थकली,VERB
उशिराचं,NOUN
व्यक्तीकडे,PP
सतार,NOUN
मलाही,NOUN
सतारवादन,NOUN
तुम्हालाही,NOUN
शिकलं,NOUN
माझंही,NOUN
हसलो,NOUN
विमानाच्या,PP
निघाले,VERB
आय,PART
युअर,NOUN
नेम,NOUN
प्लीज,NOUN
ह्युमन,NOUN
कॉम्प्युटर,NOUN
म्हटल्या,NOUN
गणितासह,NOUN
पाककलेवरही,NOUN
होमोसेक्शुअल,NOUN
पुस्तक,NOUN
समलैंगिकतेवर,PP
2013,NUM
बंगळुरूमध्ये,PP
गणितज्ञ,NOUN
नगण्य,NOUN
6174,NUM
जगाला,PP
गणिताचे,NOUN
मास्तर5,NOUN
मास्तर,NOUN
बहरीनमध्ये,PP
आशियाई,NOUN
सनी,NOUN
फुलमाळीने,PP
कुस्तीमध्ये,PP
भारताचं,NOUN
उज्ज्वल,NOUN
झोपडपट्टीतील,NOUN
सनीने,PP
सनीचे,NOUN
दारोदारी,NOUN
बेंटेक्सचे,NOUN
पैशांतून,NOUN
मुलाला,PP
कुस्तीचं,NOUN
वस्तादांनी,NOUN
सनीचं,NOUN
दत्तक,NOUN
पोळ,NOUN
बिहारमधली,VERB
दारूबंदी,NOUN
ग्राऊंड,NOUN
रिपोर्ट9,NOUN
दातांमधल्या,NOUN
कॅव्हिटी,NOUN
कायमस्वरुपी,NOUN
सांगतं,NOUN
नव्हतो,NOUN
इकडे,PP
तिकडे,PP
खर्रा,NOUN
खात,NOUN
नाल्याकडे,PP
झाडांवर,PP
चढत,NOUN
नाल्यातही,NOUN
जुगार,NOUN
फिरायचं,NOUN
कोणाच्या,PP
लोखंड,NOUN
खायचा,NOUN
निशा,NOUN
मरकाम,NOUN
बदललो,NOUN
चेंडूकडे,PP
चेंडूमुळे,NOUN
बदलतंय,NOUN
घराजवळच्या,PP
दररोज,NOUN
क्रिकेटचा,NOUN
गोस्वामीसारखं,NOUN
बॉलर,NOUN
बनायचं,NOUN
बघते,NOUN
तिच्यासारख्या,NOUN
दुपारी,NOUN
वस्तीजवळच्या,PP
बघतात,VERB
ताकदीवर,PP
नागपुरातल्या,NOUN
टूर्नामेंटच्या,PP
विजेते,NOUN
संघालाही,NOUN
हरवलं,NOUN
कुठलंही,NOUN
नसताना,NOUN
उपाशीच,NOUN
झोपतो,NOUN
क्लबच्या,PP
नागपूर,NOUN
शहारातल्या,NOUN
मानेवाडा,NOUN
भागातल्या,NOUN
सिद्धेश्वरी,NOUN
गोंड,NOUN
वस्तीतल्या,NOUN
पिढ्यान्,NOUN
पिढ्या,NOUN
झोपडपट्टीतच,NOUN
वस्तीत,NOUN
मुलभूत,NOUN
सोडाच,NOUN
अन्नही,NOUN
भाषांवर,PP
महाराष्ट्रातल्या,NOUN
गोंडी,NOUN
शाळेला,PP
लागतोय,NOUN
गावानं,NOUN
हायकोर्टाला,PP
38,NUM
कोटींचा,NOUN
खेचून,NOUN
त्यादिवशी,NOUN
भातात,VERB
मीठाचं,NOUN
टाकायचं,NOUN
खायचं,NOUN
शौचासही,NOUN
उघड्यावर,PP
टॉयलेट,NOUN
बांधून,NOUN
दिलेत,NOUN
वस्तीतली,VERB
खेळणारी,NOUN
राशी,NOUN
म्हणतेय,NOUN
बाबा,NOUN
लाकूड,NOUN
तोडायला,PP
नाले,VERB
साफ,NOUN
बोरवेल,NOUN
त्यालाही,NOUN
टँकर,NOUN
शेष,NOUN
नगरला,PP
उन्हात,NOUN
शौचास,NOUN
राशीच्या,PP
बहीण,NOUN
राधाला,PP
मंदानासारखं,NOUN
संघातली,VERB
कुमूद,NOUN
कोहली,VERB
बघतेय,NOUN
वस्तीची,NOUN
मांडणारी,NOUN
वस्तीचं,NOUN
बदलवण्याचं,NOUN
कोणासारखं,NOUN
माझ्यासारखं,NOUN
बनावं,NOUN
खेळून,NOUN
देशासाठी,PP
काढायचं,NOUN
बहिणी,NOUN
राशीची,NOUN
मुलींचं,NOUN
क्रिकेटसाठीची,NOUN
वडिल,NOUN
कुठलीच,NOUN
आयपीएल,NOUN
चॅम्पियन,NOUN
ट्रॉफी,NOUN
बघितली,VERB
झोपडपट्टीत,NOUN
भोगतोय,NOUN
शाळाबाह्य,NOUN
जपानी,NOUN
तीनच,NOUN
सोडल्या,NOUN
रिक्षाही,NOUN
दोनच,NOUN
मनही,NOUN
शाळेकडे,PP
फिरवलेल्या,NOUN
इंग्रजीचे,NOUN
लागल्यात,NOUN
सॉरी,NOUN
थँक्यू,NOUN
वेलकम,NOUN
पटापट,NOUN
हिंदीतून,NOUN
इंग्रजीत,NOUN
शिकल्या,NOUN
सर्वदा,NOUN
संस्थेमुळे,NOUN
खुशाल,NOUN
ढाक,NOUN
पत्र्याची,NOUN
झोपडपट्ट्यांमधल्या,NOUN
भटक्या,NOUN
वस्त्या,NOUN
वस्त्यांमध्येही,NOUN
त्याप्रमाणे,NOUN
वस्तीतही,NOUN
उभारून,NOUN
शून्य,NOUN
वस्त्यांमध्ये,PP
द्यायचं,NOUN
वस्तीही,NOUN
जोडायची,NOUN
कसंतरी,NOUN
पत्र्याचं,NOUN
शेड,NOUN
मुलीपासून,NOUN
भरते,NOUN
गरजेनुसार,NOUN
वाचण,NOUN
वागायचं,NOUN
शिकवल्या,NOUN
पत्र्याच्या,PP
मुलांपेक्षा,NOUN
वस्तीपासून,NOUN
शिकतात,VERB
बोटावर,PP
मोजण्याइतक्या,NOUN
शाळेतच,NOUN
आवडीनं,NOUN
वस्तीतजवळच्या,PP
महिलेची,NOUN
खेळीमेळीच्या,PP
शिकवतात,VERB
शिक्षणात,NOUN
रमल्या,NOUN
रमतील,NOUN
खेळवणं,NOUN
माध्यमातूनच,NOUN
शिक्षणही,NOUN
धावणं,NOUN
कबड्डी,NOUN
फूटबॉल,NOUN
विटी,NOUN
दांडू,NOUN
टूर्नामेंट,NOUN
गिल्ली,VERB
बॉल,NOUN
पकड,NOUN
मागासलेपणा,NOUN
भागणार,NOUN
शिक्षणातही,NOUN
रमणं,NOUN
बे,PART
दुणे,NOUN
बॅटच्या,PP
ए,PART
ॲपल,NOUN
गोडी,NOUN
शिक्षणातला,PP
रमताना,NOUN
वस्ती,NOUN
शेजारच्या,PP
बघण्याचा,NOUN
अभ्यासही,NOUN
करतेय,NOUN
भटकत,NOUN
जापानी,NOUN
बोलतोय,NOUN
बाहेरचे,NOUN
मुलींमध्ये,PP
युनिसेफच्या,PP
आकडेवारीनुसार,NOUN
शाळेपर्यंतही,NOUN
क्रिकेटसारखे,NOUN
शेाळेपर्यंत,NOUN
पोहचवण्यासाठी,PP
शाळेपर्यंत,NOUN
पोहचण्याचा,NOUN
गाठायचा,NOUN
जंगलातली,VERB
जत्रा,NOUN
निसर्गाच्या,PP
पूजेसोबत,NOUN
संविधानाचा,NOUN
जागर,NOUN
होतो8,NOUN
झुंडमध्ये,PP
रिंकू,NOUN
राजगुरू,NOUN
शिकवणारी,NOUN
माहितीये,NOUN
प्रजासत्ताक,NOUN
दिन,NOUN
आदिवासींना,NOUN
संविधानाची,NOUN
व्हावी,NOUN
माडिया,NOUN
कोलाम,NOUN
उद्देशिका,NOUN
परिवर्तनाच्या,PP
चळवळीची,NOUN
प्रबोधनाची,NOUN
दीर्घ,NOUN
नावांपैकी,NOUN
विचारवंत,NOUN
साळुंखेंनी,NOUN
व्यासंगी,NOUN
लेखन,NOUN
मराठीवरील,NOUN
मुलाखतींच्या,PP
मराठीचे,NOUN
अभिजीत,NOUN
अर्धशतकात,NOUN
चार्वाकावर,PP
तुकोबांना,NOUN
चळवळीतील,NOUN
मतभेदांचा,NOUN
शत्रू,NOUN
विवेक,NOUN
स्वातंत्र्याची,NOUN
संपादित,NOUN
महाराष्ट्रातली,VERB
विषमता,NOUN
गरीब,NOUN
राज्यांपेक्षाही,NOUN
विश्लेषण18,NOUN
तुकारामांचा,NOUN
सदेह,NOUN
वैकुंठाला,PP
उन्मादाचा,NOUN
मुकाबला,PP
वारकरी,NOUN
चार्वाक,NOUN
अंधळ्यापणाने,PP
जाणाऱ्यांपैकी,NOUN
गोष्टीकडे,PP
डोळसपणे,NOUN
सांगणाऱ्याचा,NOUN
संस्कार,NOUN
हिताचं,NOUN
पाहतोय,NOUN
नसलेलं,NOUN
लादण्याचा,NOUN
डोळसपणाने,PP
चार्वाकाने,PP
डोळसपणा,NOUN
करण्याला,PP
हाही,NOUN
समतेचा,NOUN
भावला,PP
कर्मकांडापेक्षा,NOUN
माणसाचं,NOUN
आचरण,NOUN
असणं,NOUN
दर्शनातील,NOUN
भावत,NOUN
चार्वाकाच्या,PP
अभ्यासात,NOUN
खोल,NOUN
बातम्यांसाठी,PP
व्हॉट्सअॅप,NOUN
चॅनल,NOUN
जॉईन,NOUN
तुकारामांसाठी,PP
वापरावा,NOUN
चिकित्सक,NOUN
चरित्राकडे,PP
अभंगांना,NOUN
भिडलं,NOUN
तुकारामांची,NOUN
आपल्यापुढे,NOUN
आणली,VERB
जरूर,NOUN
पाहावं,NOUN
वाचावं,NOUN
तुकारामांनी,NOUN
अभंगातून,NOUN
डोळसपणानं,NOUN
पहावं,NOUN
गाथा,NOUN
वाचायला,PP
ध्यानात,NOUN
महान,NOUN
भक्त,NOUN
श्रेष्ठ,NOUN
पैलूंवर,PP
जितकं,NOUN
जितकी,NOUN
अंगावर,PP
अंग,NOUN
व्यवस्थेविरुद्ध,NOUN
विद्रोह,NOUN
स्वतःविरुद्ध,NOUN
हलाखीची,NOUN
वाडवडील,NOUN
सावकारी,NOUN
कर्जखतं,NOUN
भामनाथाच्या,PP
डोंगरावर,PP
चिंतन,NOUN
साक्षात्कार,NOUN
अध्यात्मिक,NOUN
म्हणण्यापेक्षा,NOUN
स्वरुपाचा,NOUN
साक्षात्कारानंतर,NOUN
डोंगरावरून,NOUN
कान्होबा,NOUN
वाटणीला,PP
इंद्रायणीच्या,PP
डोहात,NOUN
बुडवली,VERB
कर्जमुक्त,NOUN
कामा,NOUN
गोरगरिबांची,NOUN
मोडून,NOUN
व्याजावर,PP
चढवून,NOUN
कागदपत्रे,NOUN
असंख्या,NOUN
कर्जातून,NOUN
उपदेश,NOUN
शब्दाविषयी,NOUN
गैरसमज,NOUN
पसरवण्यात,NOUN
शब्दांविषयी,NOUN
तुकारामांविषयी,NOUN
निंदावाचक,NOUN
वास्तविक,NOUN
अन्यायाच्या,PP
लढा,NOUN
देणारा,NOUN
अर्थाने,PP
वापरलेला,PP
सुरुवातीपासून,NOUN
पुढची,NOUN
बुद्धी,NOUN
वापरण्याचा,NOUN
त्याविरोधातही,NOUN
अनिष्ट,NOUN
गोष्टींविरुद्ध,NOUN
स्त्रियांविषयी,NOUN
छाया,NOUN
दातार,NOUN
मैत्रिणींच्या,PP
गटाने,PP
एकत्रित,NOUN
ऋग्वेदापासून,NOUN
शतकापर्यंत,NOUN
स्त्रियांबाबत,NOUN
समाजव्यवस्थेनं,NOUN
धर्मव्यवस्थेनं,NOUN
धर्मग्रथांनी,NOUN
धर्मशास्त्रानं,NOUN
नोंदवण्याचा,NOUN
व्यवस्थेमुळं,NOUN
गर्भात,NOUN
असल्यापासून,NOUN
अंत्यसंस्कार,NOUN
होईपर्यंत,NOUN
कोणकोणत्या,NOUN
अवस्थेतून,NOUN
मांडण्याचा,NOUN
उत्तमरीत्या,NOUN
यांच्यापासून,NOUN
परिवर्तनाची,NOUN
गाडगेबाबा,NOUN
इतरांमुळं,NOUN
परिवर्तनाला,PP
पुस्तकानंतर,NOUN
गोष्टीही,NOUN
चमकताना,NOUN
ऑलिंपिक,NOUN
कुस्ती,NOUN
पुरुषांचा,NOUN
समजला,PP
त्यातही,NOUN
ज्ञानाच्या,PP
क्षेत्रातही,NOUN
चमकत,NOUN
विमान,NOUN
रेल्वे,NOUN
चालवताना,NOUN
लष्करात,NOUN
गोष्टीविषयी,NOUN
मनोगतात,VERB
दुष्परिणाम,NOUN
तंत्रज्ञानाचा,NOUN
वरून,NOUN
समाजावर,PP
स्वाभाविक,NOUN
चाहूल,NOUN
लागलेली,VERB
गंभीरपणे,NOUN
बदलही,NOUN
झालेत,NOUN
विवाह,NOUN
पुनर्विवाह,NOUN
तुरळक,NOUN
होईना,NOUN
शिकू,NOUN
शिक्षणाचं,NOUN
प्रमाणावर,PP
वाढलं,NOUN
बदलाला,PP
परंपरेने,PP
पायात,NOUN
घातलेल्या,NOUN
बेड्या,NOUN
सैल,NOUN
झाल्यात,NOUN
व्यक्तिगणिक,NOUN
तोडून,NOUN
प्राचीन,NOUN
गार्गी,NOUN
उपनिषदात,NOUN
अशीच,NOUN
मुसंडी,NOUN
अपवादात्मक,NOUN
घडायला,PP
समाजासमोर,NOUN
मध्ययुगापासून,NOUN
त्यातलं,NOUN
बसवेश्वरांचं,NOUN
सहस्रकातील,NOUN
क्रांतिकारक,NOUN
बसवेश्वर,PP
बसवाण्णा,NOUN
मंगळवेढा,NOUN
चक्रधरस्वामी,NOUN
जातीभेद,NOUN
अस्पृश्य,NOUN
हातचा,NOUN
प्रसाद,NOUN
उच्चवर्णीय,NOUN
शिष्यांना,NOUN
त्यांच्यामुळे,NOUN
महदंबा,NOUN
कवयित्री,NOUN
ढवळे,NOUN
लिहिलेले,VERB
नामदेव,NOUN
चोखामेळा,NOUN
अभंग,NOUN
लिहायचे,NOUN
बहिणीचा,NOUN
लिहीत,NOUN
जातीतील,NOUN
ज्ञानेश्वर,PP
यांच्यापर्यंत,NOUN
संतांची,NOUN
सामाजिकदृष्ट्या,NOUN
मावळे,NOUN
जाती,NOUN
धर्माचे,NOUN
असावे,NOUN
दक्षता,NOUN
परंपरेत,NOUN
समता,NOUN
माणुसकी,NOUN
अत्यंतिक,NOUN
बुद्धांपासून,NOUN
चार्वाकांपासून,NOUN
महाराष्ट्रालाही,NOUN
लाभली,VERB
यामुळेच,NOUN
प्रांतांच्या,PP
गौरवशाली,VERB
चळवळी,NOUN
चळवळींची,NOUN
बहुसंख्या,NOUN
परिवर्तनवादी,NOUN
चळवळींबरोबर,NOUN
निष्ठेनं,NOUN
काहीशी,NOUN
विस्कळीत,NOUN
काहिशी,NOUN
पिछेहाट,NOUN
चढउतार,NOUN
लाटा,NOUN
जीवनातही,NOUN
चळवळींनी,NOUN
एकोप्यानं,NOUN
आपआपलं,NOUN
स्वतंत्रपणे,NOUN
तत्त्वांच्याबाबत,NOUN
सिद्धांतांच्या,PP
चळवळीनं,NOUN
कशाचं,NOUN
बाळगलं,NOUN
मानणारे,NOUN
चिकित्सा,NOUN
वावरत,NOUN
विपरीत,NOUN
चिकित्सेची,NOUN
पथ्य,NOUN
पाळायचं,NOUN
कार्यकर्त्यांनी,NOUN
कार्यकर्त्यांकडून,NOUN
निंदा,NOUN
कार्यकर्त्यांच्या,PP
शस्त्र,NOUN
भवभुतीने,PP
मतभेदांच्या,PP
पलिकडे,PP
मैत्री,NOUN
टिकवता,NOUN
विचारांनी,NOUN
समाज,NOUN
त्याबाबत,NOUN
विचाराला,PP
लोकांबाबत,NOUN
टोकाचा,NOUN
तुटते,NOUN
बनवलं,NOUN
बाजुला,PP
लिहावी,NOUN
परिवर्तन,NOUN
शास्त्रही,NOUN
कलाही,NOUN
त्यातीलच,NOUN
भौतिकशास्त्र,NOUN
शिकवायचं,NOUN
शिकतो,NOUN
कार्यकर्त्याला,PP
अनुकूल,NOUN
स्वीकारायला,PP
शास्त्र,NOUN
कित्येकदा,NOUN
भावनेच्या,PP
इतरांच्या,PP
कार्यकर्त्यांची,NOUN
मांडत,NOUN
माघार,NOUN
हट्टानं,NOUN
चिकटून,NOUN
लवचिकपणा,NOUN
स्विकारला,PP
गोष्टीचं,NOUN
मांडताना,NOUN
अगोदरच,NOUN
संयमानं,NOUN
टोकाची,NOUN
लवचिकपणानं,NOUN
स्विकारण्यात,NOUN
कार्यकर्त्याने,PP
शिकणं,NOUN
मानतो,NOUN
तत्व,NOUN
वारंवार,NOUN
मस्तकाकडून,NOUN
हृदयाकडे,PP
हृदयाकडून,NOUN
मस्तकाकडे,PP
मस्तकानं,NOUN
समजाऊन,NOUN
सांगण्याचा,NOUN
सुखदुःखात,NOUN
झालेलो,NOUN
नसू,NOUN
त्याच्याविषयी,NOUN
ऐकावं,NOUN
हृदयात,NOUN
प्राप्त,NOUN
नंतरची,NOUN
बंधुता,NOUN
यासारखी,NOUN
मुल्ये,NOUN
सर्वजण,NOUN
व्यक्तिगत,NOUN
कुठल्यातरी,NOUN
एकोपा,NOUN
चळवळींचा,NOUN
बुद्धांचं,NOUN
वचन,NOUN
चळवळीच्या,PP
तंतोतंत,NOUN
बुद्ध,NOUN
कौशंबीच्या,PP
विहारात,NOUN
भिक्खूमध्ये,PP
बुद्धांनी,NOUN
भिक्खूंना,NOUN
पाहतात,VERB
लुबाडू,NOUN
राष्ट्राला,PP
संपत्ती,NOUN
लुटतात,VERB
बसतो,NOUN
स्वार्थासाठी,PP
निघालेले,VERB
तुमच्यात,NOUN
मुल्यांसाठी,PP
सर्वजणच,NOUN
झटत,NOUN
आपल्यात,NOUN
जोडत,NOUN
जोडणं,NOUN
पटकन,NOUN
चिखल,NOUN
हाताला,PP
निघतो,NOUN
मेहंदी,NOUN
फिकी,NOUN
गोंदलेलं,NOUN
निघत,NOUN
माणसांच्या,PP
मेंदूवर,PP
गोंदल्यासारख्या,NOUN
बाहेरून,NOUN
लादलेल्या,NOUN
माणसाला,PP
आपल्यावरचा,NOUN
संस्कारांनी,NOUN
बनलेलं,NOUN
बदलण्यासाठी,PP
हळुवारपणे,NOUN
शस्त्रक्रिया,NOUN
केल्यासारखं,NOUN
काढणं,NOUN
परिवर्तनाबाबत,NOUN
उद्देशानं,NOUN
अहंकारासारख्या,NOUN
प्रसंगी,NOUN
ठेवल्या,NOUN
व्यक्तीपेक्षा,NOUN
चळवळीपेक्षा,NOUN
अस्मिता,NOUN
टोकदार,NOUN
होत्याच,NOUN
अस्पृश्यता,NOUN
अस्मितांबाबत,NOUN
हक्कांची,NOUN
याबाबतीतील,NOUN
समजावून,NOUN
घडण्यासाठी,PP
गोष्टींसाठी,PP
प्रबोधन,NOUN
अंगानं,NOUN
कुणाचा,NOUN
छळणं,NOUN
दबलेले,VERB
बरोबरीने,PP
आपणही,NOUN
कुणावर,PP
जाणिवा,NOUN
प्रगल्भपणे,NOUN
स्वीकारल्या,NOUN
जातीजातीत,NOUN
एकमेकांची,NOUN
भावंडं,NOUN
सगळ्यांचाच,NOUN
विकास,NOUN
आदर्श,NOUN
संकल्पना,NOUN
फुलवण्याची,NOUN
जाति,NOUN
नाकारू,NOUN
गळून,NOUN
पडावं,NOUN
आंबेडकरांनी,NOUN
जातिव्यवस्था,NOUN
अंगांनी,NOUN
महामानवांनी,NOUN
पुस्तकापासून,NOUN
चार्वाका,NOUN
वरही,NOUN
वादांची,NOUN
वादळे,NOUN
पुस्तके,NOUN
धडावर,PP
आमचेच,NOUN
डोके,NOUN
वादालाच,NOUN
दिलेलं,NOUN
हल्ले,VERB
करण्याचाही,NOUN
घेतल्यावर,PP
आलंच,NOUN
वादविवाद,NOUN
टीकाही,NOUN
प्रामाणिकपणे,NOUN
भूमिकेवर,PP
वैफल्यग्रस्त,NOUN
झालो,NOUN
संशोधनापासून,NOUN
व्याख्यानात,NOUN
म्हणालो,NOUN
उच्चारला,PP
अनुभवला,PP
दडपणाला,PP
वागलो,NOUN
सोडावा,NOUN
वस्तूस्थिती,NOUN
भारतातला,PP
मध्यमवर्ग,NOUN
ताजोद्दीन,NOUN
विठ्ठलाला,PP
समर्पित,NOUN
कीर्तनकार5,NOUN
कीर्तनकार,NOUN
अनगडशाह,NOUN
मैत्रीची,NOUN
जीतनराम,NOUN
मांझी,NOUN
कालखंड,NOUN
सोडला,PP
बिहारचे,NOUN
2014च्या,PP
भाजपशी,NOUN
युती,NOUN
लोकसभेची,NOUN
लढवली,VERB
पराभवाला,PP
मुख्यमंत्रिपद,NOUN
सोडणाऱ्या,NOUN
2015मध्ये,PP
पक्षातून,NOUN
130,NUM
आमदारांसोबत,NOUN
भवनात,NOUN
स्थापनेचा,NOUN
लालूप्रसाद,NOUN
कार्यकाळाविरोधात,NOUN
लढून,NOUN
सत्तेवर,PP
कुमारांना,NOUN
कोणाच्यातरी,NOUN
गेल्याशिवाय,NOUN
बनवणं,NOUN
जेपी,NOUN
कर्पूरी,NOUN
हाताखाली,VERB
गिरवलेले,VERB
लालू,NOUN
मोदी,NOUN
यांच्यामुळेच,NOUN
मोदींना,NOUN
प्रचाराचे,NOUN
पंतप्रधानपदाचा,NOUN
नितीशकुमारांना,NOUN
एनडीएमध्ये,PP
राहिलो,NOUN
दुरावतील,NOUN
आरजेडीसोबत,NOUN
लढवण्याचा,NOUN
एनडीएने,PP
जेडीयू,NOUN
राजदसोबत,NOUN
जानेवारीत,NOUN
भाजपसोबत,NOUN
करिअर,NOUN
चढ,PART
उतारांनी,NOUN
जावा,NOUN
स्क्रिप्ट,NOUN
इंजिनिअर,NOUN
बाबू,NOUN
सुशासन,NOUN
बाबूपर्यंतचा,NOUN
पटना,NOUN
लागून,NOUN
बख्तियारपूरमध्ये,PP
1951,NUM
इंजिनिअरिंग,NOUN
कॉलेजमधून,NOUN
इलेक्ट्रिकल,NOUN
इंजिनिअरिंगचं,NOUN
आंदोलना,NOUN
मुशीतून,NOUN
सत्ताकारणात,NOUN
दशक,NOUN
क्लासमेट,NOUN
कुमारः,NOUN
राइज,NOUN
कॉलेजच्या,PP
कपूरच्या,PP
चित्रपटांचे,NOUN
फॅन,NOUN
विषयावर,PP
चेष्टा,NOUN
मस्करीही,NOUN
150,NUM
स्कॉलरशिप,NOUN
मिळायची,NOUN
महिन्याला,PP
मासिकं,NOUN
त्याकाळातल्या,NOUN
स्वप्नवत,NOUN
स्वातंत्र्यसैनिकाचा,NOUN
कायमच,NOUN
राजकारणाकडे,PP
फर्नांडिस,NOUN
छत्रछायेत,NOUN
46,NUM
पार्टीला,PP
लढू,NOUN
वाजपेयी,NOUN
लालकृष्ण,NOUN
अडवाणी,NOUN
के,PART
दिवसांसाठी,PP
दलितांमध्येही,NOUN
मागास,NOUN
जातींसाठी,PP
महादलित,NOUN
बनवला,PP
राबविण्यात,NOUN
शाळेचा,NOUN
युनिफॉर्म,NOUN
देण्यासाठीही,NOUN
राबविल्या,NOUN
दलित,NOUN
जातींचा,NOUN
पासवानांनाही,NOUN
दर्जा,NOUN
दलितांचे,NOUN
रामविलास,NOUN
पासवान,NOUN
दलितांसाठी,PP
कुमारांनी,NOUN
लोकसंख्या,NOUN
कुर्मी,NOUN
समाजातून,NOUN
ज्यांच्याकडे,PP
जातीची,NOUN
व्होट,NOUN
सवर्ण,NOUN
मतदारांची,NOUN
मुस्लिम,NOUN
भलेही,NOUN
विनम्र,NOUN
राजकारण्यांप्रमाणेच,NOUN
सगळ्यांना,NOUN
कोणापासून,NOUN
लपून,NOUN
गांधींजींचा,NOUN
चळवळीला,PP
नेतृत्व8,NOUN
वाजेपर्यंत,NOUN
मतदान11,NOUN
करतानाच,NOUN
रस्त्यात,NOUN
थरार,NOUN
बातमीतील,NOUN
विचलित,NOUN
सुनेनं,NOUN
जाळल्याच्या,PP
घटनेनं,NOUN
आंध्र,NOUN
खळबळ,NOUN
उडालीय,NOUN
विशाखापट्टणम,NOUN
नातवांसोबत,NOUN
सुनेने,PP
चौकशीदरम्यान,NOUN
हत्येची,NOUN
जयंती,NOUN
ललिता,NOUN
सूनेचं,NOUN
ललितानं,NOUN
युट्यूबवर,PP
वृद्ध,NOUN
महिलेला,PP
मारायचं,NOUN
सर्च,NOUN
ललिताने,PP
कनकमहालक्ष्मी,NOUN
विशाखापट्टणाममधील,NOUN
पेंडुर्थी,NOUN
ठाण्याचे,NOUN
विभागाचे,NOUN
एसीपी,NOUN
बीबीसीसोबत,NOUN
सकाळच्या,PP
अप्पणापलेथ,NOUN
वर्षिणी,NOUN
होम्स,NOUN
अपार्टमेंटमधील,NOUN
होरपळून,NOUN
इन्स्पेक्टर,NOUN
सतीश,NOUN
धाव,NOUN
63,NUM
कणगमलक्ष्मी,NOUN
खुर्चीवर,PP
मृतावस्थेत,NOUN
हाता,NOUN
पायावर,PP
बांधल्याच्या,PP
खुणा,NOUN
डोळेदेखील,NOUN
पट्टीने,PP
झाकल्याचं,NOUN
शॉर्ट,NOUN
सर्किटमुळं,NOUN
पोहोचलो,NOUN
टीव्हीच्या,PP
वायरमध्ये,PP
सर्किट,NOUN
लागल्याचं,NOUN
सर्किटचा,NOUN
खेळा,NOUN
पाय,NOUN
बांधले,VERB
डोळ्यांनाही,NOUN
पट्टी,NOUN
बांधली,VERB
टीव्हीचा,NOUN
ललिताच्या,PP
दुखापत,NOUN
झाल्याचंही,NOUN
पुढं,NOUN
पुजारी,NOUN
अपघाताची,NOUN
मिळताच,NOUN
त्याच्याशी,NOUN
बोलल्यानंतर,NOUN
ललितावर,PP
फोनची,NOUN
हिस्ट्रीमध्ये,PP
व्हीडिओची,NOUN
कसून,NOUN
युट्यूबवरून,NOUN
शोधला,PP
मारण्याचा,NOUN
प्लॅन,NOUN
इंटरनेटची,NOUN
हिस्ट्री,NOUN
तपासली,VERB
मारायचे,NOUN
तिच्यावरील,NOUN
बळावला,PP
आपसांत,NOUN
कारणांसाठी,PP
बोलायची,NOUN
रोजच्या,PP
त्रासाला,PP
कंटाळून,NOUN
संपवण्याचा,NOUN
सिंहचलमजवळील,NOUN
पेट्रोल,NOUN
पंपावर,PP
आजीसोबत,NOUN
खेळादरम्यान,NOUN
कनक,NOUN
महालक्ष्मीचे,NOUN
खुर्चीला,PP
डोळ्यावर,PP
पट्टीही,NOUN
खेळाचा,NOUN
सांगितल्यानं,NOUN
सासूनंही,NOUN
ठरवल्याप्रमाणं,NOUN
भासवण्याचा,NOUN
प्रयत्नही,NOUN
आगीच्या,PP
चटक्यांमुळं,NOUN
महालक्ष्मी,NOUN
वेदनेने,PP
जोरात,NOUN
ओरडू,NOUN
सासूच्या,PP
ओरडण्याचा,NOUN
टीव्ही,NOUN
वेळानं,NOUN
जोरा,NOUN
हाका,NOUN
मारू,NOUN
सासुला,PP
वाचवा,NOUN
जळत,NOUN
ललिताचं,NOUN
पोलिसांनाही,NOUN
जाचाला,PP
छळाला,PP
उचलल्यांचं,NOUN
जंयती,NOUN
पतीने,PP
तक्रारीवरून,NOUN
ललिताला,PP
अतिसंवेदनशीलतेमुळं,NOUN
घटनेबाबत,NOUN
विशाखापट्टणमचे,NOUN
जोस्युला,PP
रिती,NOUN
प्रथा,NOUN
पातळीनंतर,NOUN
सहनशीलतेपलिकडे,PP
धाकात,NOUN
लेखणं,NOUN
यामुळं,NOUN
दुखावली,VERB
परिणामांना,NOUN
व्यक्तीमत्त्वाची,NOUN
Type,NOUN
B,PART
C,PART
प्रतिक्रियाशील,NOUN
स्वतःबद्दलच,NOUN
भावनांना,NOUN
महत्व,NOUN
उतार,NOUN
असमर्थ,NOUN
ठरतात,VERB
कृतींचा,NOUN
मुंग्यांसोबत,NOUN
बाळाची,NOUN
घे,PART
विवाहितेनं,NOUN
आत्महत्या8,NOUN
इंग्लंडहून,NOUN
उच्चशिक्षित,NOUN
दांपत्याला,PP
गंडा,NOUN
घालणाऱ्या,NOUN
विधानसभेचा,NOUN
निकालानंतर,NOUN
विद्यमान,NOUN
राखतात,VERB
मारतात,VERB
अनुभवाने,PP
नवखे,NOUN
बाळकडू,NOUN
घरातूनच,NOUN
मिळालंय,NOUN
खेळाला,PP
नुसती,NOUN
पसंतीच,NOUN
नशीबही,NOUN
अजमावलं,NOUN
वळले,VERB
नववीनंतर,NOUN
शिक्षणच,NOUN
सबा,NOUN
करीम,NOUN
क्रिकेटमधून,NOUN
निवृत्ती,NOUN
2001,NUM
राम,NOUN
क्रिक्रेटसंबंधी,NOUN
प्रतिभावान,NOUN
क्रिकेटपटूंना,NOUN
मिळावं,NOUN
दृष्टीनं,NOUN
यांच्यासमोर,NOUN
ठेवले,VERB
लालूजींनी,NOUN
ऐकलं,NOUN
प्रस्तावांना,NOUN
गप्पांदरम्यान,NOUN
मुलाची,NOUN
तेजस्वीची,NOUN
धाकटा,NOUN
त्याच्याकडेही,NOUN
पाटणामध्ये,PP
कँप,NOUN
कँपसाठी,PP
मुलांची,NOUN
जणांमध्ये,PP
यादवही,NOUN
तेजस्वीच्या,PP
आवडीकडे,PP
गांभीर्यानं,NOUN
तेजस्वीकडे,PP
राजकारणाकडेच,NOUN
परतावं,NOUN
लालूंनी,NOUN
बॅटनं,NOUN
खेळलेलं,NOUN
भेटीबद्दल,NOUN
शाळकरी,NOUN
मुलगाच,NOUN
क्रिकेटबद्दलचा,NOUN
सेन्स,NOUN
तेजस्वीशी,NOUN
क्रिकेटबद्दल,NOUN
मारल्या,NOUN
शिकवण्याबद्दल,NOUN
वीरेंद्र,NOUN
सेहवागसारखी,NOUN
बॅटिंग,NOUN
पाटण्यात,NOUN
शिकवायला,PP
अरुंद,NOUN
गल्लीत,NOUN
ट्रेनिंग,NOUN
नेट,NOUN
लावलं,NOUN
मुलामध्ये,PP
खेळाची,NOUN
बॉलिंगसाठी,PP
तंत्र,NOUN
सांगायचो,NOUN
शिकायचा,NOUN
त्याच्यात,NOUN
तेजस्वीमध्ये,PP
क्रिकेटपटूंसोबत,NOUN
मिक्स,NOUN
गर्दी,NOUN
मुख्यमंत्र्यांचा,NOUN
2003,NUM
स्टेडिअममध्ये,PP
प्रॅक्टिसला,PP
एक्सपोजर,NOUN
तेजस्वीला,PP
प्लेअर,NOUN
दाखवण्यासाठी,PP
उतावीळपणा,NOUN
डेअरडेव्हिल्समध्ये,PP
तेजस्वींची,NOUN
प्रसादांसोबत,NOUN
संध्याकाळची,NOUN
विपिन,NOUN
पाटण्यातल्या,NOUN
स्टेट,NOUN
गेस्ट,NOUN
हाऊसमध्ये,PP
जुने,PP
हसताहेत,NOUN
पत्रकारासोबत,NOUN
पोहोचतो,NOUN
व्हीडिओमध्ये,PP
लालूंचा,NOUN
आमच्यासोबत,NOUN
यादवांचा,NOUN
ऐकल्यानंतर,NOUN
मोबाईलवर,PP
सर,PART
लालूजींना,NOUN
आठवल्या,NOUN
लालूजींचं,NOUN
ऐकूनच,NOUN
बनण्याच्या,PP
रूम,NOUN
सर्व्हिसचं,NOUN
1700,NUM
नोकरीत,NOUN
विपिनशी,NOUN
लालूजींसाठी,PP
दाबले,VERB
लालूजी,NOUN
विपिनवा,NOUN
हाथ,NOUN
पैर,NOUN
दबाओ,NOUN
कुमारांनीच,NOUN
रुपयांमध्येच,NOUN
भागवायचो,NOUN
लालूजींचा,NOUN
दरवाजा,NOUN
गरीबांसाठी,PP
बॉलिंग,NOUN
करायचो,NOUN
तेजप्रताप,NOUN
ओळखतात,VERB
ओळखत,NOUN
आठवणींनी,NOUN
भावूक,NOUN
त्यांच्यासारखी,NOUN
तक्रारही,NOUN
यादवांमध्ये,PP
शोधण्याचा,NOUN
निराशेलाच,NOUN
यादवांसारखं,NOUN
शोधणं,NOUN
आरजेडीचे,NOUN
शिवानंद,NOUN
तिवारी,NOUN
वडिलांशी,NOUN
न्याय्य,NOUN
वडिलांबरोबर,NOUN
रामानंद,NOUN
म्हणेन,NOUN
पायाच्या,PP
धुळीसमानही,NOUN
माझ्याहून,NOUN
मुलांचं,NOUN
तेजस्वीचं,NOUN
जडणघडण,NOUN
लालूंच्या,PP
तेजस्वींना,NOUN
भेटणं,NOUN
आरजेडीमध्ये,PP
सद्यस्थितीत,NOUN
रामकृपाल,NOUN
अभिमन्यु,NOUN
सदनात,NOUN
राहीले,VERB
राबडी,NOUN
2004,NUM
रहाण्यासाठी,PP
यांच्याबाबत,NOUN
अर्धवट,NOUN
परिपक्व,NOUN
भावासारखे,NOUN
जगलो,NOUN
पिच्चर,NOUN
रेस्टॉरंट,NOUN
ट्रिप,NOUN
आमच्यातील,NOUN
कायमचा,NOUN
त्यांच,NOUN
क्रिकेटवर,PP
बरच,NOUN
घेरून,NOUN
निष्ठावान,NOUN
पाटलीपुत्र,NOUN
लोकसभेच,NOUN
आरजेडीकडून,NOUN
मीसा,NOUN
भारती,NOUN
वडिलांसाठी,PP
तिकीटाची,NOUN
सन्मानाची,NOUN
राबडीदेवी,NOUN
लढवण्यासाठी,PP
इच्छुक,NOUN
आरजेडीसाठी,PP
कुटुंबीयांसाठी,PP
नसावी,NOUN
घेण्यामागे,NOUN
करण्यापलीकडे,PP
ज्याठिकाणी,NOUN
त्याठिकाणी,NOUN
आमंत्रण,NOUN
बहिणीच्या,PP
पाठवण्याचा,NOUN
यांच,NOUN
वळवण्याचा,NOUN
सर्वकाही,NOUN
कुटुंबीयांशी,NOUN
आठवतात,VERB
बोलताच,NOUN
इंटरव्हू,NOUN
बेडरूममध्ये,PP
पलंगाच्या,PP
भिंतीवर,PP
टांगण्यात,NOUN
लावलाय,NOUN
पुढेही,NOUN
राहणार,NOUN
राघोपूरमधून,NOUN
नीतीश,NOUN
बनलेले,VERB
उलटली,VERB
हातमिळवणी,NOUN
महिन्यातच,NOUN
उपमुख्यमंत्रिपदाची,NOUN
खुर्ची,NOUN
सोडावी,NOUN
विरोधीपक्षनेते,NOUN
वाटचालीत,NOUN
भ्रष्टाचाराचे,NOUN
आयआरसीटीसी,NOUN
घोटाळ्यात,NOUN
जामीन,NOUN
पाटण्यातील,NOUN
जमीनीचं,NOUN
मॉल,NOUN
हॉटेल,NOUN
कॉन्ट्रॅक्ट,NOUN
त्याबदल्यात,NOUN
महागडा,NOUN
प्लॉट,NOUN
सीबीआयच्या,PP
पहिल्यांना,NOUN
आरजेडी,NOUN
नेत्याच्या,PP
किंमतीत,NOUN
नीतीन,NOUN
भाजपवर,PP
फसवण्याचा,NOUN
षडयंत्र,NOUN
रचणारा,NOUN
आरजेडीसोबतची,NOUN
मुलाखती,NOUN
आंतरजातीय,NOUN
वडिलांच्या,PP
मनाप्रमाणे,NOUN
सांगतील,NOUN
रेचल,NOUN
गोडिनो,NOUN
प्रेमविवाह,NOUN
मुलायम,NOUN
अखिलेश,NOUN
वडिलांपेक्षा,NOUN
समजदार,NOUN
हिंमतवान,NOUN
सावलीतून,NOUN
प्रवक्ते,NOUN
घनश्याम,NOUN
त्याचप्रकारचे,NOUN
21व्या,NOUN
शतकातील,NOUN
पाहिली,VERB
चेहरे,NOUN
एरॉन,NOUN
काळानुरूप,NOUN
लॅपटॉप,NOUN
एक्स्प्रेस,NOUN
वे,PART
इंग्रजीच्या,PP
स्पार्क,NOUN
दाखवतील,NOUN
दबंग,NOUN
रामा,NOUN
वीणा,NOUN
चेतन,NOUN
रघुवंश,NOUN
येण्याला,PP
वाटपाकडे,PP
व्यूहरचना,NOUN
डीपी,NOUN
निसटलेलं,NOUN
नेतृत्वाला,PP
कोणीच,NOUN
गेल्यावर्षी,NOUN
समर्थकांना,NOUN
नाकारल्यानंतर,NOUN
मोहीम,NOUN
उघडली,VERB
आरजेडीचं,NOUN
प्रेमकुमार,NOUN
मणि,NOUN
आपत्यांपैकी,NOUN
राहुल,NOUN
गांधींपेक्षा,NOUN
प्रियांका,NOUN
समजूद्दार,NOUN
सोनिया,NOUN
पडतील,NOUN
भितीने,PP
बूजून,NOUN
यांच्याबाबतीत,NOUN
राज्यसभेच्या,PP
चळवळींमधून,NOUN
बिहारने,PP
राजकारणाला,PP
दिली1,NOUN
चिराग,NOUN
पासवानांचा,NOUN
नितिश,NOUN
कुमारांवर,PP
निशाणा,NOUN
खांद्यावरची,NOUN
बंदूक,NOUN
कोणाची,NOUN
काटकर,NOUN
अल्पेश,NOUN
करकरेRole,NOUN
करकरे,NOUN
प्रबोधनकार,NOUN
देवळांचा,NOUN
देवळे,NOUN
पुस्तकामुळे,NOUN
वादाला,PP
झालीय,NOUN
सेवानिवृत्तीच्या,PP
कर्मचाऱ्यानं,NOUN
फेकत,NOUN
पुस्तकाला,PP
हातही,NOUN
लावणार,NOUN
कस्तुरबा,NOUN
घटनेचा,NOUN
फुटलंय,NOUN
नवनिर्माण,NOUN
सेनाही,NOUN
आमचे,NOUN
जाब,NOUN
विचारतील,NOUN
संदीप,NOUN
कक्ष,NOUN
सेवानिवृत्तीचा,NOUN
त्यापूर्वी,NOUN
सेवानिवृत्तीवेळी,NOUN
भेटवस्तू,NOUN
आंबेडकरी,NOUN
विचारांचे,NOUN
युनियनमध्येही,NOUN
समाजप्रबोधनपर,NOUN
दिनकरराव,NOUN
जवळकर,NOUN
दुश्मन,NOUN
जवळकरांची,NOUN
रुग्णालयाच्या,PP
अधिसेविका,NOUN
माया,NOUN
गिरी,NOUN
बोलावण्यात,NOUN
परिचारिका,NOUN
श्रीजा,NOUN
सावंत,NOUN
बुरांबे,NOUN
देण्याबाबत,NOUN
प्रकाराचा,NOUN
परिचारिकेनं,NOUN
बोलावून,NOUN
आवाजात,NOUN
व्हीडिओतून,NOUN
ऐकू,NOUN
विचारताच,NOUN
तेवढ्यात,NOUN
अडवत,NOUN
गिफ्ट,NOUN
देताय,NOUN
धर्माबद्दल,NOUN
वस्तू,NOUN
धर्माकडून,NOUN
सेंडऑफ,NOUN
घेऊही,NOUN
माफीही,NOUN
प्रबोधनकारांची,NOUN
माझेच,NOUN
आपलीच,NOUN
तथ्य,NOUN
घटनेसंदर्भात,NOUN
आरोपासंदर्भात,NOUN
कार्यक्रमावर,PP
जुलैला,PP
विचारण्याचा,NOUN
टाकण्यात,NOUN
दशकं,NOUN
कर्मचाऱ्यांच्या,PP
उठवला,PP
त्यांच्याबाबतच,NOUN
घडल्यानं,NOUN
प्रकारानंतर,NOUN
आठवड्यातच,NOUN
प्रशासनाकडे,PP
अधीक्षकांनी,NOUN
अधिकाऱ्याचा,NOUN
अभिप्राय,NOUN
पोलिसात,NOUN
झटकल्याचा,NOUN
प्रकरणाबाबत,NOUN
भायखळ्यातील,NOUN
आग्रीपाडा,NOUN
एनसी,NOUN
यांनीही,NOUN
निलंबनाची,NOUN
मनसेनं,NOUN
प्रशासनाची,NOUN
पदाधिकाऱ्यांनी,NOUN
पदाधिकारी,NOUN
सांडव,NOUN
व्हीडिओबद्दल,NOUN
करणाऱ्यांवर,PP
भेटलो,NOUN
बृहन्मुंबई,NOUN
महानगरपालिका,NOUN
एससी,NOUN
एसटी,NOUN
व्हिजेएनटी,NOUN
एसबीसी,NOUN
ओबीसी,NOUN
एम्प्लॉईज,NOUN
असोसिएशननं,NOUN
आयुक्तांना,NOUN
अभिव्यक्ती,NOUN
गळचेपी,NOUN
कर्मचाऱ्याशी,NOUN
परिचारिक,NOUN
कर्मचाऱ्यांवर,PP
संघटनेचे,NOUN
बापरेकर,NOUN
ठाकरेकृत,NOUN
नवमतवादी,NOUN
माला,PP
पुस्तकातून,NOUN
प्रबोधनकारांनी,NOUN
धर्मचिकित्सा,NOUN
लिखाणाचाच,NOUN
गाभा,NOUN
अंधश्रद्धांचे,NOUN
टीकाकार,NOUN
वाङमय,NOUN
खंड,NOUN
पुस्तकाचा,NOUN
कार्याचे,NOUN
बहुजनवादी,NOUN
हिंदुत्व,NOUN
गणपतीची,NOUN
मूर्तीच,NOUN
फोडून,NOUN
टाकण्याची,NOUN
शेंडी,NOUN
जानव्याचं,NOUN
हिंदुत्व20,NOUN
इ,PART
भागातले,VERB
क्षेत्रफळाच्या,PP
तिसरे,NOUN
लोकसंख्येच्या,PP
विकसनशिल,NOUN
राज्यांपैकी,NOUN
राज्याची,NOUN
गोवा,NOUN
दादरा,NOUN
केंद्रशासित,NOUN
प्रदेशांशी,NOUN
जोडलेली,VERB
पश्चिमेला,PP
अरबी,NOUN
७२०,NUM
कि,PART
११,NUM
उपराजधानी,NOUN
मध्ययुगीन,NOUN
सातवाहन,NOUN
राजवंश,NOUN
राष्ट्रकूट,NOUN
चालुक्य,NOUN
मुघल,NOUN
मराठ्यांच्या,PP
साम्राज्याचा,NOUN
१,NUM
१८,NUM
८०९,NUM
चौरस,NOUN
मैल,NOUN
३,NUM
०७,NUM
७१३,NUM
राज्यांना,NOUN
समुद्र,NOUN
जगद्गुरू,NOUN
ज्ञानेश्र्वर,PP
मुक्ताई,NOUN
संतांचा,NOUN
लाभला,PP
राज्यास,NOUN
भूमी,NOUN
असेदेखील,NOUN
म्हणले,VERB
पंढरपूर,NOUN
आराध्य,NOUN
दैवत,NOUN
येथूनच,NOUN
गाजविणारे,NOUN
महाराष्ट्रातले,VERB
साम्राज्याविरुद्ध,NOUN
हिंदवी,NOUN
स्वराज्याची,NOUN
जिजाऊ,NOUN
माताचे,NOUN
सिंदखेड,NOUN
आणित्यांचे,NOUN
सासा,NOUN
जेथे,NOUN
शिवनेरी,NOUN
रज्याला,PP
खुप,NOUN
शेगाव,NOUN
गजानन,NOUN
संस्थान,NOUN
स्वच्छतेसाठी,PP
तेथील,NOUN
सुविधांसाठी,PP
प्रेक्षणीय,NOUN
स्थळ,NOUN
पर्यकांचे,NOUN
निसर्ग,NOUN
लाभलेला,PP
मुख्यतः,NOUN
कपास,NOUN
ज्वारी,NOUN
गहू,NOUN
सोयाबीन,NOUN
हरभरा,NOUN
यासारखे,NOUN
पिकांचा,NOUN
ऋग्वेदामध्ये,PP
संबोधले,VERB
अशोकाच्या,PP
राष्ट्रिक,NOUN
चिनी,NOUN
प्रवाशी,NOUN
ह्युएन,NOUN
त्सांग,NOUN
प्रवाशांच्या,PP
नोंदींवरून,NOUN
प्राकृत,NOUN
भाषेतील,NOUN
महाराष्ट्री,NOUN
शब्दावरून,NOUN
असण्याची,NOUN
काहींच्या,PP
होय,NOUN
शब्दाचा,NOUN
मर,PART
रट्टा,NOUN
लावतात,VERB
महाकांतार,NOUN
दंडकारण्य,NOUN
अपभ्रंश,NOUN
चक्रधर,NOUN
महन्त्,NOUN
म्हणूनी,NOUN
बोलिजे,NOUN
विषयाचा,NOUN
पहा,NOUN
स्थळांचा,NOUN
पर्वत,NOUN
ग्रंथामध्ये,PP
आढळतो,NOUN
साधनातून,NOUN
शतकापासून,NOUN
महाराष्ट्राबद्दल,NOUN
विभागाचा,NOUN
कालखंडानुसार,NOUN
जनपद,NOUN
मगध,NOUN
मौर्य,NOUN
वाकाटक,NOUN
राष्ट्रकुट,NOUN
देवगिरीचे,NOUN
अल्लाउद्दीन,NOUN
खिलजी,NOUN
मुहम्मद,NOUN
बिन,NOUN
तुघलक,NOUN
पोर्तुगीज,NOUN
विजापूर,NOUN
मराठा,NOUN
हैदराबादचा,NOUN
निजाम,NOUN
इंग्लिश,NOUN
राज्यकर्त्यांनी,NOUN
कालखंडांत,NOUN
व्यापले,VERB
भाषेच्या,PP
वापराच्या,PP
कालखंडाबद्दल,NOUN
दंडकारण्याचा,NOUN
महाराष्ट्रावर,PP
कालखंडात,NOUN
शालिवाहन,NOUN
साम्राज्याच्या,PP
विघटनानंतर,NOUN
पू,PART
२३०,NUM
२२५,NUM
सातवाहनांच्या,PP
रूपांतरीत,NOUN
सातवाहनांची,NOUN
राजभाषा,NOUN
७८,NUM
राज्यकर्ता,NOUN
गौतमीपुत्र,NOUN
सातकर्णी,NOUN
शातकारणी,NOUN
शक,PART
पंचांग,NOUN
रूढ,NOUN
देवगिरीच्या,PP
यादवांनी,NOUN
१३व्या,NOUN
शतकात,NOUN
प्रथमच,NOUN
इस्लामी,NOUN
सत्तेखाली,VERB
दिल्लीचे,NOUN
दख्खनचे,NOUN
काबीज,NOUN
१३४७,NUM
तुघलकांच्या,PP
पडावानंतर,NOUN
विजापूरच्या,PP
बहामनी,NOUN
सुलतानांनी,NOUN
१५०,NUM
१७व्या,NOUN
शतकाच्या,PP
सुरुवातीस,NOUN
साम्राज्याची,NOUN
मुहूर्तमेढ,NOUN
रोवली,VERB
महाराजांनी,NOUN
साम्राज्य,NOUN
शिवाजीराजे,NOUN
मराठ्यांनी,NOUN
१६७४,NUM
राज्याभिषेकानंतर,NOUN
महाराजांच्या,PP
शिवाजीराजांचे,NOUN
राजे,NOUN
भोसल्यांना,NOUN
मोगल,NOUN
बादशहा,NOUN
औरंगझेब,NOUN
सूत्रे,NOUN
छ्त्रपतींचे,NOUN
पेशव्यांच्या,PP
नाममात्र,NOUN
राज्यकर्ते,NOUN
मोगलांना,NOUN
हरवून,NOUN
पेशवे,NOUN
उदयास,NOUN
बाळाजी,NOUN
विश्वनाथ,NOUN
बाजीराव,NOUN
वाढवले,VERB
भारताच्याही,NOUN
सीमेपार,NOUN
१७६१,NUM
पानिपतच्या,PP
लढाईत,NOUN
सेनानी,NOUN
अहमदशाह,NOUN
अब्दालीने,PP
पेशव्यांचा,NOUN
पर्यायाने,PP
पराभवानंतर,NOUN
एकसंधता,NOUN
पेशव्यांकडे,PP
महाराष्ट्राबाहेरचे,NOUN
सरदारांनी,NOUN
आपापल्यात,NOUN
ब्रिटिश,NOUN
ईस्ट,NOUN
बस्तान,NOUN
बसवल्यावर,PP
मराठे,NOUN
१७७७,NUM
१८१८च्या,PP
युद्धे,NOUN
१८१९,NUM
ब्रिटिशांनी,NOUN
पेशव्यांना,NOUN
पदच्युत,NOUN
मराठ्यांचे,NOUN
ब्रिटिशांच्या,PP
राज्याचा,NOUN
प्रेसिडेन्सीमध्ये,PP
कराची,NOUN
दख्खन,NOUN
समाविष्ट,NOUN
ब्रिटिशांचे,NOUN
मानून,NOUN
आपापले,VERB
सांभाळीत,NOUN
मराठवाडा,NOUN
निजामाच्या,PP
प्रभुत्वाखाली,VERB
नागरी,NOUN
सोयी,NOUN
आणल्या,NOUN
पक्षपाती,NOUN
निर्णयांमुळे,NOUN
पारतंत्र्याच्या,PP
जाणीवेमुळे,NOUN
भारतीयांमध्ये,PP
ब्रिटिशांविरुद्ध,NOUN
उभारला,PP
स्वातंत्र्यलढ्याचे,NOUN
विषयावरील,NOUN
१९४७,NUM
मिळाल्यावर,PP
प्रांत,NOUN
राज्यांची,NOUN
पुनर्रचना,NOUN
प्रक्रियेत,NOUN
विचाराचे,NOUN
मुंबईसह,NOUN
निर्मितीस,NOUN
पावित्र्याच्या,PP
जनतेने,PP
प्रखर,NOUN
१०५,NUM
व्यक्तींनी,NOUN
प्राणाचे,NOUN
बलिदान,NOUN
अत्रे,NOUN
शाहीर,NOUN
साबळे,NOUN
डांगे,NOUN
प्रभृतींनी,NOUN
अत्र्यांनी,NOUN
आग्रही,NOUN
१९६०ला,PP
भौगोलिक,NOUN
विदर्भ,NOUN
रचना,NOUN
१९६०,NUM
चळवळीने,PP
भागांस,NOUN
बेळगांव,NOUN
आसपासचा,NOUN
गुजरातेतील,NOUN
डांगी,NOUN
बोली,VERB
बोलणारा,NOUN
बेळगांवासह,NOUN
८६५,NUM
गावे,NOUN
उपखंडाच्या,PP
दिशेलाआहे,NOUN
प्राकृतिकदृष्ट्या,NOUN
एकसारखी,NOUN
homogeneous,NOUN
पठारी,NOUN
पठारांना,NOUN
दख्खनचा,NOUN
नद्यांनी,NOUN
व्यापलेला,PP
पश्चिमेस,NOUN
समुद्राला,PP
सह्याद्री,NOUN
पर्वतरांगा,NOUN
घाट,NOUN
२१३४,NUM
पर्वतरांगांमधून,NOUN
गोदावरी,NOUN
नर्मदा,NOUN
कृष्णेसह,NOUN
उगम,NOUN
पर्वतरांगाच्या,PP
भागास,NOUN
५०,NUM
८०,NUM
उत्तरेस,NOUN
सातपुडा,NOUN
पूर्वेस,NOUN
भामरागड,NOUN
चिरोळी,NOUN
गायखुरी,NOUN
बेसाल्ट,NOUN
मृदा,NOUN
लागवडीसाठी,PP
उपयुक्त,NOUN
राज्यांप्रमाणेच,NOUN
राज्यपाल,NOUN
राष्ट्रपती,NOUN
सल्ल्याने,PP
राज्यपालांची,NOUN
मंत्रालय,NOUN
मंत्रालयात,NOUN
कार्यालये,NOUN
न्यायालय,NOUN
पावसाळी,NOUN
हिवाळी,NOUN
सदने,PP
bicamel,NOUN
सभेत,NOUN
प्रत्यक्षपणे,NOUN
अप्रत्यक्षरीत्या,NOUN
निवडलेले,VERB
६७,NUM
राज्यसभेत,NOUN
१९,NUM
४८,NUM
मुख्यत,NOUN
कॉॅंग्रेस,NOUN
पक्षाकडे,PP
वसंतदादा,NOUN
नेत्यांनी,NOUN
मुख्यमंत्रीपद,NOUN
भूषविलेले,VERB
१९९५,NUM
भाजपा,NOUN
फुटीनंतर,NOUN
१९९९,NUM
१५,NUM
आघाडीची,NOUN
२०१४,NUM
निवडणुकांनंतर,NOUN
२०१९,NUM
महाविकास,NOUN
जिल्हे,NOUN
३६,NUM
जिल्ह्यांत,NOUN
विभागले,VERB
जिल्ह्यांचे,NOUN
६,NUM
समूह,NOUN
महसुली,VERB
नाशिक,NOUN
औरंगाबाद,NOUN
राजस्व,NOUN
मतांनुसार,NOUN
बेरार,NOUN
ठाणे,NOUN
जिल्ह्याचे,NOUN
पालघर,NOUN
जिल्ह्याची,NOUN
जिल्ह्यांची,NOUN
वाढून,NOUN
तक्त्यात,NOUN
सांख्यिकी,NOUN
रु,PART
सन,PART
१९७०नंतरच्या,PP
धोरणांमुळे,NOUN
अग्रगण्य,NOUN
प्रगतिशील,NOUN
नोकरशाहीतही,NOUN
शहरीकरण,NOUN
उत्पन्नापैकी,NOUN
१३,NUM
उद्योगात,NOUN
४६,NUM
उद्योगातून,NOUN
उद्योगधंदे,NOUN
उत्पादने,PP
यंत्रे,NOUN
कापड,NOUN
पेट्रोलियम,NOUN
उद्योग,NOUN
वाईन,NOUN
द्राक्षापासून,NOUN
मद्य,NOUN
औषधे,NOUN
यांत्रिक,NOUN
पोलाद,NOUN
प्लास्टिक,NOUN
वायर्स,NOUN
पिके,NOUN
आंबा,NOUN
द्राक्षे,NOUN
केळी,NOUN
संत्री,NOUN
तांदूळ,NOUN
बाजरी,NOUN
कडधान्ये,NOUN
नगदी,NOUN
शेंगदाणे,NOUN
कापूस,NOUN
ऊस,PART
हळकुंड,NOUN
तंबाखू,NOUN
माहाराष्ट्रातील,NOUN
सिंचनाखालील,NOUN
३३,NUM
५००,NUM
किमी२,NOUN
संस्थांची,NOUN
दूरचित्रवाणी,NOUN
कार्यक्रमांचे,NOUN
क्रमांकाचे,NOUN
आशियातील,NOUN
सॉफ्टवेर,NOUN
पार्क्स,NOUN
कोळसानिर्मित,NOUN
अणुनिर्मित,NOUN
जट्रोफा,NOUN
महाराष्ट्राने,PP
४१,NUM
S,PART
P,PART
रहिवाशांना,NOUN
संबोधतात,VERB
२०११,NUM
जनगणनेनुसार,NOUN
२३,NUM
७२,NUM
९७२,NUM
लोकसंख्येनुसार,NOUN
६२,NUM
४८१,NUM
६८१,NUM
राज्यापेक्षा,NOUN
लोकसंख्येची,NOUN
टक्केवारी,NOUN
४२,NUM
लिंग,NOUN
गुणोत्तर,NOUN
sex,NOUN
ratio,NOUN
०००,NUM
पुरुषांमागे,NOUN
९४६,NUM
साक्षरता,NOUN
वाढीचा,NOUN
१९९१,NUM
२००१ला,PP
२२,NUM
बोलली,VERB
वायव्य,NOUN
अहिराणी,NOUN
बोलीभाषा,NOUN
कोकणात,NOUN
कोळी,NOUN
कोंकणी,NOUN
मालवणी,NOUN
विदर्भात,NOUN
झाडीबोली,VERB
महाराष्ट्रामधील,NOUN
बौद्ध,NOUN
१२,NUM
ख्रिश्चन,NOUN
धर्मीय,NOUN
प्रमाणार,NOUN
शीख,NOUN
ज्यू,NOUN
पारशी,NOUN
घनता,NOUN
३६५,NUM
२००१,NUM
३१५,NUM
मंदिरे,NOUN
शतके,NOUN
जुनी,NOUN
मंदिरांच्या,PP
शिल्पशैलीत,NOUN
मिलाप,NOUN
मंदिरांवर,PP
संस्कृतींचा,NOUN
ठसा,NOUN
औरंगाबादजवळील,NOUN
अजिंठा,NOUN
वेरुळची,NOUN
लेणी,NOUN
जगप्रसिद्ध,NOUN
शिल्पशैलीची,NOUN
येथीलच,NOUN
बीबी,NOUN
मकबरा,NOUN
पहायला,PP
दुर्ग,NOUN
किल्ले,VERB
रायगड,NOUN
सिंधुदुर्ग,NOUN
उदाहरणे,NOUN
लोकसंगीत,NOUN
लावणी,NOUN
भारुड,NOUN
पोवाडा,NOUN
भावार्थदीपिका,NOUN
ज्ञानेश्वरी,NOUN
रचयिते,NOUN
व्यंकटेश,NOUN
माडगूळकर,NOUN
दूरचित्रवाणीचे,NOUN
कामे,NOUN
व्यक्ति,NOUN
सराफ,NOUN
लक्ष्मीकांत,NOUN
बेर्डे,NOUN
पिळगांवकर,NOUN
कोठारे,NOUN
व्ही,NOUN
नाटकांचा,NOUN
कोल्हटकर,NOUN
खाडिलकर,NOUN
देवल,NOUN
गडकरी,NOUN
किर्लोस्कर,NOUN
लेखकांनी,NOUN
नाटके,NOUN
नाट्यसंगीताचा,NOUN
बालगंधर्व,NOUN
केशवराव,NOUN
भाऊराव,NOUN
दीनानाथ,NOUN
गायक,NOUN
कलावंतानी,NOUN
रंगभूमीची,NOUN
वाहिन्या,NOUN
पुढीलप्रमाणे,NOUN
दूरदर्शन,NOUN
कलर,NOUN
झी,PART
टॉकीज,NOUN
२४,NUM
आयबीएन,NOUN
साम,NOUN
वाहिन्यांनी,NOUN
मिळवली,VERB
परदेशस्थ,NOUN
माणसेदेखील,NOUN
आस्वाद,NOUN
खाद्यसंस्कृती,NOUN
भागानुसार,NOUN
बदलते,NOUN
खाल्ली,VERB
डाळी,NOUN
कांदे,NOUN
बटाटे,NOUN
टॉमेटो,NOUN
मिरची,NOUN
लसूण,NOUN
जेवणात,NOUN
वापरले,VERB
सामिष,NOUN
जणांना,NOUN
आवडते,NOUN
वेष,NOUN
नऊवारी,NOUN
साडी,NOUN
धोतर,NOUN
पायजमा,NOUN
सदरा,NOUN
पेहराव,NOUN
राजधानीतील,NOUN
मुंबईमधील,NOUN
किनारा,NOUN
लाभल्याने,PP
आद्य,NOUN
मुंबईचाच,NOUN
म्हणण्यात,NOUN
वावगे,NOUN
बेटच,NOUN
भूभागांनी,NOUN
बनण्यात,NOUN
कुलाबा,NOUN
स्त्रीचे,NOUN
माहीम,NOUN
माझगाव,NOUN
परळ,NOUN
मलबार,NOUN
कोळीवाड्यांमुळे,NOUN
लोकांत,NOUN
जातीचे,NOUN
लुगडे,NOUN
चोळी,NOUN
फडकी,NOUN
रुमाल,NOUN
टोपेरा,NOUN
शर्ट,NOUN
नृत्यानंतर,NOUN
प्रांतांप्रमाणेच,NOUN
येथेही,NOUN
मुलांत,NOUN
पकडा,NOUN
पकडी,NOUN
रंगपंचमी,NOUN
गोकुळाष्टमी,NOUN
गणेशोत्सव,NOUN
होळी,NOUN
उत्सव,NOUN
यांपैकी,NOUN
सण,PART
विद्येचे,NOUN
गणपतीचा,NOUN
शिव,NOUN
वटपौर्णिमा,NOUN
मकरसंक्रांती,NOUN
दसरा,NOUN
साजरे,NOUN
शिक्षणाची,NOUN
महाराष्ट्रातूनच,NOUN
ह्यात,NOUN
जोतिबा,NOUN
गोपाळ,NOUN
आगरकर,NOUN
धोंडो,NOUN
केशव,NOUN
कर्वे,NOUN
अग्रणी,NOUN
मान्सून,NOUN
हवामानाच्या,PP
पट्ट्यात,NOUN
मोडतो,NOUN
मार्चपासून,NOUN
संपतो,NOUN
जूनच्या,PP
आरंभापासून,NOUN
मोसमी,NOUN
वाऱ्यांपासून,NOUN
पडतो,NOUN
पावसाळ्यात,NOUN
पसरलेली,VERB
हिरवळ,NOUN
राहते,NOUN
वाळून,NOUN
रूक्षपणा,NOUN
पसरतो,NOUN
पडणारा,NOUN
जोराचा,NOUN
घाटमाध्यावर,PP
४००,NUM
सें,NOUN
सह्यादीच्या,PP
वाऱ्यांच्या,PP
दिशेत,NOUN
मुसळधार,NOUN
उत्तरेकडे,PP
सह्याद्रीच्या,PP
पूर्वेकडे,PP
पर्जन्यछायेच्या,PP
मावळ,NOUN
पावसाचे,NOUN
पठाराच्या,PP
Deccan,NOUN
Plateau,NOUN
७०,NUM
से,PART
सोलापूर,NOUN
भागाच्या,PP
मर्मस्थानीच,NOUN
ऋतूच्या,PP
उत्तरकाळात,NOUN
थोडेसे,NOUN
मराठवाड्यात,NOUN
थोडासा,NOUN
वळवाचा,NOUN
उपसागरावरून,NOUN
वाऱ्यांची,NOUN
शाखादेखील,NOUN
रेल्वेचे,NOUN
जाळे,NOUN
लांबच्या,PP
प्रवासाकरीता,NOUN
सोयीचे,NOUN
साधन,NOUN
भागांना,NOUN
पुरवते,NOUN
मोनोरेल,NOUN
परिवहन,NOUN
शहरे,NOUN
खेड्यांत,NOUN
महाराष्ट्रभर,NOUN
पसरले,VERB
बसेस,NOUN
बरोबरच,NOUN
खाजगी,NOUN
बससेवाही,NOUN
विमानतळ,NOUN
विमानतळांवर,PP
उड्डाणेदेखील,NOUN
रत्नागिरी,NOUN
कोल्हापूर,NOUN
बंदरांपासून,NOUN
किनारपट्टीवरील,NOUN
बंदरात,NOUN
फेरी,NOUN
समुद्रावरून,NOUN
आसनी,NOUN
रिक्षा,NOUN
सहाआसनी,NOUN
महामार्गांचे,NOUN
द्रुतगतीमार्ग,NOUN
टोलमार्ग,NOUN
प्रतीच्या,PP
मार्गाचे,NOUN
न्हावा,NOUN
शेवा,NOUN
बंदरे,NOUN
मनोरंजनाची,NOUN
नोकरीच्या,PP
रोजगारासाठी,PP
शिवाजीपूर्वकाळापासून,NOUN
ज्ञात,NOUN
संशोधनसंस्था,NOUN
उद्योगव्यवसाय,NOUN
लौकिक,NOUN
पुण्याने,PP
विधानसभेचे,NOUN
पर्यटन,NOUN
दर्जाची,NOUN
पर्यटनस्थळे,NOUN
न्यायालयाचे,NOUN
खंडपीठ,NOUN
वाहनांचे,NOUN
सुटे,NOUN
पेयनिर्मितीच्या,PP
कारखान्यांची,NOUN
छ्त्रपती,NOUN
मुख्यालय,NOUN
सिंहस्थ,NOUN
कुंभमेळा,NOUN
मुहूर्तावर,PP
नदीत,NOUN
स्नान,NOUN
पवित्र,NOUN
भाविक,NOUN
शिवाजीच्या,PP
व्यूहात्मकदृष्ट्या,NOUN
अंबाबाईच्या,PP
मंदिरासाठी,PP
गिरण्यांसाठी,PP
सिद्धेश्वराचे,NOUN
मंदिरही,NOUN
उत्पादनात,NOUN
गांव,NOUN
गाडगे,NOUN
तुकडोजी,NOUN
म्हणुन,NOUN
साम्राजाची,NOUN
इतिहासाच्या,PP
पाऊलखुणा,NOUN
प्रखरतेने,PP
जानवतात,VERB
साताऱ्यास,NOUN
सैनिकांचा,NOUN
सातारचा,NOUN
कंदी,NOUN
पेढा,NOUN
नदीच्या,PP
येथेच,NOUN
धर्मीयांचे,NOUN
दहावे,NOUN
गोविंदसिंग,NOUN
समाधी,NOUN
गुरुद्वारा,NOUN
तीर्थ,NOUN
वसलेले,VERB
तलावांचे,NOUN
खंडातील,NOUN
धावलेल्या,NOUN
लोकसंख्येचा,NOUN
जिल्ह्याचा,NOUN
ठाण्याला,PP
चिंचवड,NOUN
श्रीमन,NOUN
महासाधू,NOUN
मोरया,NOUN
गोसावी,NOUN
पदस्पर्शाने,PP
पावन,NOUN
उद्योगनगरी,NOUN
देशाविदेशातील,NOUN
उद्याननगरी,NOUN
उड्डाणपूल,NOUN
बांधलेले,VERB
चापेकर,NOUN
शहरातीलच,NOUN
मध्यभागी,NOUN
अश्या,NOUN
संपन्न,NOUN
लोहमार्ग,NOUN
पक्के,NOUN
उपाहारगृहे,NOUN
धर्मशाळा,NOUN
रेलचेल,NOUN
व्यवसायाच्या,PP
ओडिसी,NOUN
हवेची,NOUN
ठिकाणे,NOUN
स्थळांवर,PP
पर्यटक,NOUN
त्र्यंबकेश्वर,PP
तुळजापूरची,NOUN
भवानी,NOUN
शनी,NOUN
शिंगणापूर,NOUN
ज्योतिबा,NOUN
अष्टविनायक,NOUN
गणपती,NOUN
भगवान,NOUN
मंदिरांमध्ये,PP
जेजुरी,NOUN
खंडोबाचे,NOUN
देवाचे,NOUN
खंडोबा,NOUN
यात्रेकरूंना,NOUN
उपासक,NOUN
भांडार,NOUN
हळद,NOUN
वर्षाव,NOUN
देहू,NOUN
आळंदी,NOUN
यांसारखी,NOUN
संप्रदायाशी,NOUN
वर्षभर,NOUN
निरीक्षणादरम्यान,NOUN
राज्यभरातून,NOUN
भूगोलावर,PP
संस्कृतीवर,PP
सिरसीकर,NOUN
मराठ्यांचा,NOUN
युद्धेतिहास,NOUN
ब्रिगेडियर,NOUN
संकल्पनेचा,NOUN
माधव,NOUN
दर्शन,NOUN
सुहास,NOUN
निनाद,NOUN
बेडेकर,NOUN
सुट्ट्यांची,NOUN
संकेतस्थळ,NOUN
काळे,NOUN
१९८८,NUM
सन्युक्त,NOUN
जालना,NOUN
सन्केत,NOUN
ॲक्सेसदिनांक,NOUN
मूल्ये,NOUN
सहाय्य,NOUN
इंटरॅक्टीव्ह,NOUN
वखार,NOUN
महामंडळ,NOUN
दमण,NOUN
दीव,NOUN
उत्पादनानुसार,NOUN
प्रसूतीसंख्येनुसार,NOUN
पूर्वीचे,NOUN
राजधानीचे,NOUN
शहराची,NOUN
मेट्रोपॉलिटन,NOUN
क्षेत्राचे,NOUN
महानगर,NOUN
प्रदेशाची,NOUN
२,NUM
कोटीपेक्षा,NOUN
सहाव्या,NOUN
किनारपट्टीवर,PP
बंदर,NOUN
२००८,NUM
आल्फा,NOUN
बनवणारी,NOUN
बेटे,NOUN
निवासस्थाने,PP
१७,NUM
बॉम्बेची,NOUN
राज्यकर्त्यांच्या,PP
स्वाधीन,NOUN
१६६१,NUM
कॅथरीन,NOUN
ब्रागांझाचा,NOUN
इंग्लंडच्या,PP
II,PART
हुंड्याच्या,PP
रुपात,NOUN
१७८२,NUM
सुरूवातीस,NOUN
हॉर्नबी,NOUN
वेलार्ड,NOUN
प्रकल्पाने,PP
मुंबईचा,NOUN
२०,NUM
समुद्रातील,NOUN
बेटांमधील,NOUN
२१,NUM
रेल्वेच्या,PP
बांधकामाबरोबरच,NOUN
१८४५,NUM
समुद्रावरील,NOUN
रूपांतर,NOUN
विकासाने,PP
वैशिष्ट्यीकृत,NOUN
स्टेटमध्ये,PP
राजधानीसह,NOUN
आशियाची,NOUN
स्ट्रीट,NOUN
ओळखल्या,NOUN
स्ट्रीटवर,PP
स्टॉक,NOUN
प्रवाहाच्या,PP
शीर्ष,NOUN
वाणिज्य,NOUN
केंद्रांपैकी,NOUN
२५,NUM
१६,NUM
२६,NUM
उत्पादनाच्या,PP
व्यापारापैकी,NOUN
पोर्ट,NOUN
धरमतर,NOUN
जेएनपीटी,NOUN
२७,NUM
अर्थव्यवस्थेतील,NOUN
भांडवली,VERB
२८,NUM
२९,NUM
बहुराष्ट्रीय,NOUN
कॉर्पोरेट,NOUN
मुख्यालये,NOUN
संस्थांचे,NOUN
बॉलीवूड,NOUN
उद्योगांचे,NOUN
भारतातून,NOUN
स्थलांतरितांना,NOUN
मुंबादेवी,NOUN
देवीवरून,NOUN
पोर्तुगीजांच्या,PP
बोम,NOUN
बाहीया,NOUN
नावाचे,NOUN
बम्बई,NOUN
तीनही,NOUN
स्त्रीलिंगी,NOUN
प्रचलित,NOUN
काहीजण,NOUN
नगरीला,PP
मुंबापुरी,NOUN
बेटांचा,NOUN
पाषाणयुगापासून,NOUN
२५०,NUM
सालातील,NOUN
ग्रीकांनी,NOUN
Heptanesia,NOUN
सम्राट,NOUN
साम्राज्यात,NOUN
शिलाहार,NOUN
साम्राज्याने,PP
१३४३,NUM
गुजरातच्या,PP
हस्तगत,NOUN
एलिफंटा,NOUN
गुंफा,NOUN
वाळकेश्वर,PP
१५३४,NUM
पोर्तुगीजांनी,NOUN
बहादूर,NOUN
शहाकडून,NOUN
बॉम,NOUN
इंग्लंडचा,NOUN
कॅथेरीन,NOUN
ब्रेगांझा,NOUN
राजकन्येशी,NOUN
हुंडा,NOUN
राजघराण्याकडून,NOUN
कंपनीस,NOUN
उपखंडातील,NOUN
प्रेसिडेन्सी,NOUN
हलवली,VERB
मुंबईमध्ये,PP
होण्या,NOUN
समुद्रकिनाऱ्यावर,PP
उदरनिर्वाह,NOUN
समुद्रावर,PP
समुद्रातून,NOUN
ताजे,NOUN
सुकवून,NOUN
विकण्यासाठी,PP
कोळीवाडा,NOUN
कोळीवाडे,NOUN
आगरी,NOUN
समाजाबरोबरच,NOUN
भंडारी,NOUN
इथला,PP
वास्तव्य,NOUN
प्रभादेवी,NOUN
डोंगरी,NOUN
कालांतराने,PP
दादर,NOUN
भागोजीशेठ,NOUN
कीर,NOUN
त्यांतील,NOUN
खाड्या,NOUN
नदीकाठी,NOUN
खाचरांच्या,PP
बहुसंख्येने,PP
१९३१,NUM
७,NUM
४८६,NUM
उपनगर,NOUN
३२०,NUM
तत्कालिन,NOUN
६५,NUM
२८५,NUM
३०,NUM
शीव,NOUN
धारावी,NOUN
वडाळा,NOUN
शिवडी,NOUN
वेसावे,NOUN
कफ,PART
परेड,NOUN
मांडवी,NOUN
चारकोप,NOUN
बंदरपखाडी,NOUN
गोराई,NOUN
मालाड,NOUN
मढ,PART
भागांतही,NOUN
१६८७,NUM
सुरतेहून,NOUN
हलविले,VERB
इलाख्याची,NOUN
Bombay,NOUN
Province,NOUN
१८१७,NUM
व्हेलार्ड,NOUN
Hornby,NOUN
Vellard,NOUN
किनाऱ्याने,PP
हाजी,NOUN
रोडच्या,PP
आतल्या,NOUN
क्षेत्रफळ,NOUN
४३८,NUM
१८५३,NUM
मुंबईपासून,NOUN
यादवी,NOUN
युद्धाच्या,PP
बाजारपेठ,NOUN
भरभराट,NOUN
सुएझ,NOUN
कालव्याच्या,PP
निर्मितीनंतर,NOUN
१९०६च्या,PP
१०,NUM
लाखांपर्यंत,NOUN
पोहोचली,VERB
कलकत्याखालोखाल,NOUN
स्वातंत्र्ययुद्धाचे,NOUN
१९४२,NUM
छोडो,NOUN
१९५०,NUM
शहरच्या,PP
उत्तरेकडील,NOUN
साष्टी,NOUN
बेटापर्यंत,NOUN
वाढविण्यात,NOUN
१९५५,NUM
यास,NOUN
सहकाऱ्यांनी,NOUN
जुमानता,NOUN
चळवळीदरम्यान,NOUN
गोळीबारात,NOUN
मरण,NOUN
पावले,VERB
हुतात्म्यांच्या,PP
आहुतीनंतर,NOUN
मुंबईच,NOUN
स्मरणार्थ,NOUN
फ्लोरा,NOUN
फाऊंटन,NOUN
कारंज्याच्याच,NOUN
स्तंभ,NOUN
चौकाचे,NOUN
हुतात्मा,NOUN
चौक,NOUN
१९७०,NUM
मुंबईने,PP
बांधकाम,NOUN
व्यवसायाची,NOUN
परप्रांतीयांचे,NOUN
लोंढे,NOUN
कोलकात्याला,PP
परप्रांतीयांच्या,PP
लोंढ्यामुळे,NOUN
हितरक्षणासाठी,PP
भरघोस,NOUN
अस्मितेच्या,PP
रक्षणार्थ,NOUN
विमानतळास,NOUN
रेल्वेतील,NOUN
स्थानकास,NOUN
कबुतरखाना,NOUN
१९३३,NUM
वलमजी,NOUN
रतनजी,NOUN
व्होरा,NOUN
फोर्टमध्ये,PP
जीपीओ,NOUN
ग्रॅंटरोड,NOUN
गिरगाव,NOUN
घाटकोपर,NOUN
कबुतरखाने,PP
किनारपट्टीत,NOUN
उल्हास,NOUN
मुखावर,PP
साळशेत,NOUN
वसले,VERB
समुद्रसपाटीच्या,PP
पातळीत,NOUN
भूभाग,NOUN
डोंगराळ,NOUN
समुद्रसपाटीपासून,NOUN
४५०,NUM
मीटर,NOUN
उंचीवर,PP
जिल्ह्याला,PP
आयलंड,NOUN
६०३,NUM
४,NUM
ज्यामधील,NOUN
४३७,NUM
७१,NUM
हद्दीत,NOUN
अणुऊर्जा,NOUN
कमिशन,NOUN
उद्यानाकडे,PP
पाणीपुरवठा,NOUN
तलाव,NOUN
धरणे,NOUN
भातसा,NOUN
तानसा,NOUN
तुळशी,NOUN
विहार,NOUN
वैतरणा,NOUN
अप्पर,NOUN
मोडकसागर,NOUN
पवई,NOUN
बोरीवली,VERB
उद्यानाच्या,PP
दहिसर,NOUN
पोयसर,NOUN
ओशिवरा,NOUN
ऊर्फ,NOUN
वालभट,NOUN
उद्यानातून,NOUN
तलावातून,NOUN
वाहणारी,NOUN
कर्जतजवळच्या,PP
पावते,NOUN
वसईजवळ,NOUN
माहीमच्या,PP
खाडीत,NOUN
लुप्त,NOUN
गेटवे,NOUN
ताज,NOUN
टर्मिनस,NOUN
मनपा,NOUN
राजाबाई,NOUN
टॉवर,PP
संग्रहालय,NOUN
नाणी,NOUN
नोटा,NOUN
एशियाटीक,NOUN
सोसायटी,NOUN
लायब्ररी,NOUN
डेव्हिड,NOUN
ससून,NOUN
जहांगीर,NOUN
आर्ट,NOUN
गॅलरी,NOUN
मॉडर्न,NOUN
वेलिंग्टन,NOUN
ओव्हल,NOUN
मैदान,NOUN
बलार्ड,NOUN
ईस्टेट,NOUN
क्रॉफर्ड,NOUN
सेंट,NOUN
थॉमस,NOUN
कॅथेड्रल,NOUN
होली,VERB
Knesset,NOUN
Eliymoo,NOUN
सिनेगॉग,NOUN
हॉर्निमन,NOUN
गार्डन,NOUN
ट्रायडेंट,NOUN
नरिमन,NOUN
पॉइंटचे,NOUN
टोक,NOUN
तारांगण,NOUN
तारापोरवाला,PP
मत्स्यालय,NOUN
सिद्धीविनायक,NOUN
दर्गा,NOUN
भुलेश्वर,PP
चोरबाजार,NOUN
भायखळा,NOUN
जिजामाता,NOUN
उद्यान,NOUN
दाजी,NOUN
लाड,NOUN
ताडदेव,NOUN
मणीभवन,NOUN
बाणगंगा,NOUN
कमला,PP
हँगिंग,NOUN
अंधेरी,NOUN
विलेपार्ले,VERB
नदीची,NOUN
हिला,PP
बेसुमार,NOUN
कुर्ल्यातील,NOUN
पश्चिमी,NOUN
उपनगरांतील,NOUN
घरे,NOUN
२००५,NUM
अभूतपूर्व,NOUN
पूरानंतर,NOUN
रुंदीकरणासाठी,PP
खोलीकरणासाठी,PP
मिठीच्या,PP
पुरामुळे,NOUN
डझन,NOUN
पुरेश्या,NOUN
नालेसफाईच्या,PP
येतोच,NOUN
नद्यांना,NOUN
मिळणारे,NOUN
नाला,PP
मालपा,NOUN
आंबेवाडी,NOUN
मोगरा,NOUN
पाणीही,NOUN
पदपथालगतच्या,PP
गटाराच्या,PP
नाल्यालाच,NOUN
भागाचे,NOUN
३००,NUM
हेक्टरच्या,PP
पडल्यानंतर,NOUN
वाहणारे,NOUN
नाल्याला,PP
दुथडी,NOUN
वाहू,NOUN
धारावीतील,NOUN
६०,NUM
फुटी,NOUN
रस्त्यावरील,NOUN
जोगेश्वरी,NOUN
स्टाफ,NOUN
कॉलनी,NOUN
वाहणारा,NOUN
किंग्ज,NOUN
रेल्वेमार्गालगत,NOUN
शहरातून,NOUN
नद्यांचे,NOUN
नालेच,NOUN
एफ,PART
आणिक,NOUN
रोड,NOUN
कोरबा,NOUN
मिठागर,NOUN
क्लिक,NOUN
दीनबंधू,NOUN
प्रतीक्षानगर,NOUN
रावळी,NOUN
लो,PART
लेव्हल,NOUN
ट्रक,NOUN
मिस्त्री,NOUN
सेमिंडा,NOUN
सोमय्या,NOUN
एलपीजी,NOUN
टेक्स्टाईल,NOUN
मिल,NOUN
रेसकोर्स,NOUN
कुट्टीवाडी,NOUN
नाईकनगर,NOUN
ब्रॅंच,NOUN
प्रेमनगर,NOUN
शेठवाडी,NOUN
एल,PART
अलीदादा,NOUN
कारशेड,NOUN
टिळकनगर,NOUN
स्थानक,NOUN
बाह्मणवाडी,NOUN
कुर्ला,PP
भारतीयनगर,NOUN
उपनाला,PP
कुटिर,NOUN
आऊटफॉल,NOUN
श्रमजीवी,NOUN
संजयनगर,NOUN
सफेद,NOUN
पूल,NOUN
एनएडी,NOUN
डम्पिंग,NOUN
देवनाला,PP
निरंकारी,NOUN
पीएमजीपी,NOUN
देवनार,NOUN
गोवंडी,NOUN
मानखुर्द,NOUN
रफिकनगर,NOUN
रफीनगर,NOUN
वैभवनगर,NOUN
सुभाषनगर,NOUN
अयोध्यानगर,NOUN
चरई,NOUN
फर्टिलायझर,NOUN
वाशीनाका,NOUN
एन,PART
गावदेवी,NOUN
गौरीशंकर,NOUN
वाडी,NOUN
बर्,NOUN
लक्ष्मीबाग,NOUN
वल्लभबाग,NOUN
कल्व्हर्ट,NOUN
अलॉंग,NOUN
साईट,NOUN
उषानगर,NOUN
कन्नमवारनगर,NOUN
क्रॉम्प्टन,NOUN
कांजूर,NOUN
टेक्नोवर्क,NOUN
ट्रान्समिशन,NOUN
एसीसी,NOUN
नानेपाडा,NOUN
मोतीनगर,NOUN
रामगड,NOUN
एच,PART
ओएनजीसी,NOUN
चमडावाडी,NOUN
बेहरामपाडा,NOUN
वाकोला,PP
गझदरबंध,NOUN
बोरान,NOUN
हरिजन,NOUN
कृष्णनगर,NOUN
सेव्हन,NOUN
हिल्स,NOUN
हाॅस्पिटलपाशी,NOUN
पावतो,NOUN
विमानतळाच्या,PP
टर्मिनलजवळ,NOUN
कोंडीविटा,NOUN
कोलडोंगरी,NOUN
नवलकर,NOUN
मेघवाडी,NOUN
लेलेवाडी,NOUN
शास्त्रीनगर,NOUN
श्रद्धानंद,NOUN
ऑईल,NOUN
जीवननगर,NOUN
नेहरूनगर,NOUN
पत्रावाला,PP
चाळ,NOUN
फेअरडील,NOUN
मीलन,NOUN
सबवे,NOUN
रसराज,NOUN
भगतसिंह,NOUN
पुष्पापा,NOUN
अवधूतनगर,NOUN
काजूपाडा,NOUN
केतकीपाडा,NOUN
कोकणी,NOUN
पाडा,NOUN
तेरे,NOUN
कंपाऊंड,NOUN
धारखाडी,NOUN
यादवनगर,NOUN
विषुववृत्तीय,NOUN
Tropical,NOUN
zone,NOUN
समुद्राजवळ,NOUN
ऋतू,NOUN
अनुभवास,NOUN
आर्द्र,NOUN
सापेक्ष,NOUN
मान्सूनचा,NOUN
ऑक्टोबरपर्यंत,NOUN
पर्जन्यमान,NOUN
२००,NUM
मिमी,NOUN
८५,NUM
इंच,NOUN
१९५४,NUM
४५२,NUM
९४४,NUM
३७,NUM
फेब्रुवारीपर्यंत,NOUN
मध्यम,NOUN
उत्तरेकडून,NOUN
बदलाकरता,NOUN
४०,NUM
४३,NUM
नोंदवले,VERB
कारखाना,NOUN
Factory,NOUN
employment,NOUN
प्राप्तिकर,NOUN
Central,NOUN
excise,NOUN
आयात,NOUN
व्यापार,NOUN
९,NUM
मुंबईतून,NOUN
रिझर्व,NOUN
गोदरेज,NOUN
उद्योगसमूहांच्या,PP
कचेऱ्या,NOUN
६००,NUM
सरासरीच्या,PP
तिप्पट,NOUN
१९८०,NUM
गिरणी,NOUN
अर्थव्यवस्थेचा,NOUN
कणा,NOUN
पॉलिशिंग,NOUN
क्षेत्रे,NOUN
बजावतात,VERB
राजधानीचा,NOUN
मिळाल्यामुळे,NOUN
यांचेही,NOUN
नोकरदार,NOUN
वर्गातील,NOUN
कुशल,NOUN
अकुशल,NOUN
फेरीवाले,VERB
टॅक्सी,NOUN
वाहक,NOUN
मॅकेनिक,NOUN
बंदरामुळे,NOUN
व्यवसायानेदेखील,NOUN
उपग्रह,NOUN
वाहिन्यांचे,NOUN
बॉलिवूड,NOUN
चित्रपटसृष्टीचे,NOUN
कारभार,NOUN
चालवते,NOUN
महानगरपालिकेचे,NOUN
कार्यक्षेत्र,NOUN
पुरवणे,NOUN
नात्याने,PP
कार्यकारी,NOUN
नेमलेल्या,NOUN
आयुक्ताकडे,PP
सोईकरता,NOUN
प्रभाग,NOUN
प्रभागावर,PP
प्रभागातील,NOUN
२२७,NUM
५,NUM
यांपासून,NOUN
महापालिकेची,NOUN
सभा,NOUN
काउन्सिल,NOUN
बनविली,VERB
नगरसेवकपदासाठी,PP
जमीनजुमल्याच्या,PP
ठेवणे,NOUN
सरकाराकरिता,NOUN
सारावसुली,VERB
करवसुली,VERB
प्रतिनिधित्व,NOUN
लोकसभेवर,PP
विधानसभेवर,PP
गृह,NOUN
मंत्रालयाने,PP
पोलिस,NOUN
गृहमंत्रालयाच्या,PP
अधिकारक्षेत्रात,NOUN
स्वायत्त,NOUN
अधिकारक्षेत्र,NOUN
Sessions,NOUN
Court,NOUN
दिवाणी,NOUN
Civil,NOUN
न्यायालये,NOUN
व्यवस्थेमध्ये,PP
उपनगरीय,NOUN
रिक्षांना,NOUN
चालवण्यावर,PP
गाड्यांना,NOUN
वाहतुकीच,NOUN
कॅब,NOUN
महामार्ग,NOUN
द्रुतगती,NOUN
वडोदरा,NOUN
मुक्तमार्ग,NOUN
राजीव,NOUN
सेतू,NOUN
कॉजवे,NOUN
उपनगरांशी,NOUN
जोडतात,VERB
चिंचपोकळी,NOUN
चेंबूर,NOUN
सायन,NOUN
पनवेल,NOUN
भाईंदर,NOUN
बसेसमधून,NOUN
५५,NUM
मीरा,NOUN
ठाण्यापर्यंत,NOUN
बेस्टच्या,PP
०१३,NUM
३९०,NUM
मार्गांवरून,NOUN
धावतात,VERB
सिंगल,NOUN
डेकर,NOUN
डबल,NOUN
व्हेस्टिब्यूल,NOUN
दुर्बल,NOUN
वातानुकूलित,NOUN
युरो,NOUN
महामंडळाच्या,PP
शहरांशी,NOUN
व्होल्व्हो,NOUN
गावांपासून,NOUN
बोरीवलीपर्यंत,NOUN
स्थळे,NOUN
दाखविते,NOUN
८८,NUM
परिवहनसेवा,NOUN
शहरामध्ये,PP
वाहतूककोंडी,NOUN
घडते,NOUN
विभागांची,NOUN
चर्चगेट,NOUN
जीवनरेषा,NOUN
उपनगरी,NOUN
विभाजित,NOUN
हार्बर,NOUN
२००७,NUM
रेल्वेनी,NOUN
६३,NUM
पुरवली,VERB
१७००,NUM
जणांची,NOUN
डब्यांची,NOUN
लोकलगाडी,NOUN
वास्तवामध्ये,PP
४५००हून,NOUN
रेल्वेची,NOUN
३१९,NUM
डब्यांच्या,PP
२२६,NUM
खेपा,NOUN
मेट्रोचा,NOUN
वर्सोवा,NOUN
धावतो,NOUN
मेट्रोच्या,PP
मार्गाची,NOUN
चाचपणी,NOUN
पद्धतीचा,NOUN
डेपो,NOUN
जेकब,NOUN
सर्कलपर्यंत,NOUN
मार्फत,NOUN
शहरांना,NOUN
बाहेरगावच्या,PP
सेंट्रल,NOUN
टर्मिनसहून,NOUN
लांब,NOUN
पल्ल्यांच्या,PP
सुटतात,VERB
केंद्रस्थान,NOUN
व्यस्त,NOUN
विमानतळाचा,NOUN
राज्यांतर्गत,NOUN
प्रवासी,NOUN
होण्यास,NOUN
विमाने,PP
उडतात,VERB
शिकाऊ,NOUN
हौशी,NOUN
वैमानिकांसाठीही,NOUN
उपयोगात,NOUN
बंदरांचा,NOUN
बंदरांपैकी,NOUN
१९८९,NUM
मालवाहतूक,NOUN
नौदलाच्या,PP
तलावांमार्फत,NOUN
भांडुपच्या,PP
जलशुद्धीकरण,NOUN
केंद्रात,NOUN
४२०,NUM
लिटर,NOUN
३५०,NUM
लिटरच,NOUN
पाण्यापैकी,NOUN
गळती,NOUN
रोजचा,NOUN
कचरा,NOUN
७८००,NUM
मुलुंड,NOUN
गोराईतील,NOUN
केंद्रांत,NOUN
पाठविला,PP
वरळीतील,NOUN
सांडपाणी,NOUN
शुद्धीकरण,NOUN
सांडपाण्याचे,NOUN
महावितरण,NOUN
एजन्सी,NOUN
वीजपुरवठा,NOUN
अणुशक्ती,NOUN
जलशक्ती,NOUN
घटत,NOUN
खंडित,NOUN
घडतात,VERB
टेलिफोन,NOUN
निगम,NOUN
लिमिटेड,NOUN
दूरध्वनी,NOUN
उद्योगसमूह,NOUN
एअरटेल,NOUN
व्होडाफोन,NOUN
भ्रमणध्वनी,NOUN
पुरवतात,VERB
८११,NUM
स्त्रियांचे,NOUN
कमीअसण्याचे,NOUN
रोजगाराकरिता,NOUN
गावांहून,NOUN
होणारे,NOUN
पुरुषांचे,NOUN
स्थलांतर,NOUN
८६,NUM
सुविधांवर,PP
भाषादेखील,NOUN
त्यामानाने,PP
कारागृह,NOUN
जेल,NOUN
विकसनशील,NOUN
देशांतील,NOUN
शहरांप्रमाणे,NOUN
मुंबईतदेखील,NOUN
अतिनागरीकरणामुळे,NOUN
निकृष्ट,NOUN
बेरोजगारी,NOUN
सुविधांचा,NOUN
अतिस्थलांतरण,NOUN
बकाल,NOUN
वस्त्यांची,NOUN
झोपडपट्ट्यांची,NOUN
जागेची,NOUN
घरांच्या,PP
किंमतीमुळे,NOUN
कार्यालयांपासून,NOUN
व्यवस्थेवर,PP
४५,NUM
झोपडपट्टी,NOUN
