token,pos
उपमुख्यमंत्री,NOUN
अजित,NOUN
पवार,NOUN
यांचे,NOUN
चिरंजीव,NOUN
पार्थ,NOUN
पवार,NOUN
यांच्या,PP
कंपनीमार्फत,NOUN
झालेल्या,NOUN
जमीन,NOUN
व्यवहार,NOUN
प्रकरणात,NOUN
अनियमितता,NOUN
आढळल्याचं,NOUN
प्रकरण,NOUN
सध्या,NOUN
फारच,NOUN
चर्चेत,NOUN
आहे,NOUN
एकीकडे,PP
या,PART
प्रकरणी,NOUN
पिंपरी,NOUN
चिंचवडमधील,NOUN
बावधन,NOUN
पोलीस,NOUN
ठाण्यात,NOUN
गुन्हा,NOUN
नोंद,NOUN
करण्यात,NOUN
आला,PP
आहे,NOUN
तर,PART
दुसरीकडे,PP
हा,PART
व्यवहार,NOUN
रद्द,NOUN
करण्यात,NOUN
आल्याची,NOUN
माहिती,NOUN
उपमुख्यमंत्री,NOUN
अजित,NOUN
पवार,NOUN
यांनी,NOUN
दिली,VERB
आहे,NOUN
या,PART
प्रकरणावर,PP
राष्ट्रवादी,NOUN
काँग्रेस,NOUN
शरद,NOUN
पवार,NOUN
गटाचे,NOUN
प्रमुख,NOUN
शरद,NOUN
पवार,NOUN
यांनी,NOUN
प्रतिक्रिया,NOUN
दिली,VERB
आहे,NOUN
अजित,NOUN
पवारांना,NOUN
जाणीवपूर्वक,NOUN
घेरण्याचा,NOUN
प्रयत्न,NOUN
केला,PP
जातोय,NOUN
का,PART
या,PART
प्रश्नावर,PP
उत्तर,NOUN
देताना,NOUN
शरद,NOUN
पवार,NOUN
काय,NOUN
म्हणाले,VERB
जाणून,NOUN
घ्या,NOUN
बीबीसीसाठी,PP
कलेक्टिव्ह,NOUN
न्यूजरूमचे,NOUN
प्रकाशन,NOUN
गुन्ह्यात,NOUN
पार्थ,NOUN
पवारांचे,NOUN
नाव,NOUN
का,PART
नाही,NOUN
यासह,NOUN
अनुत्तरीत,NOUN
असलेले,VERB
5,NUM
प्रश्न8,NOUN
नोव्हेंबर,NOUN
2025,NUM
गुन्ह्यात,NOUN
पार्थ,NOUN
पवारांचे,NOUN
नाव,NOUN
का,PART
नाही,NOUN
यासह,NOUN
अनुत्तरीत,NOUN
असलेले,VERB
5,NUM
प्रश्न,NOUN
पार्थ,NOUN
पवार,NOUN
करार,NOUN
रद्द,NOUN
करणार,NOUN
अजित,NOUN
पवारांची,NOUN
माहिती,NOUN
आतापर्यंत,NOUN
काय,NOUN
काय,NOUN
घडलं,NOUN
10,NUM
नोव्हेंबर,NOUN
2025,NUM
पार्थ,NOUN
पवार,NOUN
करार,NOUN
रद्द,NOUN
करणार,NOUN
अजित,NOUN
पवारांची,NOUN
माहिती,NOUN
आतापर्यंत,NOUN
काय,NOUN
काय,NOUN
घडलं,NOUN
अजित,NOUN
पवार,NOUN
IPS,NOUN
वाद,NOUN
इतर,NOUN
खात्याच्या,PP
सरकारी,NOUN
कामात,NOUN
अडथळा,NOUN
आणणं,NOUN
चूकच,NOUN
प्रशासकीय,NOUN
नियम,NOUN
काय,NOUN
सांगतात,VERB
6,NUM
सप्टेंबर,NOUN
2025,NUM
अजित,NOUN
पवार,NOUN
IPS,NOUN
वाद,NOUN
इतर,NOUN
खात्याच्या,PP
सरकारी,NOUN
कामात,NOUN
अडथळा,NOUN
आणणं,NOUN
चूकच,NOUN
प्रशासकीय,NOUN
नियम,NOUN
काय,NOUN
सांगतात,VERB
1,NUM
29व्हीडिओ,NOUN
पुण्यातील,NOUN
नवले,VERB
पुलावर,PP
भीषण,NOUN
अपघात,NOUN
वाहनांना,NOUN
आग,PART
मृतांचा,NOUN
आकडा,NOUN
7,NUM
वर,PART
वेळ,NOUN
1,NUM
2913,NUM
नोव्हेंबर,NOUN
2025,NUM
व्हीडिओ,NOUN
पुण्यातील,NOUN
नवले,VERB
पुलावर,PP
भीषण,NOUN
अपघात,NOUN
वाहनांना,NOUN
आग,PART
मृतांचा,NOUN
आकडा,NOUN
7,NUM
वर,PART
वेळ,NOUN
1,NUM
29,NUM
8,NUM
17व्हीडिओ,NOUN
पुणे,NOUN
पोलिसांवर,PP
मुलींना,NOUN
जातिवाचक,NOUN
शिवीगाळाचे,NOUN
आरोप,NOUN
कोर्टाने,PP
काय,NOUN
आदेश,NOUN
दिले,VERB
वेळ,NOUN
8,NUM
1713,NUM
नोव्हेंबर,NOUN
2025,NUM
व्हीडिओ,NOUN
पुणे,NOUN
पोलिसांवर,PP
मुलींना,NOUN
जातिवाचक,NOUN
शिवीगाळाचे,NOUN
आरोप,NOUN
कोर्टाने,PP
काय,NOUN
आदेश,NOUN
दिले,VERB
वेळ,NOUN
8,NUM
17,NUM
5,NUM
08व्हीडिओ,NOUN
भारतापेक्षा,NOUN
बऱ्याच,NOUN
लहान,NOUN
अर्थव्यवस्था,NOUN
असणाऱ्या,NOUN
रवांडा,NOUN
घानासारख्या,NOUN
देशांचं,NOUN
पासपोर्ट,NOUN
रँकिंग,NOUN
भारतापेक्षा,NOUN
चांगलं,NOUN
का,PART
वेळ,NOUN
5,NUM
0813,NUM
नोव्हेंबर,NOUN
2025,NUM
व्हीडिओ,NOUN
भारतापेक्षा,NOUN
बऱ्याच,NOUN
लहान,NOUN
अर्थव्यवस्था,NOUN
असणाऱ्या,NOUN
रवांडा,NOUN
घानासारख्या,NOUN
देशांचं,NOUN
पासपोर्ट,NOUN
रँकिंग,NOUN
भारतापेक्षा,NOUN
चांगलं,NOUN
का,PART
वेळ,NOUN
5,NUM
08,NUM
5,NUM
01व्हीडिओ,NOUN
सोपी,NOUN
गोष्ट,NOUN
भारतात,VERB
येणाऱ्या,NOUN
डेटा,NOUN
सेंटर्समुळे,NOUN
पाणीटंचाई,NOUN
वाढणार,NOUN
वेळ,NOUN
5,NUM
0112,NUM
नोव्हेंबर,NOUN
2025,NUM
व्हीडिओ,NOUN
सोपी,NOUN
गोष्ट,NOUN
भारतात,VERB
येणाऱ्या,NOUN
डेटा,NOUN
सेंटर्समुळे,NOUN
पाणीटंचाई,NOUN
वाढणार,NOUN
वेळ,NOUN
5,NUM
01,NUM
तुम्ही,NOUN
बीबीसीवर,PP
विश्वास,NOUN
ठेवू,NOUN
शकता,NOUN
कारण,NOUN
बीबीसीसाठी,PP
कलेक्टिव्ह,NOUN
न्यूजरूमचं,NOUN
प्रकाशन,NOUN
2025,NUM
BBC,NOUN
बीबीसी,NOUN
बाह्य,NOUN
इंटरनेट,NOUN
साइट्सच्या,PP
सामग्रीसाठी,PP
बीबीसी,NOUN
जबाबदार,NOUN
नाही,NOUN
बाह्य,NOUN
लिंक्सबद्दल,NOUN
आम्हाल,NOUN
काय,NOUN
वाटतं,NOUN
इथे,NOUN
वाचा,NOUN
बाह्य,NOUN
लिंक्सबद्दल,NOUN
आम्हाल,NOUN
काय,NOUN
वाटतं,NOUN
इथे,NOUN
वाचा,NOUN
अकोल्यात,NOUN
एकेकाळी,NOUN
शिकार,NOUN
करणारे,NOUN
फासेपारधी,NOUN
समाजातील,NOUN
लोक,NOUN
आता,NOUN
दुर्मिळ,NOUN
तणमोर,NOUN
पक्ष्याचं,NOUN
संवर्धन,NOUN
करत,NOUN
आहेत,NOUN
हा,PART
पक्षी,NOUN
नामशेष,NOUN
होण्याच्या,PP
मार्गावर,PP
असताना,NOUN
कौस्तुभ,NOUN
पांढरीपांडे,NOUN
यांच्या,PP
संस्थेच्या,PP
मदतीनं,NOUN
हा,PART
अनोखा,NOUN
लोकसहभागाचा,NOUN
प्रयोग,NOUN
साकारतोय,NOUN
भारतभर,NOUN
फक्त,NOUN
सुमारे,NOUN
730,NUM
तणमोर,NOUN
उरले,VERB
असताना,NOUN
अकोल्यात,NOUN
हे,PART
आशादायी,NOUN
चित्र,NOUN
आहे,NOUN
व्हीडिओ,NOUN
एडिट,NOUN
अरविंद,NOUN
पारेकर,NOUN
भारतातल्या,NOUN
गुजरात,NOUN
आणि,NOUN
पाकिस्तानच्या,PP
सिंध,NOUN
प्रांताच्या,PP
सीमेवरच्या,PP
सुमारे,NOUN
96,NUM
किलोमीटर,NOUN
लांबीच्या,PP
Sir,NOUN
Creek,NOUN
या,PART
दलदलीच्या,PP
जागेवर,PP
भारत,NOUN
आणि,NOUN
पाकिस्तान,NOUN
दोघेही,NOUN
हक्क,NOUN
सांगतात,VERB
काय,NOUN
आहे,NOUN
हा,PART
वाद,NOUN
कधीपासून,NOUN
आहे,NOUN
आणि,NOUN
आता,NOUN
याच,NOUN
परिसरात,NOUN
भारत,NOUN
आणि,NOUN
पाकिस्तान,NOUN
या,PART
दोन्ही,NOUN
देशांचे,NOUN
लष्करी,NOUN
सराव,NOUN
का,PART
सुरू,NOUN
आहेत,NOUN
अलिकडेच,NOUN
झालेल्या,NOUN
संघर्षाच्या,PP
पार्श्वभूमीवर,PP
याकडे,PP
कसं,NOUN
पाहायचं,NOUN
समजून,NOUN
घेऊयात,NOUN
सोपी,NOUN
गोष्टमध्ये,PP
Author,NOUN
नवीन,NOUN
सिंह,NOUN
खडका,NOUN
अँटोनिया,NOUN
क्यूबेरोआणि,NOUN
व्हिज्युअल,NOUN
जर्नलिझम,NOUN
टीमRole,NOUN
बीबीसी,NOUN
वर्ल्ड,NOUN
सर्व्हिस,NOUN
Author,NOUN
नवीन,NOUN
सिंह,NOUN
खडका,NOUN
अँटोनिया,NOUN
क्यूबेरोआणि,NOUN
व्हिज्युअल,NOUN
जर्नलिझम,NOUN
टीम,NOUN
Role,NOUN
बीबीसी,NOUN
वर्ल्ड,NOUN
सर्व्हिस,NOUN
या,PART
वर्षीची,NOUN
संयुक्त,NOUN
राष्ट्रसंघाची,NOUN
हवामान,NOUN
बदल,NOUN
परिषद,NOUN
COP30,NOUN
ब्राझीलच्या,PP
उत्तर,NOUN
भागात,NOUN
असलेल्या,NOUN
बेलेम,NOUN
या,PART
शहरात,NOUN
होते,NOUN
आहे,NOUN
या,PART
शहराला,PP
अनेकदा,NOUN
ॲमेझॉनच्या,PP
जंगलांचं,NOUN
प्रवेशद्वार,NOUN
म्हटलं,NOUN
जातं,NOUN
हे,PART
जगातील,NOUN
सर्वात,NOUN
मोठं,NOUN
सदाहरित,NOUN
जंगल,NOUN
वर्षावन,NOUN
आहे,NOUN
हे,PART
शहर,NOUN
म्हणजे,NOUN
एक,PART
प्रतीकात्मक,NOUN
स्थान,NOUN
आहे,NOUN
पॅरिसमध्ये,PP
झालेल्या,NOUN
हवामान,NOUN
बदलावरच्या,PP
परिषदेनंतर,NOUN
दहा,NOUN
वर्षांनी,NOUN
जगभरातील,NOUN
देशांचे,NOUN
प्रतिनिधी,NOUN
बेलेम,NOUN
शहरात,NOUN
जमत,NOUN
आहेत,NOUN
पॅरिसमध्ये,PP
एक,PART
ऐतिहासिक,NOUN
करार,NOUN
झाला,PP
होता,NOUN
त्या,NOUN
कराराचा,NOUN
उद्देश,NOUN
पृथ्वीवरील,NOUN
तापमान,NOUN
वाढवणाऱ्या,NOUN
ग्रीन,NOUN
हाऊस,NOUN
गॅस,NOUN
म्हणजे,NOUN
हरितगृह,NOUN
वायूंचं,NOUN
उत्सर्जन,NOUN
सुरक्षित,NOUN
मर्यादेपर्यंत,NOUN
रोखण्याचा,NOUN
होता,NOUN
पर्यावरणात,NOUN
मोठ्या,NOUN
प्रमाणात,NOUN
असणारा,NOUN
कार्बन,NOUN
डायऑक्साईड,NOUN
वायू,NOUN
शोषून,NOUN
घेण्याचं,NOUN
काम,NOUN
ॲमेझॉनचं,NOUN
हे,PART
घनदाट,NOUN
जंगल,NOUN
करतं,NOUN
त्यामुळे,NOUN
हवामान,NOUN
बदलाच्या,PP
स्थितीमध्ये,PP
सुधारणा,NOUN
करण्याच्या,PP
उपायांमध्ये,PP
या,PART
जंगलांची,NOUN
भूमिका,NOUN
अत्यंत,NOUN
महत्त्वाची,NOUN
आहे,NOUN
मात्र,NOUN
वैज्ञानिकांचं,NOUN
म्हणणं,NOUN
आहे,NOUN
की,PART
अनक,NOUN
दशकांपासून,NOUN
होत,NOUN
असलेली,VERB
जंगलतोड,NOUN
आणि,NOUN
हवामान,NOUN
बदलाच्या,PP
परिणामांमुळे,NOUN
ॲमेझॉनच्या,PP
जंगलांचं,NOUN
भविष्यच,NOUN
अनिश्चित,NOUN
आणि,NOUN
अंधारमय,NOUN
झालं,NOUN
आहे,NOUN
बेलेम,NOUN
ही,PART
ब्राझीलच्या,PP
पारा,NOUN
प्रांताची,NOUN
राजधानी,NOUN
आहे,NOUN
याच,NOUN
पारा,NOUN
प्रांतात,VERB
ॲमेझॉनच्या,PP
जंगलांचा,NOUN
सर्वाधिक,NOUN
विनाश,NOUN
होतो,NOUN
आहे,NOUN
याच,NOUN
कारणामुळे,NOUN
बीबीसी,NOUN
ॲमेझॉनच्या,PP
जंगलांची,NOUN
सद्यस्थिती,NOUN
आणि,NOUN
या,PART
जंगलांना,NOUN
ज्या,NOUN
धोक्यांचा,NOUN
सामना,NOUN
करावा,NOUN
लागतो,NOUN
आहे,NOUN
त्याचा,NOUN
सखोल,NOUN
आढावा,NOUN
घेत,NOUN
आहे,NOUN
ॲमेझॉनच्या,PP
जंगलाचा,NOUN
जवळपास,NOUN
60,NUM
टक्के,NOUN
भाग,NOUN
ब्राझीलमध्ये,PP
आहे,NOUN
ब्राझीलचं,NOUN
म्हणणं,NOUN
आहे,NOUN
की,PART
उष्णकटिबंधीय,NOUN
सदाहरित,NOUN
जंगलांची,NOUN
सुरक्षा,NOUN
मजबूत,NOUN
करण्यासाठी,PP
ते,PART
एक,PART
नवीन,NOUN
करार,NOUN
घडवून,NOUN
आणण्याचा,NOUN
प्रयत्न,NOUN
करतील,NOUN
ताण,NOUN
आलाय,NOUN
मन,PART
शांत,NOUN
करायचंय,NOUN
आपल्याच,NOUN
शरीरातल्या,NOUN
या,PART
शांततेच्या,PP
बटणा,NOUN
बद्दल,NOUN
जाणून,NOUN
घ्या,NOUN
एक,PART
मराठी,NOUN
माणूस,NOUN
जेव्हा,NOUN
बिहारमधून,NOUN
तब्बल,NOUN
4,NUM
वेळा,NOUN
खासदार,NOUN
होतो,NOUN
कर्जाचे,NOUN
हप्ते,NOUN
थकल्यावर,PP
बँकांचे,NOUN
वसुली,VERB
एजंट्स,NOUN
मागे,NOUN
लागत,NOUN
असतील,NOUN
तर,PART
ग्राहक,NOUN
म्हणून,NOUN
तुमचे,NOUN
अधिकार,NOUN
काय,NOUN
जाणून,NOUN
घ्या,NOUN
रुग्णालयातून,NOUN
घरी,NOUN
परतल्यावर,PP
अभिनेता,NOUN
गोविंदाने,PP
काय,NOUN
सांगितले,VERB
उष्णकटिबंधीय,NOUN
वर्षावनं,NOUN
किंवा,NOUN
सदाहरित,NOUN
जंगलं,NOUN
प्रामुख्यानं,NOUN
विषुववृत्ताजवळ,NOUN
आढळतात,VERB
या,PART
जंगलांमध्ये,PP
उंचच,NOUN
उंच,NOUN
बहुतांश,NOUN
सदाहरित,NOUN
वृक्ष,NOUN
असतात,VERB
दुर्मिळ,NOUN
प्रजातींचा,NOUN
अधिवास,NOUN
ॲमेझॉनमध्ये,PP
फक्त,NOUN
जंगलच,NOUN
नाही,NOUN
तर,PART
दलदलीचा,NOUN
प्रदेश,NOUN
आणि,NOUN
सवाना,NOUN
म्हणजे,NOUN
गवताळ,NOUN
मैदानी,NOUN
प्रदेश,NOUN
देखील,NOUN
आहे,NOUN
ॲमेझॉनचं,NOUN
खोरं,NOUN
दक्षिण,NOUN
अमेरिकेत,NOUN
67,NUM
लाख,NOUN
चौ,PART
किलोमीटरहून,NOUN
अधिक,NOUN
भूभागात,NOUN
पसरलेलं,NOUN
आहे,NOUN
क्षेत्रफळाचा,NOUN
विचार,NOUN
करता,NOUN
हा,PART
आकार,NOUN
भारताच्या,PP
दुप्पट,NOUN
आहे,NOUN
हा,PART
भाग,NOUN
पृथ्वीवरील,NOUN
सर्वाधिक,NOUN
समृद्ध,NOUN
आणि,NOUN
जैव,NOUN
विविधता,NOUN
असणाऱ्या,NOUN
भागांपैकी,NOUN
एक,PART
आहे,NOUN
किमान,NOUN
40,NUM
000,NUM
वनस्पतींच्या,PP
प्रजाती,NOUN
पक्षांच्या,PP
1,NUM
300,NUM
प्रजाती,NOUN
ज्यात,NOUN
हार्पी,NOUN
ईगल,NOUN
आणि,NOUN
टूकानचा,NOUN
समावेश,NOUN
आहे,NOUN
हिरव्या,NOUN
इगुआनापासून,NOUN
ते,PART
ब्लॅक,NOUN
कॅमनपर्यंत,NOUN
सरपटणाऱ्या,NOUN
प्राण्यांच्या,PP
378,NUM
प्रजाती,NOUN
400,NUM
हून,NOUN
अधिक,NOUN
उभयचर,NOUN
प्रजाती,NOUN
ज्यात,NOUN
डार्ट,NOUN
पॉयझन,NOUN
फ्रॉग,NOUN
आणि,NOUN
स्मूथ,NOUN
सायडेड,NOUN
टोड,NOUN
यांचा,NOUN
समावेश,NOUN
आहे,NOUN
गोड्या,NOUN
पाण्यातील,NOUN
माशांचे,NOUN
जवळपास,NOUN
3,NUM
000,NUM
प्रकार,NOUN
यात,NOUN
पिरान्हा,NOUN
आणि,NOUN
विशाल,NOUN
अरपाइमा,NOUN
माशाचा,NOUN
समावेश,NOUN
आहे,NOUN
त्याचं,NOUN
वजन,NOUN
200,NUM
किलोपर्यंत,NOUN
असू,NOUN
शकतं,NOUN
यापैकी,NOUN
अनेक,NOUN
प्रजाती,NOUN
जगात,NOUN
इतरत्र,NOUN
कुठेही,NOUN
आढळत,NOUN
नाहीत,NOUN
याव्यतिरिक्त,NOUN
या,PART
प्रदेशात,NOUN
शेकडो,NOUN
मूलनिवासी,NOUN
समुदाय,NOUN
राहतात,VERB
खोरे,NOUN
आणि,NOUN
जैवविविधतेच्या,PP
बाबतीत,NOUN
ॲमेझॉन,NOUN
ही,PART
जगातील,NOUN
सर्वात,NOUN
मोठी,NOUN
नदी,NOUN
आहे,NOUN
या,PART
नदीला,PP
तब्बल,NOUN
1,NUM
100,NUM
हून,NOUN
अधिक,NOUN
उपनद्या,NOUN
आहेत,NOUN
गोड्या,NOUN
पाण्याचा,NOUN
हा,PART
पृथ्वीवरील,NOUN
सर्वात,NOUN
मोठा,NOUN
स्रोत,NOUN
आहे,NOUN
हे,PART
पाणी,NOUN
शेवटी,NOUN
अटलांटिक,NOUN
महासागरात,NOUN
जाऊन,NOUN
मिळतं,NOUN
आणि,NOUN
सागरी,NOUN
प्रवाह,NOUN
राखण्यात,NOUN
महत्त्वाची,NOUN
भूमिका,NOUN
बजावतं,NOUN
ॲमेझॉनचं,NOUN
जंगल,NOUN
हे,PART
एक,PART
भलंमोठं,NOUN
कार्बन,NOUN
सिंक,NOUN
आहे,NOUN
अर्थात,NOUN
ॲमेझॉनच्या,PP
जंगलातील,NOUN
काही,NOUN
भागात,NOUN
वृक्षतोड,NOUN
झाल्यामुळे,NOUN
आणि,NOUN
जमीन,NOUN
खराब,NOUN
झाल्यामुळे,NOUN
असं,NOUN
दिसून,NOUN
आलं,NOUN
आहे,NOUN
की,PART
हे,PART
जंगल,NOUN
जितक्या,NOUN
प्रमाणात,NOUN
कार्बन,NOUN
डाय,NOUN
ऑक्साईड,NOUN
शोषून,NOUN
घेतं,NOUN
त्याच्यापेक्षा,NOUN
अधिक,NOUN
उत्सर्जित,NOUN
करतं,NOUN
आहे,NOUN
ॲमेझॉनचं,NOUN
जंगल,NOUN
हे,PART
अन्न,NOUN
आणि,NOUN
औषधांचा,NOUN
देखील,NOUN
एक,PART
प्रमुख,NOUN
स्त्रोत,NOUN
आहे,NOUN
या,PART
जंगलांमध्ये,PP
धातू,NOUN
विशेषकरून,NOUN
सोन्यासाठी,PP
उत्खनन,NOUN
केलं,NOUN
जातं,NOUN
हा,PART
भाग,NOUN
कच्चे,NOUN
तेल,NOUN
आणि,NOUN
नैसर्गिक,NOUN
वायूचा,NOUN
देखील,NOUN
एक,PART
मोठा,NOUN
उत्पादक,NOUN
प्रदेश,NOUN
ठरू,NOUN
शकतो,NOUN
मोठ्या,NOUN
प्रमाणात,NOUN
जंगलतोड,NOUN
झाल्यामुळे,NOUN
तिथून,NOUN
मोठ्या,NOUN
प्रमाणात,NOUN
लाकडाचा,NOUN
पुरवठा,NOUN
होतो,NOUN
आहे,NOUN
ॲमेझॉनच्या,PP
जंगलांमध्ये,PP
नेमकं,NOUN
काय,NOUN
घडतं,NOUN
आहे,NOUN
तापमानात,NOUN
वेगानं,NOUN
होत,NOUN
असलेली,VERB
वाढ,NOUN
आणि,NOUN
प्रदीर्घ,NOUN
काळ,NOUN
पडलेल्या,NOUN
दुष्काळामुळे,NOUN
ॲमेझॉनच्या,PP
नैसर्गिक,NOUN
संतुलनावर,PP
मोठा,NOUN
परिणाम,NOUN
झाला,PP
आहे,NOUN
सर्वसाधारणपणे,NOUN
ओलसर,NOUN
राहणारं,NOUN
हे,PART
जंगल,NOUN
आता,NOUN
मोठ्या,NOUN
प्रमाणात,NOUN
कोरडं,NOUN
झालं,NOUN
आहे,NOUN
त्यामुळे,NOUN
जंगलाचा,NOUN
असणारा,NOUN
आगीचा,NOUN
धोका,NOUN
वाढला,PP
आहे,NOUN
उदाहरणार्थ,NOUN
आयएनपीई,NOUN
या,PART
ब्राझीलच्या,PP
अंतराळ,NOUN
संस्थेनुसार,NOUN
सप्टेंबर,NOUN
2024,NUM
मध्ये,PP
ब्राझीलमधील,NOUN
ॲमेझॉन,NOUN
खोऱ्यात,NOUN
41,NUM
463,NUM
ठिकाणी,NOUN
आगीचे,NOUN
हॉटस्पॉट,NOUN
नोंदवण्यात,NOUN
आले,VERB
हे,PART
2010,NUM
नंतर,NOUN
सप्टेंबर,NOUN
महिन्यात,NOUN
नोंदवण्यात,NOUN
आलेलं,NOUN
सर्वाधिक,NOUN
प्रमाण,NOUN
होतं,NOUN
अमेरिकेतील,NOUN
येल,NOUN
विद्यापीठातील,NOUN
इकोसिस्टम,NOUN
कार्बन,NOUN
कॅप्चर,NOUN
चे,PART
सहायक,NOUN
प्राध्यापक,NOUN
पाउलो,NOUN
ब्रांडो,NOUN
म्हणतात,VERB
दुष्काळ,NOUN
आणि,NOUN
आग,PART
लागण्याच्या,PP
घटनांमध्ये,PP
सातत्यानं,NOUN
वाढ,NOUN
होते,NOUN
आहे,NOUN
यामुळे,NOUN
ॲमेझॉनच्या,PP
अनेक,NOUN
भागाची,NOUN
धूप,NOUN
वाढली,VERB
आहे,NOUN
ते,PART
पुढे,NOUN
म्हणतात,VERB
अनेक,NOUN
भागात,NOUN
ही,PART
धूप,NOUN
आता,NOUN
ॲमेझॉनच्या,PP
जंगलांसाठी,PP
एक,PART
मोठा,NOUN
धोका,NOUN
ठरते,NOUN
आहे,NOUN
फ्लाईंग,NOUN
रिव्हर्सवरील,NOUN
विनाशकारी,NOUN
परिणाम,NOUN
समस्या,NOUN
इथूनच,NOUN
सुरू,NOUN
होते,NOUN
विशाल,NOUN
आकाराचं,NOUN
ॲमेझॉन,NOUN
खोऱ्यात,NOUN
स्वत,NOUN
च्याच,NOUN
हवामान,NOUN
प्रणाली,VERB
आहेत,NOUN
याची,NOUN
जंगलं,NOUN
अटलांटिक,NOUN
महासागरातून,NOUN
येणारी,NOUN
आर्द्रता,NOUN
किंवा,NOUN
ओलावा,NOUN
पसरवतात,VERB
त्यांना,NOUN
आकाशात,NOUN
वाहणाऱ्या,NOUN
हवाई,NOUN
नद्या,NOUN
किंवा,NOUN
फ्लाईंग,NOUN
रिव्हर्स,NOUN
म्हणतात,VERB
या,PART
वातावरणातील,NOUN
नद्या,NOUN
सर्वात,NOUN
आधी,NOUN
ॲमेझॉनच्या,PP
पूर्व,NOUN
भागात,NOUN
म्हणजे,NOUN
अटलांटिकजवळच्या,PP
प्रदेशात,NOUN
पाऊस,NOUN
पाडतात,VERB
त्यानंतर,NOUN
जमीन,NOUN
आणि,NOUN
वृक्षांवरून,NOUN
पाण्याची,NOUN
वाफ,NOUN
होते,NOUN
मग,PART
बाष्पीभवनच्या,PP
प्रक्रियेद्वारे,NOUN
ते,PART
हवेत,NOUN
पसरतं,NOUN
आणि,NOUN
वर्षावनाच्या,PP
इतर,NOUN
भागात,NOUN
पडण्याआधी,NOUN
पश्चिमेकडे,PP
जातं,NOUN
वर्षावनाच्या,PP
एका,NOUN
भागातून,NOUN
दुसऱ्या,NOUN
भागापर्यंत,NOUN
पाण्याचं,NOUN
हे,PART
चक्र,NOUN
संपूर्ण,NOUN
ॲमेझॉनच्या,PP
खोऱ्यात,NOUN
चालतं,NOUN
हे,PART
विशाल,NOUN
वर्षावन,NOUN
इतका,NOUN
प्रदीर्घ,NOUN
काळ,NOUN
कशाप्रकारे,NOUN
बहरलं,NOUN
आहे,NOUN
हे,PART
त्यातून,NOUN
दिसून,NOUN
येतं,NOUN
वातावरणातील,NOUN
नद्या,NOUN
प्रत्यक्षात,NOUN
पाण्याच्या,PP
वाफेच्या,PP
नद्या,NOUN
आहेत,NOUN
त्या,NOUN
आकाशात,NOUN
पाणी,NOUN
वाहून,NOUN
नेतात,VERB
अर्थात,NOUN
तज्ज्ञ,NOUN
इशारा,NOUN
देत,NOUN
आहेत,NOUN
की,PART
आता,NOUN
ॲमेझॉनमधील,NOUN
आर्द्रतेचं,NOUN
किंवा,NOUN
ओलाव्याचं,NOUN
हे,PART
नैसर्गिक,NOUN
संतुलन,NOUN
बिघडलं,NOUN
आहे,NOUN
ज्या,NOUN
भागात,NOUN
जंगलतोड,NOUN
झाली,VERB
आहे,NOUN
किंवा,NOUN
जमिनीची,NOUN
धूप,NOUN
झाली,VERB
आहे,NOUN
तिथे,NOUN
आता,NOUN
महासागरातून,NOUN
येणारी,NOUN
आर्द्रता,NOUN
पूर्वीप्रमाणे,NOUN
पसरवली,VERB
जात,NOUN
नाहीये,NOUN
परिणामी,NOUN
जमीन,NOUN
आणि,NOUN
वृक्षांमधून,NOUN
वाफ,NOUN
होऊन,NOUN
हवेत,NOUN
परतणारं,NOUN
आर्द्रतेचं,NOUN
प्रमाण,NOUN
खूपच,NOUN
कमी,NOUN
झालं,NOUN
आहे,NOUN
ॲमेझॉन,NOUN
संवर्धनासाठी,PP
काम,NOUN
करणारे,NOUN
वैज्ञानिक,NOUN
आणि,NOUN
फ्लाईंग,NOUN
रिव्हर्स,NOUN
आणि,NOUN
ॲमेझॉनच्या,PP
भविष्यावरील,NOUN
ताज्या,NOUN
अहवालाचे,NOUN
सह,PART
लेखक,NOUN
मॅट,NOUN
फायनर,NOUN
म्हणतात,VERB
ओलावा,NOUN
पसरवणाऱ्या,NOUN
ज्या,NOUN
छोट्या,NOUN
छोट्या,NOUN
हवामान,NOUN
प्रणाली,VERB
आधी,NOUN
संपूर्ण,NOUN
ॲमेझॉनमध्ये,PP
आपसात,NOUN
जोडलेल्या,NOUN
होत्या,NOUN
त्या,NOUN
आता,NOUN
मोडल्या,NOUN
आहेत,NOUN
किंवा,NOUN
नष्ट,NOUN
झाल्या,NOUN
आहेत,NOUN
त्यांचं,NOUN
म्हणणं,NOUN
आहे,NOUN
की,PART
याचा,NOUN
सर्वात,NOUN
वाईट,NOUN
परिणाम,NOUN
ॲमेझॉनच्या,PP
पश्चिमेकडील,NOUN
भागात,NOUN
झाला,PP
आहे,NOUN
हा,PART
भाग,NOUN
अटलांटिक,NOUN
महासागरापासून,NOUN
सर्वात,NOUN
दूर,NOUN
आहे,NOUN
विशेषकरून,NOUN
दक्षिण,NOUN
पेरू,NOUN
आणि,NOUN
बोलिव्हियाच्या,PP
दक्षिणकेडील,NOUN
भागात,NOUN
याचा,NOUN
गंभीर,NOUN
परिणाम,NOUN
झाला,PP
आहे,NOUN
ते,PART
म्हणतात,VERB
की,PART
पेरू,NOUN
आणि,NOUN
बोलिव्हियाच्या,PP
वर्षावनांचं,NOUN
अस्तित्व,NOUN
खरंतर,NOUN
पूर्वेकडील,NOUN
ब्राझीलमधील,NOUN
जंगलांवर,PP
अवलंबून,NOUN
आहे,NOUN
जर,PART
ही,PART
जंगलं,NOUN
नष्ट,NOUN
होत,NOUN
गेली,VERB
तर,PART
फ्लाईंग,NOUN
रिव्हर्स,NOUN
बनवणारं,NOUN
जल,PART
चक्र,NOUN
संपुष्टात,NOUN
येईल,NOUN
आणि,NOUN
ओलावा,NOUN
किंवा,NOUN
आर्द्रता,NOUN
ॲमेझॉनच्या,PP
पश्चिम,NOUN
भागापर्यंत,NOUN
पोहोचू,NOUN
शकणार,NOUN
नाही,NOUN
हे,PART
सर्व,NOUN
आपसात,NOUN
जोडलेलं,NOUN
आहे,NOUN
ही,PART
समस्या,NOUN
जून,NOUN
ते,PART
नोव्हेंबर,NOUN
दरम्यान,NOUN
चालणाऱ्या,NOUN
कोरड्या,NOUN
मोसमात,NOUN
सर्वात,NOUN
गंभीर,NOUN
रूप,NOUN
धारण,NOUN
करते,NOUN
आधी,NOUN
ॲमेझॉनचं,NOUN
खोरं,NOUN
हे,PART
जंगलात,NOUN
लागणाऱ्या,NOUN
आगींना,NOUN
प्रतिरोध,NOUN
करण्याच्या,PP
बाबतीत,NOUN
सशक्त,NOUN
होतं,NOUN
मात्र,NOUN
ज्या,NOUN
भागात,NOUN
पावसाचं,NOUN
प्रमाण,NOUN
कमी,NOUN
झालं,NOUN
आहे,NOUN
तिथे,NOUN
आगींबद्दलचा,NOUN
हा,PART
बचाव,NOUN
हळूहळू,NOUN
कमकुवत,NOUN
होत,NOUN
चालला,PP
आहे,NOUN
काही,NOUN
वैज्ञानिकांना,NOUN
शंका,NOUN
वाटतं,NOUN
की,PART
कोरडी,NOUN
होत,NOUN
चाललेली,VERB
वर्षावने,PP
आता,NOUN
निर्णायक,NOUN
टप्प्यावर,PP
आली,VERB
आहेत,NOUN
इथून,NOUN
ती,PART
आता,NOUN
पुन्हा,NOUN
सावरू,NOUN
शकणार,NOUN
नाहीत,NOUN
ही,PART
जंगलं,NOUN
आता,NOUN
कायमची,NOUN
नष्ट,NOUN
होण्याचा,NOUN
धोका,NOUN
आहे,NOUN
मॅट,NOUN
फायनर,NOUN
म्हणतात,VERB
आता,NOUN
आपल्याला,PP
निर्णायक,NOUN
बदलाची,NOUN
सुरूवातीची,NOUN
चिन्हं,NOUN
ॲमेझॉनच्या,PP
काही,NOUN
भागात,NOUN
दिसत,NOUN
आहेत,NOUN
ऑक्सफर्ड,NOUN
विद्यापीठातील,NOUN
इकोसिस्टम्स,NOUN
लॅब,NOUN
मध्ये,PP
वरिष्ठ,NOUN
संशोधन,NOUN
सहाय्यक,NOUN
असलेल्या,NOUN
एरिका,NOUN
बेरेनगुएर,NOUN
यांनादेखील,NOUN
वाटतं,NOUN
की,PART
धोका,NOUN
सातत्यानं,NOUN
वाढतो,NOUN
आहे,NOUN
फायनर,NOUN
यांच्याप्रमाणेच,NOUN
त्यादेखील,NOUN
म्हणतात,VERB
की,PART
ॲमेझॉनच्या,PP
जंगलांच्या,PP
काही,NOUN
भागावर,PP
इतर,NOUN
भागांच्या,PP
तुलनेत,NOUN
अधिक,NOUN
परिणाम,NOUN
झाला,PP
आहे,NOUN
त्या,NOUN
म्हणतात,VERB
ही,PART
एक,PART
अत्यंत,NOUN
संथ,NOUN
प्रक्रिया,NOUN
असून,NOUN
ती,PART
काही,NOUN
विशिष्ट,NOUN
भागांमध्ये,PP
होते,NOUN
आहे,NOUN
तज्ज्ञांचं,NOUN
म्हणणं,NOUN
आहे,NOUN
की,PART
ॲमेझॉनच्या,PP
आकाशात,NOUN
ओलावा,NOUN
किंवा,NOUN
आर्द्रतेचं,NOUN
कमी,NOUN
प्रमाणात,NOUN
होणाऱ्या,NOUN
वहनाचा,NOUN
परिणाम,NOUN
फक्त,NOUN
जंगलांवरच,NOUN
नाही,NOUN
तर,PART
ॲमेझॉन,NOUN
आणि,NOUN
तिच्या,PP
अनेक,NOUN
उपनद्यांवरदेखील,NOUN
मोठ्या,NOUN
प्रमाणात,NOUN
होतो,NOUN
आहे,NOUN
गेल्या,NOUN
काही,NOUN
वर्षांमध्ये,PP
ॲमेझॉनच्या,PP
खोऱ्यातील,NOUN
अनेक,NOUN
नद्यांचा,NOUN
जलस्तर,NOUN
विक्रमी,NOUN
पातळीवर,PP
खाली,VERB
आला,PP
आहे,NOUN
2023,NUM
मध्ये,PP
इथे,NOUN
गेल्या,NOUN
45,NUM
वर्षांमधील,NOUN
सर्वाधिक,NOUN
भीषण,NOUN
दुष्काळ,NOUN
पडला,PP
होता,NOUN
2023,NUM
आणि,NOUN
2024,NUM
च्या,PP
सुरुवातीच्या,PP
महिन्यांमध्ये,PP
दुष्काळाची,NOUN
ही,PART
परिस्थिती,NOUN
अंशत,NOUN
अल,PART
नीनो,NOUN
च्या,PP
प्रभावामुळे,NOUN
निर्माण,NOUN
झाली,VERB
होती,NOUN
ही,PART
एक,PART
नैसर्गिक,NOUN
हवामान,NOUN
प्रणाली,VERB
आहे,NOUN
यात,NOUN
पूर्व,NOUN
पॅसिफिक,NOUN
महासागरात,NOUN
समुद्राच्या,PP
पृष्ठभागाचं,NOUN
तापमान,NOUN
वाढतं,NOUN
त्याचा,NOUN
परिणाम,NOUN
संपूर्ण,NOUN
जगातील,NOUN
पावसाच्या,PP
पॅटर्नवर,PP
होतो,NOUN
विशेषकरून,NOUN
दक्षिण,NOUN
अमेरिकेत,NOUN
तो,PART
होतो,NOUN
बेकायदेशीर,NOUN
खाणींचं,NOUN
आव्हान,NOUN
जंगलतोड,NOUN
आणि,NOUN
हवामान,NOUN
बदलाचं,NOUN
संकट,NOUN
यामुळे,NOUN
आधीच,NOUN
गंभीर,NOUN
नुकसान,NOUN
झालेलं,NOUN
असताना,NOUN
आता,NOUN
बेकायदेशीर,NOUN
उत्खनन,NOUN
विशेषकरून,NOUN
सोन्याच्या,PP
उत्खननामुळे,NOUN
देखील,NOUN
ॲमेझॉनच्या,PP
खोऱ्याचं,NOUN
प्रचंड,NOUN
नुकसान,NOUN
झालं,NOUN
आहे,NOUN
एरिका,NOUN
बेरेनगुएर,NOUN
म्हणतात,VERB
आता,NOUN
या,PART
प्रदेशात,NOUN
रेअर,NOUN
अर्थ,NOUN
खनिजांसाठी,PP
देखील,NOUN
उत्खनन,NOUN
सुरू,NOUN
झालं,NOUN
आहे,NOUN
ही,PART
खनिजं,NOUN
इलेक्ट्रिक,NOUN
वाहन,NOUN
पवनचक्क्या,NOUN
मोबाईल,NOUN
फोन,NOUN
आणि,NOUN
उपग्रहांमध्ये,PP
वापरली,VERB
जातात,VERB
त्यामुळेच,NOUN
ती,PART
आधुनिक,NOUN
अर्थव्यवस्थेसाठी,PP
अत्यंत,NOUN
महत्त्वाची,NOUN
आहेत,NOUN
अर्थात,NOUN
उत्खननामुळे,NOUN
खूप,NOUN
मोठ्या,NOUN
प्रमाणात,NOUN
जंगलतोड,NOUN
होत,NOUN
नाही,NOUN
मात्र,NOUN
त्यामुळे,NOUN
पाऱ्यासारख्या,NOUN
रसायनांनी,NOUN
नद्या,NOUN
माती,NOUN
आणि,NOUN
वृक्ष,NOUN
प्रदूषित,NOUN
होतात,VERB
नंतर,NOUN
हेच,NOUN
विष,NOUN
प्राणी,NOUN
मानव,NOUN
या,PART
दोघांसाठी,PP
घातक,NOUN
ठरू,NOUN
शकतं,NOUN
तज्ज्ञांचं,NOUN
म्हणणं,NOUN
आहे,NOUN
की,PART
बेकायदेशीर,NOUN
उत्खनन,NOUN
करणाऱ्या,NOUN
आणि,NOUN
संघटित,NOUN
गुन्हेगारी,NOUN
नेटवर्कमधील,NOUN
संबंध,NOUN
सातत्यानं,NOUN
वाढत,NOUN
आहेत,NOUN
यामध्ये,PP
शस्त्रं,NOUN
आणि,NOUN
बंदूकांची,NOUN
तस्करी,NOUN
करणाऱ्या,NOUN
टोळ्यांचा,NOUN
देखील,NOUN
समावेश,NOUN
आहे,NOUN
मॅट,NOUN
फायनर,NOUN
म्हणतात,VERB
गुन्हेगारी,NOUN
नेटवर्क,NOUN
संपूर्ण,NOUN
ॲमेझॉन,NOUN
खोऱ्यात,NOUN
पसरलेलं,NOUN
आहे,NOUN
त्यामुळे,NOUN
प्रशासनाला,PP
प्रत्यक्षात,NOUN
त्यावर,PP
नियंत्रण,NOUN
ठेवणं,NOUN
खूपच,NOUN
कठीण,NOUN
झालं,NOUN
आहे,NOUN
ॲमेझॉनचं,NOUN
खोरं,NOUN
आठ,PART
देशांमध्ये,PP
पसरलेलं,NOUN
आहे,NOUN
प्रत्येक,NOUN
देशाची,NOUN
कायदा,NOUN
तयार,NOUN
करण्याची,NOUN
आणि,NOUN
तो,PART
लागू,NOUN
करण्याची,NOUN
एक,PART
पद्धत,NOUN
आहे,NOUN
त्यामुळेच,NOUN
सीमेपलीकडील,NOUN
गुन्ह्यांना,NOUN
आळा,NOUN
घालणं,NOUN
खूपच,NOUN
कठीण,NOUN
होऊन,NOUN
बसतं,NOUN
चिंतेचं,NOUN
आणखी,NOUN
एक,PART
कारण,NOUN
म्हणजे,NOUN
ॲमेझॉनच्या,PP
खोऱ्याखाली,VERB
मोठ्या,NOUN
प्रमाणात,NOUN
हायड्रोकार्बन,NOUN
आढळले,VERB
आहेत,NOUN
इन्फोअमेझोनियानुसार,NOUN
या,PART
प्रदेशात,NOUN
2022,NUM
ते,PART
2024,NUM
दरम्यान,NOUN
जवळपास,NOUN
5,NUM
3,NUM
अब्ज,NOUN
बॅरलचे,NOUN
कच्च्या,PP
तेलाचे,NOUN
साठे,NOUN
शोधण्यात,NOUN
आले,VERB
आहेत,NOUN
त्यांचं,NOUN
म्हणणं,NOUN
आहे,NOUN
की,PART
जगात,NOUN
अलीकडच्या,PP
काळात,NOUN
शोधण्यात,NOUN
आलेल्या,NOUN
कच्च्या,PP
तेलाच्या,PP
साठ्यांपैकी,NOUN
जवळपास,NOUN
पाचवा,NOUN
हिस्सा,NOUN
या,PART
प्रदेशात,NOUN
आहे,NOUN
त्यामुळे,NOUN
जीवाश्म,NOUN
इंधन,NOUN
उद्योगासाठी,PP
हे,PART
एक,PART
नवीन,NOUN
केंद्र,NOUN
झालं,NOUN
आहे,NOUN
या,PART
साठ्यांचा,NOUN
शोध,NOUN
लागण्यापूर्वीच,NOUN
आणि,NOUN
फ्लाईंग,NOUN
रिव्हर्स,NOUN
वर,PART
ताजं,NOUN
संशोधन,NOUN
होण्याआधी,NOUN
सायन्स,NOUN
पॅनल,NOUN
फॉर,NOUN
द,PART
ॲमेझॉन,NOUN
च्या,PP
अहवालात,NOUN
दाखवण्यात,NOUN
आलं,NOUN
होतं,NOUN
की,PART
वर्षावनाच्या,PP
विनाशामुळे,NOUN
10,NUM
000,NUM
हून,NOUN
अधिक,NOUN
वनस्पती,NOUN
आणि,NOUN
प्राण्यांच्या,PP
प्रजाती,NOUN
नष्ट,NOUN
होण्याच्या,PP
मार्गावर,PP
आहेत,NOUN
या,PART
प्रदेशासाठीच,NOUN
नाही,NOUN
तर,PART
जगासाठी,PP
असलेलं,NOUN
महत्त्व,NOUN
तुमच्या,PP
कामाच्या,PP
गोष्टी,NOUN
आणि,NOUN
बातम्या,NOUN
आता,NOUN
थेट,NOUN
तुमच्या,PP
फोनवर,PP
ॲमेझॉनचं,NOUN
जंगल,NOUN
अजूनही,NOUN
एक,PART
मजबूत,NOUN
कार्बन,NOUN
सिंक,NOUN
आहे,NOUN
त्यामध्ये,PP
पृथ्वीचं,NOUN
तापमान,NOUN
वाढवणाऱ्या,NOUN
कार्बन,NOUN
डायऑक्साईड,NOUN
CO2,NOUN
या,PART
प्रमुख,NOUN
वायूला,PP
मोठ्या,NOUN
प्रमाणात,NOUN
शोषून,NOUN
घेण्याची,NOUN
क्षमता,NOUN
आहे,NOUN
2024,NUM
मध्ये,PP
प्रकाशित,NOUN
झालेल्या,NOUN
मॉनिटरिंग,NOUN
ऑफ,PART
द,PART
अँडीज,NOUN
ॲमेझॉन,NOUN
प्रोग्रॅम,NOUN
एमएएपी,NOUN
च्या,PP
अहवालानुसार,NOUN
2022,NUM
पर्यंत,NOUN
ॲमेझॉन,NOUN
खोऱ्याच्या,PP
जमिनीवर,PP
आणि,NOUN
खाली,VERB
जवळपास,NOUN
71,NUM
5,NUM
अब्ज,NOUN
मेट्रिक,NOUN
टन,PART
कार्बन,NOUN
जमा,NOUN
झालेला,PP
होता,NOUN
हे,PART
प्रमाण,NOUN
2022,NUM
सालच्या,PP
जागतिक,NOUN
पातळीवरील,NOUN
कार्बन,NOUN
डायऑक्साईड,NOUN
CO2,NOUN
च्या,PP
उत्सर्जनाच्या,PP
जवळपास,NOUN
दोन,NOUN
वर्षांच्या,PP
उत्सर्जनाइतकं,NOUN
आहे,NOUN
मात्र,NOUN
वैज्ञानिकांचं,NOUN
म्हणणं,NOUN
आहे,NOUN
की,PART
जंगलतोड,NOUN
आणि,NOUN
हवामान,NOUN
बदलाच्या,PP
परिणामांमुळे,NOUN
या,PART
प्रदेशातील,NOUN
आणखी,NOUN
भाग,NOUN
कार्बन,NOUN
शोषून,NOUN
घेण्याऐवजी,NOUN
कार्बन,NOUN
उत्सर्जन,NOUN
करू,NOUN
लागण्याचा,NOUN
धोका,NOUN
आता,NOUN
वाढतो,NOUN
आहे,NOUN
त्यांचं,NOUN
म्हणणं,NOUN
आहे,NOUN
की,PART
जर,PART
आपण,NOUN
ॲमेझॉनचं,NOUN
जंगल,NOUN
गमावलं,NOUN
तर,PART
ते,PART
हवामान,NOUN
बदलाच्या,PP
संकटाविरोधातील,NOUN
लढाई,NOUN
हरल्यासारखं,NOUN
असेल,NOUN
उष्णकटिबंधीय,NOUN
जंगलं,NOUN
ढगांचा,NOUN
एक,PART
थर,PART
तयार,NOUN
करतात,VERB
हा,PART
थर,PART
सूर्याची,NOUN
किरणं,NOUN
परावर्तित,NOUN
करून,NOUN
अंतराळात,NOUN
परत,NOUN
पाठवतात,VERB
यामुळे,NOUN
पृथ्वी,NOUN
थंड,NOUN
राहण्यास,NOUN
किंवा,NOUN
पृथ्वीचं,NOUN
तापमान,NOUN
संतुलित,NOUN
राहण्यास,NOUN
मदत,NOUN
होते,NOUN
जोपर्यंत,NOUN
ही,PART
पक्रिया,NOUN
सुरू,NOUN
असते,NOUN
ती,PART
पृथ्वीचं,NOUN
तापमान,NOUN
वाढण्याची,NOUN
गती,NOUN
कमी,NOUN
करत,NOUN
असते,NOUN
ब्राझीलमधील,NOUN
वन,PART
वैज्ञानिक,NOUN
टासो,NOUN
अजेवेदो,NOUN
म्हणतात,VERB
ज्याप्रमाणे,NOUN
ॲमेझॉनसारखी,NOUN
उष्णकटिबंधीय,NOUN
जंगलं,NOUN
कार्बन,NOUN
शोषून,NOUN
पृथ्वीचं,NOUN
तापमान,NOUN
मर्यादित,NOUN
ठेवतात,VERB
त्याचप्रमाणे,NOUN
त्यांच्यामध्ये,PP
ग्रहांना,NOUN
थंड,NOUN
ठेवण्याची,NOUN
क्षमतादेखील,NOUN
असते,NOUN
ते,PART
म्हणतात,VERB
त्यामुळे,NOUN
तापमान,NOUN
वाढत,NOUN
असलेल्या,NOUN
या,PART
जगासाठी,PP
ॲमेझॉन,NOUN
हे,PART
एखाद्या,NOUN
एअर,NOUN
कंडिशनरसारखंच,NOUN
आहे,NOUN
आधी,NOUN
सांगितल्याप्रमाणे,NOUN
गोड्या,NOUN
पाण्याच्या,PP
जगातील,NOUN
सर्वात,NOUN
मोठ्या,NOUN
साठ्याचा,NOUN
जागतिक,NOUN
हवामानावर,PP
खोलवर,PP
परिणाम,NOUN
होतो,NOUN
वैज्ञानिकांचं,NOUN
म्हणणं,NOUN
आहे,NOUN
की,PART
गोड्या,NOUN
पाण्याचा,NOUN
हा,PART
विशाल,NOUN
प्रवाह,NOUN
अटलांटिक,NOUN
महासागराच्या,PP
प्रवाहांना,NOUN
दिशा,NOUN
देण्यास,NOUN
मदत,NOUN
करतो,NOUN
तसंच,NOUN
या,PART
प्रवाहात,NOUN
झालेल्या,NOUN
कोणत्याही,NOUN
बदलाचा,NOUN
परिणाम,NOUN
समुद्राच्या,PP
प्रवाहांबरोबरच,NOUN
प्रादेशिक,NOUN
आणि,NOUN
जागतिक,NOUN
पातळीवरील,NOUN
हवामान,NOUN
प्रणालींवर,PP
देखील,NOUN
होऊ,NOUN
शकतो,NOUN
या,PART
रक्षकांसाठी,PP
सोन्यापेक्षा,NOUN
अॅमेझॉनचं,NOUN
हे,PART
जंगल,NOUN
अधिक,NOUN
मौल्यवान,NOUN
आहे20,NOUN
मे,PART
2019,NUM
या,PART
रक्षकांसाठी,PP
सोन्यापेक्षा,NOUN
अॅमेझॉनचं,NOUN
हे,PART
जंगल,NOUN
अधिक,NOUN
मौल्यवान,NOUN
आहे,NOUN
अॅमेझॉनच्या,PP
घनदाट,NOUN
जंगलात,NOUN
बेपत्ता,NOUN
झालेली,VERB
4,NUM
मुलं,NOUN
40,NUM
दिवसांनी,NOUN
अशी,NOUN
जिवंत,NOUN
सापडली12,NOUN
जून,NOUN
2023,NUM
अॅमेझॉनच्या,PP
घनदाट,NOUN
जंगलात,NOUN
बेपत्ता,NOUN
झालेली,VERB
4,NUM
मुलं,NOUN
40,NUM
दिवसांनी,NOUN
अशी,NOUN
जिवंत,NOUN
सापडली,VERB
अमेझॉनच्या,PP
जंगलात,NOUN
हरवलेली,VERB
व्यक्ती,NOUN
31,NUM
दिवसांनी,NOUN
परतली,VERB
अन्नाशिवाय,NOUN
कसा,NOUN
जिवंत,NOUN
राहिला,PP
4,NUM
मार्च,NOUN
2023,NUM
अमेझॉनच्या,PP
जंगलात,NOUN
हरवलेली,VERB
व्यक्ती,NOUN
31,NUM
दिवसांनी,NOUN
परतली,VERB
अन्नाशिवाय,NOUN
कसा,NOUN
जिवंत,NOUN
राहिला,PP
LIVE,NOUN
Live,NOUN
बिहार,NOUN
विधानसभा,NOUN
निकाल,NOUN
महुआ,NOUN
मतदारसंघातून,NOUN
तेज,NOUN
प्रताप,NOUN
यादव,NOUN
पिछाडीवर,PP
तेजस्वी,NOUN
यादव,NOUN
क्रिकेटसाठी,PP
नववीतून,NOUN
शिक्षण,NOUN
सोडण्यापासून,NOUN
राजकीय,NOUN
मैदानात,NOUN
उतरण्यापर्यंत,NOUN
असा,NOUN
आहे,NOUN
प्रवास2,NOUN
तासांपूर्वी,NOUN
तेजस्वी,NOUN
यादव,NOUN
क्रिकेटसाठी,PP
नववीतून,NOUN
शिक्षण,NOUN
सोडण्यापासून,NOUN
राजकीय,NOUN
मैदानात,NOUN
उतरण्यापर्यंत,NOUN
असा,NOUN
आहे,NOUN
प्रवास,NOUN
नितीश,NOUN
कुमार,NOUN
आधी,NOUN
सातच,NOUN
दिवस,NOUN
मग,PART
तब्बल,NOUN
19,NUM
वर्षे,NOUN
बिहारच्या,PP
मुख्यमंत्रिपदाचं,NOUN
गणित,NOUN
जुळवणारा,NOUN
नेता4,NOUN
तासांपूर्वी,NOUN
नितीश,NOUN
कुमार,NOUN
आधी,NOUN
सातच,NOUN
दिवस,NOUN
मग,PART
तब्बल,NOUN
19,NUM
वर्षे,NOUN
बिहारच्या,PP
मुख्यमंत्रिपदाचं,NOUN
गणित,NOUN
जुळवणारा,NOUN
नेता,NOUN
पी,PART
फॉर,NOUN
प्लेझर,NOUN
आणि,NOUN
या,PART
प्लेझरसाठी,PP
कित्येक,NOUN
बायका,NOUN
अक्षरशः,NOUN
तडफडत,NOUN
राहतात,VERB
ब्लॉग26,NOUN
ऑक्टोबर,NOUN
2025,NUM
पी,PART
फॉर,NOUN
प्लेझर,NOUN
आणि,NOUN
या,PART
प्लेझरसाठी,PP
कित्येक,NOUN
बायका,NOUN
अक्षरशः,NOUN
तडफडत,NOUN
राहतात,VERB
ब्लॉग,NOUN
उंबरठा,NOUN
सिनेमा,NOUN
पाहिल्यावर,PP
स्मिता,NOUN
पाटील,NOUN
यांना,NOUN
विजय,NOUN
तेंडुलकरांनी,NOUN
का,PART
म्हटलं,NOUN
तू,PART
मला,PP
हरवलंस,NOUN
2,NUM
नोव्हेंबर,NOUN
2025,NUM
उंबरठा,NOUN
सिनेमा,NOUN
पाहिल्यावर,PP
स्मिता,NOUN
पाटील,NOUN
यांना,NOUN
विजय,NOUN
तेंडुलकरांनी,NOUN
का,PART
म्हटलं,NOUN
तू,PART
मला,PP
हरवलंस,NOUN
शिंदे,NOUN
आले,VERB
काय,NOUN
दाभाडे,NOUN
आले,VERB
काय,NOUN
45,NUM
वर्षांपूर्वीचा,NOUN
सिंहासन,NOUN
आजही,NOUN
ताजा,NOUN
वाटण्याचं,NOUN
कारण,NOUN
काय,NOUN
19,NUM
ऑक्टोबर,NOUN
2025,NUM
शिंदे,NOUN
आले,VERB
काय,NOUN
दाभाडे,NOUN
आले,VERB
काय,NOUN
45,NUM
वर्षांपूर्वीचा,NOUN
सिंहासन,NOUN
आजही,NOUN
ताजा,NOUN
वाटण्याचं,NOUN
कारण,NOUN
काय,NOUN
राज,NOUN
उद्धव,NOUN
ठाकरे,NOUN
यांच्या,PP
भेटी,NOUN
गाठी,NOUN
वाढल्या,NOUN
दोघे,NOUN
एकत्र,NOUN
आल्यास,NOUN
मुंबई,NOUN
वर,PART
वर्चस्व,NOUN
मिळवू,NOUN
शकतील,NOUN
13,NUM
ऑक्टोबर,NOUN
2025,NUM
राज,NOUN
उद्धव,NOUN
ठाकरे,NOUN
यांच्या,PP
भेटी,NOUN
गाठी,NOUN
वाढल्या,NOUN
दोघे,NOUN
एकत्र,NOUN
आल्यास,NOUN
मुंबई,NOUN
वर,PART
वर्चस्व,NOUN
मिळवू,NOUN
शकतील,NOUN
संत,NOUN
तुकाराम,NOUN
महाराज,NOUN
यांना,NOUN
डॉ,PART
आ,PART
ह,PART
साळुंखे,NOUN
यांनी,NOUN
विद्रोही,NOUN
का,PART
म्हटलं,NOUN
14,NUM
ऑक्टोबर,NOUN
2025,NUM
संत,NOUN
तुकाराम,NOUN
महाराज,NOUN
यांना,NOUN
डॉ,PART
आ,PART
ह,PART
साळुंखे,NOUN
यांनी,NOUN
विद्रोही,NOUN
का,PART
म्हटलं,NOUN
1ताण,NOUN
आलाय,NOUN
मन,PART
शांत,NOUN
करायचंय,NOUN
आपल्याच,NOUN
शरीरातल्या,NOUN
या,PART
शांततेच्या,PP
बटणा,NOUN
बद्दल,NOUN
जाणून,NOUN
घ्या,NOUN
2एक,NOUN
मराठी,NOUN
माणूस,NOUN
जेव्हा,NOUN
बिहारमधून,NOUN
तब्बल,NOUN
4,NUM
वेळा,NOUN
खासदार,NOUN
होतोशेवटचा,NOUN
अपडेट,NOUN
7,NUM
एप्रिल,NOUN
2024,NUM
3कर्जाचे,NOUN
हप्ते,NOUN
थकल्यावर,PP
बँकांचे,NOUN
वसुली,VERB
एजंट्स,NOUN
मागे,NOUN
लागत,NOUN
असतील,NOUN
तर,PART
ग्राहक,NOUN
म्हणून,NOUN
तुमचे,NOUN
अधिकार,NOUN
काय,NOUN
जाणून,NOUN
घ्या,NOUN
4रुग्णालयातून,NOUN
घरी,NOUN
परतल्यावर,PP
अभिनेता,NOUN
गोविंदाने,PP
काय,NOUN
सांगितले,VERB
5गरम,NOUN
की,PART
थंड,NOUN
हिवाळ्यात,NOUN
कोणत्या,NOUN
पाण्यानं,NOUN
अंघोळ,NOUN
करणं,NOUN
जास्त,NOUN
चांगलं,NOUN
असतं,NOUN
6,NUM
चोर,NOUN
पोलीस,NOUN
खेळण्याच्या,PP
बहाण्याने,PP
सासूला,PP
संपवलं,NOUN
डोकं,NOUN
चक्रावणारं,NOUN
प्रकरण,NOUN
आलं,NOUN
असं,NOUN
उघडकीस,NOUN
7जवाहरलाल,NOUN
नेहरू,NOUN
आधुनिक,NOUN
भारताचे,NOUN
शिल्पकार,NOUN
की,PART
आजच्या,PP
सर्व,NOUN
समस्यांना,NOUN
जबाबदार,NOUN
8जेव्हा,NOUN
नेहरू,NOUN
IFS,NOUN
ऑफिसरला,PP
स्विमिंग,NOUN
कॉस्च्यूममध्येच,NOUN
म्यानमारच्या,PP
PMच्या,PP
स्वागतासाठी,PP
घेऊन,NOUN
गेले,VERB
शेवटचा,NOUN
अपडेट,NOUN
18,NUM
नोव्हेंबर,NOUN
2022,NUM
9शेअर,NOUN
बाजारातील,NOUN
IPO,NOUN
मध्ये,PP
पैसे,NOUN
गुंतवायचे,NOUN
आहेत,NOUN
लक्षात,NOUN
ठेवा,NOUN
या,PART
5,NUM
महत्त्वाच्या,PP
टिप्स,NOUN
10बिहार,NOUN
एक्झिट,NOUN
पोलनुसार,NOUN
नवीन,NOUN
सरकार,NOUN
कोण,NOUN
स्थापन,NOUN
करतंय,NOUN
एरंडाच्या,PP
बियांपासून,NOUN
तयार,NOUN
होणाऱ्या,NOUN
रायसिन,NOUN
या,PART
घातक,NOUN
विषाची,NOUN
चर्चा,NOUN
पुन्हा,NOUN
एकदा,NOUN
होताना,NOUN
दिसत,NOUN
आहे,NOUN
जगभरात,NOUN
अनेक,NOUN
ठिकाणी,NOUN
या,PART
विषाचा,NOUN
वापर,NOUN
करून,NOUN
गुन्हेगारी,NOUN
कृत्य,NOUN
करण्याचे,NOUN
प्रयत्न,NOUN
झाल्याचे,NOUN
दिसून,NOUN
आले,VERB
आहे,NOUN
भारतातही,NOUN
रायसिन,NOUN
विष,NOUN
प्रसारमाध्यमांमध्ये,PP
बातम्यांचा,NOUN
विषय,NOUN
ठरला,PP
आहे,NOUN
याला,PP
निमित्त,NOUN
ठरले,VERB
गुजरात,NOUN
पोलीस,NOUN
गुजरात,NOUN
पोलिसांनी,NOUN
अहमद,NOUN
मोहिउद्दीन,NOUN
सय्यद,NOUN
आझाद,NOUN
सुलेमान,NOUN
शेख,NOUN
आणि,NOUN
मोहम्मद,NOUN
सुहेल,NOUN
मोहम्मद,NOUN
सलीम,NOUN
या,PART
तिघांना,NOUN
अटक,NOUN
केली,VERB
आहे,NOUN
पीटीआयने,PP
दिलेल्या,NOUN
वृत्तानुसार,NOUN
गुजरात,NOUN
दहशतवाद,NOUN
विरोधी,NOUN
पथकाने,PP
एटीएस,NOUN
सांगितलं,NOUN
आहे,NOUN
की,PART
या,PART
तिघांनी,NOUN
लखनऊ,NOUN
दिल्ली,VERB
आणि,NOUN
अहमदाबादमध्ये,PP
मोठ्या,NOUN
कटाची,NOUN
पूर्वतयारी,NOUN
म्हणून,NOUN
विविध,NOUN
ठिकाणांची,NOUN
रेकी,NOUN
केली,VERB
होती,NOUN
पण,PART
त्यांनी,NOUN
त्यासाठी,PP
निवडलेला,PP
मार्ग,NOUN
आता,NOUN
मोठ्या,NOUN
चर्चेचा,NOUN
विषय,NOUN
बनला,PP
आहे,NOUN
गुजरात,NOUN
एटीएसने,PP
आरोप,NOUN
केला,PP
आहे,NOUN
की,PART
या,PART
संशयित,NOUN
आरोपींनी,NOUN
लोकांना,NOUN
मारण्यासाठी,PP
एरंडाच्या,PP
बियांमधून,NOUN
काढलेलं,NOUN
विष,NOUN
वापरण्याची,NOUN
योजना,NOUN
आखली,VERB
होती,NOUN
गुजरात,NOUN
पोलिसांच्या,PP
म्हणण्यानुसार,NOUN
डॉ,PART
अहमद,NOUN
मोहिउद्दीनने,PP
चीनमध्ये,PP
एमबीबीएसचं,NOUN
शिक्षण,NOUN
घेतलेलं,NOUN
आहे,NOUN
रसायनशास्त्रातील,NOUN
ज्ञान,NOUN
वापरून,NOUN
त्याने,PP
एरंडाच्या,PP
बियांमधून,NOUN
विष,NOUN
तयार,NOUN
केल्याचा,NOUN
आरोप,NOUN
आहे,NOUN
पीटीआयने,PP
दिलेल्या,NOUN
वृत्तानुसार,NOUN
मोहिउद्दीनचे,NOUN
इस्लामिक,NOUN
स्टेटशीही,NOUN
संबंध,NOUN
असल्याचे,NOUN
गुजरात,NOUN
पोलिसांनी,NOUN
सांगितलं,NOUN
आहे,NOUN
एरंडाच्या,PP
बियांपासून,NOUN
बनवलेल्या,NOUN
विषानं,NOUN
खरंच,NOUN
माणूस,NOUN
मरू,NOUN
शकतो,NOUN
का,PART
असा,NOUN
प्रश्न,NOUN
या,PART
प्रकरणामुळे,NOUN
निर्माण,NOUN
झाला,PP
आहे,NOUN
चोर,NOUN
पोलीस,NOUN
खेळण्याच्या,PP
बहाण्याने,PP
सासूला,PP
संपवलं,NOUN
डोकं,NOUN
चक्रावणारं,NOUN
प्रकरण,NOUN
आलं,NOUN
असं,NOUN
उघडकीस,NOUN
जेवणातून,NOUN
चपाती,NOUN
भात,NOUN
पूर्णपणे,NOUN
बंद,NOUN
केले,VERB
तर,PART
काय,NOUN
फायदे,NOUN
होतात,VERB
या,PART
पदार्थांना,NOUN
पर्याय,NOUN
काय,NOUN
गुजरात,NOUN
पोलिसांनी,NOUN
संशयितांना,NOUN
जेव्हा,NOUN
अटक,NOUN
केली,VERB
तेव्हा,NOUN
त्यांच्याकडे,PP
एरंडाचं,NOUN
तेल,NOUN
सापडलं,NOUN
इंडियन,NOUN
एक्सप्रेस,NOUN
ने,PART
दिलेल्या,NOUN
वृत्तानुसार,NOUN
संशयितांपैकी,NOUN
एकाने,PP
पोलिसांना,NOUN
सांगितलं,NOUN
की,PART
ते,PART
एरंडाच्या,PP
बियांमधून,NOUN
रायसिन,NOUN
काढण्याचा,NOUN
प्रयत्न,NOUN
करत,NOUN
होते,NOUN
परंतु,NOUN
त्या,NOUN
विषाचा,NOUN
वापर,NOUN
कसा,NOUN
करायचा,NOUN
हे,PART
अजून,NOUN
तपासून,NOUN
पाहायचं,NOUN
आहे,NOUN
पोलीस,NOUN
सध्या,NOUN
त्याच,NOUN
दिशेने,PP
तपास,NOUN
करत,NOUN
आहेत,NOUN
गुजरात,NOUN
एटीएसचे,NOUN
डीआयजी,NOUN
म्हणाले,VERB
की,PART
संशयित,NOUN
आरोपी,NOUN
मोठ्या,NOUN
दहशतवादी,NOUN
हल्ल्याच्या,PP
तयारीत,NOUN
होते,NOUN
परंतु,NOUN
त्यांनी,NOUN
तयार,NOUN
केलेलं,NOUN
रायसिन,NOUN
सापडलं,NOUN
नाही,NOUN
रायसिन,NOUN
बनवण्याच्या,PP
प्रयत्नात,NOUN
असतानाच,NOUN
पोलिसांनी,NOUN
पकडलं,NOUN
रायसिन,NOUN
हे,PART
एरंडाच्या,PP
बियांपासून,NOUN
तयार,NOUN
होणारं,NOUN
एक,PART
विषारी,NOUN
द्रव्य,NOUN
आहे,NOUN
या,PART
वनस्पतीचं,NOUN
शास्त्रीय,NOUN
नाव,NOUN
रिकिनस,NOUN
कम्युनिस,NOUN
आहे,NOUN
बियांमधून,NOUN
तेल,NOUN
काढल्यानंतर,NOUN
उरलेल्या,NOUN
भागातून,NOUN
हे,PART
विष,NOUN
मिळतं,NOUN
याचा,NOUN
अगदी,NOUN
छोटासा,NOUN
डोस,NOUN
घेतला,PP
तरी,NOUN
ते,PART
धोकादायक,NOUN
ठरू,NOUN
शकतं,NOUN
एरंडाचं,NOUN
तेल,NOUN
धोकादायक,NOUN
नसतं,NOUN
तेल,NOUN
काढल्यानंतर,NOUN
उरलेल्या,NOUN
बियांच्या,PP
घट्ट,NOUN
भागातून,NOUN
पिप्पी,NOUN
विशेष,NOUN
शुद्धीकरणाच्या,PP
पद्धतीने,PP
रायसिन,NOUN
वेगळं,NOUN
काढलं,NOUN
जातं,NOUN
भारतासह,NOUN
अनेक,NOUN
देश,NOUN
सदस्य,NOUN
असलेल्या,NOUN
ऑर्गनायझेशन,NOUN
फॉर,NOUN
द,PART
प्रोहिबिशन,NOUN
ऑफ,PART
केमिकल,NOUN
वेपन्स,NOUN
या,PART
संस्थेच्या,PP
मते,NOUN
रायसिनचा,NOUN
समावेश,NOUN
रासायनिक,NOUN
शस्त्रांच्या,PP
यादीत,NOUN
केला,PP
आहे,NOUN
परंतु,NOUN
आतापर्यंत,NOUN
सिद्ध,NOUN
झालेल्या,NOUN
गुन्ह्यांमध्ये,PP
जगभरात,NOUN
फक्त,NOUN
एकाच,NOUN
प्रकरणात,NOUN
रायसिनचा,NOUN
वापर,NOUN
करून,NOUN
खून,NOUN
झाल्याचे,NOUN
स्पष्ट,NOUN
झालं,NOUN
आहे,NOUN
रायसिन,NOUN
शरीरात,NOUN
अनेक,NOUN
मार्गांनी,NOUN
घातक,NOUN
ठरू,NOUN
शकतो,NOUN
इंजेक्शनने,PP
तोंडाद्वारे,NOUN
त्वचेद्वारे,NOUN
किंवा,NOUN
श्वासोच्छवासातून,NOUN
याला,PP
वासही,NOUN
नाही,NOUN
आणि,NOUN
चवही,NOUN
नाही,NOUN
त्यामुळे,NOUN
अन्नात,NOUN
मिसळलं,NOUN
तरी,NOUN
ते,PART
कोणी,NOUN
ओळखू,NOUN
शकत,NOUN
नाही,NOUN
रसायनशास्त्रानुसार,NOUN
रायसिन,NOUN
हे,PART
एक,PART
लेक्टिन,NOUN
नावाचं,NOUN
प्रोटीन,NOUN
म्हणजेच,NOUN
प्रथिन,NOUN
आहे,NOUN
ते,PART
कार्बोहायड्रेटशी,NOUN
चिकटणारं,NOUN
प्रोटीन,NOUN
आहे,NOUN
काही,NOUN
जण,PART
त्याचा,NOUN
गैरवापर,NOUN
करत,NOUN
आहेत,NOUN
रायसिनचा,NOUN
वापर,NOUN
काही,NOUN
वेळा,NOUN
कॅन्सरवरील,NOUN
उपचारासाठीही,NOUN
होतो,NOUN
परंतु,NOUN
काही,NOUN
लोक,NOUN
त्याचा,NOUN
गैरवापर,NOUN
करत,NOUN
आहेत,NOUN
असं,NOUN
सिकंदराबादच्या,PP
गांधी,NOUN
मेडिकल,NOUN
कॉलेजचे,NOUN
भूलशास्त्राचे,NOUN
प्राध्यापक,NOUN
डॉ,PART
किरण,NOUN
मदाला,PP
यांनी,NOUN
बीबीसीशी,NOUN
बोलताना,NOUN
सांगितलं,NOUN
त्यांच्या,PP
म्हणण्यानुसार,NOUN
हे,PART
विष,NOUN
श्वासाद्वारे,NOUN
तोंडाने,PP
किंवा,NOUN
इंजेक्शनने,PP
शरीरात,NOUN
गेलं,NOUN
तर,PART
हानी,NOUN
पोहोचू,NOUN
शकते,NOUN
हे,PART
शरीरातील,NOUN
पेशींमध्ये,PP
प्रोटीन,NOUN
तयार,NOUN
होण्याची,NOUN
प्रक्रिया,NOUN
थांबवतं,NOUN
त्यामुळे,NOUN
साधारण,NOUN
36,NUM
ते,PART
72,NUM
तासांत,NOUN
माणसाचा,NOUN
मृत्यू,NOUN
होऊ,NOUN
शकतो,NOUN
अमेरिकेची,NOUN
सरकारी,NOUN
संस्था,NOUN
सीडीसीने,PP
सेंटर्स,NOUN
फॉर,NOUN
डिसीज,NOUN
कंट्रोल,NOUN
अँड,NOUN
प्रिव्हेन्शन,NOUN
आपल्या,NOUN
वेबसाइटवर,PP
दिलेल्या,NOUN
माहितीनुसार,NOUN
रायसिन,NOUN
पांढऱ्या,NOUN
पिठासारखं,NOUN
दिसतं,NOUN
ते,PART
द्रव,NOUN
किंवा,NOUN
घन,PART
अशा,NOUN
दोन्ही,NOUN
रूपांत,NOUN
तयार,NOUN
करता,NOUN
येतं,NOUN
एरंडाचं,NOUN
तेल,NOUN
काढल्यानंतर,NOUN
उरलेल्या,NOUN
भागातून,NOUN
हे,PART
विष,NOUN
मिळवतात,VERB
हे,PART
शरीरातील,NOUN
पेशींमध्ये,PP
प्रोटीन,NOUN
तयार,NOUN
करण्याची,NOUN
प्रक्रिया,NOUN
थांबवतं,NOUN
त्यामुळे,NOUN
वेगवेगळ्या,NOUN
प्रकारच्या,PP
अॅलर्जी,NOUN
होऊ,NOUN
शकतात,VERB
आणि,NOUN
अगदी,NOUN
छोटासा,NOUN
डोस,NOUN
घेतला,PP
तरी,NOUN
ते,PART
घातक,NOUN
ठरू,NOUN
शकतं,NOUN
रायसिन,NOUN
हवा,NOUN
पाणी,NOUN
किंवा,NOUN
अन्नात,NOUN
मिसळून,NOUN
शरीरात,NOUN
जाऊ,NOUN
शकतं,NOUN
हे,PART
तोंडाने,PP
इंजेक्शनने,PP
श्वास,NOUN
घेऊन,NOUN
डोळ्यांद्वारे,NOUN
किंवा,NOUN
जखमांमधूनही,NOUN
शरीरात,NOUN
प्रवेश,NOUN
करू,NOUN
शकतं,NOUN
रायसिन,NOUN
शरीरात,NOUN
गेल्यानंतर,NOUN
काही,NOUN
तासांपासून,NOUN
ते,PART
काही,NOUN
दिवसांपर्यंत,NOUN
कोणतीही,NOUN
लक्षणं,NOUN
दिसत,NOUN
नाहीत,NOUN
त्यानंतर,NOUN
त्याचा,NOUN
परिणाम,NOUN
दिसू,NOUN
लागतो,NOUN
साधारण,NOUN
सहा,NOUN
तासांत,NOUN
त्याचा,NOUN
पचनसंस्थेवर,PP
परिणाम,NOUN
जाणवू,NOUN
लागतो,NOUN
साधारणपणे,NOUN
रायसिनमुळे,NOUN
झालेल्या,NOUN
विषाचा,NOUN
परिणाम,NOUN
2,NUM
ते,PART
5,NUM
दिवसांनी,NOUN
यकृत,NOUN
मेंदूची,NOUN
मध्यवर्ती,NOUN
मज्जासंस्था,NOUN
सीएनएस,NOUN
मूत्रपिंड,NOUN
आणि,NOUN
एड्रिनल,NOUN
ग्रंथींवर,PP
अधिवृक्क,NOUN
ग्रंथी,NOUN
दिसू,NOUN
लागतो,NOUN
यावर,PP
सायटोटॉक्सिक,NOUN
पेशींना,NOUN
हानी,NOUN
पोहोचवणारा,NOUN
परिणाम,NOUN
होतो,NOUN
रायसिनच्या,PP
विषाचा,NOUN
परिणाम,NOUN
सुरू,NOUN
झाल्यानंतर,NOUN
साधारण,NOUN
3,NUM
ते,PART
5,NUM
दिवसांत,NOUN
माणूस,NOUN
दगावण्याची,NOUN
शक्यता,NOUN
असते,NOUN
रायसिन,NOUN
शरीरात,NOUN
कोणत्या,NOUN
रूपात,NOUN
गेला,PP
किती,NOUN
प्रमाणात,NOUN
गेला,PP
आणि,NOUN
शरीराच्या,PP
कोणत्या,NOUN
भागात,NOUN
गेला,PP
यावर,PP
हे,PART
अवलंबून,NOUN
असतं,NOUN
रायसिनसाठी,PP
थेट,NOUN
प्रतिकारक,NOUN
औषध,NOUN
अँटिडोट,NOUN
नाही,NOUN
तरीही,NOUN
प्राथमिक,NOUN
उपचार,NOUN
करून,NOUN
शक्य,NOUN
तितक्या,NOUN
लवकर,NOUN
रुग्णाला,PP
डॉक्टरांकडे,PP
घेऊन,NOUN
जाणं,NOUN
गरजेचं,NOUN
आहे,NOUN
परिस्थितीचं,NOUN
गांभीर्य,NOUN
पाहून,NOUN
त्यानुसार,NOUN
उपचार,NOUN
केले,VERB
पाहिजेत,NOUN
डॉ,PART
किरण,NOUN
मदाला,PP
यांनी,NOUN
सांगितलं,NOUN
की,PART
एरंडाचं,NOUN
तेल,NOUN
धोकादायक,NOUN
नाही,NOUN
थोड्या,NOUN
प्रमाणात,NOUN
बियांचं,NOUN
थेट,NOUN
सेवन,NOUN
केल्यासही,NOUN
फार,NOUN
धोका,NOUN
नाही,NOUN
परंतु,NOUN
बियांना,NOUN
विशेष,NOUN
प्रक्रियेने,PP
शुद्ध,NOUN
रिफाइन,NOUN
केल्यावरच,NOUN
रायसिन,NOUN
तयार,NOUN
होतो,NOUN
एका,NOUN
बियात,NOUN
एवढं,NOUN
रायसिन,NOUN
नसतं,NOUN
की,PART
ते,PART
धोकादायक,NOUN
ठरावं,NOUN
पण,PART
एकाच,NOUN
वेळी,NOUN
मोठ्या,NOUN
प्रमाणात,NOUN
बिया,NOUN
खाल्ल्या,NOUN
तर,PART
विषबाधा,NOUN
होऊ,NOUN
शकते,NOUN
बल्गेरियाच्या,PP
कम्युनिस्ट,NOUN
राजवटीतून,NOUN
पळून,NOUN
जाऊन,NOUN
लंडनमध्ये,PP
राहणाऱ्या,NOUN
जॉर्ज,NOUN
मार्कोव्ह,NOUN
यांचा,NOUN
खून,NOUN
रायसिनमुळे,NOUN
झाला,PP
होता,NOUN
अशाप्रकारचं,NOUN
हे,PART
एकमेव,NOUN
प्रकरण,NOUN
आहे,NOUN
हा,PART
खून,NOUN
1978,NUM
मध्ये,PP
झाला,PP
बीबीसीच्या,PP
माहितीनुसार,NOUN
लंडनच्या,PP
वॉटरलू,NOUN
ब्रिजवर,PP
झालेल्या,NOUN
या,PART
हल्ल्याला,PP
अम्ब्रेला,PP
असॅसिनेशन,NOUN
किंवा,NOUN
अम्ब्रेला,PP
मर्डर,NOUN
असंही,NOUN
म्हटलं,NOUN
जातं,NOUN
1960च्या,PP
दशकात,NOUN
जॉर्ज,NOUN
मार्कोव्ह,NOUN
बल्गेरियातील,NOUN
एक,PART
प्रसिद्ध,NOUN
लेखक,NOUN
होते,NOUN
1969,NUM
मध्ये,PP
कम्युनिस्ट,NOUN
पक्षाकडून,NOUN
त्रास,NOUN
झाल्यामुळे,NOUN
ते,PART
लंडनमध्ये,PP
स्थायिक,NOUN
झाले,VERB
बीबीसीच्या,PP
बाह्य,NOUN
सेवेसाठीही,NOUN
त्यांनी,NOUN
काम,NOUN
केलं,NOUN
इतर,NOUN
संस्थांसाठी,PP
त्यांनी,NOUN
केलेल्या,NOUN
अहवालांमुळे,NOUN
कम्युनिस्ट,NOUN
शासक,NOUN
संतप्त,NOUN
झाले,VERB
आणि,NOUN
त्यांची,NOUN
हत्या,NOUN
करण्यात,NOUN
आली,VERB
एका,NOUN
अज्ञात,NOUN
व्यक्तीने,PP
छत्रीने,PP
त्यांच्यावर,PP
वार,NOUN
केला,PP
होता,NOUN
त्यांना,NOUN
मांडीमध्ये,PP
वेदना,NOUN
जाणवत,NOUN
होत्या,NOUN
रात्री,NOUN
त्यांना,NOUN
ताप,NOUN
झाला,PP
चार,NOUN
दिवसांनी,NOUN
त्यांचा,NOUN
मृत्यू,NOUN
झाला,PP
त्यावेळी,NOUN
त्यांच्या,PP
मृत्यूचं,NOUN
कारण,NOUN
समजलेलं,NOUN
नव्हतं,NOUN
तपासात,NOUN
असं,NOUN
समजलं,NOUN
की,PART
त्याच्या,PP
मृत्यूचे,NOUN
कारण,NOUN
रायसिनने,PP
भरलेली,VERB
खूप,NOUN
छोटी,NOUN
धातूची,NOUN
नळी,NOUN
किंवा,NOUN
गोळी,NOUN
पॅलेट,NOUN
होती,NOUN
या,PART
प्रकरणात,NOUN
बल्गेरिया,NOUN
आणि,NOUN
सोव्हिएत,NOUN
केजीबी,NOUN
यांचा,NOUN
सहभाग,NOUN
असल्याचे,NOUN
आरोप,NOUN
झाले,VERB
आहेत,NOUN
जगभरातील,NOUN
रायसिनची,NOUN
प्रकरणं,NOUN
पहिल्या,NOUN
महायुद्धाच्या,PP
काळापासूनच,NOUN
रायसिनचा,NOUN
उपयोग,NOUN
झाल्याच्या,PP
नोंदी,NOUN
आहेत,NOUN
जगभर,NOUN
अनेकवेळा,NOUN
लोकांना,NOUN
मारण्यासाठी,PP
किंवा,NOUN
हानी,NOUN
पोहोचवण्यासाठी,PP
रायसिन,NOUN
वापरायचे,NOUN
प्रयत्न,NOUN
झाले,VERB
जगभरातील,NOUN
पोलिसांनी,NOUN
असे,NOUN
अनेक,NOUN
कट,PART
वेळोवेळी,NOUN
उधळवून,NOUN
लावले,VERB
आहेत,NOUN
अमेरिकेत,NOUN
ओबामा,NOUN
ट्रम्प,NOUN
यांच्यासारख्या,NOUN
अनेक,NOUN
दिग्गज,NOUN
राजकीय,NOUN
नेत्यांना,NOUN
रायसिन,NOUN
पावडर,NOUN
पाठवण्यात,NOUN
आल्याच्या,PP
घटना,NOUN
घडल्या,NOUN
आहेत,NOUN
गुजरातप्रमाणेच,NOUN
2018,NUM
मध्ये,PP
जर्मनीतही,NOUN
पोलिसांनी,NOUN
रायसिन,NOUN
तयार,NOUN
करणाऱ्यांना,NOUN
पकडलं,NOUN
होतं,NOUN
जगभर,NOUN
अशा,NOUN
अनेक,NOUN
रायसिन,NOUN
प्रकरणांची,NOUN
नोंद,NOUN
आहे,NOUN
बीबीसीसाठी,PP
कलेक्टिव्ह,NOUN
न्यूजरूमचे,NOUN
प्रकाशन,NOUN
चोर,NOUN
पोलीस,NOUN
खेळण्याच्या,PP
बहाण्याने,PP
सासूला,PP
संपवलं,NOUN
डोकं,NOUN
चक्रावणारं,NOUN
प्रकरण,NOUN
आलं,NOUN
असं,NOUN
उघडकीस11,NOUN
नोव्हेंबर,NOUN
2025,NUM
पतीला,PP
मारुन,NOUN
स्वयंपाकघरात,NOUN
पुरलं,NOUN
दोन,NOUN
महिने,PP
तिथेच,NOUN
स्वयंपाक,NOUN
केला,PP
एक,PART
वर्षानंतर,NOUN
उघड,NOUN
झालं,NOUN
गूढ8,NOUN
नोव्हेंबर,NOUN
2025,NUM
पतीला,PP
मारुन,NOUN
स्वयंपाकघरात,NOUN
पुरलं,NOUN
दोन,NOUN
महिने,PP
तिथेच,NOUN
स्वयंपाक,NOUN
केला,PP
एक,PART
वर्षानंतर,NOUN
उघड,NOUN
झालं,NOUN
गूढ,NOUN
टिंडर,NOUN
डेटचा,NOUN
भयानक,NOUN
शेवट,NOUN
20,NUM
मिनिटांच्या,PP
त्या,NOUN
भेटीचा,NOUN
माझ्या,NOUN
आयुष्यावर,PP
इतका,NOUN
वाईट,NOUN
परिणाम,NOUN
झाला,PP
की,PART
8,NUM
नोव्हेंबर,NOUN
2025,NUM
टिंडर,NOUN
डेटचा,NOUN
भयानक,NOUN
शेवट,NOUN
20,NUM
मिनिटांच्या,PP
त्या,NOUN
भेटीचा,NOUN
माझ्या,NOUN
आयुष्यावर,PP
इतका,NOUN
वाईट,NOUN
परिणाम,NOUN
झाला,PP
की,PART
LIVE,NOUN
Live,NOUN
बिहार,NOUN
विधानसभा,NOUN
निकाल,NOUN
तुरुंगात,NOUN
असलेले,VERB
बाहुबली,VERB
नेते,NOUN
अनंत,NOUN
सिंह,NOUN
मोकामातून,NOUN
आघाडीवर,PP
तेजस्वी,NOUN
यादव,NOUN
क्रिकेटसाठी,PP
नववीतून,NOUN
शिक्षण,NOUN
सोडण्यापासून,NOUN
राजकीय,NOUN
मैदानात,NOUN
उतरण्यापर्यंत,NOUN
असा,NOUN
आहे,NOUN
प्रवास3,NOUN
तासांपूर्वी,NOUN
नितीश,NOUN
कुमार,NOUN
आधी,NOUN
सातच,NOUN
दिवस,NOUN
मग,PART
तब्बल,NOUN
19,NUM
वर्षे,NOUN
बिहारच्या,PP
मुख्यमंत्रिपदाचं,NOUN
गणित,NOUN
जुळवणारा,NOUN
नेता5,NOUN
तासांपूर्वी,NOUN
3,NUM
चोर,NOUN
पोलीस,NOUN
खेळण्याच्या,PP
बहाण्याने,PP
सासूला,PP
संपवलं,NOUN
डोकं,NOUN
चक्रावणारं,NOUN
प्रकरण,NOUN
आलं,NOUN
असं,NOUN
उघडकीस,NOUN
4जेवणातून,NOUN
चपाती,NOUN
भात,NOUN
पूर्णपणे,NOUN
बंद,NOUN
केले,VERB
तर,PART
काय,NOUN
फायदे,NOUN
होतात,VERB
या,PART
पदार्थांना,NOUN
पर्याय,NOUN
काय,NOUN
शेवटचा,NOUN
अपडेट,NOUN
6,NUM
ऑक्टोबर,NOUN
2022,NUM
5कर्जाचे,NOUN
हप्ते,NOUN
थकल्यावर,PP
बँकांचे,NOUN
वसुली,VERB
एजंट्स,NOUN
मागे,NOUN
लागत,NOUN
असतील,NOUN
तर,PART
ग्राहक,NOUN
म्हणून,NOUN
तुमचे,NOUN
अधिकार,NOUN
काय,NOUN
जाणून,NOUN
घ्या,NOUN
6जेव्हा,NOUN
नेहरू,NOUN
IFS,NOUN
ऑफिसरला,PP
स्विमिंग,NOUN
कॉस्च्यूममध्येच,NOUN
म्यानमारच्या,PP
PMच्या,PP
स्वागतासाठी,PP
घेऊन,NOUN
गेले,VERB
शेवटचा,NOUN
अपडेट,NOUN
18,NUM
नोव्हेंबर,NOUN
2022,NUM
7रुग्णालयातून,NOUN
घरी,NOUN
परतल्यावर,PP
अभिनेता,NOUN
गोविंदाने,PP
काय,NOUN
सांगितले,VERB
8गरम,NOUN
की,PART
थंड,NOUN
हिवाळ्यात,NOUN
कोणत्या,NOUN
पाण्यानं,NOUN
अंघोळ,NOUN
करणं,NOUN
जास्त,NOUN
चांगलं,NOUN
असतं,NOUN
9दिल्ली,VERB
बॉम्बस्फोटानंतर,NOUN
डॉक्टर,NOUN
प्राध्यापकाला,PP
अटक,NOUN
तपासाच्या,PP
केंद्रस्थानी,NOUN
आलेल्या,NOUN
विद्यापीठानं,NOUN
काय,NOUN
म्हटलं,NOUN
10जवाहरलाल,NOUN
नेहरू,NOUN
आधुनिक,NOUN
भारताचे,NOUN
शिल्पकार,NOUN
की,PART
आजच्या,PP
सर्व,NOUN
समस्यांना,NOUN
जबाबदार,NOUN
घरात,NOUN
बेशुद्ध,NOUN
होऊन,NOUN
पडल्यामुळे,NOUN
प्रसिद्ध,NOUN
अभिनेता,NOUN
गोविंदा,NOUN
याला,PP
11,NUM
नोव्हेंबर,NOUN
रोजी,NOUN
मुंबईतील,NOUN
जुहू,NOUN
या,PART
ठिकाणी,NOUN
असलेल्या,NOUN
क्रिटी,NOUN
केअर,NOUN
रुग्णालयात,NOUN
दाखल,NOUN
करण्यात,NOUN
आले,VERB
होते,NOUN
12,NUM
नोव्हेंबर,NOUN
रोजी,NOUN
गोविंदाला,PP
रुग्णालयातून,NOUN
सुटी,NOUN
देण्यात,NOUN
आल्यानंतर,NOUN
तो,PART
आता,NOUN
आपल्या,NOUN
घरी,NOUN
परतला,PP
आहे,NOUN
प्रत्येक,NOUN
परिस्थितीमध्ये,PP
आपले,VERB
चाहते,NOUN
आपल्या,NOUN
पाठीशी,NOUN
उभे,NOUN
राहिले,VERB
असे,NOUN
म्हणत,NOUN
गोविंदाने,PP
आपल्या,NOUN
चाहत्यांचे,NOUN
आभार,NOUN
मानले,VERB
आहेत,NOUN
अति,NOUN
व्यायामामुळे,NOUN
मला,PP
थकवा,NOUN
आला,PP
आणि,NOUN
मी,PART
घरात,NOUN
बेशुद्ध,NOUN
पडलो,NOUN
त्यानंतर,NOUN
मी,PART
रुग्णालयात,NOUN
जाण्याचा,NOUN
निर्णय,NOUN
घेतल्याचे,NOUN
गोविंदाने,PP
ANI,NOUN
या,PART
वृत्तसंस्थेला,PP
सांगितले,VERB
आगामी,NOUN
चित्रपटामध्ये,PP
फिट,NOUN
दिसण्यासाठी,PP
मी,PART
खूप,NOUN
मेहनत,NOUN
घेत,NOUN
होतो,NOUN
त्यातून,NOUN
हा,PART
थकवा,NOUN
आला,PP
असे,NOUN
गोविंदाने,PP
सांगितले,VERB
अनेक,NOUN
वर्षांपासून,NOUN
माझे,NOUN
चित्रपट,NOUN
आले,VERB
नाहीत,NOUN
तरी,NOUN
देखील,NOUN
माझ्याबद्दल,NOUN
माझ्या,NOUN
चाहत्यांना,NOUN
खूप,NOUN
प्रेम,NOUN
वाटते,NOUN
जसा,NOUN
आई,PART
वडिलांचा,NOUN
आशीर्वाद,NOUN
कमी,NOUN
होत,NOUN
नाही,NOUN
तसे,NOUN
कधी,NOUN
चाहत्यांचे,NOUN
देखील,NOUN
प्रेम,NOUN
कमी,NOUN
होत,NOUN
नाही,NOUN
असे,NOUN
म्हणत,NOUN
गोविंदाने,PP
आपल्या,NOUN
चाहत्यांचे,NOUN
आभार,NOUN
मानले,VERB
याआधी,NOUN
गोविंदाचे,NOUN
सहकारी,NOUN
आणि,NOUN
कायदेशीर,NOUN
सल्लागार,NOUN
लिगल,NOUN
अॅडव्हायझर,NOUN
ललित,NOUN
बिंदल,NOUN
यांनी,NOUN
गोविंदा,NOUN
यांना,NOUN
रुग्णालयात,NOUN
दाखल,NOUN
करण्यात,NOUN
आल्याचे,NOUN
सांगितले,VERB
होते,NOUN
या,PART
लेखात,NOUN
सोशल,NOUN
मीडियावरील,NOUN
वेबसाईट्सवरचा,NOUN
मजकुराचा,NOUN
समावेश,NOUN
आहे,NOUN
कुठलाही,NOUN
मजकूर,NOUN
अपलोड,NOUN
करण्यापूर्वी,NOUN
आम्ही,NOUN
तुमची,NOUN
परवानगी,NOUN
विचारतो,NOUN
कारण,NOUN
संबंधित,NOUN
वेबसाईट,NOUN
कुकीज,NOUN
तसंच,NOUN
अन्य,NOUN
तंत्रज्ञान,NOUN
वापरतं,NOUN
तुम्ही,NOUN
स्वीकारण्यापूर्वी,NOUN
सोशल,NOUN
मीडिया,NOUN
वेबसाईट्सची,NOUN
कुकीज,NOUN
तसंच,NOUN
गोपनीयतेसंदर्भातील,NOUN
धोरण,NOUN
वाचू,NOUN
शकता,NOUN
हा,PART
मजकूर,NOUN
पाहण्यासाठी,PP
स्वीकारा,NOUN
आणि,NOUN
पुढे,NOUN
सुरू,NOUN
ठेवा,NOUN
ललित,NOUN
यांनी,NOUN
बीबीसी,NOUN
हिंदीला,PP
सांगितलं,NOUN
की,PART
मंगळवारी,NOUN
11,NUM
नोव्हेंबर,NOUN
रात्री,NOUN
8,NUM
30च्या,PP
सुमारास,NOUN
गोविंदा,NOUN
राहत्या,NOUN
घरात,NOUN
बेशुद्ध,NOUN
पडला,PP
सुरुवातीला,PP
डॉक्टरांच्या,PP
सल्ल्यानुसार,NOUN
त्याला,PP
औषध,NOUN
देण्यात,NOUN
आलं,NOUN
मात्र,NOUN
नंतर,NOUN
त्याची,NOUN
प्रकृती,NOUN
आणखी,NOUN
ढासळली,VERB
असता,NOUN
मंगळवारी,NOUN
मध्यरात्री,NOUN
एकच्या,PP
सुमारास,NOUN
जुहूतील,NOUN
क्रिटी,NOUN
केअर,NOUN
रुग्णालयात,NOUN
दाखल,NOUN
करण्यात,NOUN
आलं,NOUN
होतं,NOUN
गोविंदाची,NOUN
प्रकृती,NOUN
आता,NOUN
स्थिर,NOUN
असल्याचं,NOUN
ललित,NOUN
यांनी,NOUN
सांगितलं,NOUN
होतं,NOUN
ललित,NOUN
यांनीच,NOUN
गोविंदाला,PP
रुग्णालयात,NOUN
दाखल,NOUN
केलं,NOUN
होतं,NOUN
सध्या,NOUN
गोविंदाची,NOUN
प्रकृती,NOUN
स्थिर,NOUN
असल्याचं,NOUN
त्यांनी,NOUN
सांगितलं,NOUN
सध्या,NOUN
गोविंदा,NOUN
डॉक्टरांच्या,PP
देखरेखीखाली,VERB
असून,NOUN
सर्व,NOUN
आवश्यक,NOUN
चाचण्या,NOUN
सुरू,NOUN
आहेत,NOUN
या,PART
चाचण्यांच्या,PP
निकालाच्या,PP
आधारे,NOUN
डॉक्टर,NOUN
त्याच्यावर,PP
पुढील,NOUN
उपचार,NOUN
करतील,NOUN
असंही,NOUN
ललित,NOUN
म्हणाले,VERB
दरम्यान,NOUN
गेल्या,NOUN
वर्षी,NOUN
पायाला,PP
गोळी,NOUN
लागल्यानंतर,NOUN
गोविंदाला,PP
याच,NOUN
क्रिटी,NOUN
केअर,NOUN
रुग्णालयात,NOUN
दाखल,NOUN
करण्यात,NOUN
आलं,NOUN
होतं,NOUN
हे,PART
रुग्णालय,NOUN
गोविंदाच्या,PP
जुहू,NOUN
येथील,NOUN
घरापासून,NOUN
अगदी,NOUN
जवळ,NOUN
आहे,NOUN
डॉक्टरांनी,NOUN
काय,NOUN
माहिती,NOUN
दिली,VERB
क्रिटी,NOUN
केअर,NOUN
रुग्णालयातील,NOUN
डॉक्टर,NOUN
दीपक,NOUN
नामजोशी,NOUN
यांनी,NOUN
गोविंदाच्या,PP
रुग्णालयात,NOUN
दाखल,NOUN
होण्याच्या,PP
वृत्ताला,PP
दुजोरा,NOUN
दिला,PP
नामजोशी,NOUN
म्हणाले,VERB
गोविंदाची,NOUN
प्रकृती,NOUN
सध्या,NOUN
स्थिर,NOUN
असून,NOUN
ते,PART
डॉक्टरांच्या,PP
देखरेखीखाली,VERB
आहे,NOUN
गोविंदाच्या,PP
वैद्यकीय,NOUN
चाचण्यांचे,NOUN
निकाल,NOUN
अद्याप,NOUN
आलेले,VERB
नाहीत,NOUN
पण,PART
सध्या,NOUN
त्याच्या,PP
प्रकृतीबद्दल,NOUN
काळजी,NOUN
करण्याची,NOUN
गरज,NOUN
नाही,NOUN
असंही,NOUN
डॉक्टरांनी,NOUN
सांगितलं,NOUN
दरम्यान,NOUN
परवा,NOUN
रात्री,NOUN
उशिरा,NOUN
गोविंदा,NOUN
स्वतः,NOUN
गाडी,NOUN
चालवून,NOUN
अभिनेता,NOUN
धर्मेंद्र,NOUN
यांना,NOUN
भेटायला,PP
ब्रीच,NOUN
कँडी,NOUN
रुग्णालयात,NOUN
गेला,PP
होता,NOUN
धर्मेंद्र,NOUN
यांची,NOUN
प्रकृती,NOUN
खालावल्यानंतर,NOUN
त्यांना,NOUN
ब्रीच,NOUN
कँडी,NOUN
रुग्णालयात,NOUN
उपचारार्थ,NOUN
दाखल,NOUN
करण्यात,NOUN
आलं,NOUN
होतं,NOUN
या,PART
कालावधीत,NOUN
चित्रपटसृष्टीतील,NOUN
अनेकजण,NOUN
ब्रीच,NOUN
कँडीमध्ये,PP
धर्मेंद्र,NOUN
यांना,NOUN
भेटायला,PP
गेले,VERB
होते,NOUN
गोविंदा,NOUN
देखील,NOUN
ब्रीच,NOUN
कँडीमध्ये,PP
धर्मेंद्र,NOUN
यांना,NOUN
भेटायला,PP
गेला,PP
होता,NOUN
गोविंदाचे,NOUN
सेक्रेटरी,NOUN
शशी,NOUN
सिन्हा,NOUN
बीबीसी,NOUN
हिंदीशी,NOUN
बोलताना,NOUN
म्हणाले,VERB
की,PART
काल,NOUN
दिवसभर,NOUN
घरी,NOUN
असताना,NOUN
गोविंदाला,PP
अस्वस्थ,NOUN
वाटत,NOUN
होतं,NOUN
आणि,NOUN
चक्कर,NOUN
येत,NOUN
होती,NOUN
त्यानंतर,NOUN
डॉक्टरांच्या,PP
सल्ल्यानुसार,NOUN
रात्री,NOUN
उशिरा,NOUN
गोविंदाने,PP
विविध,NOUN
तपासण्यांसाठी,PP
रुग्णालयात,NOUN
दाखल,NOUN
होण्याचा,NOUN
निर्णय,NOUN
घेतला,PP
गोविंदा,NOUN
त्याच्या,PP
जबरदस्त,NOUN
नृत्यकला,PP
आणि,NOUN
हसतमुख,NOUN
व्यक्तिमत्वासाठी,PP
ओळखला,PP
जातो,NOUN
त्याचा,NOUN
अभिनय,NOUN
आणि,NOUN
शैली,VERB
आजही,NOUN
चाहत्यांच्या,PP
मनावर,PP
छाप,NOUN
सोडते,NOUN
आपल्या,NOUN
अभिनयाने,PP
आणि,NOUN
नृत्यकौशल्याने,PP
गोविंदाने,PP
90,NUM
चा,PART
काळ,NOUN
गाजवलाय,NOUN
त्याचा,NOUN
कुली,VERB
नंबर,NOUN
1,NUM
हिरो,NOUN
नंबर,NOUN
1,NUM
साजन,NOUN
चले,VERB
ससुराल,NOUN
हसीना,NOUN
मान,NOUN
जाएगी,NOUN
हद,PART
करदी,NOUN
आपने,PP
आंटी,NOUN
नंबर,NOUN
1,NUM
जोडी,NOUN
नंबर,NOUN
1,NUM
बडे,NOUN
मिया,NOUN
छोटे,NOUN
मिया,NOUN
आदी,NOUN
चित्रपट,NOUN
आजही,NOUN
प्रेक्षकांच्या,PP
मनात,NOUN
घर,PART
करुन,NOUN
आहेत,NOUN
हे,PART
सर्व,NOUN
90,NUM
च्या,PP
दशकातील,NOUN
हिट,NOUN
चित्रपट,NOUN
होते,NOUN
गोविंदा,NOUN
त्या,NOUN
काळात,NOUN
बॉलीवूडचा,NOUN
हिट,NOUN
मशीन,NOUN
मानला,PP
जायचा,NOUN
गोविंदाच्या,PP
खासगी,NOUN
आयुष्याबद्दल,NOUN
सांगायचं,NOUN
झालं,NOUN
तर,PART
गोविंदाने,PP
करिअरच्या,PP
सुरुवातीलाच,NOUN
सुनीताबरोबर,NOUN
लव्ह,NOUN
मॅरिज,NOUN
केलं,NOUN
मात्र,NOUN
काहीकाळापर्यंत,NOUN
त्याने,PP
हे,PART
लग्न,NOUN
जगापुढे,NOUN
जाहीर,NOUN
केलं,NOUN
नव्हतं,NOUN
कारण,NOUN
करिअरच्या,PP
सुरुवातीच्या,PP
काळात,NOUN
अभिनेत्यांच्या,PP
लग्नाबाबत,NOUN
माहिती,NOUN
झाल्यास,NOUN
कदाचित,NOUN
त्यांची,NOUN
लोकप्रियता,NOUN
प्रभावित,NOUN
होऊ,NOUN
शकते,NOUN
असं,NOUN
मानलं,NOUN
जायचं,NOUN
मात्र,NOUN
या,PART
गोष्टीचा,NOUN
गोविंदाच्या,PP
लोकप्रियतेवर,PP
फार,NOUN
काही,NOUN
परिणाम,NOUN
झाला,PP
नाही,NOUN
एक,PART
काळ,NOUN
असा,NOUN
होता,NOUN
की,PART
गोविंदाचे,NOUN
वर्षातून,NOUN
8,NUM
ते,PART
9,NUM
चित्रपट,NOUN
प्रदर्शित,NOUN
होत,NOUN
असत,NOUN
आणि,NOUN
बॉक्स,NOUN
ऑफिसवर,PP
गाजतही,NOUN
असत,NOUN
गोविंदाची,NOUN
अद्भुत,NOUN
कॉमिक,NOUN
टायमिंग,NOUN
खास,NOUN
संवादशैली,VERB
आणि,NOUN
त्याच्यासाठी,PP
लिहिलेल्या,NOUN
पंच,NOUN
लाईन्स,NOUN
रंगीबेरंगी,NOUN
आणि,NOUN
चमकदार,NOUN
कपडे,NOUN
अद्भुत,NOUN
नृत्यशैली,VERB
हे,PART
सर्व,NOUN
बॉक्स,NOUN
ऑफिसवर,PP
धुमाकूळ,NOUN
घालण्यासाठी,PP
पुरेसे,NOUN
होते,NOUN
याच,NOUN
दमावर,PP
त्याने,PP
80,NUM
90,NUM
चा,PART
काळ,NOUN
गाजवला,PP
गोविंदा,NOUN
ना,PART
आमिर,NOUN
खानसारखा,NOUN
चॉकलेट,NOUN
हिरो,NOUN
होता,NOUN
ना,PART
त्याची,NOUN
सलमानसारखी,NOUN
बॉडी,NOUN
होती,NOUN
ना,PART
शाहरुखसारखी,NOUN
रोमँटिक,NOUN
इमेज,NOUN
होती,NOUN
ना,PART
त्याच्याकडे,PP
अक्षय,NOUN
कुमारसारखी,NOUN
अॅक्शन,NOUN
होती,NOUN
मात्र,NOUN
गोविंदाचा,NOUN
स्वतःचा,NOUN
वेगळा,NOUN
लूक,NOUN
आणि,NOUN
वेगळा,NOUN
स्वॅग,NOUN
होता,NOUN
आणि,NOUN
त्याने,PP
याच्याच,NOUN
बळावर,PP
स्वत,NOUN
ची,PART
ओळख,NOUN
निर्माण,NOUN
केली,VERB
गोविंदाची,NOUN
कॉमिक,NOUN
टायमिंग,NOUN
इतकी,NOUN
शार्प,NOUN
होती,NOUN
की,PART
1998,NUM
साली,VERB
बडे,NOUN
मियाँ,NOUN
छोटे,NOUN
मियाँ,NOUN
हा,PART
चित्रपट,NOUN
प्रदर्शित,NOUN
झाला,PP
तेव्हा,NOUN
अनेकांना,NOUN
वाटलं,NOUN
होतं,NOUN
की,PART
गोविंदाने,PP
अमिताभ,NOUN
बच्चनलाही,NOUN
मागे,NOUN
टाकलं,NOUN
आहे,NOUN
गोविंदा,NOUN
त्याच्या,PP
चित्रपट,NOUN
सेटवर,PP
नेहमी,NOUN
उशिरा,NOUN
येण्याच्या,PP
कारणासाठीही,NOUN
प्रसिद्ध,NOUN
आहे,NOUN
तो,PART
सेटवर,PP
कायम,NOUN
उशिरा,NOUN
यायचा,NOUN
आणि,NOUN
त्यामुळे,NOUN
अनेकदा,NOUN
दिग्दर्शकांना,NOUN
तासनतास,NOUN
त्याची,NOUN
वाट,NOUN
पाहावी,NOUN
लागायची,NOUN
अनेक,NOUN
दिग्दर्शकांनी,NOUN
गोविंदाच्या,PP
या,PART
सवयींबद्दलची,NOUN
बाब,NOUN
विविध,NOUN
मुलाखतींमधून,NOUN
मांडली,VERB
आहे,NOUN
धर्मेंद्र,NOUN
यांना,NOUN
हॉस्पिटलमधून,NOUN
घरी,NOUN
नेण्यात,NOUN
आलं,NOUN
डॉक्टरांनी,NOUN
त्यांच्या,PP
प्रकृतीबद्दल,NOUN
काय,NOUN
सांगितलं,NOUN
13,NUM
नोव्हेंबर,NOUN
2025,NUM
धर्मेंद्र,NOUN
यांना,NOUN
हॉस्पिटलमधून,NOUN
घरी,NOUN
नेण्यात,NOUN
आलं,NOUN
डॉक्टरांनी,NOUN
त्यांच्या,PP
प्रकृतीबद्दल,NOUN
काय,NOUN
सांगितलं,NOUN
गोविंदा,NOUN
विरोधात,NOUN
सुनीता,NOUN
आहुजा,NOUN
पोहोचल्या,NOUN
न्यायालयात,NOUN
काय,NOUN
आहे,NOUN
प्रकरण,NOUN
24,NUM
ऑगस्ट,NOUN
2025,NUM
गोविंदा,NOUN
विरोधात,NOUN
सुनीता,NOUN
आहुजा,NOUN
पोहोचल्या,NOUN
न्यायालयात,NOUN
काय,NOUN
आहे,NOUN
प्रकरण,NOUN
अभिनेता,NOUN
गोविंदाला,PP
स्वतःच्याच,NOUN
बंदुकीतून,NOUN
गोळी,NOUN
लागली,VERB
तेव्हा,NOUN
नेमकं,NOUN
काय,NOUN
घडलं,NOUN
3,NUM
ऑक्टोबर,NOUN
2024,NUM
अभिनेता,NOUN
गोविंदाला,PP
स्वतःच्याच,NOUN
बंदुकीतून,NOUN
गोळी,NOUN
लागली,VERB
तेव्हा,NOUN
नेमकं,NOUN
काय,NOUN
घडलं,NOUN
3जेवणातून,NOUN
चपाती,NOUN
भात,NOUN
पूर्णपणे,NOUN
बंद,NOUN
केले,VERB
तर,PART
काय,NOUN
फायदे,NOUN
होतात,VERB
या,PART
पदार्थांना,NOUN
पर्याय,NOUN
काय,NOUN
शेवटचा,NOUN
अपडेट,NOUN
6,NUM
ऑक्टोबर,NOUN
2022,NUM
4,NUM
चोर,NOUN
पोलीस,NOUN
खेळण्याच्या,PP
बहाण्याने,PP
सासूला,PP
संपवलं,NOUN
डोकं,NOUN
चक्रावणारं,NOUN
प्रकरण,NOUN
आलं,NOUN
असं,NOUN
उघडकीस,NOUN
Author,NOUN
विनायक,NOUN
होगाडेविनायक,NOUN
होगाडेRole,NOUN
बीबीसी,NOUN
मराठी,NOUN
प्रतिनिधी,NOUN
Author,NOUN
विनायक,NOUN
होगाडेविनायक,NOUN
होगाडे,NOUN
Role,NOUN
बीबीसी,NOUN
मराठी,NOUN
प्रतिनिधी,NOUN
धार्मिक,NOUN
विद्वेष,NOUN
सामाजिक,NOUN
सलोख्याला,PP
गालबोट,NOUN
धार्मिक,NOUN
उन्माद,NOUN
आणि,NOUN
चिथावणीखोर,NOUN
वक्तव्यांची,NOUN
सातत्यपूर्ण,NOUN
मालिका,NOUN
हा,PART
गेल्या,NOUN
काही,NOUN
महिन्यांत,NOUN
काही,NOUN
ठरावीक,NOUN
नेत्यांकडून,NOUN
दिसणारा,NOUN
पॅटर्न,NOUN
कधी,NOUN
नितेश,NOUN
राणे,NOUN
कधी,NOUN
गोपिचंद,NOUN
पडळकर,NOUN
कधी,NOUN
संग्राम,NOUN
जगताप,NOUN
तर,PART
कधी,NOUN
महेश,NOUN
लांडगे,NOUN
विधिमंडळात,NOUN
आमदार,NOUN
पदावर,PP
असणारे,NOUN
आणि,NOUN
संवैधानिक,NOUN
मूल्यांची,NOUN
शपथ,NOUN
घेतलेले,VERB
लोकप्रतिनिधीच,NOUN
अशी,NOUN
विधानं,NOUN
सातत्याने,PP
करताना,NOUN
दिसत,NOUN
आहेत,NOUN
याआधी,NOUN
सेक्यूलर,NOUN
पक्षात,NOUN
असणारे,NOUN
नितेश,NOUN
राणे,NOUN
आता,NOUN
कट्टर,NOUN
हिंदूत्वाची,NOUN
शाल,NOUN
पांघरून,NOUN
वावरताना,NOUN
दिसतात,VERB
तर,PART
अजित,NOUN
पवार,NOUN
यांच्या,PP
राष्ट्रवादीत,NOUN
असूनही,NOUN
संग्राम,NOUN
जगताप,NOUN
मुस्लीमविरोधी,NOUN
वक्तव्यं,NOUN
करताना,NOUN
दिसतात,VERB
असं,NOUN
का,PART
घडतंय,NOUN
प्रसिद्धी,NOUN
मिळवण्यासाठी,PP
अशी,NOUN
वक्तव्यं,NOUN
केली,VERB
जात,NOUN
आहेत,NOUN
का,PART
की,PART
महायुतीच्या,PP
सत्तेत,NOUN
महत्त्व,NOUN
मिळवण्यासाठी,PP
हा,PART
एक,PART
राजमार्ग,NOUN
झाला,PP
आहे,NOUN
महाराष्ट्रातील,NOUN
लोकांच्या,PP
जगण्या,NOUN
मरण्याचे,NOUN
प्रश्न,NOUN
चर्चेतून,NOUN
बाजूला,PP
सारण्यासाठी,PP
सामाजिक,NOUN
सलोख्याचा,NOUN
बळी,NOUN
दिलाय,NOUN
जातोय,NOUN
का,PART
अशा,NOUN
काही,NOUN
महत्त्वाच्या,PP
प्रश्नांचा,NOUN
घेतलेला,PP
हा,PART
धांडोळा,NOUN
अशी,NOUN
विधानं,NOUN
प्रसिद्धीसाठी,PP
राज्यात,NOUN
अलीकडे,PP
ठिकठिकाणी,NOUN
सातत्याने,PP
हिंदू,NOUN
जनआक्रोश,NOUN
मोर्चे,NOUN
काढले,VERB
जात,NOUN
आहेत,NOUN
लव्ह,NOUN
जिहाद,NOUN
लँड,NOUN
जिहाद,NOUN
मुस्लिमांकडून,NOUN
खरेदी,NOUN
न,PART
करणे,NOUN
अशा,NOUN
वेगवेगळ्या,NOUN
मुद्द्यांवरून,NOUN
सातत्याने,PP
मुस्लीमद्वेषी,NOUN
विधानं,NOUN
करण्याचा,NOUN
सिलसिला,PP
सध्या,NOUN
सुरू,NOUN
आहे,NOUN
हिंदू,NOUN
महिला,PP
आणि,NOUN
मुलींनी,NOUN
जिममध्ये,PP
जाऊ,NOUN
नये,NOUN
तिथे,NOUN
ट्रेनर,NOUN
मुस्लीम,NOUN
आहेत,NOUN
का,PART
पाहा,NOUN
कारण,NOUN
ते,PART
हिंदू,NOUN
मुलींवर,PP
अन्याय,NOUN
करतात,VERB
असं,NOUN
एक,PART
वादग्रस्त,NOUN
विधान,NOUN
गोपिचंद,NOUN
पडळकरांनी,NOUN
नुकतंच,NOUN
केलेलं,NOUN
आहे,NOUN
त्याआधी,NOUN
अहिल्यानगरमधील,NOUN
आमदार,NOUN
संग्राम,NOUN
जगताप,NOUN
यांनी,NOUN
दिवाळीत,NOUN
धर्म,NOUN
बघून,NOUN
दुकानातून,NOUN
खरेदी,NOUN
करण्याचं,NOUN
आवाहन,NOUN
केलं,NOUN
आणि,NOUN
ते,PART
एकाएकी,NOUN
चर्चेत,NOUN
आले,VERB
अजित,NOUN
पवार,NOUN
यांच्या,PP
राष्ट्रवादी,NOUN
काँग्रेसमध्ये,PP
असूनही,NOUN
असं,NOUN
मुस्लीमद्वेषी,NOUN
विधान,NOUN
केल्यामुळे,NOUN
आता,NOUN
यशवंतराव,NOUN
चव्हाण,NOUN
यांचा,NOUN
वारसा,NOUN
सांगणारे,NOUN
उपमुख्यमंत्री,NOUN
अजित,NOUN
पवार,NOUN
काय,NOUN
बोलणार,NOUN
अशा,NOUN
अनुषंगाने,PP
इलेक्ट्रॉनिक,NOUN
माध्यमांवर,PP
चर्चा,NOUN
झडू,NOUN
लागल्या,NOUN
त्यांना,NOUN
तंबी,NOUN
दिली,VERB
गेली,VERB
आणि,NOUN
कारणे,NOUN
दाखवा,NOUN
नोटीस,NOUN
पाठवली,VERB
जाईल,NOUN
असं,NOUN
विधानही,NOUN
अजित,NOUN
पवार,NOUN
यांच्याकडून,NOUN
आलं,NOUN
पण,PART
दरम्यानच्या,PP
काळात,NOUN
या,PART
विधानामुळे,NOUN
आमदार,NOUN
जगताप,NOUN
यांना,NOUN
मिळाली,VERB
ती,PART
प्रसिद्धी,NOUN
त्यामुळे,NOUN
अशी,NOUN
विधानं,NOUN
प्रसिद्धीसाठी,PP
केली,VERB
जातात,VERB
असा,NOUN
मुद्दा,NOUN
ज्येष्ठ,NOUN
पत्रकार,NOUN
विजय,NOUN
चोरमारे,NOUN
यांनी,NOUN
बीबीसी,NOUN
मराठीशी,NOUN
बोलताना,NOUN
मांडला,PP
चोरमारे,NOUN
म्हणाले,VERB
की,PART
अशी,NOUN
मुस्लीमद्वेषी,NOUN
विधानं,NOUN
करणाऱ्या,NOUN
सगळ्या,NOUN
आमदारांमधला,PP
समान,NOUN
धागा,NOUN
एकच,NOUN
आहे,NOUN
तो,PART
म्हणजे,NOUN
राज्यात,NOUN
288,NUM
आमदार,NOUN
आहेत,NOUN
त्यातूनही,NOUN
आपल्याला,PP
लाईमलाईटमध्ये,PP
यायचं,NOUN
असेल,NOUN
तर,PART
फक्त,NOUN
आणि,NOUN
फक्त,NOUN
धार्मिक,NOUN
द्वेषाची,NOUN
भूमिका,NOUN
हीच,NOUN
आपल्याला,PP
सहाय्याची,NOUN
ठरू,NOUN
शकते,NOUN
असा,NOUN
आत्मविश्वास,NOUN
त्यांना,NOUN
आला,PP
आहे,NOUN
ज्येष्ठ,NOUN
पत्रकार,NOUN
राजेंद्र,NOUN
साठेदेखील,NOUN
हाच,NOUN
मुद्दा,NOUN
पुढे,NOUN
नेत,NOUN
म्हणाले,VERB
की,PART
अधिकाधिक,NOUN
आक्रमकरित्या,NOUN
बोललं,NOUN
तर,PART
माध्यमांचं,NOUN
लक्ष,NOUN
आपल्याकडे,PP
जातं,NOUN
प्रत्यक्ष,NOUN
लोकांमध्ये,PP
जाऊन,NOUN
काम,NOUN
करून,NOUN
प्रसिद्धी,NOUN
मिळायला,PP
जेवढे,NOUN
कष्ट,NOUN
लागतील,NOUN
त्यापेक्षा,NOUN
ही,PART
प्रसिद्धी,NOUN
अधिक,NOUN
स्वस्तातील,NOUN
आहे,NOUN
असं,NOUN
त्यांना,NOUN
वाटतं,NOUN
एखादं,NOUN
जरी,NOUN
असं,NOUN
वक्तव्य,NOUN
केलं,NOUN
तरी,NOUN
ही,PART
प्रसिद्धी,NOUN
मिळते,NOUN
असा,NOUN
आत्मविश्वास,NOUN
त्यांना,NOUN
आला,PP
आहे,NOUN
असं,NOUN
ते,PART
सांगतात,VERB
विजय,NOUN
चोरमारे,NOUN
यांच्या,PP
मते,NOUN
मुस्लीमद्वेषी,NOUN
भूमिका,NOUN
घेतल्यामुळे,NOUN
आपण,NOUN
राज्याचे,NOUN
हिरो,NOUN
बनतो,NOUN
असं,NOUN
त्यांना,NOUN
वाटतं,NOUN
अन्यथा,NOUN
एका,NOUN
मतदारसंघाबाहेर,NOUN
असं,NOUN
या,PART
आमदारांचं,NOUN
अस्तित्वच,NOUN
काय,NOUN
आहे,NOUN
पात्रता,NOUN
आणि,NOUN
योग्यता,NOUN
तरी,NOUN
काय,NOUN
आहे,NOUN
आमदार,NOUN
म्हणून,NOUN
असलेलं,NOUN
कर्तृत्व,NOUN
तरी,NOUN
काय,NOUN
आहे,NOUN
संग्राम,NOUN
जगताप,NOUN
किंवा,NOUN
संग्राम,NOUN
भंडारे,NOUN
या,PART
लोकांना,NOUN
महाराष्ट्रात,NOUN
याआधी,NOUN
कुठे,NOUN
ओळख,NOUN
होती,NOUN
असा,NOUN
सवाल,NOUN
राजेंद्र,NOUN
साठे,NOUN
उपस्थित,NOUN
करतात,VERB
ते,PART
सांगतात,VERB
की,PART
अधिकाधिक,NOUN
भडक,NOUN
बोलणाऱ्यांना,NOUN
अधिकाधिक,NOUN
प्रसिद्धी,NOUN
असं,NOUN
सध्या,NOUN
सुरू,NOUN
आहे,NOUN
या,PART
अशा,NOUN
वादंगानंतर,NOUN
उलट,NOUN
अधिक,NOUN
लोकांपर्यंत,NOUN
पोहोचता,NOUN
येतं,NOUN
असं,NOUN
त्यांना,NOUN
वाटतं,NOUN
मात्र,NOUN
या,PART
सगळ्याचा,NOUN
किती,NOUN
वाईट,NOUN
परिणाम,NOUN
होतो,NOUN
आणि,NOUN
सामाजिक,NOUN
सलोखा,NOUN
किती,NOUN
प्रदुषित,NOUN
होतो,NOUN
याचा,NOUN
विचार,NOUN
माध्यमांनी,NOUN
आणि,NOUN
विशेषत,NOUN
इलेक्ट्रॉनिक,NOUN
माध्यमांनी,NOUN
करायला,PP
हवा,NOUN
लोकमत,NOUN
चे,PART
माजी,NOUN
संपादक,NOUN
वसंत,NOUN
भोसलेही,NOUN
हाच,NOUN
मुद्दा,NOUN
अधोरेखित,NOUN
करताना,NOUN
म्हणाले,VERB
की,PART
पूर्वी,NOUN
अशा,NOUN
विधानांना,NOUN
सभ्यतेच्या,PP
कारणावरून,NOUN
विरोध,NOUN
व्हायचा,NOUN
तर,PART
तो,PART
आता,NOUN
होत,NOUN
नाही,NOUN
इलेक्ट्रॉनिक,NOUN
माध्यमंही,NOUN
अशा,NOUN
विधानांना,NOUN
प्रसिद्धी,NOUN
देतात,VERB
ते,PART
सांगतात,VERB
की,PART
सभ्यता,NOUN
आणि,NOUN
नैतिकता,NOUN
आता,NOUN
ठरवून,NOUN
हद्दपार,NOUN
करण्यात,NOUN
आलेली,VERB
आहे,NOUN
सार्वजनिक,NOUN
जीवनात,NOUN
धार्मिक,NOUN
उन्मादानं,NOUN
वा,PART
नुसता,NOUN
उन्मादानं,NOUN
वागणं,NOUN
हे,PART
आता,NOUN
सर्वमान्य,NOUN
झालेलं,NOUN
आहे,NOUN
त्यामुळे,NOUN
मग,PART
आता,NOUN
अशा,NOUN
भूमिका,NOUN
घेऊन,NOUN
काहीही,NOUN
बोलायचं,NOUN
आणि,NOUN
आपलं,NOUN
महत्त्व,NOUN
वाढवायचं,NOUN
असा,NOUN
सिलसिला,PP
सध्या,NOUN
सुरू,NOUN
आहे,NOUN
विजय,NOUN
चोरमारे,NOUN
यांनी,NOUN
प्रसिद्धीच्या,PP
या,PART
मुद्द्यासोबतच,NOUN
माध्यमांच्या,PP
नैतिकतेचाही,NOUN
प्रश्न,NOUN
उपस्थित,NOUN
केला,PP
ते,PART
म्हणतात,VERB
की,PART
पत्रकारितेत,NOUN
कुणाची,NOUN
पात्रता,NOUN
किती,NOUN
यावरून,NOUN
त्या,NOUN
व्यक्तीला,PP
किती,NOUN
जागा,NOUN
द्यायची,NOUN
याचा,NOUN
विचार,NOUN
आधी,NOUN
केला,PP
जायचा,NOUN
त्या,NOUN
व्यक्तीच्या,PP
लांबी,NOUN
रुंदी,NOUN
उंची,NOUN
नुसारच,NOUN
वृत्तपत्रातही,NOUN
त्या,NOUN
व्यक्तीसंदर्भातील,NOUN
बातमीची,NOUN
लांबी,NOUN
रुंदी,NOUN
उंची,NOUN
ठरवली,VERB
जायची,NOUN
इलेक्ट्रॉनिक,NOUN
मीडियाने,PP
ही,PART
नैतिकता,NOUN
कधीचीच,NOUN
सोडून,NOUN
दिल्याने,PP
समाजविघातक,NOUN
वक्तव्यांना,NOUN
सततची,NOUN
प्रसिद्धी,NOUN
मिळते,NOUN
आहे,NOUN
पूर्वीच्या,PP
सेक्यूलर,NOUN
पक्षातील,NOUN
नेते,NOUN
हिंदुत्ववादी,NOUN
कसे,NOUN
झाले,VERB
नितेश,NOUN
राणे,NOUN
सध्या,NOUN
भाजपचे,NOUN
आमदार,NOUN
असले,VERB
तरी,NOUN
ते,PART
आधी,NOUN
काँग्रेसमध्ये,PP
होते,NOUN
काँग्रेसमध्ये,PP
असताना,NOUN
हिंदूत्ववादी,NOUN
राजकारणावर,PP
ते,PART
आक्रमकपणे,NOUN
टीका,NOUN
करायचे,NOUN
तेव्हा,NOUN
राष्ट्रीय,NOUN
स्वयंसेवक,NOUN
संघावर,PP
जोरदार,NOUN
टीका,NOUN
करणारे,NOUN
नितेश,NOUN
राणे,NOUN
काही,NOUN
दिवसांपूर्वी,NOUN
संघाच्या,PP
स्थापना,NOUN
दिनाला,PP
स्वत,NOUN
च,PART
संघाच्या,PP
गणवेशात,NOUN
दिसून,NOUN
आले,VERB
ते,PART
सातत्याने,PP
मुस्लिमांविरोधात,NOUN
विधानं,NOUN
करताना,NOUN
दिसून,NOUN
येतात,VERB
बरेचदा,NOUN
त्यामुळं,NOUN
वादात,NOUN
अडकतात,VERB
नवनीत,NOUN
राणा,NOUN
सध्या,NOUN
खासदारकी,NOUN
गमावून,NOUN
बसलेल्या,NOUN
असल्या,NOUN
तरीही,NOUN
त्यांचा,NOUN
प्रवासदेखील,NOUN
असाच,NOUN
दिसून,NOUN
येतो,NOUN
सुरुवातीला,PP
धर्मनिरपेक्ष,NOUN
म्हणवल्या,NOUN
जाणाऱ्या,NOUN
पक्षांसोबत,NOUN
राजकारण,NOUN
सुरू,NOUN
केलं,NOUN
असलं,NOUN
तरी,NOUN
नंतर,NOUN
त्यांनीही,NOUN
अचानकच,NOUN
आक्रमक,NOUN
हिंदूत्वाची,NOUN
भूमिका,NOUN
घेतली,VERB
गोपिचंद,NOUN
पडळकरही,NOUN
वंचित,NOUN
बहुजन,NOUN
आघाडीतून,NOUN
आता,NOUN
भाजपच्या,PP
सावलीला,PP
आले,VERB
आहेत,NOUN
हिंदू,NOUN
महिला,PP
आणि,NOUN
मुलींनी,NOUN
जिममध्ये,PP
जाऊ,NOUN
नये,NOUN
तिथे,NOUN
ट्रेनर,NOUN
मुस्लीम,NOUN
आहेत,NOUN
का,PART
पाहा,NOUN
कारण,NOUN
ते,PART
हिंदू,NOUN
मुलींवर,PP
अन्याय,NOUN
करतात,VERB
असं,NOUN
एक,PART
वादग्रस्त,NOUN
विधान,NOUN
गोपिचंद,NOUN
पडळकरांनी,NOUN
नुकतंच,NOUN
केलेलं,NOUN
आहे,NOUN
भोसरी,NOUN
मतदारसंघाचे,NOUN
आमदार,NOUN
महेश,NOUN
लांडगे,NOUN
हे,PART
मूळचे,NOUN
काँग्रेसची,NOUN
विद्यार्थी,NOUN
संघटना,NOUN
असलेल्या,NOUN
NSUI,NOUN
चे,PART
कार्यकर्ते,NOUN
होते,NOUN
नंतर,NOUN
ते,PART
राष्ट्रवादी,NOUN
काँग्रेसमध्ये,PP
आले,VERB
तिथं,NOUN
त्यांनी,NOUN
महानगरपालिकेच्या,PP
तीन,NOUN
निवडणुका,NOUN
जिंकल्या,NOUN
त्यानंतर,NOUN
ते,PART
अपक्ष,NOUN
आमदार,NOUN
झाले,VERB
तिथून,NOUN
ते,PART
भाजपमध्ये,PP
आल्यावर,PP
अशी,NOUN
भूमिका,NOUN
घेताना,NOUN
दिसून,NOUN
येतात,VERB
अहिल्यानगरचे,NOUN
आमदार,NOUN
संग्राम,NOUN
जगताप,NOUN
सध्या,NOUN
अजित,NOUN
पवारांच्या,PP
राष्ट्रवादीत,NOUN
आहेत,NOUN
अगदी,NOUN
2024,NUM
च्या,PP
विधानसभा,NOUN
निवडणुकीआधीपर्यंत,NOUN
ते,PART
आपण,NOUN
शाहू,NOUN
फुले,VERB
आंबेडकर,NOUN
यांचाच,NOUN
विचार,NOUN
सांगत,NOUN
असल्याचा,NOUN
दावा,NOUN
करायचे,NOUN
मात्र,NOUN
अचानकच,NOUN
त्यांनी,NOUN
कट्टर,NOUN
हिंदूत्वाचा,NOUN
नारा,NOUN
दिला,PP
आहे,NOUN
त्यामुळे,NOUN
कधीकाळी,NOUN
सेक्यूलर,NOUN
पक्षात,NOUN
असणारे,NOUN
किंवा,NOUN
आजही,NOUN
असलेले,VERB
नेते,NOUN
एकाएकी,NOUN
हिंदुत्ववादी,NOUN
कसे,NOUN
झाले,VERB
हा,PART
प्रश्न,NOUN
नक्कीच,NOUN
उपस्थित,NOUN
होतो,NOUN
विजय,NOUN
चोरमारे,NOUN
सांगतात,VERB
की,PART
यांचा,NOUN
पॅटर्न,NOUN
एकच,NOUN
असला,PP
तरी,NOUN
प्रत्येकानं,NOUN
अशी,NOUN
भूमिका,NOUN
घेण्यामागची,NOUN
कारणं,NOUN
थोडीफार,NOUN
वेगवेगळी,NOUN
आहेत,NOUN
ते,PART
सांगतात,VERB
की,PART
नितेश,NOUN
राणे,NOUN
ज्या,NOUN
पक्षात,NOUN
जातील,NOUN
त्या,NOUN
पक्षाची,NOUN
जी,PART
भूमिका,NOUN
असेल,NOUN
तिच्याशी,NOUN
समरसून,NOUN
काम,NOUN
करतात,VERB
भाजपमध्ये,PP
आल्यावर,PP
त्यांच्या,PP
लक्षात,NOUN
आलं,NOUN
की,PART
या,PART
पक्षाची,NOUN
जी,PART
भूमिका,NOUN
आहे,NOUN
ती,PART
आक्रमकपणे,NOUN
मांडल्याशिवाय,NOUN
इथे,NOUN
आपल्याला,PP
ओळख,NOUN
निर्माणच,NOUN
करता,NOUN
येणार,NOUN
नाही,NOUN
संग्राम,NOUN
जगताप,NOUN
यांच्याबद्दल,NOUN
ते,PART
म्हणाले,VERB
की,PART
गेल्या,NOUN
विधानसभा,NOUN
निवडणुकीमध्ये,PP
त्यांना,NOUN
मुस्लीम,NOUN
मोहल्ल्यांमध्ये,PP
मतदान,NOUN
कमी,NOUN
झालेलं,NOUN
आहे,NOUN
त्यामुळे,NOUN
त्यांनी,NOUN
अशी,NOUN
भूमिका,NOUN
घेतलेली,VERB
आहे,NOUN
खरं,NOUN
तर,PART
आधीच्या,PP
निवडणुकांमध्ये,PP
त्याच,NOUN
मोहल्ल्यांमध्ये,PP
जाऊन,NOUN
त्यांनी,NOUN
जातीयवाद्यांना,NOUN
मतदान,NOUN
करू,NOUN
नका,NOUN
असं,NOUN
सांगितलेलं,NOUN
आहे,NOUN
पण,PART
आता,NOUN
शरद,NOUN
पवारांच्या,PP
उमेदवाराला,PP
जास्त,NOUN
मते,NOUN
मिळाल्याने,PP
ते,PART
बिथरले,VERB
असून,NOUN
त्यांची,NOUN
भूमिका,NOUN
बदलली,VERB
आहे,NOUN
त्यामुळे,NOUN
त्यांनी,NOUN
एकदम,NOUN
मुस्लीमविरोधी,NOUN
भूमिका,NOUN
घेतली,VERB
आहे,NOUN
त्याचा,NOUN
दुसरा,NOUN
हेतू,NOUN
असा,NOUN
आहे,NOUN
की,PART
अजित,NOUN
पवारांची,NOUN
कोंडी,NOUN
करायची,NOUN
कारण,NOUN
तिसऱ्यांदा,NOUN
निवडून,NOUN
येऊन,NOUN
सुद्धा,NOUN
आपल्याला,PP
मंत्रिमंडळात,NOUN
घेतलेलं,NOUN
नाहीये,NOUN
त्यामुळे,NOUN
आपलं,NOUN
उपद्रवमूल्य,NOUN
दाखवण्याचं,NOUN
काम,NOUN
ते,PART
सध्या,NOUN
करत,NOUN
आहेत,NOUN
राजेंद्र,NOUN
साठे,NOUN
सांगतात,VERB
की,PART
संग्राम,NOUN
जगताप,NOUN
काही,NOUN
भाजपमध्ये,PP
नाहीत,NOUN
पण,PART
ते,PART
भाजपमध्ये,PP
जाऊ,NOUN
इच्छितात,VERB
असं,NOUN
दिसतंय,NOUN
त्यामुळे,NOUN
नगर,NOUN
जिल्ह्याचं,NOUN
बदलतं,NOUN
राजकारण,NOUN
पाहता,NOUN
ते,PART
अशी,NOUN
भूमिका,NOUN
घेत,NOUN
असावेत,NOUN
कारण,NOUN
विखे,NOUN
भाजपकडे,PP
गेलेले,VERB
आहेत,NOUN
थोरातांच्या,PP
गटातले,VERB
तांबे,NOUN
तिकडेच,NOUN
गेलेले,VERB
आहेत,NOUN
अशा,NOUN
पार्श्वभूमीवर,PP
आपल्याला,PP
अधिकाधिक,NOUN
कडवी,NOUN
भूमिका,NOUN
घ्यायला,PP
पाहिजे,NOUN
असा,NOUN
भाग,NOUN
त्यामध्ये,PP
असू,NOUN
शकतो,NOUN
पक्षाच्या,PP
वरदहस्ताशिवाय,NOUN
अशी,NOUN
विधानं,NOUN
शक्य,NOUN
नाहीत,NOUN
अशा,NOUN
विधानांमागची,NOUN
कारणं,NOUN
स्पष्ट,NOUN
करताना,NOUN
वसंत,NOUN
भोसले,VERB
सांगतात,VERB
की,PART
वैयक्तिक,NOUN
पातळीवर,PP
प्रसिद्धी,NOUN
मिळणं,NOUN
पक्षात,NOUN
महत्त्व,NOUN
मिळणं,NOUN
आणि,NOUN
मूळ,NOUN
भाजपचे,NOUN
हे,PART
लोक,NOUN
नसल्यामुळे,NOUN
भाजपची,NOUN
ही,PART
भूमिका,NOUN
नाही,NOUN
असा,NOUN
मेसेज,NOUN
जाण्याची,NOUN
सोय,NOUN
ही,PART
या,PART
पाठीमागची,NOUN
कारणं,NOUN
आहेत,NOUN
तसेच,NOUN
हिंदू,NOUN
मुस्लीम,NOUN
हा,PART
द्वेषाचा,NOUN
अजेंडाही,NOUN
यातून,NOUN
भाजपला,PP
कायम,NOUN
ठेवता,NOUN
येतो,NOUN
तो,PART
कायम,NOUN
ठेवणं,NOUN
हे,PART
त्यांच्यादृष्टीने,PP
फार,NOUN
महत्त्वाचं,NOUN
आहे,NOUN
असंही,NOUN
ते,PART
सांगतात,VERB
विजय,NOUN
चोरमारे,NOUN
यासाठी,PP
गोपिचंद,NOUN
पडळकर,NOUN
यांचं,NOUN
उदाहरण,NOUN
देतात,VERB
ते,PART
म्हणतात,VERB
की,PART
गोपिचंद,NOUN
पडळकर,NOUN
तोंडाला,PP
येईल,NOUN
ते,PART
कुणालाही,NOUN
काहीही,NOUN
वाह्यात,NOUN
बोलू,NOUN
शकतात,VERB
ही,PART
त्यांची,NOUN
क्षमता,NOUN
लक्षात,NOUN
आल्यानंतर,NOUN
भाजपकडून,NOUN
त्यांना,NOUN
वापरलं,NOUN
जातंय,NOUN
त्यांनी,NOUN
इतकी,NOUN
वाह्यात,NOUN
विधानं,NOUN
करूनही,NOUN
ते,PART
चुकीचं,NOUN
वागत,NOUN
आहेत,NOUN
असं,NOUN
फडणवीस,NOUN
थेट,NOUN
म्हणत,NOUN
नाहीत,NOUN
त्यांना,NOUN
उलट,NOUN
पाठीशी,NOUN
घालताना,NOUN
दिसतात,VERB
वसंत,NOUN
भोसले,VERB
याचसंदर्भात,NOUN
वेगळा,NOUN
मुद्दा,NOUN
मांडतात,VERB
ते,PART
सांगतात,VERB
की,PART
मूळचे,NOUN
भाजपचे,NOUN
हे,PART
लोक,NOUN
नसल्यामुळे,NOUN
आडवाणी,NOUN
वाजपेयींचा,NOUN
हा,PART
भाजप,NOUN
पक्ष,NOUN
आहे,NOUN
का,PART
अशा,NOUN
नैतिक,NOUN
पेचप्रसंगातूनही,NOUN
सोयीस्कर,NOUN
सुटका,NOUN
करून,NOUN
घ्यायला,PP
वाव,NOUN
मिळतो,NOUN
शिवाय,NOUN
हे,PART
काम,NOUN
करण्यासाठीही,NOUN
पुन्हा,NOUN
वेगवेगळ्या,NOUN
समाजातील,NOUN
लोकांना,NOUN
निवडलं,NOUN
गेलंय,NOUN
असंही,NOUN
आकलन,NOUN
ते,PART
मांडतात,VERB
ते,PART
म्हणतात,VERB
की,PART
अशा,NOUN
आमदारांना,NOUN
कुठं,NOUN
जायचं,NOUN
कशी,NOUN
भाषणं,NOUN
करायची,NOUN
कुठले,VERB
वादग्रस्त,NOUN
मुद्दे,NOUN
उपस्थित,NOUN
करायचे,NOUN
हे,PART
वरूनच,NOUN
सांगितलं,NOUN
जातं,NOUN
विजय,NOUN
चोरमारे,NOUN
सांगतात,VERB
की,PART
भगवी,NOUN
टोपी,NOUN
आणि,NOUN
भगवा,NOUN
गमछा,NOUN
घालून,NOUN
मुसलमानांच्या,PP
विरोधात,NOUN
बोलून,NOUN
जर,PART
राज्यभर,NOUN
प्रसिद्धी,NOUN
मिळत,NOUN
असेल,NOUN
टिव्हीवर,PP
सतत,NOUN
बातम्या,NOUN
आणि,NOUN
बाईट्स,NOUN
चालणार,NOUN
असतील,NOUN
तर,PART
त्यांना,NOUN
ते,PART
हवंच,NOUN
आहे,NOUN
यातूनही,NOUN
काही,NOUN
झालंच,NOUN
तर,PART
आपल्याला,PP
सांभाळून,NOUN
घ्यायला,PP
वरिष्ठ,NOUN
आहेतच,NOUN
असा,NOUN
आत्मविश्वास,NOUN
त्यांना,NOUN
आहे,NOUN
नितेश,NOUN
राणेंचं,NOUN
मंत्रिपद,NOUN
म्हणजे,NOUN
सक्सेस,NOUN
स्टोरी,NOUN
चं,PART
उदाहरण,NOUN
महायुतीच्या,PP
सत्तेत,NOUN
महत्त्व,NOUN
मिळवण्यासाठी,PP
हा,PART
एक,PART
राजमार्ग,NOUN
झाला,PP
आहे,NOUN
असं,NOUN
वसंत,NOUN
भोसले,VERB
सांगतात,VERB
ते,PART
सांगतात,VERB
की,PART
मूळ,NOUN
प्रश्नांवरून,NOUN
सतत,NOUN
दुर्लक्ष,NOUN
घडवण्यासाठी,PP
ही,PART
माणसं,NOUN
उभी,NOUN
करण्यात,NOUN
आली,VERB
आहेत,NOUN
कधी,NOUN
पडळकर,NOUN
कधी,NOUN
संग्राम,NOUN
जगताप,NOUN
कधी,NOUN
नितेश,NOUN
राणे,NOUN
असं,NOUN
करत,NOUN
राहिल्याने,PP
बऱ्याच,NOUN
मूळ,NOUN
प्रश्नांवरून,NOUN
लक्ष,NOUN
हटवता,NOUN
येते,NOUN
लोकांच्या,PP
समस्यांवर,PP
सरकारचं,NOUN
उत्तरदायित्व,NOUN
उरू,NOUN
नये,NOUN
यासाठी,PP
हे,PART
नॉन,NOUN
इश्यूज,NOUN
चर्चेत,NOUN
आणले,VERB
जातात,VERB
आणि,NOUN
अशा,NOUN
लोकप्रतिनिधींसाठी,PP
महायुतीच्या,PP
सत्तेत,NOUN
महत्त्व,NOUN
मिळवण्यासाठी,PP
हा,PART
एक,PART
राजमार्ग,NOUN
झाला,PP
आहे,NOUN
नितेश,NOUN
राणे,NOUN
यांच्या,PP
मंत्रिपदाच्या,PP
रुपाने,PP
असं,NOUN
उदाहरण,NOUN
भाजपने,PP
घालून,NOUN
दिल्याचं,NOUN
विजय,NOUN
चोरमारे,NOUN
सांगतात,VERB
बाकीच्यांना,NOUN
ते,PART
एकप्रकारे,NOUN
गाजर,NOUN
आहे,NOUN
असंही,NOUN
ते,PART
सांगतात,VERB
ते,PART
म्हणतात,VERB
की,PART
पक्षाच्या,PP
वरिष्ठांनी,NOUN
हे,PART
काम,NOUN
त्यांच्यावर,PP
सोपवल्याशिवाय,NOUN
अशी,NOUN
विधानं,NOUN
ते,PART
करणार,NOUN
नाहीत,NOUN
हे,PART
कामच,NOUN
त्यांच्यावर,PP
सोपवण्यात,NOUN
आलं,NOUN
आहे,NOUN
आणि,NOUN
ते,PART
पूर्ण,NOUN
केल्यावरच,NOUN
सत्तेतला,PP
वाटा,NOUN
दिला,PP
जातो,NOUN
वसंत,NOUN
भोसलेदेखील,NOUN
त्यांना,NOUN
पक्षाचा,NOUN
वरदहस्त,NOUN
आहे,NOUN
असं,NOUN
विधान,NOUN
करतात,VERB
ते,PART
सांगतात,VERB
की,PART
एखाद्या,NOUN
समाजाकडून,NOUN
खरेदी,NOUN
करू,NOUN
नका,NOUN
त्यांच्यावर,PP
बहिष्कार,NOUN
घाला,PP
असं,NOUN
म्हणणं,NOUN
वा,PART
तत्सम,NOUN
धार्मिक,NOUN
विद्वेषी,NOUN
विधानं,NOUN
करणं,NOUN
हा,PART
खरं,NOUN
तर,PART
गुन्हाच,NOUN
आहे,NOUN
संविधानातील,NOUN
मूल्यतत्त्वे,NOUN
पाळण्याची,NOUN
सामाजिक,NOUN
सलोखा,NOUN
वाढवण्याची,NOUN
शपथ,NOUN
घेऊनही,NOUN
त्यांनाच,NOUN
छेद,NOUN
दिला,PP
जातोय,NOUN
याला,PP
कुणी,NOUN
आव्हानही,NOUN
देत,NOUN
नाही,NOUN
त्यामुळे,NOUN
यांचं,NOUN
फावत,NOUN
चाललेलं,NOUN
आहे,NOUN
राजेंद्र,NOUN
साठे,NOUN
म्हणतात,VERB
की,PART
आपल्याला,PP
काहीतरी,NOUN
मंत्रिपद,NOUN
मिळेल,NOUN
वा,PART
तत्सम,NOUN
फायदे,NOUN
मिळतील,NOUN
या,PART
आशेपोटी,NOUN
ही,PART
भूमिका,NOUN
या,PART
लोकांनी,NOUN
घेतलेली,VERB
दिसतेय,NOUN
किंवा,NOUN
पक्षांनी,NOUN
त्यांना,NOUN
आदेश,NOUN
दिला,PP
असावा,NOUN
की,PART
तुम्ही,NOUN
ही,PART
भूमिका,NOUN
घ्या,NOUN
पुढे,NOUN
ते,PART
सांगतात,VERB
की,PART
या,PART
पक्षातील,NOUN
जे,PART
वरिष्ठ,NOUN
नेते,NOUN
आहेत,NOUN
त्यांना,NOUN
काही,NOUN
चाड,NOUN
असेल,NOUN
तर,PART
त्यांनी,NOUN
यांना,NOUN
रोखलं,NOUN
पाहिजे,NOUN
पण,PART
ते,PART
रोखत,NOUN
नाहीत,NOUN
हेच,NOUN
सध्याचं,NOUN
वास्तव,NOUN
आहे,NOUN
गोपीचंद,NOUN
पडळकर,NOUN
कोण,NOUN
आहेत,NOUN
ते,PART
सतत,NOUN
वादात,NOUN
का,PART
असतात,VERB
1,NUM
जुलै,NOUN
2021,NUM
गोपीचंद,NOUN
पडळकर,NOUN
कोण,NOUN
आहेत,NOUN
ते,PART
सतत,NOUN
वादात,NOUN
का,PART
असतात,VERB
नितेश,NOUN
राणे,NOUN
म्हणाले,VERB
मढीच्या,PP
यात्रेत,NOUN
मुस्लीम,NOUN
दुकानदारांवर,PP
बंदीचा,NOUN
ठराव,NOUN
होणारच,NOUN
बीडीओंनाही,NOUN
सुनावले,VERB
3,NUM
मार्च,NOUN
2025,NUM
नितेश,NOUN
राणे,NOUN
म्हणाले,VERB
मढीच्या,PP
यात्रेत,NOUN
मुस्लीम,NOUN
दुकानदारांवर,PP
बंदीचा,NOUN
ठराव,NOUN
होणारच,NOUN
बीडीओंनाही,NOUN
सुनावले,VERB
संवैधानिक,NOUN
पदावरील,NOUN
व्यक्तीनं,NOUN
एकाच,NOUN
धर्माच्या,PP
लोकांकडून,NOUN
खरेदी,NOUN
करण्याचं,NOUN
आवाहन,NOUN
करणं,NOUN
योग्य,NOUN
आहे,NOUN
का,PART
12,NUM
मार्च,NOUN
2025,NUM
संवैधानिक,NOUN
पदावरील,NOUN
व्यक्तीनं,NOUN
एकाच,NOUN
धर्माच्या,PP
लोकांकडून,NOUN
खरेदी,NOUN
करण्याचं,NOUN
आवाहन,NOUN
करणं,NOUN
योग्य,NOUN
आहे,NOUN
का,PART
4कर्जाचे,NOUN
हप्ते,NOUN
थकल्यावर,PP
बँकांचे,NOUN
वसुली,VERB
एजंट्स,NOUN
मागे,NOUN
लागत,NOUN
असतील,NOUN
तर,PART
ग्राहक,NOUN
म्हणून,NOUN
तुमचे,NOUN
अधिकार,NOUN
काय,NOUN
जाणून,NOUN
घ्या,NOUN
5जेव्हा,NOUN
नेहरू,NOUN
IFS,NOUN
ऑफिसरला,PP
स्विमिंग,NOUN
कॉस्च्यूममध्येच,NOUN
म्यानमारच्या,PP
PMच्या,PP
स्वागतासाठी,PP
घेऊन,NOUN
गेले,VERB
शेवटचा,NOUN
अपडेट,NOUN
18,NUM
नोव्हेंबर,NOUN
2022,NUM
6जेवणातून,NOUN
चपाती,NOUN
भात,NOUN
पूर्णपणे,NOUN
बंद,NOUN
केले,VERB
तर,PART
काय,NOUN
फायदे,NOUN
होतात,VERB
या,PART
पदार्थांना,NOUN
पर्याय,NOUN
काय,NOUN
शेवटचा,NOUN
अपडेट,NOUN
6,NUM
ऑक्टोबर,NOUN
2022,NUM
9जवाहरलाल,NOUN
नेहरू,NOUN
आधुनिक,NOUN
भारताचे,NOUN
शिल्पकार,NOUN
की,PART
आजच्या,PP
सर्व,NOUN
समस्यांना,NOUN
जबाबदार,NOUN
10दिल्ली,VERB
बॉम्बस्फोटानंतर,NOUN
डॉक्टर,NOUN
प्राध्यापकाला,PP
अटक,NOUN
तपासाच्या,PP
केंद्रस्थानी,NOUN
आलेल्या,NOUN
विद्यापीठानं,NOUN
काय,NOUN
म्हटलं,NOUN
अभिनेत्री,NOUN
गिरिजा,NOUN
ओक,PART
ही,PART
सध्या,NOUN
सोशल,NOUN
मीडियावर,PP
चांगलीच,NOUN
चर्चेत,NOUN
आहे,NOUN
गिरिजाच,NOUN
निळ्या,NOUN
साडीतील,NOUN
एक,PART
फोटो,NOUN
खूप,NOUN
व्हायरल,NOUN
झाला,PP
आहे,NOUN
गिरिजा,NOUN
लवकरच,NOUN
थेरेपी,NOUN
शेरेपी,NOUN
नावाच्या,PP
आगामी,NOUN
वेब,NOUN
सीरिजमध्ये,PP
दिसणार,NOUN
आहे,NOUN
या,PART
सीरिजमध्ये,PP
अभिनेता,NOUN
गुलशन,NOUN
देवैया,NOUN
यांच्यासोबत,NOUN
तिने,PP
काही,NOUN
इंटिमेट,NOUN
सीन्स,NOUN
केले,VERB
आहेत,NOUN
द,PART
लल्लनटॉप,NOUN
ला,PART
दिलेल्या,NOUN
एका,NOUN
मुलाखतीत,NOUN
याबद्दल,NOUN
बोलताना,NOUN
गिरिजा,NOUN
ओकने,PP
इन्टिमसी,NOUN
को,PART
ऑर्डिनेटरचा,NOUN
उल्लेख,NOUN
केला,PP
आहे,NOUN
तिने,PP
म्हटलं,NOUN
आहे,NOUN
की,PART
सिरिज,NOUN
किंवा,NOUN
चित्रपटात,NOUN
म्हणजेच,NOUN
स्क्रिनवर,PP
जेव्हा,NOUN
कधी,NOUN
इन्टिमसीवाले,VERB
सीन्सचं,NOUN
शूटींग,NOUN
होतं,NOUN
तेव्हा,NOUN
बऱ्याचदा,NOUN
इन्टिमसी,NOUN
को,PART
ऑर्डिनेटर,NOUN
सेटवर,PP
उपस्थित,NOUN
असतात,VERB
तुमच्याशी,NOUN
तो,PART
सीन,NOUN
शूट,NOUN
होण्याआधी,NOUN
चर्चा,NOUN
केली,VERB
जाते,NOUN
आपण,NOUN
काय,NOUN
करणार,NOUN
आहोत,NOUN
कसं,NOUN
करणार,NOUN
आहोत,NOUN
काय,NOUN
दिसेल,NOUN
काय,NOUN
नाही,NOUN
याची,NOUN
तुम्हाला,PP
पूर्ण,NOUN
कल्पना,NOUN
दिलेली,VERB
असते,NOUN
मात्र,NOUN
अशा,NOUN
प्रकारच्या,PP
सीन्सचं,NOUN
शूट,NOUN
होत,NOUN
असताना,NOUN
इन्टिमसी,NOUN
को,PART
ऑर्डिनेटरची,NOUN
नेमकी,NOUN
काय,NOUN
भूमिका,NOUN
असते,NOUN
ते,PART
या,PART
लेखातून,NOUN
समजून,NOUN
घेऊयात,NOUN
बीबीसी,NOUN
न्यूजच्या,PP
गीता,NOUN
पांडे,NOUN
यांनी,NOUN
हा,PART
लेख,NOUN
काही,NOUN
वर्षांपूर्वी,NOUN
लिहिला,PP
होता,NOUN
तो,PART
इथे,NOUN
पुन्हा,NOUN
देत,NOUN
आहोत,NOUN
1992,NUM
साली,VERB
प्रदर्शित,NOUN
झालेल्या,NOUN
बेसिक,NOUN
इन्स्टिंक्ट,NOUN
या,PART
चित्रपटामध्ये,PP
अंडरवेअर,NOUN
काढण्याचं,NOUN
दृश्य,NOUN
आपल्याला,PP
फसवून,NOUN
चित्रित,NOUN
झाल्याचा,NOUN
गौप्यस्फोट,NOUN
हॉलिवूडमधील,NOUN
अभिनेत्री,NOUN
शेरॉन,NOUN
स्टोन,NOUN
यांनी,NOUN
अलीकडेच,NOUN
केला,PP
होता,NOUN
या,PART
विशिष्ट,NOUN
दृश्यामध्ये,PP
पोलीस,NOUN
चौकशी,NOUN
करत,NOUN
असताना,NOUN
शेरॉन,NOUN
यांचं,NOUN
पात्र,NOUN
ही,PART
कृती,NOUN
करताना,NOUN
दाखवलं,NOUN
आहे,NOUN
शेरॉन,NOUN
स्टोन,NOUN
यांचं,NOUN
आत्मचरित्र,NOUN
काही,NOUN
दिवसांपूर्वीच,NOUN
प्रकाशित,NOUN
झालं,NOUN
त्यात,NOUN
त्यांनी,NOUN
लिहिल्यानुसार,NOUN
पांढऱ्या,NOUN
रंगावरून,NOUN
लाईट,NOUN
रिफ्लेक्ट,NOUN
होतोय,NOUN
त्यामुळे,NOUN
अंडरवेअर,NOUN
काढून,NOUN
ठेवावी,NOUN
आणि,NOUN
प्रेक्षकांना,NOUN
काहीच,NOUN
दिसणार,NOUN
नाही,NOUN
असं,NOUN
चित्रीकरणावेळी,NOUN
शेरॉन,NOUN
यांना,NOUN
सांगण्यात,NOUN
आलं,NOUN
परंतु,NOUN
नंतर,NOUN
त्यांना,NOUN
आणि,NOUN
जगभरातील,NOUN
सगळ्याच,NOUN
प्रेक्षकांना,NOUN
या,PART
दृश्यामध्ये,PP
बरंच,NOUN
काही,NOUN
पाहायला,PP
मिळालं,NOUN
या,PART
चित्रपटाचे,NOUN
दिग्दर्शक,NOUN
पॉल,NOUN
वर्होवन,NOUN
यांनी,NOUN
शेरॉन,NOUN
यांचा,NOUN
दावा,NOUN
फेटाळून,NOUN
लावला,PP
आहे,NOUN
चित्रीकरणावेळी,NOUN
काय,NOUN
सुरू,NOUN
होतं,NOUN
हे,PART
शेरॉन,NOUN
यांना,NOUN
माहीत,NOUN
होतं,NOUN
आता,NOUN
त्या,NOUN
खोटं,NOUN
बोलत,NOUN
आहेत,NOUN
असं,NOUN
वर्होवेन,NOUN
म्हणाले,VERB
परंतु,NOUN
या,PART
सर्व,NOUN
घटनाक्रमामध्ये,PP
आपली,VERB
फसवणूक,NOUN
झाली,VERB
आणि,NOUN
मी,PART
मनातून,NOUN
कोसळून,NOUN
पडले,VERB
होते,NOUN
असं,NOUN
शेरॉन,NOUN
यांचं,NOUN
म्हणणं,NOUN
आहे,NOUN
ही,PART
कटुकहाणी,NOUN
टाळता,NOUN
आली,VERB
असती,NOUN
का,PART
अगदी,NOUN
सहज,NOUN
टाळता,NOUN
आली,VERB
असती,NOUN
असं,NOUN
आस्था,NOUN
खन्ना,NOUN
म्हणतात,VERB
त्या,NOUN
भारतातील,NOUN
पहिल्या,NOUN
आणि,NOUN
एकमेव,NOUN
प्रमाणित,NOUN
इन्टिमसी,NOUN
कोऑर्डिनेटर,NOUN
शारीरिक,NOUN
जवळीक,NOUN
असलेल्या,NOUN
दृश्यांसाठीच्या,PP
संयोजक,NOUN
आहेत,NOUN
त्या,NOUN
म्हणतात,VERB
मी,PART
तिथे,NOUN
असते,NOUN
तर,PART
शेरॉन,NOUN
स्टोन,NOUN
यांना,NOUN
त्यांच्या,PP
त्वचेच्या,PP
रंगाची,NOUN
अंतर्वस्त्रं,NOUN
दिली,VERB
असती,NOUN
बेसिक,NOUN
इन्स्टिंक्ट,NOUN
च्या,PP
चित्रीकरणाची,NOUN
सुरुवात,NOUN
1990,NUM
साली,VERB
झाली,VERB
तेव्हा,NOUN
कोणी,NOUN
इन्टिमसी,NOUN
कोऑर्डिनेटर,NOUN
हे,PART
शब्दही,NOUN
ऐकलेले,VERB
नव्हते,NOUN
त्यामुळे,NOUN
नग्न,NOUN
दृश्यांचं,NOUN
किंवा,NOUN
लैंगिक,NOUN
वर्तनाशी,NOUN
निगडीत,NOUN
दृश्यांचं,NOUN
चित्रण,NOUN
करताना,NOUN
अधिक,NOUN
आश्वासक,NOUN
वातावरण,NOUN
निर्माण,NOUN
करण्याचा,NOUN
प्रश्नही,NOUN
नव्हता,NOUN
परंतु,NOUN
2017,NUM
साली,VERB
MeToo,NOUN
आंदोलनानंतर,NOUN
आता,NOUN
अशा,NOUN
संयोजकाची,NOUN
सेवा,NOUN
घेण्याची,NOUN
मागणी,NOUN
वाढू,NOUN
लागली,VERB
आहे,NOUN
यापूर्वी,NOUN
मात्र,NOUN
जगभरातील,NOUN
विविध,NOUN
मनोरंजन,NOUN
क्षेत्रांमध्ये,PP
लैंगिक,NOUN
छळाचे,NOUN
प्रकार,NOUN
झाले,VERB
आहेत,NOUN
1970,NUM
सालच्या,PP
न्यूयॉर्कमधील,NOUN
सेक्स,NOUN
व,PART
पॉर्न,NOUN
उद्योगावर,PP
आधारित,NOUN
द,PART
ड्यूस,NOUN
या,PART
मालिकेसाठी,PP
अभिनेत्री,NOUN
एमिली,VERB
मीड,NOUN
यांच्या,PP
मागणीनुसार,NOUN
आपण,NOUN
इन्टिमसी,NOUN
कोऑर्डिनेटरची,NOUN
नेमणूक,NOUN
केल्याचं,NOUN
एचबीओ,NOUN
HBO,NOUN
वाहिनीने,PP
2018,NUM
साली,VERB
जाहीर,NOUN
केलं,NOUN
होतं,NOUN
आपल्या,NOUN
सर्वच,NOUN
कार्यक्रमांमधली,VERB
शारीरिक,NOUN
जवळीक,NOUN
दाखवणारी,NOUN
दृश्यं,NOUN
इन्टिमसी,NOUN
कोऑर्डिनेटरच्या,PP
देखरेखीखाली,VERB
चित्रित,NOUN
केली,VERB
जातील,NOUN
असं,NOUN
HBO,NOUN
नेटवर्कने,PP
नंतर,NOUN
स्पष्ट,NOUN
केलं,NOUN
त्यानंतर,NOUN
नेटफ्लिक्स,NOUN
व,PART
अमेझॉन,NOUN
यांसारख्या,NOUN
वेब,NOUN
प्लॅटफॉर्म,NOUN
कंपन्यांनीही,NOUN
हे,PART
धोरण,NOUN
स्वीकारलं,NOUN
आता,NOUN
अनेक,NOUN
स्टुडिओ,NOUN
निर्माते,NOUN
व,PART
दिग्दर्शक,NOUN
आपल्या,NOUN
सेटवर,PP
इन्टिमसी,NOUN
कोऑर्डिनेटरचा,NOUN
वापर,NOUN
करू,NOUN
लागले,VERB
आहेत,NOUN
गेल्या,NOUN
काही,NOUN
महिन्यांमध्ये,PP
भारतातही,NOUN
हे,PART
बदलाचे,NOUN
नवे,NOUN
वारे,NOUN
वाहताना,NOUN
दिसत,NOUN
आहेत,NOUN
इन्टिमसी,NOUN
कोऑर्डिनेटरचं,NOUN
काम,NOUN
काय,NOUN
असतं,NOUN
26,NUM
वर्षांच्या,PP
आस्था,NOUN
खन्ना,NOUN
सांगतात,VERB
माझ्या,NOUN
कामाची,NOUN
तुलना,NOUN
अॅक्शन,NOUN
डायरेक्टर,NOUN
किंवा,NOUN
नृत्यदिग्दर्शिकेशी,NOUN
करता,NOUN
येऊ,NOUN
शकते,NOUN
पण,PART
माझं,NOUN
काम,NOUN
केवळ,NOUN
शारीरिक,NOUN
जवळकीच्या,PP
दृश्यांपुरतं,NOUN
असतं,NOUN
मुंबईहून,NOUN
फोनवरून,NOUN
बोलताना,NOUN
त्या,NOUN
म्हणाल्या,NOUN
साहसी,NOUN
दृश्यं,NOUN
वा,PART
स्टंट,NOUN
असतीलल,NOUN
तेव्हा,NOUN
अॅक्शन,NOUN
डायरेक्टर,NOUN
सुरक्षिततेची,NOUN
खातरजमा,NOUN
करतो,NOUN
तसंच,NOUN
खोटा,NOUN
सेक्स,NOUN
सीन,NOUN
किंवा,NOUN
नग्न,NOUN
दृश्य,NOUN
किंवा,NOUN
लैंगिक,NOUN
हिंसेचं,NOUN
दृश्य,NOUN
असेल,NOUN
तर,PART
सुरक्षिततेजी,NOUN
खातरजमा,NOUN
करणं,NOUN
हे,PART
इन्टिमसी,NOUN
कोऑर्डिनेटरचं,NOUN
काम,NOUN
असतं,NOUN
प्रणय,NOUN
दृश्यांदरम्यान,NOUN
दिग्दर्शक,NOUN
व,PART
कलाकार,NOUN
यांच्यात,NOUN
ताळमेळ,NOUN
राखण्याचं,NOUN
काम,NOUN
इन्टिमसी,NOUN
कोऑर्डिनेटर,NOUN
करत,NOUN
असते,NOUN
असं,NOUN
त्या,NOUN
म्हणाल्या,NOUN
कलाकारांचं,NOUN
शोषण,NOUN
होऊ,NOUN
नये,NOUN
आणि,NOUN
स्टुडिओत,NOUN
ते,PART
सुरक्षित,NOUN
राहील,NOUN
याची,NOUN
खात्री,NOUN
करणं,NOUN
हे,PART
माझं,NOUN
काम,NOUN
आहे,NOUN
मला,PP
अमुक,NOUN
एका,NOUN
दृश्याच्या,PP
चित्रीकरणावेळी,NOUN
वाईट,NOUN
अनुभव,NOUN
आला,PP
असं,NOUN
कोणा,NOUN
कलाकाराला,PP
पाच,NOUN
वर्षांनी,NOUN
म्हणायची,NOUN
वेळ,NOUN
येऊ,NOUN
नये,NOUN
कलाकार,NOUN
व्यक्तीची,NOUN
सहमती,NOUN
व,PART
मर्यादा,NOUN
या,PART
संदर्भात,NOUN
आस्था,NOUN
त्या,NOUN
व्यक्तीशी,NOUN
चर्चा,NOUN
करतात,VERB
आणि,NOUN
त्यानुसार,NOUN
आवश्यक,NOUN
पोशाखांची,NOUN
तजवीज,NOUN
करतात,VERB
आस्था,NOUN
यांच्या,PP
कीटमध्ये,PP
क्रॉच,NOUN
गार्ड,NOUN
निपल,NOUN
पेस्टीस,NOUN
बॉडी,NOUN
टेप,NOUN
व,PART
डोनट,NOUN
पिलो,NOUN
अशी,NOUN
साधनं,NOUN
असतात,VERB
या,PART
साधनांचा,NOUN
वापर,NOUN
करून,NOUN
दोन,NOUN
कलाकार,NOUN
व्यक्ती,NOUN
लैंगिक,NOUN
दृश्याचं,NOUN
चित्रीकरण,NOUN
करताना,NOUN
एकमेकांपासून,NOUN
आवश्यक,NOUN
अंतर,NOUN
राखू,NOUN
शकतात,VERB
त्यांच्या,PP
गुप्तांगांचा,NOUN
परस्परांशी,NOUN
संपर्क,NOUN
होत,NOUN
नाही,NOUN
मासिक,NOUN
पाळीसंबंधीच्या,PP
लघुपटासाठी,PP
ऑस्कर,NOUN
पुरस्कार,NOUN
मिळवलेल्या,NOUN
निर्मात्या,NOUN
मंदाकिनी,NOUN
काकर,NOUN
यांचा,NOUN
पुढचा,NOUN
प्रकल्प,NOUN
पूर्णतः,NOUN
शारीरिक,NOUN
जवळिकीशी,NOUN
संबंधित,NOUN
आहे,NOUN
यासाठी,PP
त्यांनी,NOUN
आस्था,NOUN
खन्ना,NOUN
यांची,NOUN
मदत,NOUN
घेतली,VERB
आहे,NOUN
मंदाकिनी,NOUN
सांगतात,VERB
की,PART
भारतातील,NOUN
मुख्यप्रवाही,NOUN
चित्रपटांमध्ये,PP
सेक्स,NOUN
किंवा,NOUN
नग्नतेकडे,PP
सर्वसाधारणतः,NOUN
दुर्लक्ष,NOUN
केलं,NOUN
जातं,NOUN
अगदी,NOUN
चुंबनदृश्यही,NOUN
टाळण्याकडे,PP
कल,PART
असतो,NOUN
आपल्याला,PP
कौटुंबिक,NOUN
मर्यादेपलीकडे,PP
जाणारा,NOUN
चित्रपट,NOUN
नको,NOUN
आहे,NOUN
असं,NOUN
निर्मात्यांचं,NOUN
म्हणणं,NOUN
असतं,NOUN
इन्टिमसी,NOUN
कोऑर्डिनेटरचा,NOUN
फायदा,NOUN
काय,NOUN
कडक,NOUN
सरकारी,NOUN
नियम,NOUN
व,PART
सेन्सॉर,NOUN
बोर्ड,NOUN
यांमुळे,NOUN
बॉलिवुडमधील,NOUN
चित्रपटांना,NOUN
सेक्स,NOUN
सीन,NOUN
किंवा,NOUN
शारीरिक,NOUN
जवळीक,NOUN
दाखवणाऱ्या,NOUN
दृश्यांबाबत,NOUN
खूपच,NOUN
सर्जनशील,NOUN
खटपट,NOUN
करावी,NOUN
लागत,NOUN
आली,VERB
आहे,NOUN
पूर्वी,NOUN
दोन,NOUN
फुलं,NOUN
एकमेकांना,NOUN
चिकटल्याचं,NOUN
दाखवलं,NOUN
जात,NOUN
असे,NOUN
किंवा,NOUN
दोन,NOUN
पक्षी,NOUN
एकमेकांचं,NOUN
चुंबन,NOUN
घेतायंत,NOUN
किंवा,NOUN
दूध,NOUN
उतू,NOUN
जातंय,NOUN
किंवा,NOUN
पलंगावरची,NOUN
चादर,NOUN
चुरगळली,VERB
आहे,NOUN
अशा,NOUN
प्रकारच्या,PP
क्लृप्त्या,NOUN
वापरल्या,NOUN
जात,NOUN
परंतु,NOUN
गेल्या,NOUN
एक,PART
दोन,NOUN
दशकांच्या,PP
काळात,NOUN
चित्रपटांमध्ये,PP
चुंबनदृश्यं,NOUN
दिसू,NOUN
लागली,VERB
आहेत,NOUN
आणि,NOUN
अनेक,NOUN
स्ट्रिमिंग,NOUN
प्लॅटफॉर्मांवर,PP
तर,PART
सेक्स,NOUN
व,PART
नग्नताही,NOUN
दाखवली,VERB
जाते,NOUN
पण,PART
कलाकारांसाठी,PP
विशेषतः,NOUN
नवख्या,NOUN
तरुणींसाठी,PP
अशी,NOUN
दृश्यं,NOUN
करणं,NOUN
अतिशय,NOUN
अवघड,NOUN
असतं,NOUN
आणि,NOUN
यावेळी,NOUN
त्यांची,NOUN
पिळवणूक,NOUN
होण्याची,NOUN
शक्यता,NOUN
असते,NOUN
पूर्वी,NOUN
फॅशन,NOUN
मॉडेल,NOUN
म्हणून,NOUN
काम,NOUN
केलेल्या,NOUN
अभिनेत्री,NOUN
अंजली,VERB
शिवरमन,NOUN
सध्या,NOUN
नेटफ्लिक्सच्या,PP
एलिट,NOUN
या,PART
नवीन,NOUN
मालिकेचं,NOUN
चित्रीकरण,NOUN
करत,NOUN
आहेत,NOUN
आस्था,NOUN
खन्ना,NOUN
सेटवर,PP
असल्यामुळे,NOUN
आपल्याला,PP
खूप,NOUN
आश्वस्त,NOUN
वाटतं,NOUN
असं,NOUN
अंजली,VERB
सांगतात,VERB
माझ्यासाठी,PP
सेटवर,PP
कोणी,NOUN
तरी,NOUN
आहे,NOUN
यामुळे,NOUN
मला,PP
दिलासा,NOUN
मिळतो,NOUN
मला,PP
एक,PART
सेक्स,NOUN
सीन,NOUN
करावा,NOUN
लागणार,NOUN
होता,NOUN
यापूर्वी,NOUN
कधीच,NOUN
मी,PART
असं,NOUN
काही,NOUN
केलेलं,NOUN
नाही,NOUN
शिवाय,NOUN
मी,PART
आधी,NOUN
कधीच,NOUN
ज्या,NOUN
अभिनेत्याला,PP
भेटलेलेही,NOUN
नव्हते,NOUN
अशा,NOUN
अभिनेत्यासोबत,NOUN
या,PART
दृश्याचं,NOUN
चित्रीकरण,NOUN
होणार,NOUN
होतं,NOUN
मला,PP
स्पोर्ट्स,NOUN
ब्रा,NOUN
आणि,NOUN
अंडरवेअर,NOUN
घालून,NOUN
हे,PART
दृश्य,NOUN
करायचं,NOUN
होतं,NOUN
मला,PP
आपण,NOUN
पूर्णच,NOUN
नग्नावस्थेत,NOUN
आहोत,NOUN
असं,NOUN
वाटून,NOUN
खूप,NOUN
अस्वस्थ,NOUN
व्हायला,PP
झालं,NOUN
सहकलाकार,NOUN
पूर्णतः,NOUN
अनोळखी,NOUN
असल्यामुळे,NOUN
त्याला,PP
किस,NOUN
करणंही,NOUN
मला,PP
अवघडल्यासारखं,NOUN
वाटत,NOUN
होतं,NOUN
दिग्दर्शकही,NOUN
पुरुष,NOUN
असल्यामुळे,NOUN
त्यांच्याशीही,NOUN
हे,PART
बोलणं,NOUN
सोपं,NOUN
नव्हतं,NOUN
पण,PART
आस्थाने,PP
माझ्यासाठी,PP
सगळं,NOUN
सोपं,NOUN
करून,NOUN
टाकलं,NOUN
माझी,NOUN
अडचण,NOUN
तिने,PP
दिग्दर्शकाच्या,PP
कानावर,PP
घातली,VERB
आणि,NOUN
त्यांनी,NOUN
किस,NOUN
सीन,NOUN
काढून,NOUN
टाकला,PP
सेक्स,NOUN
सीनच्या,PP
वेळी,NOUN
त्यांनी,NOUN
आमच्या,PP
दोघांमध्ये,PP
डोनट,NOUN
कुशन,NOUN
ठेवलं,NOUN
त्यामुळे,NOUN
आमची,NOUN
गुप्तांगं,NOUN
एकमेकांना,NOUN
स्पर्श,NOUN
करत,NOUN
नव्हती,NOUN
हे,PART
थोडं,NOUN
विचित्र,NOUN
असलं,NOUN
तरी,NOUN
तिथे,NOUN
ते,PART
कुशन,NOUN
असल्यामुळे,NOUN
मला,PP
बरं,NOUN
वाटलं,NOUN
असं,NOUN
त्या,NOUN
सांगतात,VERB
आई,PART
किंवा,NOUN
व्यवस्थापक,NOUN
पूर्वीच्या,PP
काळचे,NOUN
इन्टिमसी,NOUN
कोऑर्डिनेटर,NOUN
सुरुवातीच्या,PP
काळात,NOUN
अभिनेत्रीची,NOUN
आई,PART
किंवा,NOUN
व्यवस्थापक,NOUN
त्यांच्या,PP
सोबत,NOUN
सेटवर,PP
जात,NOUN
असत,NOUN
आणि,NOUN
अनौपचारिकरित्या,NOUN
तेच,NOUN
इन्टिमसी,NOUN
कोऑर्डिनेटरची,NOUN
भूमिका,NOUN
निभावायचे,NOUN
असं,NOUN
बॉलिवूडमधील,NOUN
अभिनेत्री,NOUN
व,PART
चित्रपट,NOUN
निर्मात्या,NOUN
पूजा,NOUN
भट्ट,NOUN
म्हणतात,VERB
अभिनेत्री,NOUN
म्हणून,NOUN
आलेल्या,NOUN
अनुभवांमुळे,NOUN
पूजा,NOUN
भट्ट,NOUN
यांनी,NOUN
दिग्दर्शक,NOUN
व,PART
निर्माती,NOUN
म्हणून,NOUN
काम,NOUN
सुरू,NOUN
केल्यावर,PP
स्वतःला,PP
इन्टिमसी,NOUN
कोऑर्डिनेटर,NOUN
म्हणूनही,NOUN
तयार,NOUN
केलं,NOUN
होतं,NOUN
शारीरिक,NOUN
जवळिकीची,NOUN
दृश्यं,NOUN
असतील,NOUN
तेव्हा,NOUN
अभिनेत्रीला,PP
अस्वस्थ,NOUN
वाटणार,NOUN
नाही,NOUN
अशा,NOUN
रितीने,PP
क्रूमधील,NOUN
निवडक,NOUN
सदस्यांनाच,NOUN
मी,PART
सेटवर,PP
हजर,NOUN
राहायची,NOUN
परवानगी,NOUN
देत,NOUN
असे,NOUN
2002,NUM
साली,VERB
मी,PART
जिस्म,NOUN
हा,PART
इरॉटिक,NOUN
थ्रिलर,NOUN
चित्रपट,NOUN
तयार,NOUN
करत,NOUN
होते,NOUN
तेव्हा,NOUN
मी,PART
बिपाशा,NOUN
बसूला,PP
सांगितलं,NOUN
होतं,NOUN
की,PART
अस्वस्थ,NOUN
वाटणारं,NOUN
कोणतंही,NOUN
दृश्य,NOUN
तू,PART
करावंस,NOUN
असं,NOUN
मी,PART
एक,PART
स्त्री,NOUN
व,PART
कलाकार,NOUN
म्हणून,NOUN
सांगणार,NOUN
नाही,NOUN
त्या,NOUN
चित्रपटात,NOUN
नग्नता,NOUN
नव्हती,NOUN
पण,PART
कामुकता,NOUN
होती,NOUN
बिपाशाचं,NOUN
पात्र,NOUN
जॉन,NOUN
अब्राहमच्या,PP
पात्राला,PP
आकर्षून,NOUN
घ्यायचा,NOUN
प्रयत्न,NOUN
करत,NOUN
असतं,NOUN
हे,PART
सगळं,NOUN
खरं,NOUN
वाटेल,NOUN
असं,NOUN
आपल्याला,PP
करायचं,NOUN
आहे,NOUN
इथे,NOUN
अडाणीपणे,NOUN
किंवा,NOUN
संदिग्धतेने,PP
काम,NOUN
होऊन,NOUN
चालणार,NOUN
नाही,NOUN
त्यामुळे,NOUN
कुठवर,PP
जायचं,NOUN
ते,PART
तूच,NOUN
ठरवायचं,NOUN
आहे,NOUN
असं,NOUN
मी,PART
तिला,PP
सांगितलं,NOUN
नेटफ्लिक्सवर,PP
अलीकडेच,NOUN
प्रदर्शित,NOUN
झालेल्या,NOUN
बॉम्बे,NOUN
बेगम्स,NOUN
या,PART
मालिकेत,NOUN
पूजा,NOUN
भट्ट,NOUN
यांनी,NOUN
एक,PART
भूमिका,NOUN
केली,VERB
आहे,NOUN
त्या,NOUN
सांगतात,VERB
की,PART
या,PART
मालिकेच्या,PP
सेटवर,PP
इन्टिमसी,NOUN
कोऑर्डिनेटर,NOUN
नव्हती,NOUN
पण,PART
दिग्दर्शिका,NOUN
अलंकृता,NOUN
श्रीवास्तव,NOUN
यांनी,NOUN
कलाकारांना,NOUN
अस्वस्थ,NOUN
वाटणार,NOUN
नाही,NOUN
याची,NOUN
तजवीज,NOUN
केली,VERB
होती,NOUN
त्या,NOUN
म्हणतात,VERB
शारीरिक,NOUN
जवळिकीच्या,PP
दृश्यांबाबत,NOUN
अलंक्रिता,NOUN
आणि,NOUN
मी,PART
खूप,NOUN
चर्चा,NOUN
केली,VERB
आमचा,NOUN
एकमेकींवर,PP
विश्वास,NOUN
होता,NOUN
दिग्दर्शकांवर,PP
आणि,NOUN
सहकलाकारांवर,PP
विश्वास,NOUN
होता,NOUN
या,PART
मालिकेच्या,PP
चित्रीकरणानंतर,NOUN
मी,PART
व्यथित,NOUN
होऊन,NOUN
घरी,NOUN
परतत,NOUN
नसे,NOUN
पण,PART
सेटवर,PP
इन्टिमसी,NOUN
कोऑर्डिनेटर,NOUN
असल्याने,PP
खूप,NOUN
मदत,NOUN
होते,NOUN
हे,PART
पूजा,NOUN
मान्य,NOUN
करतात,VERB
सेटवर,PP
इन्टिमसी,NOUN
कोऑर्डिनेटर,NOUN
असायला,PP
हवी,NOUN
याचा,NOUN
आग्रह,NOUN
धरणं,NOUN
स्वागतार्हच,NOUN
आहे,NOUN
बऱ्याच,NOUN
गोष्टी,NOUN
बदलल्या,NOUN
आहेत,NOUN
आता,NOUN
अनेक,NOUN
पर्याय,NOUN
उपलब्ध,NOUN
आहेत,NOUN
काही,NOUN
भेदभाव,NOUN
झाला,PP
किंवा,NOUN
लैंगिक,NOUN
छळ,PART
झाला,PP
तर,PART
तक्रार,NOUN
करणं,NOUN
शक्य,NOUN
आहे,NOUN
ही,PART
बरीच,NOUN
चांगली,VERB
गोष्ट,NOUN
आहे,NOUN
परंतु,NOUN
प्रत्येक,NOUN
वेळी,NOUN
सेटवरची,NOUN
आपली,VERB
हजेरी,NOUN
स्वागतार्ह,NOUN
मानली,VERB
जात,NOUN
नाही,NOUN
असं,NOUN
आस्था,NOUN
खन्ना,NOUN
म्हणतात,VERB
या,PART
सगळ्यामुळे,NOUN
खर्च,NOUN
वाढतो,NOUN
हे,PART
यामागचं,NOUN
एक,PART
मुख्य,NOUN
कारण,NOUN
आहे,NOUN
पण,PART
काही,NOUN
चटकन,NOUN
न,PART
दिसणारी,NOUN
कारणंही,NOUN
यामागे,NOUN
असल्याचं,NOUN
आस्था,NOUN
म्हणतात,VERB
प्रत्येक,NOUN
वेळी,NOUN
कलाकार,NOUN
आमच्यावर,PP
विश्वास,NOUN
ठेवतीलच,NOUN
असं,NOUN
नाही,NOUN
आणि,NOUN
अनेकदा,NOUN
निर्माता,NOUN
दिग्दर्शकांनाही,NOUN
चिंता,NOUN
असते,NOUN
की,PART
आम्ही,NOUN
त्यांच्या,PP
पसंतीहून,NOUN
वेगळं,NOUN
काहीतरी,NOUN
केलं,NOUN
तर,PART
काय,NOUN
असं,NOUN
त्या,NOUN
सांगतात,VERB
एकदा,NOUN
एका,NOUN
दिग्दर्शकाने,PP
मला,PP
सांगितलं,NOUN
की,PART
मी,PART
माझ्या,NOUN
कलाकारांना,NOUN
खूप,NOUN
चांगलं,NOUN
ओळखतो,NOUN
ते,PART
सगळे,NOUN
माझे,NOUN
चांगले,VERB
मित्रमैत्रिणी,NOUN
आहेत,NOUN
मी,PART
त्यांच्याशी,NOUN
बोललोय,NOUN
आणि,NOUN
त्यांच्या,PP
कुटुंबियांची,NOUN
परवानगी,NOUN
घेतली,VERB
आहे,NOUN
हे,PART
सगळं,NOUN
माझ्याकडे,PP
दुर्लक्ष,NOUN
करण्यासाठी,PP
होतं,NOUN
त्या,NOUN
दिग्दर्शकाने,PP
मला,PP
सेटवर,PP
येण्यापासून,NOUN
प्रतिबंध,NOUN
केला,PP
नाही,NOUN
कारण,NOUN
स्टुडिओ,NOUN
आणि,NOUN
निर्मात्यांनी,NOUN
मला,PP
कामावर,PP
ठेवलेलं,NOUN
होतं,NOUN
चित्रीकरणासाठी,PP
ते,PART
मला,PP
बाहेरच्या,PP
लोकेशनवरही,NOUN
घेऊन,NOUN
गेले,VERB
पण,PART
पूर्ण,NOUN
वेळ,NOUN
मला,PP
व्हॅनमध्येच,NOUN
बसवून,NOUN
ठेवलं,NOUN
आस्था,NOUN
सांगतात,VERB
सेटवर,PP
चाकू,NOUN
वापरायचा,NOUN
असेल,NOUN
तर,PART
स्टन्ट,NOUN
डायरेक्टरची,NOUN
गरज,NOUN
पडते,NOUN
तसंच,NOUN
पटकथेत,NOUN
शारीरिक,NOUN
जवळिकीची,NOUN
दृश्यं,NOUN
असतील,NOUN
तर,PART
त्यासाठी,PP
माझी,NOUN
गरज,NOUN
आहे,NOUN
हे,PART
त्यांनी,NOUN
समजून,NOUN
घ्यायला,PP
हवं,NOUN
पूजा,NOUN
भट्ट,NOUN
सांगतात,VERB
की,PART
यात,NOUN
काही,NOUN
आश्चर्य,NOUN
वाटण्यासारखं,NOUN
नाही,NOUN
कारण,NOUN
बहुतांश,NOUN
प्रस्थापित,NOUN
चित्रपट,NOUN
निर्मात्यांना,NOUN
स्वतःच्या,PP
मर्जीने,PP
काम,NOUN
झालेलं,NOUN
हवं,NOUN
असतं,NOUN
पण,PART
त्यांना,NOUN
कालोचित,NOUN
राहायचं,NOUN
असेल,NOUN
तर,PART
काही,NOUN
बदल,NOUN
स्वीकारावे,NOUN
लागतील,NOUN
बदल,NOUN
होतायंत,NOUN
फक्त,NOUN
त्यांची,NOUN
गती,NOUN
संथ,NOUN
आहे,NOUN
चित्रपटउद्योगातील,NOUN
काही,NOUN
लोक,NOUN
मूर्ख,NOUN
संकुचित,NOUN
व,PART
मागासलेले,VERB
आहेत,NOUN
त्यांना,NOUN
बदल,NOUN
नको,NOUN
आहेत,NOUN
पण,PART
अशा,NOUN
शक्तिशाली,VERB
लोकांच्या,PP
रोषाची,NOUN
जोखीम,NOUN
पत्करून,NOUN
आपण,NOUN
एकमेकांसाठी,PP
व,PART
एकमेकांसह,NOUN
उभं,NOUN
ठाकण्याची,NOUN
गरज,NOUN
आहे,NOUN
सेक्स,NOUN
सरोगेट,NOUN
म्हणजे,NOUN
काय,NOUN
जखमी,NOUN
इस्रायली,VERB
सैनिकांना,NOUN
त्या,NOUN
कशी,NOUN
मदत,NOUN
करतात,VERB
13,NUM
जून,NOUN
2021,NUM
सेक्स,NOUN
सरोगेट,NOUN
म्हणजे,NOUN
काय,NOUN
जखमी,NOUN
इस्रायली,VERB
सैनिकांना,NOUN
त्या,NOUN
कशी,NOUN
मदत,NOUN
करतात,VERB
माझी,NOUN
बायको,NOUN
माझ्यावर,PP
10,NUM
वर्षं,NOUN
बलात्कार,NOUN
करत,NOUN
होती,NOUN
6,NUM
फेब्रुवारी,NOUN
2021,NUM
माझी,NOUN
बायको,NOUN
माझ्यावर,PP
10,NUM
वर्षं,NOUN
बलात्कार,NOUN
करत,NOUN
होती,NOUN
सतत,NOUN
सेक्स,NOUN
करण्याची,NOUN
सवय,NOUN
आजार,NOUN
आहे,NOUN
का,PART
25,NUM
सप्टेंबर,NOUN
2021,NUM
सतत,NOUN
सेक्स,NOUN
करण्याची,NOUN
सवय,NOUN
आजार,NOUN
आहे,NOUN
का,PART
Author,NOUN
नितीन,NOUN
सुलतानेRole,NOUN
बीबीसी,NOUN
मराठी,NOUN
प्रतिनिधी,NOUN
शिंदे,NOUN
आले,VERB
काय,NOUN
दाभाडे,NOUN
आले,VERB
काय,NOUN
तुमच्या,PP
आयुष्यात,NOUN
काय,NOUN
फरक,NOUN
पडणार,NOUN
आहे,NOUN
एखाद्याने,PP
समकालीन,NOUN
राजकारण,NOUN
पाहून,NOUN
नुकतंच,NOUN
केलेलं,NOUN
वक्तव्य,NOUN
वाटणारं,NOUN
हा,PART
संवाद,NOUN
खरं,NOUN
तर,PART
45,NUM
वर्षांपूर्वीच्या,PP
एका,NOUN
चित्रपटातला,PP
आहे,NOUN
एक,PART
राज्य,NOUN
मुख्यमंत्री,NOUN
त्यांची,NOUN
सत्ता,NOUN
पाडण्यासाठी,PP
सत्तेत,NOUN
त्यांच्याच,NOUN
बरोबर,NOUN
असलेल्या,NOUN
इतर,NOUN
डोक्यांची,NOUN
सुरू,NOUN
असलेली,VERB
कारस्थानं,NOUN
आणि,NOUN
या,PART
सगळ्याचं,NOUN
निरीक्षण,NOUN
करणारा,NOUN
पत्रकार,NOUN
हे,PART
सगळं,NOUN
अगदी,NOUN
आपल्या,NOUN
सभोवतालीच,NOUN
घडत,NOUN
आहे,NOUN
असं,NOUN
वाटतं,NOUN
पण,PART
ही,PART
45,NUM
वर्षांपूर्वीच्या,PP
एका,NOUN
सिनेमाची,NOUN
गोष्ट,NOUN
आहे,NOUN
हा,PART
चित्रपट,NOUN
म्हणजे,NOUN
पडद्यामागच्या,PP
राजकारणाचा,NOUN
चेहरा,NOUN
समोर,NOUN
सर्वांसमोर,NOUN
आणणारा,NOUN
सिंहासन,NOUN
अरुण,NOUN
साधूंची,NOUN
कथा,NOUN
विजय,NOUN
तेंडुलकरांची,NOUN
पटकथा,NOUN
अन्,NOUN
जब्बार,NOUN
पटेलांचं,NOUN
दिग्दर्शन,NOUN
अशा,NOUN
दिग्गजांच्या,PP
स्पर्शानं,NOUN
सोनं,NOUN
झालेला,PP
हा,PART
चित्रपट,NOUN
कदाचित,NOUN
त्यामुळंच,NOUN
आजही,NOUN
अगदी,NOUN
ताजा,NOUN
वाटणारा,NOUN
असा,NOUN
आहे,NOUN
महाराष्ट्राच्या,PP
मुख्यमंत्र्यांना,NOUN
आलेल्या,NOUN
एका,NOUN
फोननं,NOUN
सुरू,NOUN
झालेला,PP
सस्पेन्स,NOUN
त्यानंतर,NOUN
येनकेन,NOUN
प्रकारे,NOUN
सिंहासन,NOUN
मिळवण्यासाठी,PP
आणि,NOUN
ते,PART
टिकवण्यासाठी,PP
चाललेली,VERB
धडपड,NOUN
आणि,NOUN
त्यातून,NOUN
समोर,NOUN
येणारा,NOUN
राजकारणातील,NOUN
क्रूरपणा,NOUN
थक्क,NOUN
करून,NOUN
सोडणारा,NOUN
आहे,NOUN
मराठी,NOUN
सिनेसृष्टीला,PP
सोन्याचे,NOUN
दिवस,NOUN
दाखवणाऱ्या,NOUN
काही,NOUN
खास,NOUN
चित्रपटांपैकी,NOUN
एक,PART
असलेल्या,NOUN
सिंहासन,NOUN
विषयी,NOUN
आज,PART
जाणून,NOUN
घेऊया,NOUN
राजकारणाचा,NOUN
मुखवट्यामागचा,NOUN
चेहरा,NOUN
दाखवणारा,NOUN
चित्रपट,NOUN
सामना,NOUN
सारखा,NOUN
राजकीय,NOUN
चित्रपट,NOUN
केल्यानंतर,NOUN
जब्बार,NOUN
पटेलांनी,NOUN
जैत,NOUN
रे,PART
जैत,NOUN
सारखा,NOUN
सामाजिक,NOUN
विषय,NOUN
असलेला,PP
चित्रपट,NOUN
केला,PP
पण,PART
त्यानंतर,NOUN
पुन्हा,NOUN
राजकारणासारख्या,NOUN
विषयाला,PP
हात,NOUN
घालत,NOUN
त्यांनी,NOUN
तेवढ्याच,NOUN
ताकदीनं,NOUN
सिंहासन,NOUN
चं,PART
शिवधनुष्य,NOUN
पेललं,NOUN
आणि,NOUN
खऱ्या,NOUN
अर्थानं,NOUN
मराठीतला,PP
एक,PART
अप्रतिम,NOUN
असा,NOUN
मल्टीस्टारर,NOUN
आणि,NOUN
कालातीत,NOUN
असा,NOUN
चित्रपट,NOUN
तयार,NOUN
केला,PP
सत्ता,NOUN
मिळवण्यासाठी,PP
अगदी,NOUN
हसत,NOUN
हसत,NOUN
टोकाच्या,PP
भूमिका,NOUN
घेणारे,NOUN
राजकारणी,NOUN
दाखवतानाच,NOUN
इतर,NOUN
पात्रांच्या,PP
माध्यमातून,NOUN
मानवी,NOUN
स्वभावाचे,NOUN
अनेक,NOUN
पदरही,NOUN
उलगडून,NOUN
दाखवण्याचा,NOUN
प्रयत्न,NOUN
या,PART
चित्रपटातून,NOUN
झालेला,PP
दिसतो,NOUN
आणि,NOUN
त्यामुळंच,NOUN
आजही,NOUN
हा,PART
चित्रपट,NOUN
पाहताना,NOUN
कुठंही,NOUN
जुना,NOUN
वाटत,NOUN
नाही,NOUN
चित्रपटात,NOUN
ज्या,NOUN
पद्धतीनं,NOUN
राजकारणी,NOUN
त्यांचं,NOUN
शह,PART
काटशहचं,NOUN
राजकारण,NOUN
गुन्हेगारी,NOUN
गरिबी,NOUN
विशिष्ट,NOUN
जातींतील,NOUN
लोकांचं,NOUN
आणि,NOUN
महिलांचं,NOUN
शोषण,NOUN
हे,PART
सगळं,NOUN
दाखवण्यात,NOUN
आलं,NOUN
आहे,NOUN
ते,PART
पाहून,NOUN
सगळं,NOUN
असंच,NOUN
असतं,NOUN
किंबहुना,NOUN
जरा,NOUN
आणखी,NOUN
जास्त,NOUN
क्रूर,NOUN
असेल,NOUN
यावर,PP
प्रेक्षकाचा,NOUN
विश्वास,NOUN
बसल्याशिवाय,NOUN
राहत,NOUN
नाही,NOUN
45,NUM
वर्षांपूर्वी,NOUN
जेव्हा,NOUN
लोकांना,NOUN
वृत्तपत्रांशिवाय,NOUN
इतर,NOUN
माध्यमांचे,NOUN
फारसे,NOUN
पर्याय,NOUN
नव्हते,NOUN
त्यावेळी,NOUN
समोर,NOUN
येणाऱ्या,NOUN
बातम्यांच्या,PP
शिवाय,NOUN
पडद्यामागं,NOUN
नेमकं,NOUN
काय,NOUN
सुरू,NOUN
असतं,NOUN
हे,PART
दाखवत,NOUN
राजकारणाचा,NOUN
खरा,NOUN
चेहरा,NOUN
या,PART
चित्रपटानं,NOUN
एकप्रकारे,NOUN
लोकांसमोर,NOUN
आणला,PP
होता,NOUN
या,PART
चित्रपटाची,NOUN
कथा,NOUN
ही,PART
साहित्यिक,NOUN
पत्रकार,NOUN
अरुण,NOUN
साधूंनी,NOUN
लिहिलेल्या,NOUN
सिंहासन,NOUN
आणि,NOUN
मुंबई,NOUN
दिनांक,NOUN
या,PART
दोन,NOUN
कादंबऱ्यांवर,PP
बेतलेली,VERB
आहे,NOUN
या,PART
दोन,NOUN
कादंबऱ्या,NOUN
वाचल्यानंतर,NOUN
दिग्दर्शक,NOUN
जब्बार,NOUN
पटेल,NOUN
यांना,NOUN
त्यात,NOUN
चित्रपटाचा,NOUN
विषय,NOUN
असल्याचं,NOUN
जाणवलं,NOUN
आणि,NOUN
त्यांनी,NOUN
यावर,PP
चित्रपट,NOUN
बनवायचा,NOUN
विचार,NOUN
केला,PP
त्यासाठी,PP
ते,PART
विजय,NOUN
तेंडुलकरांकडे,PP
गेले,VERB
आणि,NOUN
या,PART
दोन्हींवरून,NOUN
एक,PART
पटकथा,NOUN
त्यांनी,NOUN
लिहायला,PP
सांगितली,VERB
आणि,NOUN
त्यातून,NOUN
हा,PART
चित्रपट,NOUN
तयार,NOUN
झाला,PP
पत्रकारिता,NOUN
करत,NOUN
असताना,NOUN
अरुण,NOUN
साधूंनी,NOUN
राजकारण,NOUN
जवळून,NOUN
अनुभवलं,NOUN
होतं,NOUN
अनेक,NOUN
बडे,NOUN
नेते,NOUN
आणि,NOUN
राजकारणातील,NOUN
सत्ताकेंद्रांशी,NOUN
संबंधितांशी,NOUN
कामाच्या,PP
निमित्ताने,PP
त्यांचा,NOUN
संबंध,NOUN
आला,PP
होता,NOUN
त्यामुळं,NOUN
त्याचा,NOUN
संपूर्ण,NOUN
अर्क,NOUN
त्यांच्या,PP
सिंहासन,NOUN
आणि,NOUN
मुंबई,NOUN
दिनांक,NOUN
या,PART
कादंबऱ्यांमध्ये,PP
उतरलेला,PP
पाहायला,PP
मिळतो,NOUN
त्यात,NOUN
या,PART
कथेची,NOUN
पटकथा,NOUN
आणि,NOUN
संवाद,NOUN
लिहिले,VERB
ते,PART
साक्षात,NOUN
विजय,NOUN
तेंडुलकरांनी,NOUN
जब्बार,NOUN
पटेलांबरोबरचा,NOUN
त्यांचा,NOUN
पहिला,PP
सामना,NOUN
हा,PART
चित्रपट,NOUN
खास,NOUN
होता,NOUN
त्यात,NOUN
तर,PART
एकाहून,NOUN
एक,PART
वरचढ,NOUN
संवादांचा,NOUN
खजिना,NOUN
होता,NOUN
त्यानंतर,NOUN
पुन्हा,NOUN
एकदा,NOUN
सिंहासनच्या,PP
निमित्ताने,PP
त्यांना,NOUN
राजकीय,NOUN
परिस्थितीवर,PP
भाष्य,NOUN
करण्याची,NOUN
संधी,NOUN
मिळाली,VERB
विजय,NOUN
तेंडुलकरांनी,NOUN
या,PART
दोन,NOUN
कादंबरींचा,NOUN
मिलाफ,NOUN
करून,NOUN
रचलेली,VERB
पटकथा,NOUN
आणि,NOUN
चित्रपटातले,VERB
मोजके,NOUN
पण,PART
प्रभावी,NOUN
संवाद,NOUN
हे,PART
पुन्हा,NOUN
हुकुमाचा,NOUN
एक्का,NOUN
ठरले,VERB
आणि,NOUN
त्यातून,NOUN
या,PART
चित्रपटात,NOUN
या,PART
दिग्गजांची,NOUN
छाप,NOUN
पाहायला,PP
मिळाली,VERB
पण,PART
एका,NOUN
लेखकाच्या,PP
कलाकृतीवरून,NOUN
दुसरी,NOUN
कलाकृती,NOUN
तयार,NOUN
करताना,NOUN
दुसऱ्याला,PP
जराही,NOUN
असुरक्षितता,NOUN
नसल्याचंही,NOUN
दिसतं,NOUN
कारण,NOUN
चित्रपटामध्येच,NOUN
सिंहासन,NOUN
कादंबरीचा,NOUN
उल्लेख,NOUN
करून,NOUN
त्याचं,NOUN
कौतुक,NOUN
करण्यात,NOUN
आलेलं,NOUN
पाहायला,PP
मिळतं,NOUN
मुख्यमंत्री,NOUN
त्यांच्या,PP
एका,NOUN
सहकाऱ्याला,PP
काय,NOUN
नवं,NOUN
वाचताय,NOUN
असं,NOUN
विचारतात,VERB
तेव्हा,NOUN
ते,PART
सिंहासन,NOUN
कादंबरी,NOUN
वाचतो,NOUN
असं,NOUN
सांगतात,VERB
तसंच,NOUN
राजकारणी,NOUN
सत्तेला,PP
चटवून,NOUN
कसे,NOUN
नादान,NOUN
होतात,VERB
याचं,NOUN
वर्णन,NOUN
असल्याचं,NOUN
ते,PART
सांगतात,VERB
यापेक्षा,NOUN
आणखी,NOUN
काय,NOUN
मोठेपणा,NOUN
असणार,NOUN
खऱ्या,NOUN
अर्थानं,NOUN
मल्टिस्टारर,NOUN
चित्रपट,NOUN
सिंहासन,NOUN
हा,PART
खऱ्या,NOUN
अर्थानं,NOUN
मराठी,NOUN
चित्रपट,NOUN
सृष्टीतला,PP
पहिला,PP
मल्टिस्टारर,NOUN
चित्रपट,NOUN
होता,NOUN
असं,NOUN
म्हणणं,NOUN
वावगं,NOUN
ठरणार,NOUN
नाही,NOUN
निळू,NOUN
फुले,VERB
पत्रकार,NOUN
दिगू,NOUN
टिपणीस,NOUN
अरुण,NOUN
सरनाईक,NOUN
मुख्यमंत्री,NOUN
जिवाजीराव,NOUN
शिंदे,NOUN
श्रीराम,NOUN
लागू,NOUN
अर्थमंत्री,NOUN
विश्वासराव,NOUN
दाभाडे,NOUN
रिमा,NOUN
लागू,NOUN
विश्वासरावांची,NOUN
सून,NOUN
कमल,NOUN
सतीष,NOUN
दुभाषी,NOUN
कामगार,NOUN
नेता,NOUN
सबास्टियन,NOUN
डिकास्टा,NOUN
यासह,NOUN
मंत्र्यांच्या,PP
भूमिकेत,NOUN
मोहन,NOUN
आगाशे,NOUN
दत्ता,NOUN
भट,PART
श्रीकांत,NOUN
मोघे,NOUN
हे,PART
होते,NOUN
तर,PART
नाना,NOUN
पाटेकर,NOUN
जयवंत,NOUN
हर्डीकर,NOUN
उषा,NOUN
नाडकर्णी,NOUN
लालन,NOUN
सारंग,NOUN
असे,NOUN
अनेक,NOUN
एकाहून,NOUN
एक,PART
सरस,NOUN
कलाकार,NOUN
या,PART
चित्रपटात,NOUN
दिसले,VERB
या,PART
चित्रपटातलं,NOUN
कास्टिंगही,NOUN
विचारपूर्वक,NOUN
केलेलं,NOUN
होतं,NOUN
वसंत,NOUN
सरनाईक,NOUN
यांची,NOUN
प्रतिमा,NOUN
पूर्वी,NOUN
तमाशापटातील,NOUN
अभिनेत्याची,NOUN
होती,NOUN
पण,PART
त्यांच्या,PP
नाटकांतल्या,NOUN
भूमिका,NOUN
पाहिलेल्या,NOUN
असल्यानं,NOUN
त्यांना,NOUN
मुख्यमंत्र्यांची,NOUN
भूमिका,NOUN
देण्यात,NOUN
आली,VERB
ती,PART
त्यांनी,NOUN
अत्यंत,NOUN
उत्तमपणे,NOUN
साकारली,VERB
असं,NOUN
जब्बार,NOUN
पटेलांनी,NOUN
सांगितलंय,NOUN
मुख्यमंत्री,NOUN
जिवाजीराव,NOUN
शिंदे,NOUN
यांना,NOUN
आलेला,PP
निनावी,NOUN
फोन,NOUN
त्यांची,NOUN
सत्ता,NOUN
पाडण्यासाठी,PP
त्यांचेच,NOUN
सहकारी,NOUN
कट,PART
करत,NOUN
असल्याची,NOUN
माहिती,NOUN
देतो,NOUN
जिवाजीराव,NOUN
विरुद्ध,NOUN
इतरांचं,NOUN
एकमेकांवर,PP
कुरघोडी,NOUN
करण्यासाठीचं,NOUN
राजकारण,NOUN
आणि,NOUN
त्यात,NOUN
घसरत,NOUN
जाणारी,NOUN
राजकारणाची,NOUN
पातळी,NOUN
असा,NOUN
सगळा,NOUN
खेळ,NOUN
सुरू,NOUN
असतो,NOUN
त्याचवेळी,NOUN
गुन्हेगारी,NOUN
कामगारांच्या,PP
समस्या,NOUN
भ्रष्टाचार,NOUN
आपलं,NOUN
काम,NOUN
करून,NOUN
घेण्यासाठी,PP
मुख्यमंत्र्यांकडून,NOUN
होणारं,NOUN
ब्लॅकमेलिंग,NOUN
त्यांच्या,PP
सत्तेतीलच,NOUN
विरोधकांकडून,NOUN
इतरांना,NOUN
दिली,VERB
जाणारी,NOUN
आमिषं,NOUN
हेही,NOUN
सुरुच,NOUN
असतं,NOUN
दिगू,NOUN
च्या,PP
नजरेतून,NOUN
सामन्यांचा,NOUN
दृष्टीकोन,NOUN
या,PART
चित्रपटामध्ये,PP
निळू,NOUN
फुले,VERB
यांनी,NOUN
साकारलेली,VERB
दिगू,NOUN
टिपणीस,NOUN
या,PART
पत्रकाराची,NOUN
भूमिका,NOUN
ही,PART
अत्यंत,NOUN
खास,NOUN
आणि,NOUN
वेगळ्या,NOUN
प्रकारची,NOUN
ठरली,VERB
या,PART
चित्रपटाच्या,PP
आधीपर्यंत,NOUN
निळू,NOUN
फुलेंनी,NOUN
गावच्या,PP
सरपंचांपासून,NOUN
ते,PART
सामनातल्या,NOUN
सहकारसम्राटापर्यंत,NOUN
राजकारण्यांच्या,PP
अनेक,NOUN
भूमिका,NOUN
केल्या,NOUN
होत्या,NOUN
त्यामुळं,NOUN
एवढे,NOUN
नेते,NOUN
असलेल्या,NOUN
या,PART
चित्रपटातही,NOUN
त्यांनी,NOUN
एखाद्या,NOUN
नेत्यांची,NOUN
भूमिका,NOUN
सहजपणे,NOUN
साकारली,VERB
असती,NOUN
पण,PART
निळू,NOUN
फुलेंनी,NOUN
स्वतःचं,NOUN
त्यांना,NOUN
आता,NOUN
राजकीय,NOUN
नेत्याचं,NOUN
काम,NOUN
नको,NOUN
ते,PART
करून,NOUN
कंटाळला,PP
आला,PP
असल्याचं,NOUN
जब्बार,NOUN
पटेलांना,NOUN
सांगितलं,NOUN
होतं,NOUN
त्यामुळं,NOUN
त्यांना,NOUN
संपूर्ण,NOUN
चित्रपटात,NOUN
निरीक्षकाच्या,PP
भूमिकेत,NOUN
वावरणाऱ्या,NOUN
पत्रकाराची,NOUN
भूमिका,NOUN
दिल्याचं,NOUN
पटेल,NOUN
म्हणाले,VERB
होते,NOUN
पहिल्याच,NOUN
फ्रेममध्ये,PP
मुंबईच्या,PP
गर्दीत,NOUN
दिसणाऱ्या,NOUN
पत्रकारापासून,NOUN
होणारी,NOUN
सुरुवात,NOUN
ते,PART
अखेरीस,NOUN
उद्विग्न,NOUN
झालेल्या,NOUN
त्याच,NOUN
पत्रकारावर,PP
होणारा,NOUN
शेवट,NOUN
असं,NOUN
पहिलं,NOUN
आणि,NOUN
शेवटचं,NOUN
दोन्ही,NOUN
दृश्य,NOUN
निळू,NOUN
फुलेंवरच,NOUN
चित्रित,NOUN
आहेत,NOUN
शिवाय,NOUN
संपूर्ण,NOUN
चित्रपटात,NOUN
एकप्रकारे,NOUN
दोन्ही,NOUN
बाजूंमधील,NOUN
मध्यस्थ,NOUN
वाटावा,NOUN
किंवा,NOUN
चित्रपटाचा,NOUN
सूत्रधार,NOUN
भासावा,NOUN
अशी,NOUN
भूमिका,NOUN
या,PART
निमित्ताने,PP
निळूभाऊंच्या,PP
वाट्याला,PP
आली,VERB
त्यात,NOUN
त्यांनी,NOUN
केलेली,VERB
कमालही,NOUN
काही,NOUN
औरच,NOUN
आहे,NOUN
सत्तेबद्दल,NOUN
असणारी,NOUN
चीडही,NOUN
ही,PART
हसण्यामागं,NOUN
लपवत,NOUN
राहत,NOUN
आपलं,NOUN
काम,NOUN
करत,NOUN
राहायचं,NOUN
ही,PART
मध्यमवर्गीय,NOUN
मानसिकता,NOUN
या,PART
भूमिकेतून,NOUN
दिसते,NOUN
त्याचवेळी,NOUN
सत्तेतील,NOUN
दोन्ही,NOUN
केंद्रांकडून,NOUN
आपला,PP
वापर,NOUN
होण्याचा,NOUN
प्रयत्न,NOUN
सुरू,NOUN
असतानाच,NOUN
अगदी,NOUN
चलाखीनं,NOUN
त्यापासून,NOUN
दूर,NOUN
राहण्याचं,NOUN
कसबही,NOUN
हा,PART
दिगू,NOUN
साधत,NOUN
असतो,NOUN
राजकारण्यांबरोबर,NOUN
वावरतानाची,NOUN
हुशारी,NOUN
आणि,NOUN
त्याचवेळी,NOUN
वेश्याव्यवसायातून,NOUN
अंथरुणाला,PP
खिळलेल्या,NOUN
प्रेयसीवरील,NOUN
जीव,NOUN
आणि,NOUN
शेवटी,NOUN
सत्तेच्या,PP
खेळातून,NOUN
आलेली,VERB
उद्विग्नता,NOUN
अशा,NOUN
पत्रकाराची,NOUN
भूमिका,NOUN
करताना,NOUN
निळूभाऊंनी,NOUN
अभिनयाचा,NOUN
कस,PART
लावलेला,PP
पाहायला,PP
मिळतो,NOUN
दृश्य,NOUN
अन्,NOUN
संवादांची,NOUN
पर्वणी,NOUN
विजय,NOUN
तेंडुलकर,NOUN
आणि,NOUN
जब्बार,NOUN
पटेल,NOUN
यांच्या,PP
जोडीचा,NOUN
करिश्मा,NOUN
सिंहासनमध्येही,NOUN
दिसतो,NOUN
दमदार,NOUN
डायलॉग,NOUN
आणि,NOUN
काही,NOUN
ठिकाणी,NOUN
अगदी,NOUN
मोजके,NOUN
शब्द,NOUN
असलेल्या,NOUN
दृश्यांमधून,NOUN
जे,PART
सांगायचं,NOUN
ते,PART
अगदी,NOUN
सजहपणे,NOUN
पण,PART
तेवढंच,NOUN
प्रभावीपणे,NOUN
सांगण्याची,NOUN
जब्बार,NOUN
पटेलांची,NOUN
हातोटी,NOUN
या,PART
चित्रपटात,NOUN
चांगलीच,NOUN
पाहायला,PP
मिळाली,VERB
चित्रपटात,NOUN
मुख्यमंत्र्यांनंतर,NOUN
दुसऱ्या,NOUN
क्रमांकावर,PP
असलेले,VERB
अर्थमंत्री,NOUN
विश्वासराव,NOUN
दाभाडे,NOUN
आणि,NOUN
त्यांची,NOUN
सून,NOUN
यांच्यातले,VERB
या,PART
चित्रपटातले,VERB
जे,PART
सीन,NOUN
आहेत,NOUN
ते,PART
अशाचप्रकारे,NOUN
बरंच,NOUN
काही,NOUN
सांगून,NOUN
जातात,VERB
सुनेशी,NOUN
असलेली,VERB
गरजेपेक्षा,NOUN
जास्त,NOUN
जवळीक,NOUN
राजकारणात,NOUN
त्याच,NOUN
सुनेचा,NOUN
दाभाडे,NOUN
कसा,NOUN
वापर,NOUN
करतात,VERB
ते,PART
पाहायला,PP
मिळतं,NOUN
श्रीराम,NOUN
लागू,NOUN
आणि,NOUN
रिमा,NOUN
लागू,NOUN
हे,PART
या,PART
सासरा,NOUN
आणि,NOUN
सूनेच्या,PP
भूमिकेत,NOUN
आहेत,NOUN
चित्रपटाच्या,PP
सुरुवातीलाच,NOUN
बॅडमिंटन,NOUN
खेळल्यानंतर,NOUN
सून,NOUN
बाई,NOUN
दॅट,NOUN
इज,PART
अ,PART
लव्हली,VERB
गेम,NOUN
यू,PART
प्लेड,NOUN
असं,NOUN
म्हणत,NOUN
दाभाडे,NOUN
सुनेचं,NOUN
कौतुक,NOUN
करतात,VERB
पण,PART
त्याचवेळी,NOUN
तिथं,NOUN
बसलेल्या,NOUN
त्यांच्या,PP
मुलाच्या,PP
चेहऱ्यावरचे,NOUN
भाव,NOUN
या,PART
संवादापलिकडचं,NOUN
बरंच,NOUN
काही,NOUN
बोलतात,VERB
लालन,NOUN
सारंग,NOUN
यांचे,NOUN
चित्रपटात,NOUN
मिसेस,NOUN
चंद्रापुरेंच्या,PP
भूमिकेतील,NOUN
मोजके,NOUN
दोन,NOUN
सीन,NOUN
आहेत,NOUN
पण,PART
राजकारणी,NOUN
आणि,NOUN
उद्योजकांमध्ये,PP
कसं,NOUN
नातं,NOUN
असतं,NOUN
आणि,NOUN
उद्योजकही,NOUN
कसे,NOUN
सगळ्याच,NOUN
राजकारण्यांना,NOUN
खुश,NOUN
ठेवण्याचा,NOUN
प्रयत्न,NOUN
करतात,VERB
हे,PART
काही,NOUN
मिनिटांत,NOUN
दाखवून,NOUN
दिलं,NOUN
आहे,NOUN
पत्रकार,NOUN
दिगूला,PP
गाडीतून,NOUN
सोडताना,NOUN
मिसेस,NOUN
चंद्रापुरेंचा,NOUN
त्यांच्याशी,NOUN
बोलण्याचा,NOUN
प्रयत्न,NOUN
आणि,NOUN
त्याचवेळी,NOUN
त्यांचा,NOUN
ढळणारा,NOUN
पदर,NOUN
या,PART
काही,NOUN
सेकंदांच्या,PP
दृश्यातूनही,NOUN
लेखक,NOUN
दिग्दर्शकांनी,NOUN
त्यांना,NOUN
हवं,NOUN
ते,PART
साधलंय,NOUN
याशिवाय,NOUN
एका,NOUN
दृश्यात,NOUN
एका,NOUN
आमदाराकडे,PP
गावातील,NOUN
सोन्या,NOUN
महार,NOUN
तक्रार,NOUN
घेऊन,NOUN
येतो,NOUN
आपल्या,NOUN
मुलानं,NOUN
त्याच्या,PP
मुलीवर,PP
अत्याचार,NOUN
केले,VERB
आणि,NOUN
त्यातून,NOUN
तिला,PP
बाळ,NOUN
झाल्याचं,NOUN
माहिती,NOUN
असूनही,NOUN
त्या,NOUN
आमदाराकडं,NOUN
त्याला,PP
भेटायला,PP
वेळ,NOUN
नसतो,NOUN
हा,PART
सीनही,NOUN
हवा,NOUN
तो,PART
संदेश,NOUN
देऊन,NOUN
जातो,NOUN
संवादाचं,NOUN
म्हणायचं,NOUN
झालं,NOUN
तर,PART
अनेक,NOUN
संवाद,NOUN
खास,NOUN
आहे,NOUN
पण,PART
काही,NOUN
संवाद,NOUN
अगदीच,NOUN
भिडणारे,NOUN
आहेत,NOUN
पत्रकार,NOUN
दिगूची,NOUN
शेजारीन,NOUN
वहिणी,NOUN
त्याला,PP
सहज,NOUN
बोलताना,NOUN
ऐकवत,NOUN
म्हणते,NOUN
की,PART
पुढारी,NOUN
मंत्री,NOUN
भांडत,NOUN
बसणार,NOUN
त्यांच्या,PP
बातम्या,NOUN
छापा,NOUN
पण,PART
आम्हा,NOUN
पाण्यासाठी,PP
तडफडणाऱ्यांची,NOUN
चौकशी,NOUN
कोण,NOUN
करणार,NOUN
डिकास्टा,NOUN
या,PART
कामगार,NOUN
नेत्याची,NOUN
मुख्यमंत्री,NOUN
जिवाजीराव,NOUN
शिंदे,NOUN
आणि,NOUN
अर्थमंत्री,NOUN
विश्वासराव,NOUN
दाभाडे,NOUN
यांच्याशी,NOUN
जुगलबंदी,NOUN
दाखवली,VERB
आहेत,NOUN
दाभाडे,NOUN
मुख्यमंत्री,NOUN
बनण्यासाठी,PP
मदत,NOUN
मागताना,NOUN
डिकास्टा,NOUN
काही,NOUN
अटी,NOUN
ठेवतात,VERB
पण,PART
अटी,NOUN
पूर्ण,NOUN
झाल्या,NOUN
नाही,NOUN
तर,PART
नव्या,NOUN
मुख्यमंत्र्यांना,NOUN
मंत्रालयासमोर,NOUN
जोड्याने,PP
मारेन,NOUN
असं,NOUN
डिकास्टा,NOUN
म्हणतात,VERB
अशा,NOUN
संवादाद्वारे,NOUN
त्या,NOUN
पात्राचा,NOUN
धाडसीपणा,NOUN
प्रेक्षकांच्या,PP
मनात,NOUN
रुजला,PP
जातो,NOUN
तसंच,NOUN
मुख्यमंत्र्यांशी,NOUN
बोलताना,NOUN
त्यांना,NOUN
तोंडावर,PP
तुम्ही,NOUN
सत्तेला,PP
चिकटलेले,VERB
मुंगळे,NOUN
ज्यादिवशी,NOUN
जाल,NOUN
त्या,NOUN
दिवशी,NOUN
या,PART
देशाला,PP
पुन्हा,NOUN
भवितव्य,NOUN
येईल,NOUN
या,PART
टोमण्याला,PP
मुख्यमंत्र्यांचं,NOUN
पुन्हा,NOUN
नवे,NOUN
मुंगळे,NOUN
येतील,NOUN
हे,PART
सांगणंही,NOUN
राजकारणाची,NOUN
व्याख्या,NOUN
करण्यासाठी,PP
चपखलपणे,NOUN
मांडलंय,NOUN
राजकारणावरच्या,PP
अडीच,NOUN
तासांहून,NOUN
अधिक,NOUN
मोठ्या,NOUN
असलेल्या,NOUN
या,PART
चित्रपटात,NOUN
फक्त,NOUN
एक,PART
गाणं,NOUN
आहे,NOUN
आणि,NOUN
तेही,NOUN
चित्रपट,NOUN
पुढे,NOUN
नेण्यासाठी,PP
संपूर्ण,NOUN
चित्रपटात,NOUN
वापरण्यात,NOUN
आलं,NOUN
आहे,NOUN
सुरेश,NOUN
भटांनी,NOUN
लिहिलेल्या,NOUN
या,PART
शब्दांना,NOUN
हृदयनाथ,NOUN
मंगेशकरांनी,NOUN
लावलेली,VERB
चाल,NOUN
आणि,NOUN
आशा,NOUN
भोसलेंच्या,PP
स्वरांनी,NOUN
फुललेलं,NOUN
हे,PART
गाणं,NOUN
आजही,NOUN
तेवढंच,NOUN
ताजं,NOUN
आणि,NOUN
आजच्या,PP
काळातलं,NOUN
वाटल्याशिवाय,NOUN
राहत,NOUN
नाही,NOUN
आजूबाजूला,PP
असलेली,VERB
प्रचंड,NOUN
नकारात्मकता,NOUN
आणि,NOUN
शोषणाचं,NOUN
दुःख,NOUN
मांडतानाच,NOUN
अरे,NOUN
पुन्हा,NOUN
आयुष्यांच्या,PP
पेटवा,NOUN
मशाली,VERB
असं,NOUN
म्हणत,NOUN
पेटून,NOUN
उठण्याचं,NOUN
आव्हान,NOUN
देणारं,NOUN
हे,PART
गीत,NOUN
आजही,NOUN
तेच,NOUN
स्फुरण,NOUN
देतं,NOUN
पटेलांनी,NOUN
या,PART
गाण्याचे,NOUN
शब्द,NOUN
आणि,NOUN
दृश्याचा,NOUN
मिलाफही,NOUN
सुंदरपणे,NOUN
केला,PP
आहे,NOUN
सोन्या,NOUN
महार,NOUN
पोरीसहं,NOUN
निराश,NOUN
होऊन,NOUN
परतत,NOUN
असताना,NOUN
मागे,NOUN
या,PART
गाण्याच्या,PP
उभा,NOUN
देश,NOUN
झाला,PP
आता,NOUN
एक,PART
बंदीशाला,PP
जिथे,NOUN
देवकीचा,NOUN
पान्हा,NOUN
दूधाने,PP
जळाला,PP
या,PART
ओळी,NOUN
पाहणाऱ्याला,PP
मोठा,NOUN
व्यापक,NOUN
विचार,NOUN
करायला,PP
भाग,NOUN
पाडतात,VERB
ठिकठिकाणी,NOUN
अशाच,NOUN
पद्धतीनं,NOUN
समाजाचं,NOUN
रुप,NOUN
समोर,NOUN
मांडण्यासाठी,PP
जब्बार,NOUN
पटेल,NOUN
यांनी,NOUN
हे,PART
गाणं,NOUN
वापरलं,NOUN
आहे,NOUN
यशवंतराव,NOUN
म्हणाले,VERB
विधीमंडळाचा,NOUN
मान,NOUN
राखा,NOUN
या,PART
चित्रपटाला,PP
44,NUM
वर्षे,NOUN
पूर्ण,NOUN
झाल्याच्या,PP
निमित्ताने,PP
आयोजित,NOUN
करण्यात,NOUN
आलेल्या,NOUN
एका,NOUN
खास,NOUN
कार्यक्रमात,NOUN
जब्बार,NOUN
पटेल,NOUN
यांनी,NOUN
चित्रपटाशी,NOUN
संबंधित,NOUN
अनेक,NOUN
किस्से,NOUN
सांगितले,VERB
होते,NOUN
मुख्य,NOUN
सचिवांनी,NOUN
नकार,NOUN
देऊनही,NOUN
शरद,NOUN
पवारांनी,NOUN
त्यांना,NOUN
विधीमंडळ,NOUN
परिसरात,NOUN
शुटिंगसाठी,PP
कशी,NOUN
मदत,NOUN
केली,VERB
हे,PART
त्यांनी,NOUN
सांगितलं,NOUN
होतं,NOUN
यशवंतराव,NOUN
चव्हाण,NOUN
तेव्हा,NOUN
उपपंतप्रधान,NOUN
होते,NOUN
ते,PART
मुंबईला,PP
आले,VERB
तेव्हा,NOUN
जब्बार,NOUN
पटेलांची,NOUN
त्यांच्याशी,NOUN
भेट,NOUN
झाली,VERB
त्यावेळी,NOUN
यशवंतराव,NOUN
चव्हाण,NOUN
त्यांना,NOUN
म्हणाले,VERB
होते,NOUN
की,PART
सिंहासन,NOUN
कादंबरीत,NOUN
काय,NOUN
आहे,NOUN
ती,PART
शुष्क,NOUN
आहे,NOUN
त्यावर,PP
कसा,NOUN
चित्रपट,NOUN
बनणार,NOUN
पण,PART
त्यांना,NOUN
मुंबई,NOUN
दिनांकचाही,NOUN
त्यात,NOUN
काही,NOUN
भाह,NOUN
असेल,NOUN
हे,PART
सांगितलं,NOUN
तेव्हा,NOUN
शाबासकी,NOUN
देत,NOUN
त्यांनी,NOUN
पाठीवर,PP
थाप,NOUN
दिली,VERB
होती,NOUN
असं,NOUN
जब्बार,NOUN
पटेल,NOUN
म्हणाले,VERB
यशवंतराव,NOUN
चव्हाणांनी,NOUN
तेव्हा,NOUN
सभागृहाचा,NOUN
मान,NOUN
कमी,NOUN
होणार,NOUN
नाही,NOUN
याची,NOUN
काळजी,NOUN
घेण्याचा,NOUN
सल्लाही,NOUN
त्यांना,NOUN
दिला,PP
होता,NOUN
नाना,NOUN
पाटेकर,NOUN
आणि,NOUN
जयराम,NOUN
हर्डीकर,NOUN
या,PART
चित्रपटात,NOUN
तस्करीचं,NOUN
काम,NOUN
करणारे,NOUN
गुन्हेगार,NOUN
असतात,VERB
चित्रपटात,NOUN
शेवटी,NOUN
नाना,NOUN
पाटेकर,NOUN
जयराम,NOUN
हर्डीकरचा,NOUN
खून,NOUN
करतो,NOUN
असं,NOUN
दाखवलं,NOUN
आहे,NOUN
पण,PART
चित्रपटानंतर,NOUN
खरंच,NOUN
जयराम,NOUN
हर्डीकर,NOUN
यांचा,NOUN
अपघात,NOUN
झाला,PP
आणि,NOUN
अपघातात,VERB
गेले,VERB
त्यावेळी,NOUN
हर्डीकरांच्या,PP
पत्नी,NOUN
अनेक,NOUN
वर्ष,NOUN
नाना,NOUN
पाटेकरांशी,NOUN
बोलत,NOUN
नव्हत्या,NOUN
चित्रपटात,NOUN
मारल्याने,PP
अपशकुन,NOUN
झाला,PP
म्हणून,NOUN
नवरा,NOUN
गेला,PP
असं,NOUN
त्यांचं,NOUN
तेव्हा,NOUN
मत,PART
झालं,NOUN
होतं,NOUN
अशी,NOUN
आठवण,NOUN
नानांनी,NOUN
यावेळी,NOUN
सांगितली,VERB
चित्रपटाचं,NOUN
शुटिंग,NOUN
संपलं,NOUN
तेव्हा,NOUN
जनता,NOUN
पक्षाच्या,PP
सरकारचा,NOUN
कार्यकाळ,NOUN
संपत,NOUN
आला,PP
होता,NOUN
इंदिरा,NOUN
गांधी,NOUN
पुन्हा,NOUN
निवडून,NOUN
येणार,NOUN
अशी,NOUN
दाट,NOUN
शक्यता,NOUN
होती,NOUN
नव्या,NOUN
सरकारमध्ये,PP
चित्रपटाला,PP
सेन्सॉर,NOUN
होऊ,NOUN
दिलं,NOUN
जाणार,NOUN
नाही,NOUN
अशी,NOUN
भीती,NOUN
होती,NOUN
त्यामुळं,NOUN
या,PART
सरकारच्या,PP
कार्यकाळात,NOUN
त्यांना,NOUN
सेन्सॉर,NOUN
करून,NOUN
घ्यायचा,NOUN
होता,NOUN
तेव्हा,NOUN
10,NUM
स्टुडिओत,NOUN
एका,NOUN
रात्रीत,NOUN
तो,PART
एडिट,NOUN
करून,NOUN
चित्रपट,NOUN
सेन्सॉर,NOUN
करून,NOUN
घेतला,PP
पण,PART
तो,PART
रिलीजही,NOUN
करावा,NOUN
लागणार,NOUN
असं,NOUN
वकिलानं,NOUN
सांगितलं,NOUN
तेव्हा,NOUN
29,NUM
डिसेंबरला,PP
हिंदमाताला,PP
रात्रीचा,NOUN
एक,PART
शो,PART
करायचं,NOUN
ठरवलं,NOUN
त्यासाठी,PP
वृत्तपत्रात,NOUN
एकच,NOUN
जाहिरातही,NOUN
दिली,VERB
होती,NOUN
तेव्हाही,NOUN
ती,PART
जाहिरात,NOUN
वाचून,NOUN
200,NUM
300,NUM
लोकं,NOUN
आली,VERB
होती,NOUN
आणि,NOUN
तो,PART
एक,PART
शो,PART
केला,PP
होता,NOUN
नंतर,NOUN
डेक्कन,NOUN
जिमखान्यावर,PP
डेक्कन,NOUN
नावाच्या,PP
थिएटरमध्ये,PP
हा,PART
चित्रपट,NOUN
लावला,PP
तिथं,NOUN
प्रिमियर,NOUN
शोला,PP
शरद,NOUN
पवार,NOUN
गेले,VERB
होते,NOUN
नंतर,NOUN
पहिल्याच,NOUN
दिवशी,NOUN
आठवड्याभराचे,NOUN
28,NUM
शो,PART
बूक,NOUN
झालेले,VERB
होते,NOUN
44,NUM
आठवडे,NOUN
हा,PART
चित्रपट,NOUN
तिथं,NOUN
चालला,PP
होता,NOUN
एकूणच,NOUN
मराठी,NOUN
किंवा,NOUN
हिंदी,NOUN
चित्रपट,NOUN
सृष्टीमध्येही,NOUN
राजकारणावर,PP
किंवा,NOUN
राजकीय,NOUN
विषयांवर,PP
भाष्य,NOUN
करणारे,NOUN
अगदी,NOUN
मोजके,NOUN
असे,NOUN
काही,NOUN
चित्रपट,NOUN
तयार,NOUN
झाले,VERB
आहे,NOUN
त्या,NOUN
यादीत,NOUN
जब्बार,NOUN
पटेलांच्या,PP
सामना,NOUN
आणि,NOUN
सिंहासनचं,NOUN
नाव,NOUN
अगदी,NOUN
वर,PART
आहे,NOUN
पण,PART
सामना,NOUN
हा,PART
एका,NOUN
मर्यादित,NOUN
भागातील,NOUN
राज्यकर्त्यावरचा,NOUN
चित्रपट,NOUN
होता,NOUN
पण,PART
सिंहासनमध्ये,PP
मात्र,NOUN
जब्बार,NOUN
पटेलांनी,NOUN
राजकारण,NOUN
आणि,NOUN
त्याभोवती,NOUN
असलेली,VERB
संपूर्ण,NOUN
व्यवस्था,NOUN
कशा,NOUN
प्रकारे,NOUN
चालते,NOUN
हे,PART
दाखवून,NOUN
दिलं,NOUN
आणि,NOUN
लोकांनाही,NOUN
ते,PART
तेवढंच,NOUN
भावलं,NOUN
सामना,NOUN
मारुती,NOUN
कांबळेचं,NOUN
काय,NOUN
झालं,NOUN
हे,PART
विचारण्याचं,NOUN
धाडस,NOUN
दाखवणारा,NOUN
50,NUM
वर्षांपूर्वीचा,NOUN
कल्ट,NOUN
सिनेमा,NOUN
27,NUM
जुलै,NOUN
2025,NUM
सामना,NOUN
मारुती,NOUN
कांबळेचं,NOUN
काय,NOUN
झालं,NOUN
हे,PART
विचारण्याचं,NOUN
धाडस,NOUN
दाखवणारा,NOUN
50,NUM
वर्षांपूर्वीचा,NOUN
कल्ट,NOUN
सिनेमा,NOUN
संत,NOUN
तुकाराम,NOUN
57,NUM
आठवडे,NOUN
चाललेल्या,NOUN
आणि,NOUN
सातासमुद्रापार,NOUN
गाजलेल्या,NOUN
या,PART
चित्रपटाने,PP
तुकोबांची,NOUN
प्रतिमा,NOUN
कशी,NOUN
रुजवली,VERB
5,NUM
ऑक्टोबर,NOUN
2025,NUM
संत,NOUN
तुकाराम,NOUN
57,NUM
आठवडे,NOUN
चाललेल्या,NOUN
आणि,NOUN
सातासमुद्रापार,NOUN
गाजलेल्या,NOUN
या,PART
चित्रपटाने,PP
तुकोबांची,NOUN
प्रतिमा,NOUN
कशी,NOUN
रुजवली,VERB
कोकणातील,NOUN
निसर्गासाठी,PP
खाणींविरोधात,NOUN
भूमिका,NOUN
घेणारा,NOUN
दशावतार,NOUN
आजच्या,PP
काळात,NOUN
का,PART
महत्त्वाचा,NOUN
24,NUM
सप्टेंबर,NOUN
2025,NUM
कोकणातील,NOUN
निसर्गासाठी,PP
खाणींविरोधात,NOUN
भूमिका,NOUN
घेणारा,NOUN
दशावतार,NOUN
आजच्या,PP
काळात,NOUN
का,PART
महत्त्वाचा,NOUN
जगातल्या,NOUN
199,NUM
देशांमध्ये,PP
भारतीय,NOUN
पासपोर्टचा,NOUN
नंबर,NOUN
कितवा,NOUN
लागतो,NOUN
माहित्येय,NOUN
85,NUM
वा,PART
गेल्या,NOUN
वर्षीपेक्षा,NOUN
रँकिंग,NOUN
5,NUM
जागांनी,NOUN
घसरलंय,NOUN
भारतापेक्षा,NOUN
बऱ्याच,NOUN
लहान,NOUN
अर्थव्यवस्था,NOUN
असणाऱ्या,NOUN
रवांडा,NOUN
घाना,NOUN
आणि,NOUN
अझरबैजानसारख्या,NOUN
देशांचं,NOUN
पासपोर्ट,NOUN
रँकिंग,NOUN
भारतापेक्षा,NOUN
चांगलं,NOUN
आहे,NOUN
जगभरातल्या,NOUN
देशांच्या,PP
पासपोर्टचं,NOUN
हे,PART
रँकिंग,NOUN
ठरतं,NOUN
कसं,NOUN
आणि,NOUN
कोणत्या,NOUN
देशांचं,NOUN
रँकिंग,NOUN
चांगलं,NOUN
आहे,NOUN
पहिल्या,NOUN
क्रमांकावर,PP
कोणता,NOUN
देश,NOUN
आहे,NOUN
हे,PART
रँकिंग,NOUN
का,PART
महत्त्वाचा,NOUN
असतं,NOUN
यामुळे,NOUN
आंतरराष्ट्रीय,NOUN
प्रवासावर,PP
काय,NOUN
परिणाम,NOUN
होतो,NOUN
समजून,NOUN
घेऊ,NOUN
सोपी,NOUN
गोष्टमध्ये,PP
बीबीसीसाठी,PP
कलेक्टिव्ह,NOUN
न्यूजरूमचे,NOUN
प्रकाशन,NOUN
No,PART
Cost,NOUN
EMI,NOUN
मध्ये,PP
खरंच,NOUN
व्याज,NOUN
घेतलं,NOUN
जात,NOUN
नाही,NOUN
का,PART
यात,NOUN
काय,NOUN
काळजी,NOUN
घ्यायची,NOUN
15,NUM
सप्टेंबर,NOUN
2025,NUM
No,PART
Cost,NOUN
EMI,NOUN
मध्ये,PP
खरंच,NOUN
व्याज,NOUN
घेतलं,NOUN
जात,NOUN
नाही,NOUN
का,PART
यात,NOUN
काय,NOUN
काळजी,NOUN
घ्यायची,NOUN
ब्लॅक,NOUN
बॉक्स,NOUN
थिएटरची,NOUN
क्रेझ,NOUN
कोव्हिडनंतर,NOUN
कशी,NOUN
वाढली,VERB
15,NUM
सप्टेंबर,NOUN
2025,NUM
ब्लॅक,NOUN
बॉक्स,NOUN
थिएटरची,NOUN
क्रेझ,NOUN
कोव्हिडनंतर,NOUN
कशी,NOUN
वाढली,VERB
विंचूदंश,NOUN
सर्पदंश,NOUN
उपचारांपासून,NOUN
ते,PART
डॉक्टरांच्या,PP
नैतिकतेपर्यंत,NOUN
डॉ,PART
हिम्मतराव,NOUN
बावस्करांची,NOUN
सडेतोड,NOUN
मुलाखत12,NOUN
सप्टेंबर,NOUN
2025,NUM
विंचूदंश,NOUN
सर्पदंश,NOUN
उपचारांपासून,NOUN
ते,PART
डॉक्टरांच्या,PP
नैतिकतेपर्यंत,NOUN
डॉ,PART
हिम्मतराव,NOUN
बावस्करांची,NOUN
सडेतोड,NOUN
मुलाखत,NOUN
मेघालयच्या,PP
आकाश,NOUN
चौधरीनं,NOUN
9,NUM
नोव्हेंबर,NOUN
इतिहास,NOUN
घडवला,PP
प्रथम,NOUN
श्रेणी,NOUN
क्रिकेटमध्ये,PP
सर्वाधिक,NOUN
वेगानं,NOUN
अर्धशतक,NOUN
करण्याचा,NOUN
विक्रम,NOUN
त्यानं,NOUN
केला,PP
आहे,NOUN
हा,PART
विक्रम,NOUN
करताना,NOUN
त्यानं,NOUN
8,NUM
चेंडूंवर,PP
लागोपाठ,NOUN
8,NUM
षटकारदेखील,NOUN
ठोकले,VERB
अशी,NOUN
कामगिरी,NOUN
करून,NOUN
प्रथम,NOUN
श्रेणी,NOUN
क्रिकेटमध्ये,PP
6,NUM
चेंडूंवर,PP
लागोपाठ,NOUN
6,NUM
षटकार,NOUN
लगावणारा,NOUN
आकाश,NOUN
तिसरा,NOUN
खेळाडू,NOUN
बनला,PP
आहे,NOUN
आकाश,NOUN
चौधरीनं,NOUN
हा,PART
विक्रम,NOUN
सूरतमध्ये,PP
होत,NOUN
असलेल्या,NOUN
रणजी,NOUN
ट्रॉफीच्या,PP
प्लेट,NOUN
ग्रुपमधील,NOUN
अरुणाचल,NOUN
प्रदेशच्या,PP
विरुद्धच्या,PP
सामन्याच्या,PP
दुसऱ्या,NOUN
दिवशी,NOUN
केला,PP
मेघालयची,NOUN
धावसंख्या,NOUN
6,NUM
गडी,NOUN
बाद,NOUN
576,NUM
धावा,NOUN
असताना,NOUN
आकाश,NOUN
आठव्या,NOUN
क्रमांकावर,PP
फलंदाजीसाठी,PP
आला,PP
होता,NOUN
मेघालयनं,NOUN
6,NUM
गडी,NOUN
बाद,NOUN
628,NUM
धावा,NOUN
केल्यावर,PP
त्यांचा,NOUN
डाव,NOUN
घोषीत,NOUN
केला,PP
त्यानंतर,NOUN
पहिल्या,NOUN
डावात,NOUN
अरुणाचल,NOUN
प्रदेशचा,NOUN
संपूर्ण,NOUN
संघ,NOUN
फक्त,NOUN
73,NUM
धावांवर,PP
बाद,NOUN
झाला,PP
शास्त्री,NOUN
आणि,NOUN
सोबर्सच्या,PP
विक्रमाची,NOUN
बरोबरी,NOUN
आकाशनं,NOUN
हा,PART
विक्रम,NOUN
करण्याआधी,NOUN
प्रथम,NOUN
श्रेणी,NOUN
क्रिकेटमध्ये,PP
6,NUM
चेंडूंवर,PP
लागोपाठ,NOUN
6,NUM
षटकार,NOUN
लगावण्याचा,NOUN
विक्रम,NOUN
वेस्ट,NOUN
इंडिजचा,NOUN
गॅरी,NOUN
सोबर्स,NOUN
आणि,NOUN
भारताच्या,PP
रवि,NOUN
शास्त्रीच्या,PP
नावावर,PP
होता,NOUN
अर्थात,NOUN
दक्षिण,NOUN
आफ्रिकेच्या,PP
माइक,NOUN
प्रॉक्टरनंदेखील,NOUN
लागोपाठ,NOUN
6,NUM
षटकार,NOUN
लगावले,VERB
होते,NOUN
मात्र,NOUN
ते,PART
दोन,NOUN
वेगवेगळ्या,NOUN
षटकांमध्ये,PP
करण्यात,NOUN
आले,VERB
होते,NOUN
आकाशनं,NOUN
पहिल्या,NOUN
ओव्हरच्या,PP
पहिल्या,NOUN
तीन,NOUN
चेंडूंवर,PP
दोन,NOUN
धावा,NOUN
काढल्या,NOUN
त्यानंतर,NOUN
डावखुरा,NOUN
स्पिनर,NOUN
लिमार,NOUN
डाबीच्या,PP
एकाच,NOUN
षटकात,NOUN
आकाशनं,NOUN
लागोपाठ,NOUN
6,NUM
षटकार,NOUN
ठोकले,VERB
यानंतर,NOUN
पुढील,NOUN
षटकांतही,NOUN
आकाशनं,NOUN
ऑफ,PART
स्पिनर,NOUN
टीएनआर,NOUN
मोहीतला,PP
लागोपाठ,NOUN
दोन,NOUN
चेंडूंवर,PP
षटकार,NOUN
लगावत,NOUN
अर्धशतक,NOUN
पूर्ण,NOUN
केलं,NOUN
याआधी,NOUN
हा,PART
विक्रम,NOUN
लीसेस्टरशायरच्या,PP
वेन,NOUN
व्हाईटच्या,PP
नावावर,PP
होता,NOUN
2012,NUM
मध्ये,PP
त्यानं,NOUN
एसेक्स,NOUN
विरुद्धच्या,PP
सामन्यात,NOUN
12,NUM
चेंडूंमध्ये,PP
अर्धशतक,NOUN
झळकावलं,NOUN
होतं,NOUN
ईएसपीएनक्रिकइन्फोने,PP
दिलेल्या,NOUN
माहितीनुसार,NOUN
वेळेचा,NOUN
विचार,NOUN
करता,NOUN
आकाश,NOUN
चौधरीनं,NOUN
हे,PART
अर्धशतक,NOUN
फक्त,NOUN
9,NUM
मिनिटांत,NOUN
पूर्ण,NOUN
केलं,NOUN
प्रथम,NOUN
श्रेणी,NOUN
क्रिकेटच्या,PP
इतिहासातील,NOUN
हे,PART
दुसरं,NOUN
सर्वात,NOUN
वेगवान,NOUN
अर्धशतक,NOUN
आहे,NOUN
ईएसपीएनक्रिकइन्फोच्या,PP
माहितीनुसार,NOUN
सर्वाधिक,NOUN
वेगवान,NOUN
अर्धशतकाचा,NOUN
विक्रम,NOUN
अजूनही,NOUN
क्लाईव्ह,NOUN
इनमॅनच्या,PP
नावावर,PP
आहे,NOUN
त्यानं,NOUN
1965,NUM
मध्ये,PP
लीसेस्टरशायरकडून,NOUN
नॉटिंघमशायरविरुद्ध,NOUN
खेळताना,NOUN
13,NUM
चेंडूंमध्ये,PP
आणि,NOUN
फक्त,NOUN
8,NUM
मिनिटांत,NOUN
अर्धशतक,NOUN
पूर्ण,NOUN
केलं,NOUN
होतं,NOUN
आकाश,NOUN
चौधरी,NOUN
उजव्या,NOUN
हाताचा,NOUN
मध्यमगती,NOUN
गोलंदाज,NOUN
आहे,NOUN
आणि,NOUN
उजव्या,NOUN
हातानं,NOUN
फलंदाजी,NOUN
करतो,NOUN
त्याचा,NOUN
जन्म,NOUN
28,NUM
नोव्हेंबर,NOUN
1999,NUM
ला,PART
झाला,PP
होता,NOUN
त्यानं,NOUN
30,NUM
प्रथम,NOUN
श्रेणी,NOUN
सामन्यांमधून,NOUN
14,NUM
37,NUM
च्या,PP
सरासरीनं,NOUN
503,NUM
धावा,NOUN
केल्या,NOUN
आहेत,NOUN
तसंच,NOUN
त्यानं,NOUN
29,NUM
97,NUM
च्या,PP
सरासरीनं,NOUN
एकूण,NOUN
87,NUM
गडी,NOUN
बाद,NOUN
केले,VERB
आहेत,NOUN
त्याच्या,PP
आधी,NOUN
प्रथम,NOUN
श्रेणी,NOUN
क्रिकेटमध्ये,PP
सर्वाधिक,NOUN
वेगवान,NOUN
अर्धशतक,NOUN
करण्याचा,NOUN
भारतीय,NOUN
विक्रम,NOUN
बनदीप,NOUN
सिंह,NOUN
याच्या,PP
नावावर,PP
होता,NOUN
त्यानं,NOUN
2015,NUM
मध्ये,PP
जम्मू,NOUN
काश्मीरकडून,NOUN
खेळताना,NOUN
त्रिपुराच्या,PP
संघाविरुद्ध,NOUN
15,NUM
चेंडूंमध्ये,PP
अर्धशतक,NOUN
झळकावलं,NOUN
होतं,NOUN
6,NUM
चेंडूंवर,PP
6,NUM
षटकार,NOUN
ठोकण्याचा,NOUN
विक्रम,NOUN
सर्वात,NOUN
आधी,NOUN
गॅरी,NOUN
सोबर्सनं,NOUN
केला,PP
होता,NOUN
त्यानं,NOUN
1968,NUM
मध्ये,PP
नॉटिंघमशायर,NOUN
आणि,NOUN
ग्लेमॉर्गनमध्ये,PP
झालेल्या,NOUN
एका,NOUN
काऊंटी,NOUN
सामन्यात,NOUN
मॅल्कम,NOUN
नॅशरच्या,PP
षटकात,NOUN
हा,PART
विक्रम,NOUN
केला,PP
होता,NOUN
भारताचा,NOUN
अष्टपैलू,NOUN
खेळाडू,NOUN
रवि,NOUN
शास्त्रीनं,NOUN
1984,NUM
85,NUM
मध्ये,PP
झालेल्या,NOUN
एका,NOUN
रणजी,NOUN
सामन्यात,NOUN
मुंबईकडून,NOUN
खेळताना,NOUN
बडोद्याच्या,PP
संघाविरुद्ध,NOUN
हा,PART
विक्रम,NOUN
केला,PP
होता,NOUN
त्यावेळेस,NOUN
त्यानं,NOUN
तिलक,NOUN
राजच्या,PP
गोलंदाजीवर,PP
6,NUM
चेंडूंवर,PP
6,NUM
षटकार,NOUN
लगावले,VERB
होते,NOUN
आकाश,NOUN
चौधरीच्या,PP
कामगिरीबद्दल,NOUN
मेघालय,NOUN
क्रिकेट,NOUN
असोसिएशनचे,NOUN
अध्यक्ष,NOUN
नबा,NOUN
भट्टाचार्य,NOUN
बीबीसीचे,NOUN
सहयोगी,NOUN
पत्रकार,NOUN
दिलीप,NOUN
कुमार,NOUN
शर्मा,NOUN
यांना,NOUN
म्हणाले,VERB
आकाश,NOUN
चौधरीनं,NOUN
ही,PART
कामगिरी,NOUN
एकाच,NOUN
दिवसात,NOUN
केलेली,VERB
नाही,NOUN
तो,PART
सुरुवातीपासूनच,NOUN
मेहनती,NOUN
खेळाडू,NOUN
आहे,NOUN
तो,PART
आमच्या,PP
संघाचा,NOUN
ओपनर,NOUN
गोलंदाज,NOUN
आहे,NOUN
मात्र,NOUN
गेल्या,NOUN
दोन,NOUN
वर्षांमध्ये,PP
त्यानं,NOUN
प्रचंड,NOUN
मेहनत,NOUN
घेत,NOUN
अष्टपैलू,NOUN
म्हणून,NOUN
स्वतःला,PP
विकसित,NOUN
केलं,NOUN
आहे,NOUN
गेल्या,NOUN
काही,NOUN
वर्षांमध्ये,PP
आकाशनं,NOUN
अंडर,NOUN
16,NUM
आणि,NOUN
अंडर,NOUN
19,NUM
सामन्यांमध्ये,PP
उत्तम,NOUN
कामगिरी,NOUN
केली,VERB
आहे,NOUN
तो,PART
2021,NUM
पासून,NOUN
रणजी,NOUN
ट्रॉफीमध्ये,PP
खेळतो,NOUN
आहे,NOUN
आकाश,NOUN
चौधरीबद्दल,NOUN
नबा,NOUN
भट्टाचार्य,NOUN
पुढे,NOUN
म्हणाले,VERB
की,PART
तो,PART
अतिशय,NOUN
साधारण,NOUN
कुटुंबातील,NOUN
आहे,NOUN
आकाशचा,NOUN
जन्म,NOUN
आणि,NOUN
संगोपन,NOUN
मेघालयमध्येच,NOUN
झालं,NOUN
आहे,NOUN
त्याचे,NOUN
वडील,NOUN
मेघालयातच,NOUN
केंद्र,NOUN
सरकारचे,NOUN
कर्मचारी,NOUN
आहेत,NOUN
आकाशनं,NOUN
शिलाँगच्या,PP
केंद्रीय,NOUN
विद्यालयात,NOUN
शिक्षण,NOUN
घेतलं,NOUN
आहे,NOUN
तो,PART
शालेय,NOUN
दिवसांपासूनच,NOUN
क्रिकेट,NOUN
खेळतो,NOUN
आहे,NOUN
अर्थात,NOUN
मूलत,NOUN
आकाशचं,NOUN
कुटुंबं,NOUN
बिहारमधील,NOUN
आहे,NOUN
मात्र,NOUN
आता,NOUN
ते,PART
मेघालयचेच,NOUN
रहिवासी,NOUN
आहेत,NOUN
आकाशला,PP
लवकरच,NOUN
आयपीएलसारख्या,NOUN
स्पर्धांमध्ये,PP
खेळण्याची,NOUN
संधी,NOUN
मिळेल,NOUN
अशी,NOUN
आशादेखील,NOUN
नबा,NOUN
भट्टाचार्य,NOUN
यांनी,NOUN
आशा,NOUN
व्यक्त,NOUN
केली,VERB
क्रिकेटर,NOUN
नसता,NOUN
तर,PART
रवींद्र,NOUN
जडेजानं,NOUN
केलं,NOUN
असतं,NOUN
हे,PART
काम,NOUN
कसा,NOUN
बनला,PP
जगातील,NOUN
सर्वोत्तम,NOUN
ऑलराऊंडर,NOUN
5,NUM
ऑक्टोबर,NOUN
2025,NUM
क्रिकेटर,NOUN
नसता,NOUN
तर,PART
रवींद्र,NOUN
जडेजानं,NOUN
केलं,NOUN
असतं,NOUN
हे,PART
काम,NOUN
कसा,NOUN
बनला,PP
जगातील,NOUN
सर्वोत्तम,NOUN
ऑलराऊंडर,NOUN
तू,PART
नाही,NOUN
खेळलास,NOUN
पण,PART
तुझा,NOUN
मुलगा,NOUN
भारतासाठी,PP
नक्कीच,NOUN
खेळेल,NOUN
अभिषेक,NOUN
शर्माची,NOUN
गोष्ट26,NOUN
सप्टेंबर,NOUN
2025,NUM
तू,PART
नाही,NOUN
खेळलास,NOUN
पण,PART
तुझा,NOUN
मुलगा,NOUN
भारतासाठी,PP
नक्कीच,NOUN
खेळेल,NOUN
अभिषेक,NOUN
शर्माची,NOUN
गोष्ट,NOUN
अमोल,NOUN
मुजुमदार,NOUN
ज्यांना,NOUN
पुढचा,NOUN
तेंडुलकर,NOUN
म्हटलं,NOUN
जायचं,NOUN
पण,PART
टीम,NOUN
इंडिया,NOUN
साठी,PP
खेळणं,NOUN
स्वप्नच,NOUN
राहिलं3,NOUN
नोव्हेंबर,NOUN
2025,NUM
अमोल,NOUN
मुजुमदार,NOUN
ज्यांना,NOUN
पुढचा,NOUN
तेंडुलकर,NOUN
म्हटलं,NOUN
जायचं,NOUN
पण,PART
टीम,NOUN
इंडिया,NOUN
साठी,PP
खेळणं,NOUN
स्वप्नच,NOUN
राहिलं,NOUN
राष्ट्रीय,NOUN
राजधानी,NOUN
दिल्लीपासून,NOUN
सुमारे,NOUN
35,NUM
किमी,NOUN
अंतरावर,PP
असलेल्या,NOUN
धौज,NOUN
गावाची,NOUN
सीमा,NOUN
सुरू,NOUN
होताच,NOUN
पोलिसांचे,NOUN
बॅरिकेड्स,NOUN
दिसू,NOUN
लागतात,VERB
डझनभर,NOUN
सैनिक,NOUN
येथून,NOUN
येणाऱ्या,NOUN
प्रत्येक,NOUN
वाहनाची,NOUN
तपासणी,NOUN
करत,NOUN
आहेत,NOUN
शंका,NOUN
असल्यास,NOUN
ड्रायव्हरच्या,PP
फोन,NOUN
नंबरसह,NOUN
अधिक,NOUN
माहिती,NOUN
देखील,NOUN
नोंदवली,VERB
जात,NOUN
आहे,NOUN
मुख्य,NOUN
रस्त्यापासून,NOUN
सुमारे,NOUN
अडीच,NOUN
किलोमीटर,NOUN
अंतरावर,PP
70,NUM
एकरपेक्षा,NOUN
जास्त,NOUN
पसरलेले,VERB
आणि,NOUN
भिंतींनी,NOUN
वेढलेले,VERB
अल,PART
फलाह,NOUN
विद्यापीठाचे,NOUN
एक,PART
मोठे,NOUN
कॅम्पस,NOUN
आहे,NOUN
विद्यापीठाच्या,PP
गेटबाहेरील,NOUN
सुरक्षा,NOUN
कर्मचारी,NOUN
पत्रकारांना,NOUN
आत,PART
जाण्यापासून,NOUN
रोखत,NOUN
आहेत,NOUN
विद्यापीठ,NOUN
कॅम्पसमधून,NOUN
बाहेर,NOUN
पडणाऱ्या,NOUN
लोकांशी,NOUN
बोलण्याच्या,PP
प्रयत्नात,NOUN
मायक्रोफोन,NOUN
धरणारे,NOUN
पत्रकार,NOUN
मोठ्या,NOUN
संख्येने,PP
आहेत,NOUN
परंतु,NOUN
त्यापैकी,NOUN
बहुतेक,NOUN
प्रतिसाद,NOUN
न,PART
देता,NOUN
निघून,NOUN
जातात,VERB
काही,NOUN
पत्रकार,NOUN
तर,PART
निघून,NOUN
जाणाऱ्या,NOUN
लोकांचा,NOUN
पाठलागही,NOUN
करतात,VERB
या,PART
गोंगाटात,NOUN
लोक,NOUN
शांत,NOUN
आहेत,NOUN
आणि,NOUN
त्यांच्या,PP
चेहऱ्यावर,PP
संकोच,NOUN
आणि,NOUN
भीती,NOUN
स्पष्ट,NOUN
दिसत,NOUN
आहे,NOUN
2014,NUM
मध्ये,PP
स्थापन,NOUN
झालेले,VERB
हे,PART
विद्यापीठ,NOUN
यावर्षी,NOUN
ऑक्टोबरच्या,PP
उत्तरार्धात,NOUN
प्रकाशझोतात,VERB
तेव्हा,NOUN
आले,VERB
जेव्हा,NOUN
जम्मू,NOUN
काश्मीर,NOUN
पोलिसांनी,NOUN
हरियाणा,NOUN
पोलिसांच्या,PP
संयुक्त,NOUN
कारवाईत,NOUN
इथे,NOUN
शिकवणाऱ्या,NOUN
एका,NOUN
डॉक्टर,NOUN
प्राध्यापकाला,PP
अटक,NOUN
केली,VERB
पण,PART
10,NUM
नोव्हेंबरला,PP
दिल्लीत,NOUN
झालेल्या,NOUN
बॉम्बस्फोटानंतर,NOUN
हे,PART
विद्यापीठ,NOUN
तपासाचे,NOUN
केंद्र,NOUN
बनले,VERB
आहे,NOUN
बुधवारी,NOUN
12,NUM
नोव्हेंबर,NOUN
राष्ट्रीय,NOUN
तपास,NOUN
यंत्रणेच्या,PP
एनआयए,NOUN
हरियाणा,NOUN
पोलीस,NOUN
जम्मू,NOUN
काश्मीर,NOUN
पोलीस,NOUN
आणि,NOUN
उत्तर,NOUN
प्रदेश,NOUN
पोलिसांच्या,PP
पथकांनी,NOUN
कॅम्पसची,NOUN
तपासणी,NOUN
केली,VERB
मेकॅनिकल,NOUN
इंजिनीअरने,PP
स्थापन,NOUN
केलेले,VERB
विद्यापीठ,NOUN
2014,NUM
मध्ये,PP
हरियाणा,NOUN
विधानसभेने,PP
मंजूर,NOUN
केलेल्या,NOUN
कायद्यांतर्गत,NOUN
स्थापन,NOUN
केलेले,VERB
हे,PART
विद्यापीठ,NOUN
दिल्लीतील,NOUN
ओखला,PP
जामिया,NOUN
नगर,NOUN
इथे,NOUN
नोंदणीकृत,NOUN
अल,PART
फलाह,NOUN
चॅरिटेबल,NOUN
ट्रस्टद्वारे,NOUN
चालविले,VERB
जाते,NOUN
व्यवसायाने,PP
अभियंता,NOUN
असलेले,VERB
प्राध्यापक,NOUN
जावेद,NOUN
अहमद,NOUN
सिद्दीकी,NOUN
हे,PART
1995,NUM
मध्ये,PP
नोंदणीकृत,NOUN
झालेल्या,NOUN
या,PART
ट्रस्टचे,NOUN
संस्थापक,NOUN
आणि,NOUN
अध्यक्ष,NOUN
आहेत,NOUN
अल,PART
फलाह,NOUN
चॅरिटेबल,NOUN
ट्रस्टने,PP
1997,NUM
मध्ये,PP
शैक्षणिक,NOUN
संस्था,NOUN
स्थापन,NOUN
करण्यास,NOUN
सुरुवात,NOUN
केली,VERB
ट्रस्टने,PP
प्रथम,NOUN
फरीदाबादच्या,PP
धौज,NOUN
गावात,NOUN
अभियांत्रिकी,NOUN
महाविद्यालय,NOUN
सुरू,NOUN
केले,VERB
त्यानंतर,NOUN
ट्रस्टने,PP
2006,NUM
आणि,NOUN
2008,NUM
मध्ये,PP
कॉलेज,NOUN
ऑफ,PART
एज्युकेशन,NOUN
आणि,NOUN
ब्राउन,NOUN
हिल,NOUN
कॉलेज,NOUN
ऑफ,PART
इंजिनीअरिंगची,NOUN
स्थापना,NOUN
केली,VERB
पुढे,NOUN
जाऊन,NOUN
हे,PART
विद्यापीठ,NOUN
झाले,VERB
2015,NUM
मध्ये,PP
विद्यापीठ,NOUN
अनुदान,NOUN
आयोगानेही,NOUN
यूजीसी,NOUN
या,PART
विद्यापीठाला,PP
मान्यता,NOUN
दिली,VERB
वैद्यकीय,NOUN
शिक्षणाला,PP
इथे,NOUN
2016,NUM
मध्ये,PP
सुरुवात,NOUN
झाली,VERB
आणि,NOUN
2019,NUM
मध्ये,PP
अल,PART
फलाह,NOUN
स्कूल,NOUN
ऑफ,PART
मेडिकल,NOUN
सायन्सेसला,PP
मान्यता,NOUN
मिळाली,VERB
आता,NOUN
2023,NUM
पासून,NOUN
या,PART
वैद्यकीय,NOUN
महाविद्यालयात,NOUN
एमबीबीएस,NOUN
व्यतिरिक्त,NOUN
वैद्यकीय,NOUN
विज्ञान,NOUN
विषयातील,NOUN
पदव्युत्तर,NOUN
अभ्यासक्रमही,NOUN
सुरू,NOUN
आहेत,NOUN
विद्यापीठाच्या,PP
वेबसाइटवर,PP
दिलेल्या,NOUN
माहितीनुसार,NOUN
नॅशनल,NOUN
असेसमेंट,NOUN
अँड,NOUN
अॅक्रिडिटेशन,NOUN
कौन्सिल,NOUN
एनएएसी,NOUN
द्वारे,NOUN
प्रमाणित,NOUN
केले,VERB
गेले,VERB
आहे,NOUN
मात्र,NOUN
एनएएसीने,PP
हे,PART
प्रमाणपत्र,NOUN
बनावट,NOUN
असल्याचे,NOUN
एक,PART
निवेदन,NOUN
जारी,NOUN
करून,NOUN
म्हटले,VERB
आहे,NOUN
यात,NOUN
दरवर्षी,NOUN
200,NUM
एमबीबीएसचे,NOUN
विद्यार्थी,NOUN
प्रवेश,NOUN
घेतात,VERB
आणि,NOUN
सध्या,NOUN
1000,NUM
हून,NOUN
अधिक,NOUN
विद्यार्थी,NOUN
वैद्यकीय,NOUN
अभ्यासक्रमात,NOUN
प्रवेश,NOUN
घेत,NOUN
आहेत,NOUN
याशिवाय,NOUN
इथे,NOUN
निमवैद्यकीय,NOUN
अभ्यासक्रमही,NOUN
चालवले,VERB
जातात,VERB
अल,PART
फलाह,NOUN
चॅरिटेबल,NOUN
ट्रस्टचे,NOUN
अध्यक्ष,NOUN
आणि,NOUN
अल,PART
फलाह,NOUN
विद्यापीठाचे,NOUN
कुलपती,NOUN
जावेद,NOUN
अहमद,NOUN
सिद्दीकी,NOUN
हे,PART
स्वत,NOUN
एक,PART
अभियंता,NOUN
आहेत,NOUN
इंदूरमधील,NOUN
देवी,NOUN
अहिल्याबाई,NOUN
विद्यापीठातून,NOUN
औद्योगिक,NOUN
आणि,NOUN
उत्पादन,NOUN
डिझाइनमध्ये,PP
बीटेकची,NOUN
पदवी,NOUN
घेतलेले,VERB
डॉ,PART
जावेद,NOUN
सिद्दीकी,NOUN
हे,PART
अल,PART
फलाह,NOUN
चॅरिटेबल,NOUN
ट्रस्ट,NOUN
आणि,NOUN
इतर,NOUN
अनेक,NOUN
कंपन्यांचे,NOUN
संस्थापक,NOUN
आहेत,NOUN
त्यांनी,NOUN
1996,NUM
मध्ये,PP
अल,PART
फलाह,NOUN
इन्व्हेस्टमेंट,NOUN
लिमिटेडची,NOUN
स्थापनाही,NOUN
केली,VERB
सिद्दीकी,NOUN
यांच्यावर,PP
या,PART
कंपनीमार्फत,NOUN
गुंतवणूकीत,NOUN
फसवणूक,NOUN
केल्याचा,NOUN
आरोप,NOUN
होता,NOUN
आणि,NOUN
त्याच्याविरोधात,NOUN
गुन्हाही,NOUN
दाखल,NOUN
करण्यात,NOUN
आला,PP
होता,NOUN
2000,NUM
मध्ये,PP
दाखल,NOUN
झालेल्या,NOUN
त्याच,NOUN
फसवणूकीच्या,PP
खटल्यात,NOUN
सिद्दीकी,NOUN
तीन,NOUN
वर्षांहून,NOUN
अधिक,NOUN
काळ,NOUN
तुरूंगात,NOUN
होते,NOUN
मात्र,NOUN
2005,NUM
मध्ये,PP
त्यांची,NOUN
निर्दोष,NOUN
मुक्तता,NOUN
करण्यात,NOUN
आली,VERB
त्यांनी,NOUN
जामिया,NOUN
मिलिया,NOUN
इस्लामियाच्या,PP
मेकॅनिकल,NOUN
इंजिनीअरिंग,NOUN
विभागातही,NOUN
शिकवण्याचे,NOUN
काम,NOUN
केले,VERB
आहे,NOUN
दिल्ली,VERB
बॉम्बस्फोटानंतर,NOUN
या,PART
विद्यापीठाची,NOUN
होतेय,NOUN
चर्चा,NOUN
10,NUM
नोव्हेंबरच्या,PP
संध्याकाळी,NOUN
दिल्लीतील,NOUN
लाल,NOUN
किल्ल्यासमोर,NOUN
झालेला,PP
स्फोट,NOUN
ही,PART
दहशतवादी,NOUN
घटना,NOUN
असल्याचे,NOUN
भारत,NOUN
सरकार,NOUN
मानत,NOUN
आहे,NOUN
आतापर्यंत,NOUN
तपासात,NOUN
अटक,NOUN
करण्यात,NOUN
आलेल्यांपैकी,NOUN
काही,NOUN
जण,PART
अल,PART
फलाह,NOUN
विद्यापीठाशी,NOUN
संबंधित,NOUN
आहेत,NOUN
ऑक्टोबरच्या,PP
अखेरीस,NOUN
जम्मू,NOUN
काश्मीर,NOUN
पोलीस,NOUN
आणि,NOUN
हरियाणा,NOUN
पोलिसांनी,NOUN
संयुक्त,NOUN
कारवाईत,NOUN
डॉ,PART
मुझम्मिल,NOUN
शकील,NOUN
यांना,NOUN
अटक,NOUN
केली,VERB
होती,NOUN
2017,NUM
मध्ये,PP
एमबीबीएस,NOUN
पूर्ण,NOUN
करणारे,NOUN
डॉ,PART
मुझम्मिल,NOUN
शकील,NOUN
हे,PART
अल,PART
फलाह,NOUN
विद्यापीठाच्या,PP
मेडिकल,NOUN
कॉलेजमध्ये,PP
फिजिओलॉजी,NOUN
विभागात,NOUN
शिक्षक,NOUN
आहेत,NOUN
फरीदाबाद,NOUN
पोलिसांनी,NOUN
दिलेल्या,NOUN
माहितीनुसार,NOUN
मुजम्मिल,NOUN
शकीलच्या,PP
मागावर,PP
मोठ्या,NOUN
प्रमाणात,NOUN
स्फोटके,NOUN
आणि,NOUN
रसायने,PP
जप्त,NOUN
करण्यात,NOUN
आली,VERB
आहेत,NOUN
फरीदाबादचे,NOUN
पोलीस,NOUN
आयुक्त,NOUN
सत्येंद्र,NOUN
कुमार,NOUN
यांनी,NOUN
10,NUM
नोव्हेंबर,NOUN
रोजी,NOUN
पत्रकारांना,NOUN
सांगितले,VERB
होते,NOUN
फरिदाबादमधील,NOUN
जम्मू,NOUN
काश्मीर,NOUN
पोलिसांच्या,PP
तपासादरम्यान,NOUN
मोठ्या,NOUN
प्रमाणात,NOUN
आयईडी,NOUN
बनवण्याचे,NOUN
साहित्य,NOUN
आणि,NOUN
दारूगोळा,NOUN
जप्त,NOUN
करण्यात,NOUN
आला,PP
आहे,NOUN
डॉ,PART
मुझम्मिल,NOUN
शकील,NOUN
यांच्या,PP
अटकेलाही,NOUN
त्यांनी,NOUN
दुजोरा,NOUN
दिला,PP
डॉ,PART
मुजम्मिल,NOUN
शकील,NOUN
यांच्या,PP
मागावर,PP
रायफल,NOUN
आणि,NOUN
पिस्तुलसह,NOUN
शस्त्रे,NOUN
जप्त,NOUN
करण्यात,NOUN
आल्याचा,NOUN
दावाही,NOUN
तपास,NOUN
यंत्रणांनी,NOUN
केला,PP
आहे,NOUN
फरीदाबादच्या,PP
पोलीस,NOUN
आयुक्तांचे,NOUN
जनसंपर्क,NOUN
अधिकारी,NOUN
यशपाल,NOUN
यांनी,NOUN
बीबीसीला,PP
दिलेल्या,NOUN
माहितीनुसार,NOUN
विद्यापीठाशी,NOUN
संबंधित,NOUN
आणखी,NOUN
एक,PART
डॉक्टर,NOUN
शाहीन,NOUN
सईद,NOUN
यांनाही,NOUN
तपास,NOUN
यंत्रणांनी,NOUN
ताब्यात,NOUN
घेतले,VERB
आहे,NOUN
2002,NUM
मध्ये,PP
एमबीबीएस,NOUN
पूर्ण,NOUN
केलेल्या,NOUN
डॉ,PART
शाहीन,NOUN
विद्यापीठातील,NOUN
फार्माकोलॉजी,NOUN
विभागात,NOUN
सहयोगी,NOUN
प्राध्यापक,NOUN
आहेत,NOUN
फरीदाबाद,NOUN
पोलिसांनी,NOUN
डॉ,PART
शाहीन,NOUN
सईद,NOUN
यांच्या,PP
अटकेला,PP
बीबीसीशी,NOUN
बोलताना,NOUN
दुजोरा,NOUN
दिला,PP
शाहीनचा,NOUN
भाऊ,NOUN
मोहम्मद,NOUN
शोएब,NOUN
याने,PP
वृत्तसंस्था,NOUN
पीटीआयशी,NOUN
बोलताना,NOUN
सांगितले,VERB
की,PART
पोलीस,NOUN
आणि,NOUN
एटीएसची,NOUN
टीम,NOUN
त्याच्या,PP
घरी,NOUN
आली,VERB
आणि,NOUN
त्याची,NOUN
चौकशी,NOUN
केली,VERB
तर,PART
त्यांच्या,PP
वडिलांनी,NOUN
सांगितले,VERB
की,PART
शाहीनवरील,NOUN
आरोपांवर,PP
त्याचा,NOUN
विश्वास,NOUN
नाही,NOUN
डॉ,PART
शाहीन,NOUN
यांनी,NOUN
काही,NOUN
काळ,NOUN
कानपूरमध्ये,PP
शिकवले,VERB
होते,NOUN
या,PART
प्रकरणात,NOUN
कानपूर,NOUN
पोलिसांनी,NOUN
अनेक,NOUN
लोकांची,NOUN
चौकशी,NOUN
केली,VERB
आहे,NOUN
कानपूरचे,NOUN
जॉइंट,NOUN
सीपी,NOUN
लॉ,PART
अँड,NOUN
ऑर्डर,NOUN
आशुतोष,NOUN
कुमार,NOUN
यांनी,NOUN
दिलेल्या,NOUN
माहितीनुसार,NOUN
शाहीन,NOUN
जेएसएम,NOUN
कॉलेजमध्ये,PP
शिकवत,NOUN
होती,NOUN
वृत्तसंस्था,NOUN
पीटीआयने,PP
दिल्ली,VERB
पोलिसांच्या,PP
सूत्रांच्या,PP
हवाल्याने,PP
सांगितले,VERB
की,PART
डीएनए,NOUN
चाचणीद्वारे,NOUN
याची,NOUN
पुष्टी,NOUN
झाली,VERB
आहे,NOUN
की,PART
लाल,NOUN
किल्ल्याजवळ,NOUN
ज्या,NOUN
कारमध्ये,PP
स्फोट,NOUN
झाला,PP
ती,PART
कार,NOUN
डॉ,PART
ओमर,NOUN
नबी,NOUN
चालवत,NOUN
होते,NOUN
2017,NUM
मध्ये,PP
एमबीबीएस,NOUN
पूर्ण,NOUN
केलेले,VERB
डॉ,PART
उमर,NOUN
नबी,NOUN
जनरल,NOUN
मेडिसिन,NOUN
विभागात,NOUN
सहाय्यक,NOUN
प्राध्यापक,NOUN
म्हणून,NOUN
कार्यरत,NOUN
होते,NOUN
डॉ,PART
उमर,NOUN
नबी,NOUN
यांच्या,PP
कुटुंबीयांचीही,NOUN
चौकशी,NOUN
करण्यात,NOUN
आली,VERB
आहे,NOUN
डॉ,PART
उमर,NOUN
नबी,NOUN
यांच्या,PP
वहिनी,NOUN
मुजम्मिल,NOUN
अख्तर,NOUN
यांनी,NOUN
बीबीसीला,PP
सांगितले,VERB
की,PART
सोमवारी,NOUN
10,NUM
नोव्हेंबर,NOUN
रात्री,NOUN
उशिरा,NOUN
पुलवामाच्या,PP
कोइल,NOUN
गावात,NOUN
पोलिसांचे,NOUN
एक,PART
पथक,NOUN
त्यांच्या,PP
घरी,NOUN
आले,VERB
ओमरच्या,PP
इतर,NOUN
काही,NOUN
नातेवाईकांचीही,NOUN
चौकशी,NOUN
करण्यात,NOUN
आली,VERB
आहे,NOUN
मात्र,NOUN
या,PART
संदर्भात,NOUN
तपास,NOUN
यंत्रणांकडून,NOUN
कोणतेही,NOUN
अधिकृत,NOUN
निवेदन,NOUN
देण्यात,NOUN
आलेले,VERB
नाही,NOUN
दुसरीकडे,PP
अल,PART
फलाह,NOUN
विद्यापीठाने,PP
या,PART
तीन,NOUN
डॉक्टरांपासून,NOUN
स्वत,NOUN
ला,PART
दूर,NOUN
ठेवत,NOUN
म्हटले,VERB
आहे,NOUN
की,PART
विद्यापीठाशी,NOUN
त्यांचे,NOUN
संबंध,NOUN
केवळ,NOUN
व्यावसायिक,NOUN
होते,NOUN
विद्यापीठाने,PP
काय,NOUN
म्हटले,VERB
आहे,NOUN
अल,PART
फलाह,NOUN
स्कूल,NOUN
ऑफ,PART
मेडिकल,NOUN
सायन्सेसच्या,PP
मुख्याध्यापिका,NOUN
डॉ,PART
भूपिंदर,NOUN
कौर,NOUN
यांनी,NOUN
जारी,NOUN
केलेल्या,NOUN
निवेदनात,NOUN
म्हटले,VERB
आम्हाला,PP
कळले,VERB
आहे,NOUN
की,PART
आमच्या,PP
दोन,NOUN
डॉक्टरांना,NOUN
तपास,NOUN
यंत्रणांनी,NOUN
ताब्यात,NOUN
घेतले,VERB
आहे,NOUN
आम्ही,NOUN
हे,PART
स्पष्ट,NOUN
करू,NOUN
इच्छितो,NOUN
की,PART
या,PART
दोन,NOUN
व्यक्तींचा,NOUN
विद्यापीठाशी,NOUN
कोणताही,NOUN
संबंध,NOUN
नाही,NOUN
ते,PART
आमच्याबरोबर,NOUN
व्यावसायिक,NOUN
क्षमतेने,PP
काम,NOUN
करत,NOUN
होते,NOUN
विद्यापीठाने,PP
म्हटले,VERB
आहे,NOUN
की,PART
संस्थेचा,NOUN
कोणत्याही,NOUN
रसायन,NOUN
किंवा,NOUN
स्फोटकांशी,NOUN
कोणताही,NOUN
संबंध,NOUN
नाही,NOUN
आणि,NOUN
ते,PART
तपास,NOUN
यंत्रणांना,NOUN
पूर्ण,NOUN
सहकार्य,NOUN
करीत,NOUN
आहेत,NOUN
विद्यापीठाने,PP
आपल्या,NOUN
निवेदनात,NOUN
म्हटले,VERB
आहे,NOUN
की,PART
दिल्लीतील,NOUN
लाल,NOUN
किल्ल्याजवळील,NOUN
घटनेशी,NOUN
संस्थेचा,NOUN
संबंध,NOUN
जोडल्याने,PP
विद्यार्थ्यांना,NOUN
त्रास,NOUN
होत,NOUN
आहे,NOUN
बीबीसीने,PP
ट्रस्टचे,NOUN
अध्यक्ष,NOUN
डॉ,PART
जावेद,NOUN
अहमद,NOUN
सिद्दीकी,NOUN
आणि,NOUN
वैद्यकीय,NOUN
महाविद्यालयाच्या,PP
मंडळाची,NOUN
बाजू,NOUN
जाणून,NOUN
घेण्याचा,NOUN
प्रयत्न,NOUN
केला,PP
परंतु,NOUN
त्यांना,NOUN
प्रतिसाद,NOUN
मिळाला,PP
नाही,NOUN
विद्यार्थ्यांमध्ये,PP
भीतीचे,NOUN
वातावरण,NOUN
देशाच्या,PP
विविध,NOUN
भागांतून,NOUN
विद्यार्थी,NOUN
या,PART
विद्यापीठात,NOUN
शिकण्यासाठी,PP
येतात,VERB
वैद्यकीय,NOUN
अभ्यासक्रमाचे,NOUN
बहुतेक,NOUN
विद्यार्थी,NOUN
कॅम्पसमध्ये,PP
बांधलेल्या,NOUN
वसतिगृहांमध्ये,PP
राहतात,VERB
तर,PART
इतर,NOUN
अभ्यासक्रमांचे,NOUN
विद्यार्थी,NOUN
आसपासच्या,PP
भागात,NOUN
लॉज,NOUN
किंवा,NOUN
भाड्याच्या,PP
खोल्यांमध्ये,PP
राहतात,VERB
दिल्ली,VERB
हल्ल्याच्या,PP
विळख्यात,NOUN
विद्यापीठ,NOUN
आल्यापासून,NOUN
अनेक,NOUN
विद्यार्थी,NOUN
घाबरले,VERB
आहेत,NOUN
याच,NOUN
विद्यापीठातून,NOUN
पॅरामेडिकल,NOUN
विषयात,NOUN
शिक्षण,NOUN
घेणाऱ्या,NOUN
एका,NOUN
विद्यार्थ्याने,PP
नाव,NOUN
न,PART
सांगण्याच्या,PP
अटीवर,PP
सांगितले,VERB
ज्या,NOUN
डॉक्टरांना,NOUN
अटक,NOUN
करण्यात,NOUN
आली,VERB
आहे,NOUN
ते,PART
आमच्या,PP
महाविद्यालयाशी,NOUN
संबंधित,NOUN
आहेत,NOUN
जेव्हापासून,NOUN
या,PART
घडामोडी,NOUN
घडल्या,NOUN
आहेत,NOUN
तेव्हापासून,NOUN
विद्यार्थी,NOUN
घाबरले,VERB
आहेत,NOUN
वैद्यकीय,NOUN
महाविद्यालयाशी,NOUN
संलग्न,NOUN
650,NUM
खाटांचे,NOUN
एक,PART
रुग्णालयही,NOUN
आहे,NOUN
येथे,NOUN
आसपासच्या,PP
क्षेत्राव्यतिरिक्त,NOUN
दूरदूरहून,NOUN
रुग्ण,NOUN
उपचारासाठी,PP
येतात,VERB
तपासणी,NOUN
दरम्यान,NOUN
रुग्ण,NOUN
इथे,NOUN
येत,NOUN
आहेत,NOUN
आता,NOUN
त्यांच्या,PP
संख्येत,NOUN
घट,PART
झाली,VERB
आहे,NOUN
रुग्णालयात,NOUN
काम,NOUN
करणाऱ्या,NOUN
आणखी,NOUN
एका,NOUN
कर्मचाऱ्याने,PP
सांगितले,VERB
या,PART
घटनेनंतर,NOUN
उपचारासाठी,PP
येणाऱ्या,NOUN
रुग्णांच्या,PP
संख्येत,NOUN
मोठी,NOUN
घट,PART
झाली,VERB
आहे,NOUN
आता,NOUN
फक्त,NOUN
निम्मे,NOUN
रुग्ण,NOUN
आत,PART
येत,NOUN
आहेत,NOUN
उत्तर,NOUN
प्रदेशचे,NOUN
रहिवासी,NOUN
विश्वास,NOUN
जॉन्सन,NOUN
म्हणाले,VERB
या,PART
विद्यापीठातून,NOUN
शिक्षण,NOUN
घेतल्यानंतर,NOUN
मला,PP
संस्थेतच,NOUN
सहज,NOUN
नोकरी,NOUN
मिळाली,VERB
देशाच्या,PP
कानाकोपऱ्यातून,NOUN
विद्यार्थी,NOUN
इथे,NOUN
शिकण्यासाठी,PP
येतात,VERB
मात्र,NOUN
सर्वात,NOUN
जास्त,NOUN
विद्यार्थी,NOUN
उत्तर,NOUN
प्रदेश,NOUN
आणि,NOUN
बिहारमधील,NOUN
आहेत,NOUN
ते,PART
म्हणाले,VERB
इथे,NOUN
वैद्यकीय,NOUN
अभ्यासक्रमांच्या,PP
अभ्यासासाठी,PP
वातावरण,NOUN
चांगले,VERB
आहे,NOUN
मात्र,NOUN
पॅरामेडिकल,NOUN
अभ्यासक्रमात,NOUN
शिकणाऱ्या,NOUN
विद्यार्थ्यांकडे,PP
फारसे,NOUN
लक्ष,NOUN
दिले,VERB
जात,NOUN
नाही,NOUN
विश्वासही,NOUN
घाबरले,VERB
आहेत,NOUN
ते,PART
म्हणाले,VERB
कॅम्पसमध्ये,PP
प्रचंड,NOUN
पोलीस,NOUN
आहेत,NOUN
विद्यार्थ्यांमध्ये,PP
भीतीचे,NOUN
वातावरण,NOUN
आहे,NOUN
डॉ,PART
शाहीना,NOUN
सईद,NOUN
यांनी,NOUN
आम्हाला,PP
शिकवले,VERB
आहे,NOUN
मी,PART
डॉ,PART
मुझम्मिल,NOUN
यांना,NOUN
कॅम्पसमध्ये,PP
अनेकदा,NOUN
पाहिले,VERB
आहे,NOUN
एका,NOUN
वैद्यकीय,NOUN
विद्यार्थ्याने,PP
नाव,NOUN
न,PART
सांगण्याच्या,PP
अटीवर,PP
सांगितले,VERB
विद्यार्थी,NOUN
घाबरले,VERB
आहेत,NOUN
जर,PART
विद्यापीठावर,PP
परिणाम,NOUN
झाला,PP
तर,PART
त्याचा,NOUN
परिणाम,NOUN
विद्यार्थ्यांच्या,PP
भविष्यावर,PP
होऊ,NOUN
शकतो,NOUN
नवीन,NOUN
विद्यार्थ्यांमध्ये,PP
भीती,NOUN
आणि,NOUN
चिंता,NOUN
आहे,NOUN
आणखी,NOUN
एका,NOUN
विद्यार्थ्याने,PP
सांगितले,VERB
विद्यापीठ,NOUN
प्रशासनाने,PP
विद्यार्थ्यांना,NOUN
संयम,NOUN
राखण्याचे,NOUN
आवाहन,NOUN
केले,VERB
आहे,NOUN
11,NUM
वर्षांपासून,NOUN
इथे,NOUN
सुरक्षा,NOUN
रक्षक,NOUN
म्हणून,NOUN
काम,NOUN
करणाऱ्या,NOUN
एका,NOUN
व्यक्तीने,PP
दिलेल्या,NOUN
माहितीनुसार,NOUN
डॉक्टरांच्या,PP
अटकेनंतर,NOUN
कर्मचारीही,NOUN
घाबरले,VERB
आहेत,NOUN
ते,PART
म्हणतात,VERB
मी,PART
इथे,NOUN
इतकी,NOUN
वर्षं,NOUN
काम,NOUN
करतोय,NOUN
मी,PART
असं,NOUN
कधी,NOUN
ऐकलंच,NOUN
नाही,NOUN
आता,NOUN
इथे,NOUN
तपास,NOUN
सुरू,NOUN
आहे,NOUN
पोलीस,NOUN
पुन्हा,NOUN
पुन्हा,NOUN
येत,NOUN
आहेत,NOUN
यामुळे,NOUN
इथे,NOUN
काम,NOUN
करणाऱ्यांच्या,PP
मनातही,NOUN
प्रश्न,NOUN
निर्माण,NOUN
होत,NOUN
आहेत,NOUN
हरियाणा,NOUN
पोलिसांनी,NOUN
दिलेल्या,NOUN
माहितीनुसार,NOUN
अल,PART
फल्लाह,NOUN
विद्यापीठाजवळील,NOUN
धौज,NOUN
गावातील,NOUN
डॉ,PART
मुजम्मिल,NOUN
यांच्या,PP
आवारातून,NOUN
स्फोटके,NOUN
जप्त,NOUN
करण्यात,NOUN
आली,VERB
आहेत,NOUN
डॉ,PART
मुझम्मिल,NOUN
यांनी,NOUN
धौज,NOUN
गावात,NOUN
एक,PART
खोली,VERB
भाड्याने,PP
घेतली,VERB
होती,NOUN
तिथून,NOUN
मोठ्या,NOUN
प्रमाणात,NOUN
स्फोटके,NOUN
जप्त,NOUN
केल्याचा,NOUN
दावा,NOUN
तपास,NOUN
यंत्रणांनी,NOUN
केला,PP
आहे,NOUN
जम्मू,NOUN
काश्मीर,NOUN
पोलिसांनी,NOUN
हरियाणा,NOUN
पोलिसांसह,NOUN
फरीदाबादमध्ये,PP
ही,PART
कारवाई,NOUN
केली,VERB
जम्मू,NOUN
काश्मीर,NOUN
पोलिसांनीही,NOUN
याबाबत,NOUN
सविस्तर,NOUN
माहिती,NOUN
दिली,VERB
होती,NOUN
पोलिसांनी,NOUN
दिलेल्या,NOUN
माहितीनुसार,NOUN
आतापर्यंत,NOUN
2,NUM
हजार,NOUN
900,NUM
किलोपेक्षा,NOUN
जास्त,NOUN
आयईडी,NOUN
बनवण्याचे,NOUN
साहित्य,NOUN
आणि,NOUN
इतर,NOUN
रासायनिक,NOUN
पदार्थ,NOUN
जप्त,NOUN
करण्यात,NOUN
आले,VERB
आहेत,NOUN
डॉ,PART
मुझम्मिल,NOUN
यांनी,NOUN
यावर्षी,NOUN
सप्टेंबरमध्ये,PP
धौज,NOUN
इथे,NOUN
एक,PART
खोली,VERB
भाड्याने,PP
घेतली,VERB
होती,NOUN
इथेही,NOUN
तपास,NOUN
यंत्रणा,NOUN
तपास,NOUN
करत,NOUN
आहेत,NOUN
या,PART
घराच्या,PP
मालकाचीही,NOUN
पोलिसांनी,NOUN
चौकशी,NOUN
केली,VERB
आहे,NOUN
त्यानंतर,NOUN
तोही,NOUN
घाबरला,PP
आहे,NOUN
त्याच,NOUN
वेळी,NOUN
डॉ,PART
मुझम्मिल,NOUN
यांनी,NOUN
अल,PART
फलाह,NOUN
विद्यापीठापासून,NOUN
सुमारे,NOUN
3,NUM
किलोमीटर,NOUN
अंतरावर,PP
एक,PART
खोली,VERB
भाड्याने,PP
घेतली,VERB
होती,NOUN
स्फोटके,NOUN
आणि,NOUN
रसायने,PP
जप्त,NOUN
केल्याचा,NOUN
दावाही,NOUN
पोलिसांनी,NOUN
केला,PP
आहे,NOUN
फतेहपूर,NOUN
तागा,NOUN
गावात,NOUN
नव्याने,PP
बांधण्यात,NOUN
आलेल्या,NOUN
डेहरा,NOUN
वस्तीच्या,PP
अगदी,NOUN
टोकाला,PP
असलेले,VERB
घर,PART
आता,NOUN
उघडले,VERB
आहे,NOUN
जिथे,NOUN
स्फोटके,NOUN
सापडली,VERB
आहेत,NOUN
इथेही,NOUN
लोक,NOUN
बोलण्यास,NOUN
घाबरतात,VERB
या,PART
घरासमोर,NOUN
राहणाऱ्या,NOUN
एका,NOUN
महिलेने,PP
बीबीसीला,PP
सांगितले,VERB
दोन,NOUN
दिवसांपूर्वी,NOUN
पोलीस,NOUN
इथे,NOUN
आले,VERB
होते,NOUN
असे,NOUN
म्हटले,VERB
जात,NOUN
आहे,NOUN
की,PART
एक,PART
डॉक्टर,NOUN
आहे,NOUN
ज्याने,PP
ही,PART
खोली,VERB
भाड्याने,PP
घेतली,VERB
आहे,NOUN
मी,PART
त्याला,PP
इथे,NOUN
कधीही,NOUN
पाहिले,VERB
नाही,NOUN
किंवा,NOUN
माध्यमांमध्ये,PP
हे,PART
नाव,NOUN
येण्यापूर्वी,NOUN
त्याचे,NOUN
नाव,NOUN
ऐकले,VERB
नाही,NOUN
या,PART
घरात,NOUN
इतर,NOUN
भाडेकरू,NOUN
राहतात,VERB
जे,PART
सध्या,NOUN
तिथे,NOUN
उपस्थित,NOUN
नव्हते,NOUN
या,PART
घराचे,NOUN
मालक,NOUN
नूर,NOUN
मोहम्मद,NOUN
इश्तियाक,NOUN
अल,PART
फल्लाह,NOUN
विद्यापीठात,NOUN
बांधलेल्या,NOUN
मशिदीचे,NOUN
इमाम,NOUN
देखील,NOUN
आहेत,NOUN
त्यांनाही,NOUN
ताब्यात,NOUN
घेण्यात,NOUN
आले,VERB
आहे,NOUN
एएनआय,NOUN
या,PART
वृत्तसंस्थेशी,NOUN
बोलताना,NOUN
त्यांच्या,PP
भावाने,PP
सांगितले,VERB
की,PART
घरातील,NOUN
एक,PART
खोली,VERB
डॉ,PART
मुजम्मिल,NOUN
यांना,NOUN
भाड्याने,PP
देण्यात,NOUN
आली,VERB
होती,NOUN
आपल्या,NOUN
भावाला,PP
निर्दोष,NOUN
असल्याचे,NOUN
वर्णन,NOUN
करताना,NOUN
ते,PART
म्हणाले,VERB
माझा,NOUN
भाऊ,NOUN
20,NUM
वर्षांपासून,NOUN
त्या,NOUN
मशिदीत,NOUN
इमाम,NOUN
आहे,NOUN
इमाम,NOUN
म्हणून,NOUN
तो,PART
नमाज,NOUN
अदा,NOUN
करण्यासाठी,PP
आलेल्या,NOUN
डॉक्टर,NOUN
आणि,NOUN
विद्यार्थ्यांशी,NOUN
बोलत,NOUN
असे,NOUN
याशिवाय,NOUN
त्याचा,NOUN
कोणाशीही,NOUN
काही,NOUN
संबंध,NOUN
नाही,NOUN
अल,PART
फलाह,NOUN
युनिव्हर्सिटी,NOUN
कॅम्पसमध्ये,PP
तपास,NOUN
सुरू,NOUN
आहे,NOUN
बुधवारी,NOUN
12,NUM
नोव्हेंबर,NOUN
अनेक,NOUN
राज्यांच्या,PP
पोलीस,NOUN
आणि,NOUN
केंद्रीय,NOUN
संस्था,NOUN
इथे,NOUN
उपस्थित,NOUN
होत्या,NOUN
एका,NOUN
सुरक्षा,NOUN
रक्षकाने,PP
दिलेल्या,NOUN
माहितीनुसार,NOUN
मंगळवारपासून,NOUN
11,NUM
नोव्हेंबर,NOUN
तपास,NOUN
यंत्रणांशी,NOUN
संबंधित,NOUN
लोक,NOUN
सातत्याने,PP
इथे,NOUN
येत,NOUN
आहेत,NOUN
मात्र,NOUN
याबाबत,NOUN
कोणतीही,NOUN
अधिकृत,NOUN
माहिती,NOUN
देण्यात,NOUN
आलेली,VERB
नाही,NOUN
बुधवारी,NOUN
12,NUM
नोव्हेंबर,NOUN
रात्रीपर्यंत,NOUN
अल,PART
फलाह,NOUN
विद्यापीठाच्या,PP
आवारात,NOUN
अनेक,NOUN
तपास,NOUN
पथके,NOUN
उपस्थित,NOUN
होती,NOUN
फाटकावरचा,NOUN
एक,PART
सुरक्षा,NOUN
रक्षक,NOUN
म्हणतो,NOUN
आता,NOUN
पूर्वीपेक्षा,NOUN
जास्त,NOUN
पोलीस,NOUN
येत,NOUN
आहेत,NOUN
पुढे,NOUN
काय,NOUN
होईल,NOUN
हे,PART
कोणालाही,NOUN
माहीत,NOUN
नाही,NOUN
त्याचवेळी,NOUN
विद्यापीठाच्या,PP
वैद्यकीय,NOUN
महाविद्यालयात,NOUN
सुमारे,NOUN
70,NUM
किलोमीटर,NOUN
अंतरावरून,NOUN
उपचारासाठी,PP
आलेल्या,NOUN
एका,NOUN
व्यक्तीने,PP
सांगितले,VERB
इथे,NOUN
उपचार,NOUN
थोडे,NOUN
स्वस्त,NOUN
होतात,VERB
म्हणून,NOUN
आम्ही,NOUN
येतो,NOUN
लाल,NOUN
किल्ल्याजवळ,NOUN
झालेल्या,NOUN
हल्ल्याच्या,PP
चौकशीत,NOUN
विद्यापीठाच्या,PP
भवितव्याबाबत,NOUN
अनेक,NOUN
प्रश्न,NOUN
निर्माण,NOUN
झाले,VERB
आहेत,NOUN
या,PART
प्रश्नांमुळे,NOUN
इथे,NOUN
शिकणाऱ्या,NOUN
विद्यार्थ्यांना,NOUN
सर्वात,NOUN
जास्त,NOUN
त्रास,NOUN
होतो,NOUN
एका,NOUN
पॅरामेडिकलच्या,PP
विद्यार्थ्याने,PP
सांगितले,VERB
विद्यापीठाचे,NOUN
नाव,NOUN
एवढ्या,NOUN
मोठ्या,NOUN
हल्ल्याशी,NOUN
जोडले,VERB
जाईल,NOUN
याची,NOUN
कोणालाही,NOUN
कल्पना,NOUN
नव्हती,NOUN
आता,NOUN
याचा,NOUN
सर्वांच्या,PP
भविष्यावर,PP
परिणाम,NOUN
होईल,NOUN
विद्यापीठाची,NOUN
खूप,NOUN
बदनामी,NOUN
होत,NOUN
आहे,NOUN
त्याचा,NOUN
फटका,NOUN
आमच्यासारख्या,NOUN
विद्यार्थ्यांना,NOUN
सहन,NOUN
करावा,NOUN
लागू,NOUN
शकतो,NOUN
दिल्ली,VERB
स्फोटाचा,NOUN
कट,PART
रचणाऱ्यांना,NOUN
सोडणार,NOUN
नाही,NOUN
मोदींचा,NOUN
इशारा,NOUN
गेल्या,NOUN
24,NUM
तासांत,NOUN
काय,NOUN
काय,NOUN
घडलं,NOUN
11,NUM
नोव्हेंबर,NOUN
2025,NUM
दिल्ली,VERB
स्फोटाचा,NOUN
कट,PART
रचणाऱ्यांना,NOUN
सोडणार,NOUN
नाही,NOUN
मोदींचा,NOUN
इशारा,NOUN
गेल्या,NOUN
24,NUM
तासांत,NOUN
काय,NOUN
काय,NOUN
घडलं,NOUN
दिल्ली,VERB
स्फोटापूर्वी,NOUN
अटक,NOUN
करण्यात,NOUN
आलेल्या,NOUN
3,NUM
डॉक्टरांबद्दल,NOUN
आतापर्यंत,NOUN
काय,NOUN
माहिती,NOUN
समोर,NOUN
आली,VERB
12,NUM
नोव्हेंबर,NOUN
2025,NUM
दिल्ली,VERB
स्फोटापूर्वी,NOUN
अटक,NOUN
करण्यात,NOUN
आलेल्या,NOUN
3,NUM
डॉक्टरांबद्दल,NOUN
आतापर्यंत,NOUN
काय,NOUN
माहिती,NOUN
समोर,NOUN
आली,VERB
दिल्ली,VERB
स्फोट,NOUN
आतापर्यंत,NOUN
या,PART
4,NUM
प्रश्नांची,NOUN
उत्तरं,NOUN
मिळाली,VERB
नाहीत11,NOUN
नोव्हेंबर,NOUN
2025,NUM
दिल्ली,VERB
स्फोट,NOUN
आतापर्यंत,NOUN
या,PART
4,NUM
प्रश्नांची,NOUN
उत्तरं,NOUN
मिळाली,VERB
नाहीत,NOUN
Author,NOUN
श्रीकांत,NOUN
बंगाळेश्रीकांत,NOUN
बंगाळे,NOUN
राज्य,NOUN
सरकारनं,NOUN
7,NUM
ऑक्टोबर,NOUN
2025,NUM
रोजी,NOUN
अतिवृष्टीबाधित,NOUN
शेतकऱ्यांसाठी,PP
31,NUM
हजार,NOUN
628,NUM
कोटींचं,NOUN
पॅकेज,NOUN
जाहीर,NOUN
केलंय,NOUN
त्यानंतर,NOUN
ही,PART
मदत,NOUN
कशी,NOUN
दिली,VERB
जाईल,NOUN
याबाबतचा,NOUN
एक,PART
शासन,NOUN
निर्णय,NOUN
09,NUM
ऑक्टोबर,NOUN
2025,NUM
रोजी,NOUN
जारी,NOUN
करण्यात,NOUN
आलाय,NOUN
जून,NOUN
ते,PART
सप्टेंबर,NOUN
2025,NUM
या,PART
4,NUM
महिन्यांच्या,PP
कालावधीत,NOUN
अतिवृष्टीमुळे,NOUN
झालेल्या,NOUN
नुकसानीच्या,PP
भरपाईबाबतचा,NOUN
हा,PART
शासन,NOUN
निर्णय,NOUN
आहे,NOUN
या,PART
शासन,NOUN
निर्णयावर,PP
आणि,NOUN
राज्य,NOUN
सरकारच्या,PP
मदतीच्या,PP
पॅकेजवर,PP
अनेक,NOUN
प्रश्नं,NOUN
उपस्थित,NOUN
केले,VERB
जात,NOUN
आहे,NOUN
त्यातील,NOUN
5,NUM
मुख्य,NOUN
प्रश्नं,NOUN
कोणते,NOUN
आहेत,NOUN
तेच,NOUN
आपण,NOUN
या,PART
बातमीत,NOUN
पाहणार,NOUN
आहोत,NOUN
7,NUM
ऑक्टोबर,NOUN
रोजी,NOUN
मुख्यमंत्र्यांनी,NOUN
माध्यमांशी,NOUN
बोलताना,NOUN
31,NUM
हजार,NOUN
628,NUM
कोटींचं,NOUN
पॅकेज,NOUN
जाहीर,NOUN
करत,NOUN
असल्याचं,NOUN
सांगितलं,NOUN
पण,PART
याबाबतचा,NOUN
जो,PART
शासन,NOUN
निर्णय,NOUN
9,NUM
ऑक्टोबर,NOUN
रोजी,NOUN
प्रसिद्ध,NOUN
करण्यात,NOUN
आलाय,NOUN
त्यात,NOUN
या,PART
आकड्याचा,NOUN
कुठेही,NOUN
काहीही,NOUN
उल्लेख,NOUN
नाही,NOUN
साधारणपणे,NOUN
एखाद्या,NOUN
घटनेसाठी,PP
मदत,NOUN
जाहीर,NOUN
केल्यानंतर,NOUN
जारी,NOUN
केलेल्या,NOUN
शासन,NOUN
निर्णयात,NOUN
कोणत्या,NOUN
विभागासाठी,PP
त्यातील,NOUN
कोणत्या,NOUN
जिल्ह्यासाठी,PP
किती,NOUN
निधी,NOUN
दिला,PP
जाणार,NOUN
याचा,NOUN
उल्लेख,NOUN
असतो,NOUN
पण,PART
9,NUM
ऑक्टोबरच्या,PP
शासन,NOUN
निर्णयात,NOUN
याबाबत,NOUN
काहीही,NOUN
उल्लेख,NOUN
नाही,NOUN
त्यामुळे,NOUN
सरकारनं,NOUN
जाहीर,NOUN
केलेलं,NOUN
नेमकं,NOUN
पॅकेज,NOUN
किती,NOUN
रुपयांचं,NOUN
आहे,NOUN
असा,NOUN
सवाल,NOUN
उपस्थित,NOUN
होत,NOUN
आहे,NOUN
शेतकरी,NOUN
नेते,NOUN
अजित,NOUN
नवले,VERB
यांनी,NOUN
म्हटलंय,NOUN
की,PART
मुख्यमंत्री,NOUN
देवेंद्र,NOUN
फडणवीस,NOUN
यांनी,NOUN
फार,NOUN
आकर्षकपणानं,NOUN
महाराष्ट्रापुढे,NOUN
पॅकेज,NOUN
मांडले,VERB
ही,PART
महामदत,NOUN
असल्याचंही,NOUN
त्यांनी,NOUN
भासवलं,NOUN
मात्र,NOUN
पॅकेजचं,NOUN
आर्थिक,NOUN
विश्लेषण,NOUN
केलं,NOUN
असता,NOUN
यापैकी,NOUN
बहुतांशी,NOUN
रक्कम,NOUN
ही,PART
यापूर्वी,NOUN
जाहीर,NOUN
केलेल्या,NOUN
वेगवेगळ्या,NOUN
योजनांची,NOUN
बेरीज,NOUN
असून,NOUN
31,NUM
हजार,NOUN
628,NUM
कोटी,NOUN
रुपयांपैकी,NOUN
केवळ,NOUN
रब्बी,NOUN
हंगाम,NOUN
उभा,NOUN
करण्यासाठी,PP
देऊ,NOUN
केलेले,VERB
6500,NUM
कोटी,NOUN
रुपये,NOUN
एवढीच,NOUN
नवी,NOUN
तरतूद,NOUN
आहे,NOUN
उर्वरित,NOUN
संपूर्ण,NOUN
पॅकेज,NOUN
हे,PART
यापूर्वीच,NOUN
वेळोवेळी,NOUN
वेगवेगळ्या,NOUN
परिस्थितीमध्ये,PP
जाहीर,NOUN
केलेल्या,NOUN
योजनांच्या,PP
रकमांची,NOUN
बेरीज,NOUN
आहे,NOUN
असंही,NOUN
नवले,VERB
यांनी,NOUN
म्हटलंय,NOUN
सरकारकडून,NOUN
मात्र,NOUN
हे,PART
पॅकेज,NOUN
म्हणजे,NOUN
आतापर्यंतची,NOUN
सर्वांत,NOUN
मोठी,NOUN
आर्थिक,NOUN
मदत,NOUN
असं,NOUN
त्याचं,NOUN
वर्णन,NOUN
करण्यात,NOUN
आलंय,NOUN
2,NUM
जमीन,NOUN
खरडून,NOUN
गेल्यास,NOUN
सरसकट,NOUN
शेतकऱ्यांना,NOUN
लाभ,NOUN
नाही,NOUN
शासन,NOUN
निर्णयानुसार,NOUN
जमीन,NOUN
खरडून,NOUN
गेल्यास,NOUN
केवळ,NOUN
अल्प,NOUN
व,PART
अत्यल्प,NOUN
भूधारक,NOUN
शेतकऱ्यांनाच,NOUN
मदत,NOUN
दिली,VERB
जाणार,NOUN
आहे,NOUN
म्हणजे,NOUN
ज्या,NOUN
शेतकऱ्याकडे,PP
अडीच,NOUN
एकर,NOUN
किंवा,NOUN
5,NUM
एकरपेक्षा,NOUN
कमी,NOUN
शेतजमीन,NOUN
आहे,NOUN
त्यांनाच,NOUN
याचा,NOUN
लाभ,NOUN
मिळणार,NOUN
आहे,NOUN
समजा,NOUN
तुमच्याकडे,PP
10,NUM
एकर,NOUN
शेतजमीन,NOUN
आहे,NOUN
आणि,NOUN
नदीकाठची,NOUN
2,NUM
3,NUM
एकर,NOUN
शेतजमीन,NOUN
खरडून,NOUN
गेली,VERB
तर,PART
मात्र,NOUN
तुम्हाला,PP
मदत,NOUN
मिळणार,NOUN
नाही,NOUN
दुसरं,NOUN
म्हणजे,NOUN
अतिवृष्टीमुळे,NOUN
जमीन,NOUN
खरडून,NOUN
गेल्यास,NOUN
साडेतीन,NOUN
लाख,NOUN
रुपयांचा,NOUN
लाभ,NOUN
मिळेल,NOUN
असं,NOUN
मुख्यमंत्र्यांनी,NOUN
सांगितलं,NOUN
पण,PART
प्रत्यक्षात,NOUN
अल्पभूधारक,NOUN
शेतकऱ्यांना,NOUN
थेट,NOUN
खात्यात,NOUN
प्रति,NOUN
हेक्टरी,NOUN
47000,NUM
रुपये,NOUN
मिळणार,NOUN
आहेत,NOUN
आणि,NOUN
उर्वरित,NOUN
3,NUM
लाखांची,NOUN
मदत,NOUN
मनरेगाच्या,PP
महात्मा,NOUN
गांधी,NOUN
राष्ट्रीय,NOUN
ग्रामीण,NOUN
रोजगार,NOUN
हमी,NOUN
योजना,NOUN
माध्यमातून,NOUN
दिली,VERB
जाणार,NOUN
आहे,NOUN
पण,PART
मनरेगा,NOUN
अंतर्गत,NOUN
विहीर,NOUN
मंजूर,NOUN
होऊन,NOUN
वर्ष,NOUN
उलटूनही,NOUN
निधी,NOUN
मिळत,NOUN
नसल्याची,NOUN
शेतकऱ्यांची,NOUN
तक्रार,NOUN
आहे,NOUN
आता,NOUN
खरडून,NOUN
गेलेली,VERB
जमीन,NOUN
लागवडीयोग्य,NOUN
करण्यासाठी,PP
शेतकऱ्याला,PP
मनरेगा,NOUN
योजनेअंतर्गत,NOUN
त्यासाठी,PP
अर्ज,NOUN
करावा,NOUN
लागणार,NOUN
आहे,NOUN
त्यानंतर,NOUN
या,PART
कामाचं,NOUN
मस्टर,NOUN
निघेल,NOUN
मजुरांचे,NOUN
कामाचे,NOUN
तास,NOUN
आणि,NOUN
पैसे,NOUN
ठरतील,NOUN
आणि,NOUN
मग,PART
काम,NOUN
पूर्ण,NOUN
होईल,NOUN
प्रशासकीय,NOUN
अधिकाऱ्यांच्या,PP
इच्छाशक्तीवर,PP
हे,PART
काम,NOUN
अवलंबून,NOUN
असणार,NOUN
आहे,NOUN
त्यामुळे,NOUN
मग,PART
ही,PART
संपूर्ण,NOUN
प्रक्रिया,NOUN
पूर्ण,NOUN
होऊन,NOUN
जमीन,NOUN
खरडून,NOUN
गेल्यास,NOUN
शेत,NOUN
पुन्हा,NOUN
लागवडीयोग्य,NOUN
करण्यासाठी,PP
नेमका,NOUN
किती,NOUN
वेळ,NOUN
मिळेल,NOUN
हा,PART
प्रश्न,NOUN
कायम,NOUN
आहे,NOUN
3,NUM
पीक,NOUN
विम्याच्या,PP
भरपाईचं,NOUN
काय,NOUN
सरकारने,PP
45,NUM
लाख,NOUN
शेतकऱ्यांचा,NOUN
विमा,NOUN
उतरवला,PP
आहे,NOUN
आणि,NOUN
या,PART
शेतकऱ्यांना,NOUN
17,NUM
हजार,NOUN
रुपये,NOUN
हेक्टरी,NOUN
विम्याचे,NOUN
पैसे,NOUN
मिळतील,NOUN
पीक,NOUN
विम्यातून,NOUN
कमीत,NOUN
कमी,NOUN
5,NUM
हजार,NOUN
कोटी,NOUN
रुपये,NOUN
मिळतील,NOUN
असं,NOUN
मुख्यमंत्र्यांनी,NOUN
जाहीर,NOUN
केलंय,NOUN
पण,PART
या,PART
आकड्यांबाबत,NOUN
काहीएक,NOUN
उल्लेख,NOUN
शासन,NOUN
निर्णयात,NOUN
आढळत,NOUN
नाही,NOUN
त्यामुळे,NOUN
पीक,NOUN
विम्याच्या,PP
भरपाईचं,NOUN
काय,NOUN
असा,NOUN
सवाल,NOUN
उपस्थित,NOUN
होत,NOUN
आहे,NOUN
मुळात,NOUN
पीक,NOUN
विम्यासाठी,PP
शेतकरी,NOUN
आणि,NOUN
राज्य,NOUN
तसंच,NOUN
केंद्र,NOUN
सरकार,NOUN
विमा,NOUN
कंपन्यांना,NOUN
हप्ता,NOUN
देत,NOUN
असतं,NOUN
त्यानंतर,NOUN
विमा,NOUN
कंपन्यांकडून,NOUN
शेतकऱ्यांच्या,PP
खात्यात,NOUN
भरपाईची,NOUN
रक्कम,NOUN
जमा,NOUN
केली,VERB
जाते,NOUN
सरकारचा,NOUN
हा,PART
निर्णय,NOUN
कंपन्या,NOUN
मान्य,NOUN
करणार,NOUN
का,PART
हा,PART
प्रश्नही,NOUN
आहे,NOUN
याशिवाय,NOUN
गावामध्ये,PP
मोजक्या,NOUN
शेतकऱ्यांना,NOUN
पीक,NOUN
विम्याचा,NOUN
लाभ,NOUN
मिळतो,NOUN
आणि,NOUN
बहुसंख्य,NOUN
शेतकरी,NOUN
वंचित,NOUN
राहतात,VERB
असा,NOUN
आक्षेप,NOUN
शेतकरी,NOUN
नियमितपणे,NOUN
नोंदवतात,VERB
पीक,NOUN
विमा,NOUN
कंपन्यांनीही,NOUN
योजनेतून,NOUN
कोट्यवधी,NOUN
रुपयांची,NOUN
कमाई,NOUN
केल्याचं,NOUN
समोर,NOUN
आलं,NOUN
आहे,NOUN
महाराष्ट्रातून,NOUN
2016,NUM
ते,PART
2022,NUM
23,NUM
या,PART
7,NUM
वर्षांत,NOUN
महाराष्ट्रातून,NOUN
विमा,NOUN
कंपन्यांनी,NOUN
10,NUM
हजार,NOUN
93,NUM
कोटी,NOUN
रुपयांची,NOUN
कमाई,NOUN
केली,VERB
तर,PART
देशपातळीवरचा,NOUN
विचार,NOUN
केल्यास,NOUN
2016,NUM
ते,PART
2022,NUM
पर्यंत,NOUN
या,PART
6,NUM
वर्षांत,NOUN
पीक,NOUN
विमा,NOUN
योजनेतून,NOUN
कंपन्यांनी,NOUN
40,NUM
हजार,NOUN
112,NUM
कोटी,NOUN
रुपयांची,NOUN
कमाई,NOUN
केली,VERB
दरम्यान,NOUN
2016,NUM
मध्ये,PP
प्रधानमंत्री,NOUN
पीक,NOUN
विमा,NOUN
योजना,NOUN
सुरू,NOUN
झाल्यापासून,NOUN
शेतकऱ्यांना,NOUN
2,NUM
12,NUM
लाख,NOUN
कोटी,NOUN
रुपये,NOUN
देण्यात,NOUN
आल्याचं,NOUN
केंद्रीय,NOUN
कृषीमंत्री,NOUN
शिवराजसिंग,NOUN
चौहान,NOUN
यांनी,NOUN
म्हटलंय,NOUN
4,NUM
पंजाबच्या,PP
धर्तीवर,PP
मदत,NOUN
का,PART
नाही,NOUN
पंजाबमध्ये,PP
अतिवृष्टीमुळे,NOUN
जवळपास,NOUN
2,NUM
लाख,NOUN
हेक्टरवरील,NOUN
शेतपिकांचं,NOUN
नुकसान,NOUN
झालंय,NOUN
त्यानंतर,NOUN
तिथल्या,NOUN
सरकारनं,NOUN
शेतकऱ्यांसाठी,PP
प्रति,NOUN
हेक्टर,NOUN
50,NUM
हजार,NOUN
रुपये,NOUN
देण्याचं,NOUN
जाहीर,NOUN
केलं,NOUN
त्यामुळे,NOUN
पंजाबच्या,PP
धर्तीवर,PP
मदत,NOUN
करा,NOUN
अशी,NOUN
महाराष्ट्रातील,NOUN
शेतकऱ्यांची,NOUN
मागणी,NOUN
होती,NOUN
महाराष्ट्र,NOUN
सरकारनं,NOUN
कोरडवाहू,NOUN
पिकांसाठी,PP
प्रति,NOUN
हेक्टरी,NOUN
18500,NUM
रुपये,NOUN
बागायती,NOUN
पिकांसाठी,PP
प्रति,NOUN
हेक्टरी,NOUN
27000,NUM
रुपये,NOUN
तर,PART
बहुवार्षिक,NOUN
पिकांसाठी,PP
प्रति,NOUN
हेक्टरी,NOUN
32000,NUM
रुपये,NOUN
मदत,NOUN
जाहीर,NOUN
केली,VERB
शेतपिकांच्या,PP
नुकसानीसाठी,PP
पंजाब,NOUN
सरकारच्या,PP
मदतीपेक्षा,NOUN
महाराष्ट्र,NOUN
सरकारनं,NOUN
जाहीर,NOUN
केलेली,VERB
मदत,NOUN
कमी,NOUN
आहे,NOUN
पण,PART
तामिळनाडू,NOUN
पंजाब,NOUN
आणि,NOUN
कर्नाटक,NOUN
पेक्षाही,NOUN
आपले,VERB
मदतीचे,NOUN
पॅकेज,NOUN
मोठे,NOUN
आहे,NOUN
तुलना,NOUN
करण्यापेक्षा,NOUN
आपल्या,NOUN
शेतकऱ्याचं,NOUN
काय,NOUN
नुकसान,NOUN
झालं,NOUN
याचा,NOUN
वस्तुनिष्ठ,NOUN
अहवाल,NOUN
घेऊन,NOUN
मदत,NOUN
झालेली,VERB
आहे,NOUN
असं,NOUN
उपमुख्यमंत्री,NOUN
एकनाथ,NOUN
शिंदेंनी,NOUN
म्हटलंय,NOUN
अतिवृष्टीमुळे,NOUN
झालेल्या,NOUN
नुकसानीच्या,PP
कव्हरेजदरम्यान,NOUN
एका,NOUN
शेतकऱ्यानं,NOUN
मला,PP
विचारलं,NOUN
की,PART
देशातील,NOUN
सर्वांत,NOUN
श्रीमंत,NOUN
राज्य,NOUN
कोणतं,NOUN
आहे,NOUN
यात,NOUN
पंजाबचा,NOUN
नंबर,NOUN
कितवा,NOUN
आहे,NOUN
मग,PART
पंजाब,NOUN
एवढी,NOUN
करू,NOUN
शकतं,NOUN
तर,PART
महाराष्ट्र,NOUN
सरकार,NOUN
का,PART
नाही,NOUN
करू,NOUN
शकत,NOUN
2024,NUM
मध्ये,PP
महाराष्ट्र,NOUN
सर्वांत,NOUN
श्रीमंत,NOUN
राज्य,NOUN
राहिलं,NOUN
आहे,NOUN
महाराष्ट्राचे,NOUN
अंदाजे,NOUN
सकल,NOUN
राज्य,NOUN
देशांतर्गत,NOUN
उत्पादन,NOUN
GSDP,NOUN
42,NUM
67,NUM
लाख,NOUN
कोटी,NOUN
रुपये,NOUN
होते,NOUN
जे,PART
राष्ट्रीय,NOUN
GDP,NOUN
च्या,PP
13,NUM
3,NUM
आहे,NOUN
टॉपच्या,PP
10,NUM
राज्यांच्या,PP
यादीत,NOUN
पंजाब,NOUN
कुठेही,NOUN
नाही,NOUN
तरीही,NOUN
पंजाब,NOUN
सरकारनं,NOUN
प्रति,NOUN
हेक्टर,NOUN
50,NUM
हजार,NOUN
रुपये,NOUN
मदत,NOUN
केली,VERB
आहे,NOUN
5,NUM
बाधितांच्या,PP
यादीत,NOUN
नांदेड,NOUN
जिल्हा,NOUN
का,PART
नाही,NOUN
राज्य,NOUN
सरकारनं,NOUN
जून,NOUN
ते,PART
सप्टेंबरच्या,PP
कालावधीत,NOUN
पावसामुळं,NOUN
झालेल्या,NOUN
नुकसान,NOUN
भरपाईचा,NOUN
शासन,NOUN
निर्णय,NOUN
9,NUM
ऑक्टोबर,NOUN
रोजी,NOUN
जारी,NOUN
केला,PP
यात,NOUN
सरकारनं,NOUN
राज्यातल्या,NOUN
31,NUM
जिल्ह्यातील,NOUN
253,NUM
तालुके,NOUN
बाधित,NOUN
म्हणून,NOUN
घोषित,NOUN
केले,VERB
पण,PART
ज्या,NOUN
नांदेड,NOUN
जिल्ह्यात,NOUN
पावसामुळे,NOUN
सर्वाधिक,NOUN
नुकसान,NOUN
झालंय,NOUN
त्याच,NOUN
नांदेडला,PP
यातून,NOUN
वगळण्यात,NOUN
आलंय,NOUN
23,NUM
सप्टेंबर,NOUN
2025,NUM
रोजी,NOUN
राज्य,NOUN
सरकारनं,NOUN
जी,PART
आकडेवारी,NOUN
दिली,VERB
त्यानुसार,NOUN
राज्यात,NOUN
पावसामुळे,NOUN
नांदेड,NOUN
जिल्ह्यात,NOUN
सर्वाधिक,NOUN
7,NUM
लाख,NOUN
28,NUM
हजार,NOUN
49,NUM
हेक्टर,NOUN
म्हणजेच,NOUN
तब्बल,NOUN
18,NUM
लाख,NOUN
20,NUM
हजार,NOUN
122,NUM
एकर,NOUN
क्षेत्रावरील,NOUN
पिकांचं,NOUN
नुकसान,NOUN
झालंय,NOUN
असं,NOUN
असूनही,NOUN
9,NUM
ऑक्टोबरच्या,PP
शासन,NOUN
निर्णयात,NOUN
भरपाई,NOUN
मिळणाऱ्या,NOUN
जिल्ह्यांच्या,PP
यादीत,NOUN
नांदेडचं,NOUN
नाव,NOUN
नाही,NOUN
याआधी,NOUN
राज्य,NOUN
सरकारनं,NOUN
ऑगस्ट,NOUN
महिन्यात,NOUN
नांदेड,NOUN
जिल्ह्यात,NOUN
पावसामुळे,NOUN
झालेल्या,NOUN
नुकसानीच्या,PP
भरपाईसाठी,PP
553,NUM
कोटी,NOUN
रुपयांचा,NOUN
निधी,NOUN
वितरित,NOUN
करण्यास,NOUN
मान्यता,NOUN
दिली,VERB
होती,NOUN
18,NUM
सप्टेंबरला,PP
त्याबाबतचा,NOUN
शासन,NOUN
निर्णय,NOUN
जारी,NOUN
करण्यात,NOUN
आला,PP
त्यानुसार,NOUN
6,NUM
लाख,NOUN
48,NUM
हजार,NOUN
533,NUM
एवढ्या,NOUN
बाधित,NOUN
क्षेत्रासाठी,PP
553,NUM
कोटी,NOUN
रुपये,NOUN
सरकारनं,NOUN
जाहीर,NOUN
केले,VERB
हा,PART
झाला,PP
ऑगस्टमधील,NOUN
नुकसानीचा,NOUN
विषय,NOUN
पण,PART
त्यानंतर,NOUN
23,NUM
सप्टेंबर,NOUN
रोजी,NOUN
सरकारनं,NOUN
नांदेड,NOUN
जिल्ह्यातील,NOUN
नुकसानीचा,NOUN
जो,PART
आकडा,NOUN
दिला,PP
तो,PART
7,NUM
लाख,NOUN
28,NUM
हजार,NOUN
49,NUM
हेक्टरचा,NOUN
आहे,NOUN
ऑगस्टमधील,NOUN
बाधित,NOUN
क्षेत्र,NOUN
6,NUM
लाख,NOUN
48,NUM
हजार,NOUN
533,NUM
हेक्टर,NOUN
यातून,NOUN
वगळलं,NOUN
तरी,NOUN
उर्वरित,NOUN
80,NUM
हजार,NOUN
हेक्टर,NOUN
म्हणजेच,NOUN
जवळपास,NOUN
2,NUM
लाख,NOUN
एकरवरील,NOUN
शेतकऱ्यांच्या,PP
नुकसान,NOUN
भरपाईचं,NOUN
काय,NOUN
हा,PART
प्रश्न,NOUN
आहे,NOUN
त्यामुळे,NOUN
नांदेडमधील,NOUN
शेतकऱ्यांना,NOUN
सप्टेंबर,NOUN
महिन्यातील,NOUN
नुकसानीची,NOUN
भरपाई,NOUN
मिळेल,NOUN
का,PART
आणि,NOUN
9,NUM
ऑक्टोबरच्या,PP
शासन,NOUN
निर्णयाप्रमाणे,NOUN
31,NUM
जिल्ह्यांसाठी,PP
जारी,NOUN
झालेल्या,NOUN
इतर,NOUN
सवलती,NOUN
मिळणार,NOUN
की,PART
नाही,NOUN
असे,NOUN
प्रश्न,NOUN
उपस्थित,NOUN
होत,NOUN
आहेत,NOUN
अतिवृष्टीमुळे,NOUN
नुकसान,NOUN
झालेल्या,NOUN
या,PART
12,NUM
जिल्ह्यांना,NOUN
मिळणार,NOUN
सर्वाधिक,NOUN
सरकारी,NOUN
मदत,NOUN
वाचा,NOUN
संपूर्ण,NOUN
यादी7,NOUN
ऑक्टोबर,NOUN
2025,NUM
अतिवृष्टीमुळे,NOUN
नुकसान,NOUN
झालेल्या,NOUN
या,PART
12,NUM
जिल्ह्यांना,NOUN
मिळणार,NOUN
सर्वाधिक,NOUN
सरकारी,NOUN
मदत,NOUN
वाचा,NOUN
संपूर्ण,NOUN
यादी,NOUN
पीक,NOUN
हाती,NOUN
आलं,NOUN
होतं,NOUN
आता,NOUN
वाळवंट,NOUN
दिसतंय,NOUN
अतिवृष्टीने,PP
शेतजमिनी,NOUN
खरडून,NOUN
गेलेल्या,NOUN
शेतकऱ्यांची,NOUN
गोष्ट7,NOUN
ऑक्टोबर,NOUN
2025,NUM
पीक,NOUN
हाती,NOUN
आलं,NOUN
होतं,NOUN
आता,NOUN
वाळवंट,NOUN
दिसतंय,NOUN
अतिवृष्टीने,PP
शेतजमिनी,NOUN
खरडून,NOUN
गेलेल्या,NOUN
शेतकऱ्यांची,NOUN
गोष्ट,NOUN
तुमचे,NOUN
नियम,NOUN
चुलीत,NOUN
घाला,PP
आमचं,NOUN
नुकसान,NOUN
भरुन,NOUN
द्या,NOUN
भरपाईच्या,PP
निकषांत,NOUN
काय,NOUN
सुधारणा,NOUN
आवश्यक,NOUN
3,NUM
ऑक्टोबर,NOUN
2025,NUM
तुमचे,NOUN
नियम,NOUN
चुलीत,NOUN
घाला,PP
आमचं,NOUN
नुकसान,NOUN
भरुन,NOUN
द्या,NOUN
भरपाईच्या,PP
निकषांत,NOUN
काय,NOUN
सुधारणा,NOUN
आवश्यक,NOUN
केवळ,NOUN
महाराष्ट्रच,NOUN
नाही,NOUN
तर,PART
देशभर,NOUN
ग्रामीण,NOUN
भागातील,NOUN
अनेक,NOUN
लग्नाळू,NOUN
तरुणांना,NOUN
लग्नासाठी,PP
मुली,VERB
मिळत,NOUN
नाहीयेत,NOUN
त्यामुळे,NOUN
अशा,NOUN
तरूणांची,NOUN
काही,NOUN
मध्यस्थ,NOUN
टोळींकडून,NOUN
फसवणूक,NOUN
होत,NOUN
आहे,NOUN
पुणे,NOUN
जिल्ह्यातील,NOUN
अशाच,NOUN
एक,PART
तरुणाने,PP
त्यांच्यासोबत,NOUN
घडलेला,PP
प्रसंग,NOUN
बीबीसी,NOUN
मराठीशी,NOUN
बोलताना,NOUN
सांगितलं,NOUN
या,PART
गावांमध्ये,PP
मशिदी,NOUN
आहेत,NOUN
पण,PART
मुस्लीम,NOUN
नाहीत,NOUN
हिंदू,NOUN
करतात,VERB
मशिदींची,NOUN
देखभाल2,NOUN
नोव्हेंबर,NOUN
2025,NUM
या,PART
गावांमध्ये,PP
मशिदी,NOUN
आहेत,NOUN
पण,PART
मुस्लीम,NOUN
नाहीत,NOUN
हिंदू,NOUN
करतात,VERB
मशिदींची,NOUN
देखभाल,NOUN
जमीन,NOUN
भाडेपट्टीवर,PP
द्यायला,PP
आदिवासी,NOUN
समुदायाचा,NOUN
विरोध,NOUN
का,PART
आहे,NOUN
4,NUM
नोव्हेंबर,NOUN
2025,NUM
जमीन,NOUN
भाडेपट्टीवर,PP
द्यायला,PP
आदिवासी,NOUN
समुदायाचा,NOUN
विरोध,NOUN
का,PART
आहे,NOUN
विमा,NOUN
कंपनीच्या,PP
काट्यावरील,NOUN
5,NUM
किलो,NOUN
वजन,NOUN
प्रत्यक्षात,NOUN
3,NUM
किलोच,NOUN
भरलं30,NOUN
ऑक्टोबर,NOUN
2025,NUM
विमा,NOUN
कंपनीच्या,PP
काट्यावरील,NOUN
5,NUM
किलो,NOUN
वजन,NOUN
प्रत्यक्षात,NOUN
3,NUM
किलोच,NOUN
भरलं,NOUN
Author,NOUN
भाग्यश्री,NOUN
राऊतRole,NOUN
बीबीसी,NOUN
मराठीसाठी,PP
माझ्या,NOUN
घरवालीवर,PP
माझी,NOUN
भिस्त,NOUN
होती,NOUN
आम्ही,NOUN
दोघं,NOUN
मिळून,NOUN
घर,PART
चालवत,NOUN
होतो,NOUN
आता,NOUN
मला,PP
वनवासात,NOUN
टाकून,NOUN
गेली,VERB
माझ्यासोबत,NOUN
खूप,NOUN
वाईट,NOUN
झालं,NOUN
घरच,NOUN
बुडालं,NOUN
माझं,NOUN
मी,PART
वावरात,NOUN
असतानाच,NOUN
माझ्या,NOUN
घरवालीला,PP
वाघानं,NOUN
उचलून,NOUN
नेलं,NOUN
पण,PART
मला,PP
समजलंच,NOUN
नाही,NOUN
वाघाच्या,PP
हल्ल्यात,NOUN
पत्नी,NOUN
गमावलेले,VERB
पांडुरंग,NOUN
पेंदोर,NOUN
रडत,NOUN
रडत,NOUN
दुःख,NOUN
सांगत,NOUN
होते,NOUN
त्यांच्या,PP
पत्नी,NOUN
अल्का,NOUN
पेंदोर,NOUN
यांचा,NOUN
अवघ्या,NOUN
45,NUM
व्या,NOUN
वर्षात,NOUN
वाघाच्या,PP
हल्ल्यात,NOUN
मृत्यू,NOUN
झाला,PP
त्या,NOUN
चंद्रपूर,NOUN
जिल्ह्यातील,NOUN
गोंडपिपरी,NOUN
तालुक्यातील,NOUN
गणेशपिपरीच्या,PP
रहिवासी,NOUN
होत्या,NOUN
त्यांच्या,PP
मृत्यूनंतर,NOUN
आता,NOUN
संसाराचं,NOUN
कसं,NOUN
होईल,NOUN
याची,NOUN
चिंता,NOUN
त्यांचे,NOUN
पती,NOUN
पांडुरंग,NOUN
पेंदोर,NOUN
यांना,NOUN
आहे,NOUN
पांडुरंग,NOUN
आणि,NOUN
त्यांच्या,PP
पत्नी,NOUN
शेतात,VERB
काम,NOUN
करत,NOUN
असताना,NOUN
26,NUM
ऑक्टोबरला,PP
ही,PART
घटना,NOUN
घडली,VERB
पांडुरंग,NOUN
बीबीसी,NOUN
मराठीसोबत,NOUN
बोलताना,NOUN
म्हणाले,VERB
की,PART
मी,PART
फवारणी,NOUN
करत,NOUN
होतो,NOUN
आणि,NOUN
माझी,NOUN
घरवाली,VERB
गवत,NOUN
कापत,NOUN
होती,NOUN
मी,PART
दोनवेळा,NOUN
बघितलं,NOUN
तर,PART
ती,PART
मला,PP
दिसली,VERB
पण,PART
तिसऱ्यांदा,NOUN
बघितलं,NOUN
तेव्हा,NOUN
ती,PART
तिथं,NOUN
नव्हती,NOUN
मला,PP
वाटलं,NOUN
पाणी,NOUN
प्यायला,PP
गेली,VERB
असेल,NOUN
पुन्हा,NOUN
10,NUM
मिनिटांनी,NOUN
जाऊन,NOUN
पाहिलं,NOUN
तर,PART
दिसलीच,NOUN
नाही,NOUN
तिला,PP
हाक,NOUN
मारली,VERB
पण,PART
उत्तर,NOUN
मिळालं,NOUN
नाही,NOUN
मला,PP
वाटलं,NOUN
आता,NOUN
सायंकाळची,NOUN
वेळ,NOUN
आहे,NOUN
तर,PART
घरी,NOUN
गेली,VERB
असेल,NOUN
पण,PART
ती,PART
घरीही,NOUN
परतली,VERB
नव्हती,NOUN
त्यामुळे,NOUN
काहीतरी,NOUN
वाईट,NOUN
झाल्याची,NOUN
शंका,NOUN
आली,VERB
पांडुरंग,NOUN
गावातल्या,NOUN
लोकांना,NOUN
घेऊन,NOUN
पुन्हा,NOUN
शेतात,VERB
गेले,VERB
लोकांनी,NOUN
आरडाओरड,NOUN
करताच,NOUN
कापसाच्या,PP
शेतातून,NOUN
वाघ,NOUN
पळाला,PP
त्यानंतर,NOUN
कापसाच्या,PP
शेताच्या,PP
बाजूला,PP
अल्का,NOUN
यांचा,NOUN
मृतदेह,NOUN
पडलेला,PP
त्यांना,NOUN
दिसला,PP
एक,PART
हात,NOUN
मान,NOUN
पूर्णपणे,NOUN
वाघानं,NOUN
खाल्लेली,VERB
होती,NOUN
पत्नीचा,NOUN
असा,NOUN
अचानक,NOUN
मृतदेह,NOUN
बघून,NOUN
मला,PP
तिथंच,NOUN
चक्कर,NOUN
येत,NOUN
होती,NOUN
असं,NOUN
पांडुरंग,NOUN
सांगतात,VERB
पत्नीच्या,PP
मृत्यूनंतर,NOUN
त्यांचा,NOUN
एक,PART
24,NUM
वर्षांचा,NOUN
मुलगा,NOUN
आणि,NOUN
ते,PART
असे,NOUN
दोघंच,NOUN
जण,PART
कुटुंबात,NOUN
उरलेत,NOUN
त्यांच्याकडं,NOUN
स्वतःची,NOUN
शेती,NOUN
सुद्धा,NOUN
नाही,NOUN
ते,PART
दुसऱ्यांची,NOUN
शेती,NOUN
करून,NOUN
पोट,NOUN
भरत,NOUN
होते,NOUN
या,PART
शेतात,VERB
त्यांनी,NOUN
आजपर्यंत,NOUN
कधीही,NOUN
वाघ,NOUN
बघितला,PP
नव्हता,NOUN
पण,PART
गेल्या,NOUN
काही,NOUN
दिवसांपासून,NOUN
गावाच्या,PP
आजूबाजूला,PP
वाघाची,NOUN
दहशत,NOUN
होती,NOUN
लोकांना,NOUN
रस्त्यावर,PP
वाघ,NOUN
पण,PART
दिसायचा,NOUN
पण,PART
पांडुरंग,NOUN
आणि,NOUN
त्यांच्या,PP
पत्नीनं,NOUN
कधीच,NOUN
वाघाला,PP
बघितलं,NOUN
नव्हतं,NOUN
आता,NOUN
याच,NOUN
वाघानं,NOUN
असा,NOUN
अचानक,NOUN
हल्ला,PP
करून,NOUN
त्यांचं,NOUN
कुटुंब,NOUN
उद्धवस्त,NOUN
केलंय,NOUN
9,NUM
दिवसांत,NOUN
चार,NOUN
जणांचा,NOUN
वाघाच्या,PP
हल्ल्यात,NOUN
बळी,NOUN
फक्त,NOUN
अल्का,NOUN
पेंदोरच,NOUN
नव्हे,NOUN
तर,PART
गेल्या,NOUN
9,NUM
दिवसांत,NOUN
चंद्रपूर,NOUN
जिल्ह्यात,NOUN
वाघाच्या,PP
हल्ल्यात,NOUN
चार,NOUN
जणांचा,NOUN
बळी,NOUN
गेला,PP
यामध्ये,PP
तीन,NOUN
पुरुष,NOUN
आणि,NOUN
एका,NOUN
महिलेचा,NOUN
समावेश,NOUN
आहे,NOUN
वाघांच्या,PP
हल्ल्यात,NOUN
मृत्यू,NOUN
1,NUM
वाघाच्या,PP
हल्ल्याची,NOUN
पहिली,VERB
घटना,NOUN
घडली,VERB
ती,PART
पांडुरंग,NOUN
पेंदोर,NOUN
यांच्या,PP
गणेशपिपरी,NOUN
गाववरून,NOUN
एक,PART
किलोमीटरवर,PP
असलेल्या,NOUN
चेकपिपरी,NOUN
गावात,NOUN
18,NUM
ऑक्टोबरला,PP
भाऊजी,NOUN
पाल,NOUN
हे,PART
शेतकरी,NOUN
बैलांना,NOUN
चराईसाठी,PP
घेऊन,NOUN
गेले,VERB
आणि,NOUN
घरी,NOUN
परतले,VERB
त्यानंतर,NOUN
सायंकाळी,NOUN
बैलांना,NOUN
आणायला,PP
पुन्हा,NOUN
शेतात,VERB
गेले,VERB
पण,PART
घरी,NOUN
परतले,VERB
नाही,NOUN
कुटुंबीयांनी,NOUN
शोध,NOUN
घेतला,PP
पण,PART
ते,PART
कुठेच,NOUN
सापडले,VERB
नाही,NOUN
त्यानंतर,NOUN
ग्रामस्थांच्या,PP
मदतीनं,NOUN
19,NUM
ऑक्टोबरला,PP
शोधमोहीम,NOUN
राबवली,VERB
असता,NOUN
त्यांच्या,PP
मृतदेहाचे,NOUN
तुकडे,PP
शेतात,VERB
विखुरलेल्या,NOUN
अवस्थेत,NOUN
दिसले,VERB
वाघानं,NOUN
या,PART
शेतकळऱ्याचा,NOUN
बळी,NOUN
घेतला,PP
होता,NOUN
2,NUM
दुसरी,NOUN
घटना,NOUN
घडली,VERB
ती,PART
चंद्रपूर,NOUN
जिल्ह्यातील,NOUN
नागभीड,NOUN
तालुक्यात,NOUN
25,NUM
ऑक्टोबरला,PP
आकापूर,NOUN
इथले,VERB
शेतकरी,NOUN
वासुदेव,NOUN
वेटे,NOUN
आपल्या,NOUN
जंगलाच्या,PP
शेजारी,NOUN
असलेल्या,NOUN
शेतात,VERB
काम,NOUN
करत,NOUN
होते,NOUN
त्यावेळी,NOUN
वाघानं,NOUN
त्यांच्यावर,PP
अचानक,NOUN
हल्ला,PP
करून,NOUN
जागीच,NOUN
ठार,NOUN
केलं,NOUN
3,NUM
तिसरी,NOUN
घटना,NOUN
गणेशपिपरी,NOUN
गावात,NOUN
घडली,VERB
जिथं,NOUN
पांडुरंग,NOUN
पेंदोर,NOUN
यांच्या,PP
पत्नीला,PP
वाघानं,NOUN
हल्ला,PP
करुन,NOUN
ठार,NOUN
केलं,NOUN
4,NUM
26,NUM
ऑक्टोबरला,PP
रात्री,NOUN
चंद्रपूर,NOUN
जिल्ह्यातील,NOUN
चिमूर,NOUN
तालुक्यात,NOUN
वाघाच्या,PP
हल्ल्यात,NOUN
चौथा,NOUN
बळी,NOUN
गेला,PP
शिवरा,NOUN
गावचे,NOUN
माजी,NOUN
सरपंच,NOUN
निलकंठ,NOUN
भुरे,NOUN
यांच्यावर,PP
हल्ला,PP
करून,NOUN
वाघानं,NOUN
त्यांना,NOUN
ठार,NOUN
केलं,NOUN
ते,PART
शेतात,VERB
काम,NOUN
करत,NOUN
असताना,NOUN
सायंकाळी,NOUN
चार,NOUN
वाजण्याच्या,PP
सुमारास,NOUN
ही,PART
घटना,NOUN
घडली,VERB
वाघांच्या,PP
हल्ल्यातील,NOUN
मृत्यू,NOUN
चिंताजनक,NOUN
जानेवारी,NOUN
ते,PART
ऑक्टोबर,NOUN
महिन्यात,NOUN
मानव,NOUN
वन्यजीव,NOUN
संघर्षात,NOUN
किती,NOUN
मृत्यू,NOUN
झाले,VERB
याची,NOUN
अधिकृत,NOUN
माहिती,NOUN
वनविभागाकडून,NOUN
मिळाली,VERB
नसली,VERB
तरी,NOUN
ही,PART
आकडेवारी,NOUN
37,NUM
च्या,PP
वर,PART
असल्याचं,NOUN
सूत्रांचं,NOUN
म्हणणं,NOUN
आहे,NOUN
यामध्ये,PP
वाघांच्या,PP
हल्ल्यात,NOUN
सर्वाधिक,NOUN
बळी,NOUN
गेले,VERB
आहेत,NOUN
खासदार,NOUN
प्रतिभा,NOUN
धानोरकर,NOUN
यांनी,NOUN
18,NUM
ऑगस्ट,NOUN
2025,NUM
ला,PART
लोकसभेत,NOUN
चंद्रपुरात,NOUN
झालेल्या,NOUN
वन्यप्राण्यांच्या,PP
हल्ल्यांबाबत,NOUN
प्रश्न,NOUN
उपस्थित,NOUN
केला,PP
होता,NOUN
यावेळी,NOUN
केंद्रीय,NOUN
पर्यावरण,NOUN
वने,PP
आणि,NOUN
हवामान,NOUN
बदल,NOUN
मंत्रालयानं,NOUN
उत्तर,NOUN
सादर,NOUN
केलं,NOUN
होतं,NOUN
त्यानुसार,NOUN
जानेवारी,NOUN
ते,PART
जुलै,NOUN
या,PART
सात,NOUN
महिन्यात,NOUN
एकट्या,NOUN
चंद्रपूर,NOUN
जिल्ह्यात,NOUN
मानव,NOUN
वन्यजीव,NOUN
संघर्षात,NOUN
एकूण,NOUN
25,NUM
जणांचा,NOUN
मृत्यू,NOUN
झाला,PP
होता,NOUN
यामध्ये,PP
सर्वाधिक,NOUN
संख्या,NOUN
ही,PART
वाघांच्या,PP
हल्ल्यात,NOUN
झालेल्या,NOUN
मृत्यूंची,NOUN
आहे,NOUN
वाघांच्या,PP
हल्ल्यात,NOUN
होणाऱ्या,NOUN
या,PART
मृत्यूंमुळे,NOUN
चिंता,NOUN
व्यक्त,NOUN
केली,VERB
जात,NOUN
आहे,NOUN
चंद्रपुरात,NOUN
सर्वाधिक,NOUN
मानव,NOUN
वन्यजीव,NOUN
संघर्ष,NOUN
देशातही,NOUN
वाघांच्या,PP
हल्ल्यात,NOUN
मृत्यू,NOUN
झालेल्यांचं,NOUN
प्रमाण,NOUN
महाराष्ट्रात,NOUN
जास्त,NOUN
आहे,NOUN
2022,NUM
मध्ये,PP
एकट्या,NOUN
महाराष्ट्रात,NOUN
वाघाच्या,PP
हल्ल्यांत,NOUN
82,NUM
जणांचे,NOUN
मृत्यू,NOUN
झाले,VERB
होते,NOUN
केंद्र,NOUN
सरकारने,PP
मार्च,NOUN
2025,NUM
मध्ये,PP
2020,NUM
ते,PART
2024,NUM
या,PART
पाच,NOUN
वर्षांतील,NOUN
आकडेवारी,NOUN
जाहीर,NOUN
केली,VERB
होती,NOUN
त्यानुसार,NOUN
देशात,NOUN
वाघाच्या,PP
हल्ल्यात,NOUN
एकूण,NOUN
378,NUM
जणांचे,NOUN
मृत्यू,NOUN
झाले,VERB
यापैकी,NOUN
जवळपास,NOUN
58,NUM
टक्के,NOUN
म्हणजे,NOUN
218,NUM
मृत्यू,NOUN
एकट्या,NOUN
महाराष्ट्रात,NOUN
झाले,VERB
आहेत,NOUN
यामध्येही,NOUN
चंद्रपूर,NOUN
जिल्हा,NOUN
मानव,NOUN
वन्यजीव,NOUN
संघर्षात,NOUN
अव्वल,NOUN
आहे,NOUN
एनटीसीएने,PP
2022,NUM
मध्ये,PP
जाहीर,NOUN
केलेल्या,NOUN
टायगर,NOUN
स्टेटस,NOUN
रिपोर्टमध्ये,PP
देशात,NOUN
चंद्रपुरात,NOUN
मानव,NOUN
वन्यजीव,NOUN
संघर्ष,NOUN
सर्वाधित,NOUN
असल्याचं,NOUN
म्हटलं,NOUN
आहे,NOUN
तसेच,NOUN
यामागील,NOUN
कारणं,NOUN
सुद्धा,NOUN
त्यात,NOUN
दिलेली,VERB
आहेत,NOUN
खाणकाम,NOUN
आणि,NOUN
अतिक्रमणाच्या,PP
वाढत्या,NOUN
हालचालींमुळे,NOUN
या,PART
विभागांवर,PP
मोठा,NOUN
परिणाम,NOUN
होत,NOUN
आहे,NOUN
यामुळे,NOUN
जंगलातील,NOUN
कॉरिडॉर,NOUN
जंगलमार्ग,NOUN
नष्ट,NOUN
होऊ,NOUN
लागले,VERB
आहेत,NOUN
अशा,NOUN
प्रकारे,NOUN
झालेली,VERB
वनक्षेत्रांची,NOUN
हानी,NOUN
आणि,NOUN
पशुधनाची,NOUN
वाढलेली,VERB
उपलब्धता,NOUN
हे,PART
घटक,NOUN
या,PART
भागात,NOUN
मानव,NOUN
वन्यजीव,NOUN
संघर्ष,NOUN
वाढण्यास,NOUN
कारणीभूत,NOUN
ठरत,NOUN
आहेत,NOUN
चंद्रपूर,NOUN
जगात,NOUN
सर्वाधिक,NOUN
वाघ,NOUN
असणारा,NOUN
जिल्हा,NOUN
मानव,NOUN
वन्यजीव,NOUN
संघर्षात,NOUN
महाराष्ट्र,NOUN
अव्वल,NOUN
असला,PP
तरी,NOUN
वाघांच्या,PP
संख्येत,NOUN
मात्र,NOUN
महाराष्ट्राचा,NOUN
चौथा,NOUN
क्रमांक,NOUN
लागतो,NOUN
2022,NUM
च्या,PP
व्याघ्रगणनेनुसार,NOUN
देशात,NOUN
वाघांची,NOUN
सरासरी,NOUN
संख्या,NOUN
3682,NUM
आहे,NOUN
तसेच,NOUN
सर्वाधिक,NOUN
वाघ,NOUN
चार,NOUN
राज्यांमध्ये,PP
आहेत,NOUN
यामध्ये,PP
मध्य,NOUN
प्रदेशात,NOUN
785,NUM
कर्नाटकात,NOUN
563,NUM
उत्तराखंडमध्ये,PP
560,NUM
आणि,NOUN
महाराष्ट्रात,NOUN
444,NUM
वाघ,NOUN
आहेत,NOUN
पण,PART
जिल्हानिहाय,NOUN
विचार,NOUN
केला,PP
तर,PART
चंद्रपूर,NOUN
जिल्ह्यात,NOUN
जगातील,NOUN
सर्वाधिक,NOUN
वाघांची,NOUN
संख्या,NOUN
असल्याचं,NOUN
टायगर,NOUN
स्टेटस,NOUN
रिपोर्ट,NOUN
2022,NUM
मध्ये,PP
म्हटलं,NOUN
आहे,NOUN
आता,NOUN
पुढील,NOUN
वर्षी,NOUN
होणाऱ्या,NOUN
व्याघ्रगणनेमध्ये,PP
वाघांची,NOUN
संख्या,NOUN
आणखी,NOUN
वाढण्याची,NOUN
शक्यता,NOUN
तज्ज्ञ,NOUN
बोलून,NOUN
दाखवतात,VERB
चंद्रपुरात,NOUN
मानव,NOUN
वन्यजीव,NOUN
संघर्ष,NOUN
इतका,NOUN
तीव्र,NOUN
का,PART
आहे,NOUN
त्यावर,PP
सरकार,NOUN
काय,NOUN
उपाययोजना,NOUN
करतंय,NOUN
याबद्दल,NOUN
आम्ही,NOUN
वनमंत्र्यांकडून,NOUN
प्रतिक्रिया,NOUN
मागवली,VERB
आहे,NOUN
त्यांची,NOUN
प्रतिक्रिया,NOUN
मिळाल्यानंतर,NOUN
ती,PART
याठिकाणी,NOUN
अपडेट,NOUN
केली,VERB
जाईल,NOUN
माणूस,NOUN
आणि,NOUN
वाघांच्या,PP
संघर्षावर,PP
उत्तर,NOUN
काय,NOUN
माणसाचे,NOUN
आणि,NOUN
वाघांचे,NOUN
प्राण,NOUN
वाचवण्यासाठी,PP
कोणत्या,NOUN
उपाययोजना,NOUN
हव्या,NOUN
9,NUM
जुलै,NOUN
2025,NUM
माणूस,NOUN
आणि,NOUN
वाघांच्या,PP
संघर्षावर,PP
उत्तर,NOUN
काय,NOUN
माणसाचे,NOUN
आणि,NOUN
वाघांचे,NOUN
प्राण,NOUN
वाचवण्यासाठी,PP
कोणत्या,NOUN
उपाययोजना,NOUN
हव्या,NOUN
दर,PART
दोन,NOUN
दिवसाला,PP
एका,NOUN
वाघाचा,NOUN
मृत्यू,NOUN
मृत,NOUN
वाघांची,NOUN
संख्या,NOUN
22,NUM
जबाबदार,NOUN
कोण,NOUN
24,NUM
जानेवारी,NOUN
2025,NUM
दर,PART
दोन,NOUN
दिवसाला,PP
एका,NOUN
वाघाचा,NOUN
मृत्यू,NOUN
मृत,NOUN
वाघांची,NOUN
संख्या,NOUN
22,NUM
जबाबदार,NOUN
कोण,NOUN
तुम्हाला,PP
नको,NOUN
असलेले,VERB
पाळीव,NOUN
प्राणी,NOUN
आमच्या,PP
वाघ,NOUN
सिंहांना,NOUN
खायला,PP
द्या,NOUN
प्राणिसंग्रहालयाची,NOUN
मागणी6,NOUN
ऑगस्ट,NOUN
2025,NUM
तुम्हाला,PP
नको,NOUN
असलेले,VERB
पाळीव,NOUN
प्राणी,NOUN
आमच्या,PP
वाघ,NOUN
सिंहांना,NOUN
खायला,PP
द्या,NOUN
प्राणिसंग्रहालयाची,NOUN
मागणी,NOUN
Author,NOUN
प्राजक्ता,NOUN
धुळपRole,NOUN
बीबीसी,NOUN
मराठी,NOUN
प्रतिनिधी,NOUN
सुलभा,NOUN
असं,NOUN
कसं,NOUN
वागू,NOUN
शकते,NOUN
सुलभाला,PP
काय,NOUN
गरज,NOUN
होती,NOUN
सुलभाचं,NOUN
वागणं,NOUN
भारतीय,NOUN
संस्कृतीला,PP
शोभणारं,NOUN
होतं,NOUN
का,PART
असे,NOUN
अनेक,NOUN
प्रश्न,NOUN
उपस्थित,NOUN
झाले,VERB
जवळपास,NOUN
40,NUM
वर्षे,NOUN
होऊन,NOUN
गेली,VERB
पण,PART
आजही,NOUN
आपल्या,NOUN
समाजाला,PP
हे,PART
प्रश्न,NOUN
पडू,NOUN
शकतात,VERB
जेव्हा,NOUN
एखादी,NOUN
स्त्री,NOUN
सगळं,NOUN
सोडून,NOUN
घराचा,NOUN
उंबरठा,NOUN
ओलांडेल,NOUN
कदाचित,NOUN
म्हणूनच,NOUN
1982,NUM
साली,VERB
प्रदर्शित,NOUN
झालेला,PP
उंबरठा,NOUN
सिनेमा,NOUN
आजही,NOUN
महत्वाचा,NOUN
आहे,NOUN
वयाच्या,PP
अवघ्या,NOUN
31,NUM
व्या,NOUN
वर्षी,NOUN
काळाच्या,PP
पडद्याआड,NOUN
गेलेल्या,NOUN
स्मिता,NOUN
पाटील,NOUN
यांनी,NOUN
ज्या,NOUN
भूमिका,NOUN
साकारल्या,NOUN
त्यात,NOUN
उंबरठा,NOUN
मधली,VERB
सुलभा,NOUN
महाजन,NOUN
खास,NOUN
होती,NOUN
स्मिता,NOUN
यांच्या,PP
एका,NOUN
दुर्मिळ,NOUN
मुलाखतीचा,NOUN
समावेश,NOUN
या,PART
लेखात,NOUN
आहे,NOUN
त्यामध्ये,PP
स्वतः,NOUN
स्मिता,NOUN
यांनीच,NOUN
ही,PART
भूमिका,NOUN
आणि,NOUN
हा,PART
सिनेमा,NOUN
का,PART
महत्त्वाचा,NOUN
होता,NOUN
हे,PART
सांगितलं,NOUN
उंबरठाचं,NOUN
डॉ,PART
जब्बार,NOUN
पटेल,NOUN
यांनी,NOUN
दिग्दर्शन,NOUN
केलं,NOUN
होतं,NOUN
तर,PART
पटकथा,NOUN
लिहिली,VERB
होती,NOUN
ज्येष्ठ,NOUN
लेखक,NOUN
विजय,NOUN
तेंडुलकर,NOUN
यांनी,NOUN
हाच,NOUN
चित्रपट,NOUN
सुबह,NOUN
नावाने,PP
हिंदीतही,NOUN
चित्रित,NOUN
आणि,NOUN
प्रदर्शित,NOUN
झाला,PP
होता,NOUN
या,PART
चित्रपटाच्या,PP
निर्मितीची,NOUN
कथा,NOUN
नाट्यमय,NOUN
वळणांनी,NOUN
भरलेली,VERB
अशी,NOUN
होती,NOUN
म्हणजे,NOUN
हे,PART
आधी,NOUN
नाटक,NOUN
होणार,NOUN
होतं,NOUN
त्याची,NOUN
गोष्ट,NOUN
अशी,NOUN
की,PART
अभिनेते,NOUN
रमेश,NOUN
देव,NOUN
यांनी,NOUN
शांता,NOUN
निसाळ,NOUN
यांची,NOUN
बेघर,NOUN
कादंबरी,NOUN
वाचल्यावर,PP
त्यावर,PP
नाटक,NOUN
करण्याविषयी,NOUN
जब्बार,NOUN
पटेल,NOUN
यांना,NOUN
सुचवलं,NOUN
यावर,PP
जब्बार,NOUN
यांचं,NOUN
म्हणणं,NOUN
होतं,NOUN
की,PART
या,PART
कादंबरीतली,VERB
मांडणी,NOUN
ही,PART
या,PART
नाटकासाठी,PP
योग्य,NOUN
नाही,NOUN
मग,PART
कादंबरीचं,NOUN
कथानक,NOUN
तेंडुलकरांना,NOUN
आवडलं,NOUN
आणि,NOUN
त्याचा,NOUN
चित्रपटाच्या,PP
दिशेने,PP
प्रवास,NOUN
सुरू,NOUN
झाला,PP
चित्रपटात,NOUN
सुलभा,NOUN
महाजन,NOUN
हिच्या,PP
भोवती,NOUN
कथानक,NOUN
फिरतं,NOUN
चित्रपटात,NOUN
प्रोटोगनिस्ट,NOUN
म्हणजेच,NOUN
मुख्य,NOUN
पात्र,NOUN
स्त्री,NOUN
नसण्याचा,NOUN
तो,PART
काळ,NOUN
होता,NOUN
थोडक्यात,NOUN
कथानक,NOUN
असं,NOUN
सुलभा,NOUN
महाजन,NOUN
स्मिता,NOUN
पाटील,NOUN
एका,NOUN
उच्चभ्रू,NOUN
कुटंबातील,NOUN
विवाहित,NOUN
तरुणी,NOUN
आहे,NOUN
पती,NOUN
नामांकीत,NOUN
वकील,NOUN
सुभाष,NOUN
महाजन,NOUN
गिरीश,NOUN
कर्नाड,NOUN
इंग्रजी,NOUN
माध्यमातील,NOUN
शाळेत,NOUN
जाणारी,NOUN
मुलगी,NOUN
सासूबाई,NOUN
मात्तबर,NOUN
समाजसेविका,NOUN
दीर,NOUN
प्रतिष्ठित,NOUN
डॉक्टर,NOUN
श्रीकांत,NOUN
मोघे,NOUN
आणि,NOUN
गृहकृतदक्ष,NOUN
वहिनी,NOUN
आशालता,NOUN
असा,NOUN
तिचा,NOUN
परिवार,NOUN
लग्नानंतर,NOUN
मुलगी,NOUN
जरा,NOUN
मोठी,NOUN
झाल्यावर,PP
सुलभा,NOUN
मास्टर,NOUN
ऑफ,PART
सोशल,NOUN
वर्कचं,NOUN
एमएसडब्ल्यू,NOUN
शिक्षण,NOUN
घेते,NOUN
घरी,NOUN
परतल्यावर,PP
आपल्या,NOUN
शिक्षणाला,PP
साजेसं,NOUN
आपण,NOUN
काही,NOUN
काम,NOUN
करत,NOUN
नाही,NOUN
याचं,NOUN
शल्य,NOUN
तिला,PP
आहे,NOUN
आपण,NOUN
सामाजिक,NOUN
क्षेत्रात,NOUN
काही,NOUN
करावं,NOUN
या,PART
उर्मीने,PP
महिला,PP
सुधारगृहाची,NOUN
सुपरिटेण्डंट,NOUN
म्हणून,NOUN
आलेली,VERB
ऑफर,NOUN
स्वीकारायची,NOUN
ठरवते,NOUN
तिच्या,PP
सासूबाई,NOUN
खरंतर,NOUN
तिला,PP
स्वतःच्या,PP
संस्थेत,NOUN
लक्ष,NOUN
घालायला,PP
सांगत,NOUN
असतात,VERB
पण,PART
ही,PART
आयती,NOUN
संधी,NOUN
ती,PART
नाकारते,NOUN
समजुतदार,NOUN
कुटुंबाची,NOUN
परवानगी,NOUN
घेत,NOUN
सामाजिक,NOUN
व्यवस्थेने,PP
नाकारलेल्या,NOUN
गुन्हेगार,NOUN
म्हणून,NOUN
शिक्का,NOUN
बसलेल्या,NOUN
महिलांच्या,PP
आश्रमात,NOUN
दाखल,NOUN
होते,NOUN
सामाजिक,NOUN
महिलांच्या,PP
प्रश्नांबद्दल,NOUN
सहवेदना,NOUN
असणाऱ्या,NOUN
सुलभाच्या,PP
हातात,VERB
आश्रमाची,NOUN
जबाबदारी,NOUN
येते,NOUN
आणि,NOUN
ऑथोरिटीने,PP
पार,NOUN
पाडत,NOUN
असते,NOUN
आश्रमाचं,NOUN
शुटींग,NOUN
पुण्याच्या,PP
येरवडा,NOUN
भागात,NOUN
झालंय,NOUN
आश्रमाच्या,PP
चेअरमन,NOUN
बाई,NOUN
दया,NOUN
डोंगरे,NOUN
वर्चस्ववादी,NOUN
व्यक्तिमत्व,NOUN
असलेल्या,NOUN
बाई,NOUN
आहेत,NOUN
त्यांना,NOUN
आश्रमाचा,NOUN
रिमोट,NOUN
कंट्रोल,NOUN
आपल्या,NOUN
हातात,VERB
हवा,NOUN
आहे,NOUN
राजकीय,NOUN
नेत्यांचे,NOUN
हितसंबंध,NOUN
गुंतलेले,VERB
असतात,VERB
त्यामुळे,NOUN
त्यांची,NOUN
मर्जी,NOUN
आतापर्यंत,NOUN
सगळे,NOUN
अधिकारी,NOUN
सांभाळत,NOUN
आलेले,VERB
असतात,VERB
नव्याने,PP
पदावर,PP
रुजू,NOUN
झालेली,VERB
सुलभा,NOUN
मात्र,NOUN
मर्जी,NOUN
सांभाळत,NOUN
नाही,NOUN
तर,PART
आश्रमात,NOUN
शिस्त,NOUN
आणते,NOUN
तिथे,NOUN
आलेल्या,NOUN
महिलांना,NOUN
समजून,NOUN
घेते,NOUN
त्यांचं,NOUN
आयुष्य,NOUN
सावरण्याचा,NOUN
प्रयत्न,NOUN
करते,NOUN
पुढे,NOUN
आश्रमात,NOUN
घडलेल्या,NOUN
दुर्घटनेनंतर,NOUN
अनेक,NOUN
आरोपांना,NOUN
निर्भिडपणे,NOUN
तोंड,NOUN
देत,NOUN
राजीनामा,NOUN
देते,NOUN
आणि,NOUN
पुन्हा,NOUN
घरी,NOUN
परत,NOUN
येते,NOUN
इथे,NOUN
सिनेमा,NOUN
संपेल,NOUN
असं,NOUN
वाटतं,NOUN
पण,PART
तसं,NOUN
होत,NOUN
नाही,NOUN
सुलभाला,PP
अनेक,NOUN
गोष्टी,NOUN
बदलल्याचं,NOUN
जाणवतं,NOUN
नातेसंबंधही,NOUN
बदलल्याचं,NOUN
जास्त,NOUN
ठळकपणे,NOUN
जाणवतं,NOUN
ती,PART
नव्हती,NOUN
त्या,NOUN
काळात,NOUN
महिला,PP
सहकारीसोबत,NOUN
शाररिक,NOUN
संबंध,NOUN
असल्याचं,NOUN
सुभाष,NOUN
सुलभाला,PP
सांगतो,NOUN
हे,PART
कळल्यावर,PP
ती,PART
नवऱ्यापासून,NOUN
मनाने,PP
कित्येक,NOUN
कोस,NOUN
दूर,NOUN
जाते,NOUN
या,PART
घराला,PP
आपली,VERB
खरंच,NOUN
गरज,NOUN
उरली,VERB
आहे,NOUN
का,PART
इथे,NOUN
ती,PART
घरासोबतचं,NOUN
आपलं,NOUN
नातं,NOUN
मागे,NOUN
ठेवून,NOUN
उंबरठा,NOUN
ओलांडते,NOUN
घरात,NOUN
आश्रमात,NOUN
परखड,NOUN
कडक,NOUN
शिस्तीची,NOUN
संवेदनशील,NOUN
आणि,NOUN
संयत,NOUN
स्वभावाची,NOUN
सुलभा,NOUN
महाजन,NOUN
साकारताना,NOUN
स्मिता,NOUN
पाटील,NOUN
यांनी,NOUN
कमालीचं,NOUN
काम,NOUN
केलंय,NOUN
तर,PART
नायिका,NOUN
दिप्ती,NOUN
नवल,NOUN
असती,NOUN
पण,PART
उंबरठा,NOUN
ची,PART
पटकथा,NOUN
लिहिताना,NOUN
तेंडुलकरांच्या,PP
डोळ्यासमोर,NOUN
स्मिता,NOUN
पाटील,NOUN
नव्हत्या,NOUN
तर,PART
दीप्ती,NOUN
नवल,NOUN
होत्या,NOUN
जब्बार,NOUN
पटेल,NOUN
साधना,NOUN
साप्ताहिकाला,PP
दिलेल्या,NOUN
मुलाखतीत,NOUN
सांगतात,VERB
माझ्या,NOUN
डोक्यामध्ये,PP
उंबरठामधील,NOUN
मुख्य,NOUN
पात्रासाठी,PP
एक,PART
आंतरिक,NOUN
शक्ती,NOUN
असणारी,NOUN
जिचा,NOUN
चेहरा,NOUN
बोलका,NOUN
आणि,NOUN
देहबोलीचं,NOUN
भान,NOUN
ठेवणारी,NOUN
अशी,NOUN
फक्त,NOUN
एकच,NOUN
व्यक्ती,NOUN
होती,NOUN
आणि,NOUN
ती,PART
म्हणजे,NOUN
स्मिता,NOUN
पाटील,NOUN
जेव्हा,NOUN
मी,PART
तिला,PP
कथा,NOUN
सांगितली,VERB
तेव्हा,NOUN
सगळं,NOUN
ऐकून,NOUN
झाल्यावर,PP
तिने,PP
डोळ्यातलं,NOUN
पाणी,NOUN
पुसलं,NOUN
कुणीही,NOUN
हा,PART
रोल,NOUN
माझ्याकडून,NOUN
हिसकावून,NOUN
घ्यायचा,NOUN
प्रयत्न,NOUN
केला,PP
तर,PART
मी,PART
ते,PART
होऊ,NOUN
देणार,NOUN
नाही,NOUN
अगदी,NOUN
तेंडुलकरसुद्धा,NOUN
माजं,NOUN
रोल,NOUN
मॉडेल,NOUN
माझी,NOUN
आई,PART
आहे,NOUN
तिचं,NOUN
सामाजिक,NOUN
काम,NOUN
तुम्हाला,PP
माहित,NOUN
आहेच,NOUN
आणि,NOUN
सुलभा,NOUN
महाजनच्या,PP
व्यक्तिरेखेत,NOUN
मला,PP
माझ्या,NOUN
आईची,NOUN
देहबोली,VERB
स्पष्ट,NOUN
दिसते,NOUN
तुम्ही,NOUN
हे,PART
तेंडुलकरांपर्यंत,NOUN
पोहचवा,NOUN
स्मिता,NOUN
पाटील,NOUN
यांची,NOUN
आई,PART
विद्याताई,NOUN
पाटील,NOUN
या,PART
राष्ट्र,NOUN
सेवा,NOUN
दलाच्या,PP
कार्यकर्त्या,NOUN
होत्या,NOUN
स्मिता,NOUN
यांनी,NOUN
एका,NOUN
मुलाखतीत,NOUN
निवडीचा,NOUN
तो,PART
प्रसंग,NOUN
सांगितला,PP
होता,NOUN
जब्बारनी,NOUN
उंबरठ्याचा,NOUN
रोल,NOUN
ऑफर,NOUN
केला,PP
आणि,NOUN
मी,PART
म्हटलं,NOUN
तो,PART
रोल,NOUN
माझ्याशिवाय,NOUN
कोणी,NOUN
करूच,NOUN
शकत,NOUN
नाही,NOUN
म्हणजे,NOUN
मला,PP
पूर्ण,NOUN
आत्मविश्वास,NOUN
होता,NOUN
आणि,NOUN
तेच,NOUN
जब्बारनी,NOUN
हेरलं,NOUN
होतं,NOUN
ती,PART
भूमिका,NOUN
माझ्या,NOUN
विचारांशी,NOUN
साधर्म्य,NOUN
दाखवणारी,NOUN
होती,NOUN
कदाचित,NOUN
त्या,NOUN
सुलभासारखी,NOUN
मी,PART
घरदार,NOUN
मूल,NOUN
सोडूही,NOUN
शकणार,NOUN
नाही,NOUN
पण,PART
स्त्रीचं,NOUN
स्वातंत्र्य,NOUN
विचार,NOUN
डिग्निटी,NOUN
याविषयी,NOUN
मी,PART
तडजोड,NOUN
करू,NOUN
शकत,NOUN
नाही,NOUN
हे,PART
सर्व,NOUN
योग,NOUN
जुळून,NOUN
आले,VERB
पुण्यात,NOUN
खडकीजवळ,NOUN
बंगल्यामध्ये,PP
चित्रपटाचं,NOUN
शुटींग,NOUN
सुरू,NOUN
झालं,NOUN
तरी,NOUN
तेंडुलकरांना,NOUN
सुलभाच्या,PP
निवडीबद्दलचा,NOUN
निर्णय,NOUN
पटला,PP
नव्हता,NOUN
चित्रित,NOUN
झालेल्या,NOUN
फिल्मचे,NOUN
रशेस,NOUN
तेंडुलकरांनी,NOUN
पाहिले,VERB
आणि,NOUN
त्यांना,NOUN
आश्चर्याचा,NOUN
धक्का,NOUN
बसला,PP
आपण,NOUN
चुकीचा,NOUN
विचार,NOUN
करत,NOUN
होतो,NOUN
असं,NOUN
त्यांनी,NOUN
जब्बारांकडे,PP
मान्य,NOUN
केलं,NOUN
तो,PART
क्षण,NOUN
फारच,NOUN
विलक्षण,NOUN
होता,NOUN
तेंडुलकर,NOUN
तिला,PP
म्हणाले,VERB
स्मिता,NOUN
तू,PART
हरवलंस,NOUN
मला,PP
ती,PART
म्हणाली,VERB
कसं,NOUN
काय,NOUN
तेंडुलकर,NOUN
म्हणाले,VERB
मी,PART
ज्या,NOUN
सुलभा,NOUN
महाजनची,NOUN
कल्पना,NOUN
केली,VERB
ती,PART
तू,PART
जवळजवळ,NOUN
साक्षात,NOUN
जगली,VERB
आहेस,NOUN
हे,PART
ऐकल्यावर,PP
स्मिताचा,NOUN
बांध,NOUN
फुटला,PP
मला,PP
अजून,NOUN
आठवतंय,NOUN
ती,PART
अक्षरशः,NOUN
त्यांच्या,PP
खांद्यावर,PP
डोकं,NOUN
ठेवून,NOUN
मोठ्याने,PP
रडायला,PP
लागली,VERB
तेंडुलकरांनी,NOUN
सुलभाच्या,PP
मनाची,NOUN
अवस्था,NOUN
सांगणारे,NOUN
काही,NOUN
चपखल,NOUN
प्रसंग,NOUN
लिहिले,VERB
आहेत,NOUN
कुटुंबातले,VERB
सगळे,NOUN
रात्री,NOUN
गप्पा,NOUN
मारत,NOUN
असतात,VERB
सुभाष,NOUN
गाजत,NOUN
असलेल्या,NOUN
एका,NOUN
केसबद्दल,NOUN
सांगत,NOUN
असतो,NOUN
एका,NOUN
डॉक्टराने,PP
महिला,PP
पेशंटवर,PP
बलात्कार,NOUN
केलेला,PP
असतो,NOUN
आणि,NOUN
त्याचीच,NOUN
केस,NOUN
सुभाष,NOUN
कोर्टात,NOUN
लढत,NOUN
असतो,NOUN
आपल्या,NOUN
डॉक्टर,NOUN
अशीलाला,PP
वाचवण्यासाठी,PP
तो,PART
कोणत्याही,NOUN
थराला,PP
जायची,NOUN
तयारी,NOUN
करत,NOUN
असतो,NOUN
त्या,NOUN
पेशंट,NOUN
महिलेचं,NOUN
चारित्र्यच,NOUN
कसं,NOUN
वाईट,NOUN
आहे,NOUN
आणि,NOUN
तिने,PP
पैशांच्या,PP
हव्यासापोटी,NOUN
कसा,NOUN
बोभाटा,NOUN
केला,PP
हे,PART
सिद्ध,NOUN
करणार,NOUN
असतो,NOUN
त्याचं,NOUN
हे,PART
आर्ग्युमेंट,NOUN
कसं,NOUN
कौतुकास्पद,NOUN
आहे,NOUN
असाच,NOUN
सूर,NOUN
आई,PART
भाऊ,NOUN
आणि,NOUN
वहिनीकडून,NOUN
येतो,NOUN
पण,PART
सुलभाला,PP
हे,PART
पटत,NOUN
नसतं,NOUN
ती,PART
तिथून,NOUN
तडकपणे,NOUN
उठून,NOUN
निघून,NOUN
जाते,NOUN
हवं,NOUN
ते,PART
प्रत्यक्षात,NOUN
करणं,NOUN
आणि,NOUN
त्यासाठी,PP
स्वतःचा,NOUN
मुद्दा,NOUN
नवऱ्याकडे,PP
लावून,NOUN
धरणं,NOUN
हे,PART
ती,PART
हट्टाने,PP
अनेक,NOUN
प्रसंगात,NOUN
करते,NOUN
हा,PART
निग्रह,NOUN
सुलभाच्या,PP
चेहऱ्यावर,PP
दिसतो,NOUN
त्याला,PP
गाण्याचीही,NOUN
चांगली,VERB
जोड,NOUN
मिळाली,VERB
आहे,NOUN
गंजला,PP
ओठात,NOUN
माझ्या,NOUN
धार,NOUN
वज्राची,NOUN
मिळू,NOUN
दे,PART
आंधळ्या,NOUN
आत्म्यात,NOUN
माझ्या,NOUN
सूर्य,NOUN
सत्याचा,NOUN
जळू,NOUN
दे,PART
कवी,NOUN
सुरेश,NOUN
भटांचं,NOUN
हे,PART
गीत,NOUN
निढळ्या,NOUN
आवाजातल्या,NOUN
रवींद्र,NOUN
साठेंनी,NOUN
गायलंय,NOUN
सुलभा,NOUN
आश्रमाकडे,PP
टांग्यातून,NOUN
जात,NOUN
असताना,NOUN
हे,PART
गाणं,NOUN
चित्रित,NOUN
केलंय,NOUN
पाहताना,NOUN
तिच्या,PP
मनात,NOUN
चाललेले,VERB
विचारच,NOUN
जणू,NOUN
शब्दबद्ध,NOUN
झालेयत,NOUN
असं,NOUN
वाटू,NOUN
लागतं,NOUN
सुन्या,NOUN
सुन्या,NOUN
मैफलीत,NOUN
ची,PART
गोष्ट,NOUN
या,PART
चित्रपटातील,NOUN
संगीतकार,NOUN
हृदयनाथ,NOUN
मंगेशकर,NOUN
यांनी,NOUN
संगीतबद्ध,NOUN
केलेली,VERB
चार,NOUN
गाणी,NOUN
आजही,NOUN
लोकप्रिय,NOUN
आहेत,NOUN
वसंत,NOUN
बापट,NOUN
यांची,NOUN
लता,NOUN
मंगेशकर,NOUN
यांनी,NOUN
गायलेली,VERB
गगन,NOUN
सदन,NOUN
तेजोमय,NOUN
ही,PART
प्रार्थना,NOUN
आश्रमातल्या,NOUN
शिस्तीच्या,PP
संदर्भात,NOUN
येते,NOUN
या,PART
मराठी,NOUN
गाण्याचाच,NOUN
तोडीचं,NOUN
हिंदी,NOUN
सुबह,NOUN
मधलं,NOUN
प्रार्थनागीतही,NOUN
जमून,NOUN
आलंय,NOUN
तुम,NOUN
आशा,NOUN
विश्वास,NOUN
हमारे,NOUN
तुम,NOUN
धरती,NOUN
आकाश,NOUN
हमारे,NOUN
हे,PART
गगन,NOUN
सदन,NOUN
च्या,PP
आशयाचं,NOUN
गीत,NOUN
पंडीत,NOUN
नरेंद्र,NOUN
शर्मांनी,NOUN
लिहिलंय,NOUN
तसंच,NOUN
चैत्रगौरीच्या,PP
उत्सवाचं,NOUN
चांद,NOUN
मातला,PP
मातला,PP
त्याला,PP
कशी,NOUN
आवरू,NOUN
या,PART
गाण्याची,NOUN
जादू,NOUN
आजही,NOUN
कायम,NOUN
आहे,NOUN
ही,PART
सगळी,NOUN
गाणी,NOUN
लतादिदींनी,NOUN
गायलेली,VERB
आहेत,NOUN
पण,PART
गाजलेल्या,NOUN
सुन्या,NOUN
सुन्या,NOUN
मैफलीत,NOUN
माझ्या,NOUN
या,PART
गाण्याची,NOUN
कहाणी,NOUN
खूप,NOUN
रंजक,NOUN
आहे,NOUN
मुळात,NOUN
हे,PART
गाणं,NOUN
योगायोगाने,PP
या,PART
चित्रपटाचा,NOUN
भाग,NOUN
झालं,NOUN
हृदयनाथ,NOUN
मंगेशकरांनी,NOUN
ही,PART
कहाणी,NOUN
अनेकदा,NOUN
आपल्या,NOUN
कार्यक्रमात,NOUN
सांगितली,VERB
आहे,NOUN
वि,PART
स,PART
खांडेकर,NOUN
यांच्या,PP
कादंबरीवर,PP
अमृतवेल,NOUN
नावाचा,NOUN
चित्रपट,NOUN
येणार,NOUN
होता,NOUN
चित्रपटाच्या,PP
निर्मात्या,NOUN
जयश्री,NOUN
गडकर,NOUN
होत्या,NOUN
सुरेश,NOUN
भट,PART
या,PART
चित्रपटाची,NOUN
गाणी,NOUN
लिहित,NOUN
होते,NOUN
त्यासाठी,PP
ते,PART
मुंबईत,NOUN
मुक्कामी,NOUN
होते,NOUN
पण,PART
पंधरा,NOUN
दिवस,NOUN
झाले,VERB
तरी,NOUN
त्यांना,NOUN
काही,NOUN
सुचत,NOUN
नव्हतं,NOUN
सुरेश,NOUN
भटांना,NOUN
वाईट,NOUN
वाटत,NOUN
होतं,NOUN
की,PART
हॉटेलचं,NOUN
बील,NOUN
वाढतंय,NOUN
पण,PART
काही,NOUN
काम,NOUN
झालं,NOUN
नाही,NOUN
पण,PART
तिथून,NOUN
निघाल्यावर,PP
भटांना,NOUN
गाण्याच्या,PP
ओळी,NOUN
सुचू,NOUN
लागल्या,NOUN
सुन्या,NOUN
सुन्या,NOUN
मैफलीत,NOUN
माझ्या,NOUN
तुझेच,NOUN
मी,PART
गीत,NOUN
गात,NOUN
आहे,NOUN
जयश्री,NOUN
गडकर,NOUN
आणि,NOUN
त्यांचे,NOUN
पती,NOUN
बाळ,NOUN
धुरी,NOUN
या,PART
ओळींनी,NOUN
भारावून,NOUN
गेले,VERB
पण,PART
काही,NOUN
कारणाने,PP
अमृतवेल,NOUN
होऊ,NOUN
शकला,PP
नाही,NOUN
जब्बार,NOUN
पटेल,NOUN
उंबरठासाठी,PP
चपखल,NOUN
बसेल,NOUN
असं,NOUN
गीत,NOUN
शोधत,NOUN
होते,NOUN
त्यांना,NOUN
मंगेशकरांनी,NOUN
या,PART
तयार,NOUN
गीताबद्दल,NOUN
सांगितलं,NOUN
आणि,NOUN
बाळ,NOUN
धुरींच्या,PP
परवानगीनंतर,NOUN
सुन्या,NOUN
सुन्या,NOUN
मैफलीत,NOUN
माझ्या,NOUN
उंबरठा,NOUN
चित्रपटात,NOUN
सामील,NOUN
झालं,NOUN
मूळ,NOUN
गीतात,VERB
बदल,NOUN
करुन,NOUN
तुझे,NOUN
हसू,NOUN
आरशात,NOUN
आहे,NOUN
हे,PART
शब्द,NOUN
शांताबाई,NOUN
शेळके,NOUN
यांनी,NOUN
सुचवले,VERB
आहेत,NOUN
चित्रपटात,NOUN
पहिल्यांदाच,NOUN
लेस्बियन,NOUN
संबंधाविषयी,NOUN
दाखवण्यात,NOUN
आलं,NOUN
अशा,NOUN
संबंधांकडे,PP
मनोविकृती,NOUN
म्हणून,NOUN
आणि,NOUN
डॉक्टरांकडून,NOUN
बरं,NOUN
करता,NOUN
येईल,NOUN
या,PART
दृष्टीने,PP
पाहिलं,NOUN
गेलं,NOUN
हे,PART
गैरसमजावर,PP
आधारित,NOUN
असलं,NOUN
तरी,NOUN
त्याकाळी,NOUN
हा,PART
विषय,NOUN
हाताळण्याचं,NOUN
धाडस,NOUN
दुर्लभ,NOUN
होतं,NOUN
असं,NOUN
म्हटलं,NOUN
जातं,NOUN
चित्रपटात,NOUN
एका,NOUN
सीनवरुन,NOUN
लेखक,NOUN
आणि,NOUN
दिग्दर्शक,NOUN
यांच्यात,NOUN
घमासान,NOUN
चर्चा,NOUN
झाली,VERB
तेंडुलकरांची,NOUN
सुलभा,NOUN
घर,PART
नाही,NOUN
सोडत,NOUN
आश्रमातल्या,NOUN
दुर्घटना,NOUN
आणि,NOUN
बिघडलेली,VERB
परिस्थिती,NOUN
हाताळण्यात,NOUN
अपयशी,NOUN
ठरल्याचा,NOUN
ठपका,NOUN
सुलभावर,PP
ठेवण्यात,NOUN
येतो,NOUN
सच्चेपणावर,PP
विश्वास,NOUN
असणारी,NOUN
सुलभा,NOUN
महाजन,NOUN
चौकशीला,PP
सामोरी,NOUN
जाते,NOUN
त्यातून,NOUN
निर्दोष,NOUN
सुटते,NOUN
आणि,NOUN
राजीनामा,NOUN
देऊन,NOUN
घरी,NOUN
निघते,NOUN
असं,NOUN
मूळ,NOUN
कथेत,NOUN
होतं,NOUN
जब्बारांना,NOUN
मात्र,NOUN
हे,PART
मान्य,NOUN
नव्हतं,NOUN
सुलभाने,PP
स्पष्टीकरण,NOUN
देणं,NOUN
याची,NOUN
गरज,NOUN
नाही,NOUN
असं,NOUN
तेंडुलकर,NOUN
म्हणत,NOUN
होते,NOUN
पण,PART
ते,PART
देणं,NOUN
गरजेचं,NOUN
आहे,NOUN
यावर,PP
जब्बार,NOUN
ठाम,NOUN
होते,NOUN
अखेर,NOUN
तेंडुलकरांनी,NOUN
तो,PART
भाग,NOUN
लिहिला,PP
स्पष्टीकरण,NOUN
देताना,NOUN
सुलभा,NOUN
म्हणते,NOUN
हे,PART
सगळं,NOUN
सुधारायचं,NOUN
मी,PART
ठरवलं,NOUN
मग,PART
माझ्या,NOUN
लक्षात,NOUN
येत,NOUN
गेलं,NOUN
की,PART
हे,PART
सुधारणं,NOUN
शक्य,NOUN
नाही,NOUN
कारण,NOUN
आश्रमाच्या,PP
या,PART
जगाचे,NOUN
धागेदोरे,NOUN
बाहेरच्या,PP
मोठ्या,NOUN
जगाशी,NOUN
गुंतलेले,VERB
आहेत,NOUN
आणि,NOUN
ते,PART
बाहेरचं,NOUN
मोठं,NOUN
जग,PART
माझ्या,NOUN
संपूर्ण,NOUN
कक्षेबाहेरचं,NOUN
आहे,NOUN
उदाहरणार्थ,NOUN
या,PART
आश्रमाची,NOUN
मॅनेजिंग,NOUN
कमिटी,NOUN
या,PART
आश्रमातल्या,NOUN
बायकांची,NOUN
बाहेरची,NOUN
जगं,NOUN
आश्रमावर,PP
दबाव,NOUN
आणणाऱ्या,NOUN
लहान,NOUN
मोठ्या,NOUN
शक्ती,NOUN
या,PART
सगळ्यांच्या,PP
सोयीच्या,PP
दृष्टीने,PP
हा,PART
आश्रम,NOUN
केवळ,NOUN
बंदीशाळा,NOUN
राहणं,NOUN
जरुरी,NOUN
आहे,NOUN
ज्यांना,NOUN
बाहेर,NOUN
थारा,NOUN
नाही,NOUN
त्यांना,NOUN
इथे,NOUN
भरा,NOUN
ज्यांची,NOUN
बाहेर,NOUN
अडचण,NOUN
होते,NOUN
त्यांना,NOUN
इथे,NOUN
कोंडा,NOUN
जे,PART
प्रश्न,NOUN
बाहेर,NOUN
नकोत,NOUN
ते,PART
इथे,NOUN
टाका,NOUN
जणूकाही,NOUN
बाहेरच्या,PP
प्रतिष्ठित,NOUN
समाजाचा,NOUN
उकीरडा,NOUN
या,PART
उकिरड्यावरची,NOUN
घाण,NOUN
वहायला,PP
लागली,VERB
की,PART
ती,PART
उचलून,NOUN
अजून,NOUN
कुठेतरी,NOUN
फेका,NOUN
यालाच,NOUN
बहुधा,NOUN
इथल्या,NOUN
माणसांचं,NOUN
पुनर्वसन,NOUN
म्हणतात,VERB
आता,NOUN
या,PART
चित्रपटाच्या,PP
शेवटावरुन,NOUN
घमासान,NOUN
चर्चा,NOUN
प्रेक्षकांमध्येही,NOUN
झाली,VERB
तेंडुलकरांची,NOUN
सुलभा,NOUN
घर,PART
सोडून,NOUN
जात,NOUN
नाही,NOUN
बेघर,NOUN
कादंबरीत,NOUN
शांता,NOUN
निसळांची,NOUN
शांताबाई,NOUN
परत,NOUN
घरात,NOUN
येते,NOUN
त्यांचा,NOUN
संसार,NOUN
फार,NOUN
चांगला,PP
होतो,NOUN
पण,PART
जब्बार,NOUN
यांचा,NOUN
अट्टाहास,NOUN
होता,NOUN
की,PART
तिने,PP
घर,PART
सोडून,NOUN
गेलं,NOUN
पाहिजे,NOUN
स्मिता,NOUN
पाटील,NOUN
यांनी,NOUN
1984,NUM
साली,VERB
एका,NOUN
नियतकालिकाला,PP
दिलेल्या,NOUN
सविस्तर,NOUN
मुलाखतीत,NOUN
जब्बार,NOUN
यांचा,NOUN
अट्टाहास,NOUN
मनापासून,NOUN
पटला,PP
असं,NOUN
म्हटलंय,NOUN
स्मिता,NOUN
म्हणतात,VERB
घर,PART
सोडून,NOUN
जाणं,NOUN
जी,PART
वृत्ती,NOUN
आहे,NOUN
ती,PART
फार,NOUN
कमी,NOUN
लोकांमध्ये,PP
असते,NOUN
ती,PART
जर,PART
पुरुषामध्ये,PP
असली,VERB
तर,PART
त्याच्या,PP
मागे,NOUN
त्याची,NOUN
पत्नी,NOUN
जाते,NOUN
मुलं,NOUN
जातात,VERB
सुलभा,NOUN
महाजनच्या,PP
मागे,NOUN
कोणीही,NOUN
जात,NOUN
नाही,NOUN
कारण,NOUN
ती,PART
स्त्री,NOUN
आहे,NOUN
आता,NOUN
मी,PART
फ्रान्सला,PP
जाऊन,NOUN
आले,VERB
तिथे,NOUN
उंबरठा,NOUN
दाखवला,PP
ना,PART
तर,PART
उंबरठ्यातल्या,NOUN
बाईबद्दल,NOUN
तिकडच्या,PP
बायकांच्या,PP
काय,NOUN
प्रचंड,NOUN
प्रतिक्रिया,NOUN
म्हणतात,VERB
इथे,NOUN
एखादी,NOUN
बाई,NOUN
जर,PART
मुलगा,NOUN
आणि,NOUN
नवरा,NOUN
सोडून,NOUN
गोली,VERB
तर,PART
तिलासुद्धा,NOUN
वाईटच,NOUN
बाई,NOUN
म्हणतात,VERB
आणि,NOUN
तिथल्या,NOUN
बायकांचे,NOUN
सुद्धा,NOUN
असेच,NOUN
प्रश्न,NOUN
आहेत,NOUN
तिथे,NOUN
आर्थिक,NOUN
प्रश्न,NOUN
एवढा,NOUN
नाहीये,NOUN
किंवा,NOUN
गरीबी,NOUN
वगैरे,NOUN
तेवढं,NOUN
नसलं,NOUN
तरी,NOUN
मूलभूत,NOUN
स्त्री,NOUN
पुरुष,NOUN
नात्यामध्ये,PP
जी,PART
एक्सप्लॉयटेशन्स,NOUN
आहेत,NOUN
किंवा,NOUN
ज्या,NOUN
गुंतागुंती,NOUN
आहेत,NOUN
त्या,NOUN
सगळीकडेच,NOUN
सारख्या,NOUN
आहेत,NOUN
सगळीकडे,PP
बाईची,NOUN
तीच,NOUN
अवस्था,NOUN
आहे,NOUN
कमीजास्त,NOUN
प्रमाणात,NOUN
असेल,NOUN
पण,PART
मूलतः,NOUN
अवस्था,NOUN
तीच,NOUN
पण,PART
आपल्याकडे,PP
गेले,VERB
दहा,NOUN
पंधरा,NOUN
वर्षं,NOUN
काही,NOUN
स्त्रिया,NOUN
खूप,NOUN
प्रयत्न,NOUN
करताहेत,NOUN
मनातल्या,NOUN
मनात,NOUN
झगडताहेत,NOUN
आणि,NOUN
म्हणून,NOUN
त्यांना,NOUN
या,PART
काळात,NOUN
चांगल्या,NOUN
फिल्म्स,NOUN
तयार,NOUN
होणं,NOUN
किंवा,NOUN
स्त्रियांची,NOUN
जी,PART
एक,PART
प्रतिमा,NOUN
हिंदी,NOUN
फिल्म्समध्ये,PP
बनवली,VERB
गेलेली,VERB
आहे,NOUN
ती,PART
तोडणं,NOUN
किंवा,NOUN
साहित्यामधनं,NOUN
अशा,NOUN
स्त्रिया,NOUN
उभ्या,NOUN
करणं,NOUN
याची,NOUN
गरज,NOUN
आहे,NOUN
उंबरठा,NOUN
ही,PART
माझी,NOUN
फिल्म,NOUN
वाटते,NOUN
स्मिता,NOUN
पाटील,NOUN
यांच्या,PP
सात,NOUN
सिनेमांचा,NOUN
महोत्सव,NOUN
फ्रान्स,NOUN
मध्ये,PP
भरवला,PP
गेला,PP
होता,NOUN
त्यात,NOUN
त्यांचा,NOUN
सर्वात,NOUN
आवडता,NOUN
सिनेमा,NOUN
होता,NOUN
उंबरठा,NOUN
बहिणाई,NOUN
1984,NUM
दिवाळी,NOUN
अंकासाठी,PP
वसंत,NOUN
पाटील,NOUN
यांनी,NOUN
स्मिताची,NOUN
मुलाखत,NOUN
घेतली,VERB
होती,NOUN
यात,NOUN
स्मिता,NOUN
यांनी,NOUN
सांगितलं,NOUN
होतं,NOUN
माझी,NOUN
आवडती,NOUN
फिल्म,NOUN
उंबरठा,NOUN
आहे,NOUN
आणि,NOUN
ती,PART
राहील,NOUN
कारण,NOUN
मुंबई,NOUN
हे,PART
कॉस्मोपॉलिटन,NOUN
शहर,NOUN
महाराष्ट्रात,NOUN
आहे,NOUN
आणि,NOUN
महाराष्ट्राचे,NOUN
राजकारण,NOUN
खूपच,NOUN
प्रगत,NOUN
आहे,NOUN
आज,PART
खूप,NOUN
हाल,NOUN
आहेत,NOUN
ही,PART
गोष्ट,NOUN
वेगळी,NOUN
उंबरठा,NOUN
देशात,NOUN
महाराष्ट्राइतका,NOUN
कुठे,NOUN
चालला,PP
नाही,NOUN
त्याचे,NOUN
कारण,NOUN
आमच्या,PP
पुरुषवर्गाची,NOUN
स्त्रियांच्या,PP
संबंधात,NOUN
असलेली,VERB
परंपरावादी,NOUN
मनोभूमिका,NOUN
नवरा,NOUN
आणि,NOUN
मूल,NOUN
सोडून,NOUN
घरातून,NOUN
जाणारी,NOUN
बायको,NOUN
म्हणजे,NOUN
हैवान,NOUN
ती,PART
स्त्रीच,NOUN
नव्हे,NOUN
अशी,NOUN
आजही,NOUN
आमची,NOUN
धारणा,NOUN
आहे,NOUN
ही,PART
धारणा,NOUN
महाराष्ट्रात,NOUN
नाही,NOUN
असं,NOUN
नाही,NOUN
परंतु,NOUN
तरीही,NOUN
महाराष्ट्रीय,NOUN
प्रेक्षकांनी,NOUN
उंबरठ्याला,PP
उत्कृष्ठ,NOUN
कलेचा,NOUN
नमुना,NOUN
म्हणून,NOUN
उचलून,NOUN
धरला,PP
बी,PART
आर,PART
चोप्रा,NOUN
एकदा,NOUN
म्हणाले,VERB
होते,NOUN
स्मिता,NOUN
तुम्हारी,NOUN
फिल्म,NOUN
उंबरठा,NOUN
देखी,NOUN
बहुत,NOUN
अच्छी,NOUN
लगी,NOUN
तुम्हारा,NOUN
काम,NOUN
भी,PART
अच्छा,NOUN
है,PART
मगर,NOUN
एक,PART
बात,NOUN
कहूँ,NOUN
हिंदुस्थानी,NOUN
फिल्ममें,NOUN
ट्रेडिशनल,NOUN
परंपरावादी,NOUN
औरतही,NOUN
चलती,NOUN
है,PART
आणि,NOUN
दुसरं,NOUN
कारण,NOUN
म्हणजे,NOUN
उंबरठ्यातील,NOUN
माझी,NOUN
भूमिका,NOUN
मला,PP
माझ्या,NOUN
आईच्या,PP
खूप,NOUN
जवळची,NOUN
वाटली,VERB
घर,PART
सोडून,NOUN
जाणे,NOUN
हा,PART
भाग,NOUN
वगळता,NOUN
माझ्या,NOUN
आईनेही,NOUN
संपूर्ण,NOUN
संसार,NOUN
सांभाळून,NOUN
सर्व,NOUN
जीवन,NOUN
सामाजिक,NOUN
कार्यात,NOUN
व्यतीत,NOUN
करुन,NOUN
दिलं,NOUN
आहे,NOUN
म्हणून,NOUN
मला,PP
उंबरठा,NOUN
ही,PART
माझी,NOUN
फिल्म,NOUN
वाटते,NOUN
उंबरठ्याचा,NOUN
शेवट,NOUN
अनेकांना,NOUN
आवडला,PP
नाही,NOUN
त्यावर,PP
स्मिता,NOUN
यांचं,NOUN
म्हणणं,NOUN
होतं,NOUN
सर्वसामान्यांचं,NOUN
जे,PART
असतं,NOUN
ते,PART
स्पष्ट,NOUN
असतं,NOUN
तसं,NOUN
विचारवंतांचं,NOUN
नसतं,NOUN
त्यांना,NOUN
उंबरठ्याचा,NOUN
शेवट,NOUN
कुठपर्यंत,NOUN
आवडेल,NOUN
जोपर्यंत,NOUN
त्यांची,NOUN
स्वतःची,NOUN
बायको,NOUN
उंबरठा,NOUN
ओलांडून,NOUN
जात,NOUN
नाही,NOUN
तोपर्यंतच,NOUN
पण,PART
तरीही,NOUN
मला,PP
वाटते,NOUN
अशा,NOUN
फिल्म्स,NOUN
चालो,NOUN
न,PART
चालो,NOUN
त्या,NOUN
प्रबोधनासाठी,PP
निघणे,NOUN
आवश्यक,NOUN
आहेत,NOUN
उंबरठा,NOUN
आज,PART
नाही,NOUN
पण,PART
उद्या,NOUN
दहा,NOUN
बारा,NOUN
वर्षांनी,NOUN
स्त्रियांनाच,NOUN
नव्हे,NOUN
तर,PART
संपूर्ण,NOUN
समाजाला,PP
स्फूर्ती,NOUN
देईल,NOUN
अशी,NOUN
फिल्म्स,NOUN
समाजाला,PP
स्त्रियांना,NOUN
आशा,NOUN
देईल,NOUN
स्मिता,NOUN
पाटील,NOUN
यांना,NOUN
दूरदर्शनवर,PP
बातम्या,NOUN
देताना,NOUN
पाहिलं,NOUN
आणि,NOUN
श्याम,NOUN
बेनेगलांनी,NOUN
दिली,VERB
सिनेमात,NOUN
भूमिका17,NOUN
ऑक्टोबर,NOUN
2025,NUM
स्मिता,NOUN
पाटील,NOUN
यांना,NOUN
दूरदर्शनवर,PP
बातम्या,NOUN
देताना,NOUN
पाहिलं,NOUN
आणि,NOUN
श्याम,NOUN
बेनेगलांनी,NOUN
दिली,VERB
सिनेमात,NOUN
भूमिका,NOUN
अर्थ,NOUN
सिनेमानंतर,NOUN
स्मिता,NOUN
पाटील,NOUN
की,PART
शबाना,NOUN
आझमी,NOUN
या,PART
चर्चा,NOUN
का,PART
रंगू,NOUN
लागल्या,NOUN
8,NUM
डिसेंबर,NOUN
2022,NUM
अर्थ,NOUN
सिनेमानंतर,NOUN
स्मिता,NOUN
पाटील,NOUN
की,PART
शबाना,NOUN
आझमी,NOUN
या,PART
चर्चा,NOUN
का,PART
रंगू,NOUN
लागल्या,NOUN
तिचे,NOUN
वडील,NOUN
मंत्री,NOUN
होते,NOUN
पण,PART
तिच्या,PP
वागण्या,NOUN
बोलण्यात,NOUN
साधेपणा,NOUN
होता,NOUN
17,NUM
ऑक्टोबर,NOUN
2023,NUM
तिचे,NOUN
वडील,NOUN
मंत्री,NOUN
होते,NOUN
पण,PART
तिच्या,PP
वागण्या,NOUN
बोलण्यात,NOUN
साधेपणा,NOUN
होता,NOUN
घरासाठी,PP
कर्ज,NOUN
घेणं,NOUN
पर्सनल,NOUN
लोन,NOUN
घेणं,NOUN
किंवा,NOUN
क्रेडिट,NOUN
कार्डचा,NOUN
वापर,NOUN
या,PART
गोष्टी,NOUN
सर्रास,NOUN
सगळेच,NOUN
करतात,VERB
घर,PART
गाडी,NOUN
लग्न,NOUN
शिक्षण,NOUN
किंवा,NOUN
इतर,NOUN
कोणत्या,NOUN
गरजांसाठी,PP
बँका,NOUN
किंवा,NOUN
वित्तीय,NOUN
संस्थांकडून,NOUN
वेगवेगळ्या,NOUN
प्रकारची,NOUN
कर्ज,NOUN
ठराविक,NOUN
व्याजाने,PP
दिली,VERB
जातात,VERB
पण,PART
अनेकदा,NOUN
अनेक,NOUN
कारणांमुळे,NOUN
या,PART
कर्जाचे,NOUN
हप्ते,NOUN
फेडणं,NOUN
EMI,NOUN
भरणं,NOUN
शक्य,NOUN
होत,NOUN
नाही,NOUN
काही,NOUN
कारणांमुळे,NOUN
पैशांची,NOUN
अडचण,NOUN
निर्माण,NOUN
होते,NOUN
नोकरी,NOUN
अचानक,NOUN
गेली,VERB
व्यवसायात,NOUN
फटका,NOUN
बसला,PP
तर,PART
त्याचा,NOUN
परिणाम,NOUN
कर्जाचे,NOUN
हप्ते,NOUN
थकण्यात,NOUN
होतो,NOUN
काही,NOUN
वेळा,NOUN
बँका,NOUN
रिकव्हरी,NOUN
एजंट्स,NOUN
पाठतात,VERB
अशावेळी,NOUN
तुमच्याकडे,PP
कोणते,NOUN
अधिकार,NOUN
आहेत,NOUN
कर्जवसुलीबद्दलचे,NOUN
रिझर्व्ह,NOUN
बँकेचे,NOUN
नियम,NOUN
काय,NOUN
आहेत,NOUN
कर्ज,NOUN
वसुली,VERB
एजंट्स,NOUN
कोण,NOUN
असतात,VERB
त्यांचं,NOUN
काम,NOUN
काय,NOUN
असतं,NOUN
बँका,NOUN
आणि,NOUN
NBFCs,NOUN
म्हणजे,NOUN
नॉन,NOUN
बँकिंग,NOUN
फायनान्शियल,NOUN
कंपनी,NOUN
कर्जवसुलीसाठी,PP
लोन,NOUN
रिकव्हरी,NOUN
एजंट्ची,NOUN
नियुक्ती,NOUN
करतात,VERB
कर्जाची,NOUN
परतफेड,NOUN
न,PART
करणाऱ्या,NOUN
ग्राहकांकडून,NOUN
म्हणजेच,NOUN
डिफॉल्टर्सकडून,NOUN
रक्कम,NOUN
वसूल,NOUN
करणं,NOUN
हे,PART
त्यांचं,NOUN
काम,NOUN
असतं,NOUN
पण,PART
या,PART
लोन,NOUN
रिकव्हरी,NOUN
एजंट्सनी,NOUN
ग्राहकांना,NOUN
धमकावणं,NOUN
शिवीगाळ,NOUN
करणं,NOUN
किंवा,NOUN
अपमानास्पद,NOUN
वागवण्याचे,NOUN
आरोप,NOUN
अनेकदा,NOUN
झाले,VERB
आहेत,NOUN
अनेक,NOUN
ग्राहकांनी,NOUN
आपला,PP
छळ,PART
झाल्याच्या,PP
तक्रारी,NOUN
केल्या,NOUN
आहेत,NOUN
कर्ज,NOUN
वसुलीसाठी,PP
हे,PART
एजंट्स,NOUN
अनेकदा,NOUN
या,PART
कर्ज,NOUN
घेणाऱ्या,NOUN
व्यक्तीच्या,PP
नातलगांना,NOUN
मित्रांनी,NOUN
किंवा,NOUN
ऑफिसच्या,PP
सहकाऱ्यांना,NOUN
फोन,NOUN
करतात,VERB
यामुळे,NOUN
कर्ज,NOUN
घेतलेल्या,NOUN
त्या,NOUN
व्यक्तीसाठी,PP
लाजिरवाणी,NOUN
परिस्थिती,NOUN
निर्माण,NOUN
होते,NOUN
कर्ज,NOUN
वसुली,VERB
एजंट्ससाठीचे,NOUN
नियम,NOUN
काय,NOUN
ग्राहकांसोबत,NOUN
असं,NOUN
गैरवर्तन,NOUN
होऊ,NOUN
नये,NOUN
यासाठी,PP
रिझर्व्ह,NOUN
बँकेने,PP
याबद्दलच्या,PP
स्पष्ट,NOUN
सूचना,NOUN
प्रसिद्ध,NOUN
केलेल्या,NOUN
आहेत,NOUN
बँका,NOUN
आणि,NOUN
NBFC,NOUN
नी,PART
नियुक्त,NOUN
केलेल्या,NOUN
रिकव्हरी,NOUN
एजंट्सकडून,NOUN
ग्राहकांसोबत,NOUN
शारीरिक,NOUN
आणि,NOUN
मौखिक,NOUN
गैरव्यवहार,NOUN
केला,PP
जाणार,NOUN
नाही,NOUN
याची,NOUN
खबरदारी,NOUN
घेतली,VERB
जावी,NOUN
असं,NOUN
रिझर्व्ह,NOUN
बँकेने,PP
म्हटलंय,NOUN
रिकव्हरी,NOUN
एजंट्सनी,NOUN
प्रोफेशनली,VERB
आणि,NOUN
नैतिक,NOUN
पद्धतींचा,NOUN
वापर,NOUN
करून,NOUN
काम,NOUN
करावं,NOUN
असं,NOUN
RBI,NOUN
चे,PART
नियम,NOUN
सांगतात,VERB
ग्राहकांना,NOUN
धमकावणं,NOUN
त्यांचा,NOUN
अपमान,NOUN
करणं,NOUN
वा,PART
त्यांच्या,PP
प्रायव्हसीचं,NOUN
उल्लंघन,NOUN
करण्याची,NOUN
परवानगी,NOUN
एजंट्सना,NOUN
नाही,NOUN
ग्राहकांशी,NOUN
संपर्क,NOUN
साधताना,NOUN
या,PART
एजंट्सनी,NOUN
त्यांना,NOUN
आपली,VERB
ओळख,NOUN
सांगणं,NOUN
बंधनकारक,NOUN
आहे,NOUN
त्यांच्याकडे,PP
बँकेचं,NOUN
Authorisation,NOUN
Letter,NOUN
आणि,NOUN
ओळखपत्र,NOUN
असायला,PP
हवं,NOUN
याशिवाय,NOUN
हे,PART
रिकव्हरी,NOUN
एजंट्स,NOUN
सकाळी,NOUN
8,NUM
ते,PART
संध्याकाळी,NOUN
7,NUM
या,PART
वेळेदरम्यानच,NOUN
ग्राहकांशी,NOUN
संपर्क,NOUN
साधू,NOUN
शकतात,VERB
जर,PART
रिकव्हरी,NOUN
एजंट्सनी,NOUN
या,PART
नियमांचं,NOUN
पालन,NOUN
केलं,NOUN
नाही,NOUN
तर,PART
ते,PART
रिझर्व्ह,NOUN
बँकेच्या,PP
गाईडलाईन्सचं,NOUN
उल्लंघन,NOUN
ठरेल,NOUN
मग,PART
हे,PART
रिकव्हरी,NOUN
एजंट्स,NOUN
तुमच्या,PP
घरी,NOUN
किंवा,NOUN
ऑफिसला,PP
येऊ,NOUN
शकतात,VERB
का,PART
तर,PART
हो,PART
त्यांना,NOUN
तुमच्या,PP
घरी,NOUN
वा,PART
ऑफिसला,PP
यायची,NOUN
परवानगी,NOUN
आहे,NOUN
पण,PART
काही,NOUN
अटींवर,PP
RBI,NOUN
च्या,PP
नियमांनुसार,NOUN
यासाठी,PP
एजंट्सना,NOUN
आधी,NOUN
ग्राहकांशी,NOUN
कर्ज,NOUN
घेतलेल्या,NOUN
त्या,NOUN
व्यक्तीशी,NOUN
बोलून,NOUN
भेटीची,NOUN
वेळ,NOUN
ठरवावी,NOUN
लागेल,NOUN
आणि,NOUN
तेव्हाच,NOUN
ते,PART
येऊ,NOUN
शकतात,VERB
तुमच्या,PP
परवानगीशिवाय,NOUN
लोन,NOUN
रिकव्हरी,NOUN
एजंट्स,NOUN
तुमच्या,PP
घरी,NOUN
वा,PART
ऑफिसला,PP
येऊ,NOUN
शकत,NOUN
नाहीत,NOUN
कर्ज,NOUN
घेतलेल्या,NOUN
व्यक्तीशी,NOUN
सन्मानाने,PP
बोलणं,NOUN
त्यांच्यासाठी,PP
बंधनकारक,NOUN
आहे,NOUN
जर,PART
त्यांनी,NOUN
धमकी,NOUN
दिली,VERB
शिवीगाळ,NOUN
केली,VERB
किंवा,NOUN
इतर,NOUN
कोणत्या,NOUN
प्रकारे,NOUN
गैरवर्तन,NOUN
केलं,NOUN
तर,PART
ते,PART
बेकायदेशीर,NOUN
आहे,NOUN
कर्ज,NOUN
फेडू,NOUN
न,PART
शकलेल्या,NOUN
व्यक्तीलाही,NOUN
अधिकार,NOUN
असतात,VERB
या,PART
सगळ्या,NOUN
परिस्थितीत,NOUN
कर्ज,NOUN
घेतलेल्या,NOUN
पण,PART
काही,NOUN
कारणांनी,NOUN
फेडू,NOUN
न,PART
शकलेल्या,NOUN
व्यक्तीला,PP
काही,NOUN
अधिकार,NOUN
असतात,VERB
का,PART
तर,PART
हो,PART
याबद्दलही,NOUN
RBI,NOUN
ने,PART
काही,NOUN
गोष्टी,NOUN
स्पष्ट,NOUN
केल्यायत,NOUN
सगळ्यात,NOUN
आधी,NOUN
प्रायव्हसी,NOUN
रिकव्हरी,NOUN
एजंट्स,NOUN
तुमच्या,PP
कर्जाबद्दलची,NOUN
माहिती,NOUN
जगजाहीर,NOUN
करू,NOUN
शकत,NOUN
नाहीत,NOUN
तुमचं,NOUN
किती,NOUN
रकमेचं,NOUN
देणं,NOUN
आहे,NOUN
याबद्दल,NOUN
ते,PART
तुमच्या,PP
नातेवाईकांना,NOUN
मित्रांना,NOUN
शेजाऱ्यांना,NOUN
वा,PART
सहकाऱ्यांना,NOUN
सांगू,NOUN
शकत,NOUN
नाहीत,NOUN
त्यांनी,NOUN
असं,NOUN
करणं,NOUN
हे,PART
तुमच्या,PP
प्रायव्हसीचं,NOUN
उल्लंघन,NOUN
असेल,NOUN
सन्मानाने,PP
वागवलं,NOUN
जाणं,NOUN
हा,PART
कर्ज,NOUN
घेणाऱ्या,NOUN
व्यक्तीचा,NOUN
अधिकार,NOUN
आहे,NOUN
एजंटसनी,NOUN
या,PART
ग्राहकाशी,NOUN
आदरपूर्वक,NOUN
वागणं,NOUN
अपेक्षित,NOUN
आहे,NOUN
धमक्या,NOUN
अपशब्द,NOUN
वापरणं,NOUN
वा,PART
हिंसा,NOUN
करता,NOUN
येणार,NOUN
नाही,NOUN
जर,PART
कुणी,NOUN
एजंटनी,NOUN
असं,NOUN
केलं,NOUN
तर,PART
तुम्ही,NOUN
त्यांच्यावर,PP
कायदेशीर,NOUN
कारवाई,NOUN
करू,NOUN
शकता,NOUN
पारदर्शक,NOUN
व्यवहाराचा,NOUN
अधिकार,NOUN
तुम्हाला,PP
तुमच्या,PP
कर्जाची,NOUN
पूर्ण,NOUN
माहिती,NOUN
म्हणजे,NOUN
किती,NOUN
परतफेड,NOUN
बाकी,NOUN
आहे,NOUN
व्याजदर,NOUN
आणि,NOUN
अतिरिक्त,NOUN
शुल्क,NOUN
याबद्दल,NOUN
जाणून,NOUN
घेण्याचा,NOUN
अधिकार,NOUN
आहे,NOUN
बँकेला,PP
ही,PART
तपशीलवार,NOUN
माहिती,NOUN
तुम्हाला,PP
द्यावीच,NOUN
लागेल,NOUN
तक्रार,NOUN
दाखल,NOUN
करण्याचा,NOUN
अधिकार,NOUN
रिकव्हरी,NOUN
एजंट्सकडून,NOUN
RBI,NOUN
च्या,PP
नियमांचं,NOUN
पालन,NOUN
होत,NOUN
नसल्याचं,NOUN
तुम्हाला,PP
वाटत,NOUN
असेल,NOUN
तर,PART
तुम्ही,NOUN
बँकेत,NOUN
तक्रार,NOUN
दाखल,NOUN
करू,NOUN
शकता,NOUN
समजा,NOUN
बँकेने,PP
कोणतीही,NOUN
कारवाई,NOUN
केली,VERB
नाही,NOUN
तर,PART
तुम्ही,NOUN
रिझर्व्ह,NOUN
बँकेच्या,PP
बँकिंग,NOUN
लोकपालाशी,NOUN
संपर्क,NOUN
करू,NOUN
शकता,NOUN
एखाद्या,NOUN
एजंटनी,NOUN
तुमच्यासोबत,NOUN
गैरव्यवहार,NOUN
केला,PP
तर,PART
काय,NOUN
करायचं,NOUN
तर,PART
अशावेळी,NOUN
घाबरून,NOUN
जाण्याची,NOUN
गरज,NOUN
नाही,NOUN
स्वतःसाठी,PP
तुम्ही,NOUN
काही,NOUN
पावलं,NOUN
उचलू,NOUN
शकता,NOUN
सगळ्यात,NOUN
आधी,NOUN
सगळ्या,NOUN
संभाषणाचा,NOUN
रेकॉर्ड,NOUN
ठेवा,NOUN
जर,PART
तुम्हाला,PP
एजंट,NOUN
फोनवरून,NOUN
धमकी,NOUN
देत,NOUN
असेल,NOUN
तर,PART
कॉल,NOUN
रेकॉर्ड,NOUN
करा,NOUN
जर,PART
ते,PART
तुमच्या,PP
घरी,NOUN
आले,VERB
तर,PART
त्यांचं,NOUN
ओळखपत्र,NOUN
आणि,NOUN
ऑथोरायझेशन,NOUN
लेटर,NOUN
तपासा,NOUN
तर,PART
तुम्हाला,PP
एजंट्स,NOUN
त्रास,NOUN
देत,NOUN
असल्यासारखं,NOUN
वाटत,NOUN
असेल,NOUN
तर,PART
लगेच,NOUN
बँकेच्या,PP
नोडल,NOUN
ऑफिसर्ससोबत,NOUN
संपर्क,NOUN
साधा,NOUN
आणि,NOUN
तुमची,NOUN
तक्रार,NOUN
लेखी,NOUN
स्वरूपात,NOUN
दाखल,NOUN
करू,NOUN
शकता,NOUN
बँक,NOUN
आणि,NOUN
त्यांच्या,PP
रिकव्हरी,NOUN
एजंट्सनी,NOUN
नियमांचं,NOUN
उल्लंघन,NOUN
केलं,NOUN
तर,PART
रिझर्व्ह,NOUN
बँक,NOUN
त्यांच्यावर,PP
कठोर,NOUN
कारवाई,NOUN
करू,NOUN
शकते,NOUN
RBI,NOUN
कडे,PP
ते,PART
अधिकार,NOUN
आहेत,NOUN
या,PART
बँका,NOUN
आणि,NOUN
त्यांच्या,PP
एजंट्सना,NOUN
दंड,NOUN
लागू,NOUN
शकतो,NOUN
किंवा,NOUN
एखाद्या,NOUN
भागात,NOUN
वसुली,VERB
करण्यावर,PP
त्यांच्यावर,PP
बंदी,NOUN
येऊ,NOUN
शकते,NOUN
मुलांच्या,PP
शिक्षणासाठीचं,NOUN
आर्थिक,NOUN
नियोजन,NOUN
कसं,NOUN
करायचं,NOUN
गुंतवणुकीची,NOUN
सुरूवात,NOUN
कधी,NOUN
करायची,NOUN
3,NUM
नोव्हेंबर,NOUN
2025,NUM
मुलांच्या,PP
शिक्षणासाठीचं,NOUN
आर्थिक,NOUN
नियोजन,NOUN
कसं,NOUN
करायचं,NOUN
गुंतवणुकीची,NOUN
सुरूवात,NOUN
कधी,NOUN
करायची,NOUN
पोस्ट,NOUN
ऑफिसातील,NOUN
गुंतवणूक,NOUN
योजना,NOUN
करसवलतीसह,NOUN
तुमच्यासाठी,PP
योग्य,NOUN
पर्याय,NOUN
कोणता,NOUN
31,NUM
ऑक्टोबर,NOUN
2025,NUM
पोस्ट,NOUN
ऑफिसातील,NOUN
गुंतवणूक,NOUN
योजना,NOUN
करसवलतीसह,NOUN
तुमच्यासाठी,PP
योग्य,NOUN
पर्याय,NOUN
कोणता,NOUN
स्पेशलाइज्ड,NOUN
इन्व्हेस्टमेंट,NOUN
फंड,NOUN
SIF,NOUN
म्हणजे,NOUN
काय,NOUN
तो,PART
म्युच्युअल,NOUN
फंडपेक्षा,NOUN
नेमका,NOUN
कसा,NOUN
वेगळा,NOUN
ठरतो,NOUN
27,NUM
ऑक्टोबर,NOUN
2025,NUM
स्पेशलाइज्ड,NOUN
इन्व्हेस्टमेंट,NOUN
फंड,NOUN
SIF,NOUN
म्हणजे,NOUN
काय,NOUN
तो,PART
म्युच्युअल,NOUN
फंडपेक्षा,NOUN
नेमका,NOUN
कसा,NOUN
वेगळा,NOUN
ठरतो,NOUN
लोकसभा,NOUN
निवडणूक,NOUN
असो,NOUN
किंवा,NOUN
इतर,NOUN
कुठलीही,NOUN
निवडणूक,NOUN
उमेदवाराची,NOUN
जिंकण्याची,NOUN
क्षमता,NOUN
पाहून,NOUN
तिकीट,NOUN
दिलं,NOUN
जातं,NOUN
उमेदवार,NOUN
निवडताना,NOUN
मतदारसंघातील,NOUN
नेत्याला,PP
प्राधान्य,NOUN
देण्याची,NOUN
परंपरा,NOUN
आहे,NOUN
मात्र,NOUN
तुम्हाला,PP
असं,NOUN
सांगितलं,NOUN
की,PART
महाराष्ट्रातील,NOUN
एक,PART
नेता,NOUN
त्याच्या,PP
जन्मगावापासून,NOUN
दीड,NOUN
दोन,NOUN
हजार,NOUN
किलोमीटर,NOUN
दूर,NOUN
असलेल्या,NOUN
ठिकाणाहून,NOUN
चारवेळा,NOUN
खासदार,NOUN
म्हणून,NOUN
निवडून,NOUN
आला,PP
होता,NOUN
तर,PART
विश्वास,NOUN
बसेल,NOUN
आजची,NOUN
स्थिती,NOUN
पाहता,NOUN
यावर,PP
विश्वास,NOUN
बसणं,NOUN
अवघडच,NOUN
आहे,NOUN
पण,PART
पन्नास,NOUN
एक,PART
वर्षांपूर्वी,NOUN
असं,NOUN
घडलं,NOUN
होतं,NOUN
त्या,NOUN
नेत्याची,NOUN
ही,PART
गोष्ट,NOUN
ज्या,NOUN
नेत्याबद्दल,NOUN
तुम्ही,NOUN
मोठ्या,NOUN
उत्सुकतेनं,NOUN
वाचत,NOUN
आहात,NOUN
ते,PART
म्हणजे,NOUN
मधुकर,NOUN
रामचंद्र,NOUN
लिमये,NOUN
उर्फ,NOUN
मधु,NOUN
लिमये,NOUN
1964,NUM
ते,PART
1980,NUM
या,PART
काळात,NOUN
मधु,NOUN
लिमये,NOUN
चारवेळा,NOUN
बिहारमधून,NOUN
खासदार,NOUN
बनले,VERB
जातीय,NOUN
समीकरणं,NOUN
बळकट,NOUN
असलेल्या,NOUN
बिहारमधून,NOUN
मधु,NOUN
लिमये,NOUN
कसे,NOUN
खासदार,NOUN
बनले,VERB
हे,PART
आपण,NOUN
पुढे,NOUN
पाहूच,NOUN
तत्पूर्वी,NOUN
कुठल्याही,NOUN
राजकीय,NOUN
पार्श्वभूमी,NOUN
नसलेल्या,NOUN
मधु,NOUN
लिमयेंनी,NOUN
राजकारणात,NOUN
इतका,NOUN
पल्ला,PP
कसा,NOUN
गाठला,PP
हे,PART
जाणून,NOUN
घेऊ,NOUN
मुंबईची,NOUN
पाणीवाली,VERB
बाई,NOUN
जिने,PP
केंद्रीय,NOUN
मंत्रिपद,NOUN
नाकारलं,NOUN
कारण,NOUN
17,NUM
जुलै,NOUN
2022,NUM
स,PART
का,PART
पाटील,NOUN
कोण,NOUN
होते,NOUN
ते,PART
महाराष्ट्राचे,NOUN
हिरो,NOUN
होते,NOUN
की,PART
व्हिलन,NOUN
14,NUM
ऑगस्ट,NOUN
2023,NUM
मधु,NOUN
दंडवते,NOUN
क्रिकेट,NOUN
खेळण्यासाठी,PP
मुंबईत,NOUN
आलेला,PP
मुलगा,NOUN
देशाचा,NOUN
रेल्वेमंत्री,NOUN
झाला,PP
21,NUM
जानेवारी,NOUN
2023,NUM
मधु,NOUN
लिमयेंनी,NOUN
बालवयात,NOUN
दोन,NOUN
घटना,NOUN
पाहिल्या,NOUN
एक,PART
म्हणजे,NOUN
धार्मिक,NOUN
दंगली,VERB
पाहिल्या,NOUN
आणि,NOUN
दुसरं,NOUN
म्हणजे,NOUN
असहकार,NOUN
आंदोलनात,NOUN
पोलिसांचा,NOUN
लाठीमारही,NOUN
हसत,NOUN
हसत,NOUN
झेलणारे,NOUN
गांधींचे,NOUN
अनुयायीही,NOUN
त्यांनी,NOUN
पाहिले,VERB
या,PART
दोन्ही,NOUN
घटनांचा,NOUN
मधु,NOUN
लिमयेंच्या,PP
विचारसृष्टीवर,PP
मोठा,NOUN
परिणाम,NOUN
झाला,PP
पुढच्या,PP
सार्वजनिक,NOUN
आयुष्यात,NOUN
त्यांनी,NOUN
जमातवादाला,PP
विरोध,NOUN
केला,PP
आमि,NOUN
सत्याग्रहावर,PP
निष्ठा,NOUN
ठेवली,VERB
बालवयातल्या,NOUN
या,PART
घटना,NOUN
मनावर,PP
कोरून,NOUN
घेणाऱ्या,NOUN
मधु,NOUN
लिमये,NOUN
तल्लख,NOUN
बुद्धीचे,NOUN
होते,NOUN
हे,PART
त्यांच्या,PP
शैक्षणिक,NOUN
कामगिरीवरून,NOUN
लक्षातही,NOUN
येते,NOUN
1,NUM
मे,PART
1922,NUM
रोजी,NOUN
जन्मलेल्या,NOUN
मधु,NOUN
लिमयेंचे,NOUN
वडील,NOUN
पेशाने,PP
शिक्षक,NOUN
होते,NOUN
शिक्षण,NOUN
त्यांच्या,PP
घरात,NOUN
रुजलेलं,NOUN
होतं,NOUN
मुंबईच्या,PP
रॉबर्ट,NOUN
मनी,NOUN
हायस्कूलमध्ये,PP
आणि,NOUN
नंतर,NOUN
पुण्याच्या,PP
सरस्वती,NOUN
मंदिर,NOUN
शाळे,NOUN
त्यांनी,NOUN
शिक्षण,NOUN
घेतलं,NOUN
पाचवी,NOUN
सहावी,NOUN
आणि,NOUN
सातवी,NOUN
या,PART
तिन्ही,NOUN
इयत्ता,NOUN
त्यांनी,NOUN
एकाच,NOUN
वर्षात,NOUN
दिल्या,NOUN
वयाच्या,PP
13,NUM
व्या,NOUN
वर्षी,NOUN
ते,PART
मॅट्रिकची,NOUN
परीक्षा,NOUN
देण्यासाठी,PP
तयार,NOUN
होते,NOUN
मात्र,NOUN
शिक्षण,NOUN
विभागानं,NOUN
नकार,NOUN
दिला,PP
पुढे,NOUN
1937,NUM
साली,VERB
मॅट्रिक,NOUN
पूर्ण,NOUN
केल्यानंतर,NOUN
ते,PART
पुण्यातल्या,NOUN
फर्ग्युसन,NOUN
कॉलेजमध्ये,PP
कला,PP
शाखेत,NOUN
दाखल,NOUN
झाले,VERB
पुण्यास,NOUN
समाजवादी,NOUN
नेते,NOUN
एस,PART
एम,PART
जोशींची,NOUN
भेट,NOUN
घेतली,VERB
आणि,NOUN
ऑल,PART
इंडिया,NOUN
स्टुडंट्स,NOUN
फेडरेशनचे,NOUN
सदस्य,NOUN
बनले,VERB
त्यांच्या,PP
सार्वजनिक,NOUN
आयुष्याचा,NOUN
हा,PART
प्रवेश,NOUN
ठरला,PP
RSS,NOUN
सोबत,NOUN
संघर्षाची,NOUN
सुरुवात,NOUN
1,NUM
मे,PART
1937,NUM
रोजी,NOUN
कामगार,NOUN
दिनानिमित्त,NOUN
पुण्यात,NOUN
कामगार,NOUN
दिनानिमित्त,NOUN
मिरवणूक,NOUN
निघाली,VERB
होती,NOUN
या,PART
मिरवणुकीत,NOUN
एस,PART
एम,PART
जोशी,NOUN
सेनापती,NOUN
बापट,NOUN
ना,PART
ग,PART
गोरे,NOUN
अशी,NOUN
मंडळी,NOUN
होती,NOUN
मधु,NOUN
लिमये,NOUN
तेव्हा,NOUN
15,NUM
वर्षांचे,NOUN
होते,NOUN
या,PART
मिरवणुकीवर,PP
राष्ट्रीय,NOUN
स्वयंसेवक,NOUN
संघाच्या,PP
स्वयंसेवकांनी,NOUN
हल्ला,PP
केला,PP
त्यात,NOUN
एस,PART
एम,PART
जोशी,NOUN
जखमी,NOUN
झाले,VERB
होते,NOUN
या,PART
घटनेनंतर,NOUN
मधु,NOUN
लिमयेंचा,NOUN
संघाच्या,PP
विचारसरणीशी,NOUN
पटलं,NOUN
नाही,NOUN
आणि,NOUN
संघर्षही,NOUN
होत,NOUN
राहिला,PP
जनता,NOUN
पक्षाचा,NOUN
प्रयोग,NOUN
या,PART
पुस्तकाच्या,PP
पहिल्या,NOUN
खंडात,NOUN
या,PART
प्रसंगाचा,NOUN
उल्लेख,NOUN
आहे,NOUN
पुढे,NOUN
जनता,NOUN
पक्षाचा,NOUN
प्रयोग,NOUN
झाला,PP
आणि,NOUN
मोरारजी,NOUN
देसाई,NOUN
भारताचे,NOUN
पंतप्रधान,NOUN
बनले,VERB
तेव्हा,NOUN
मधु,NOUN
लिमयेंनीच,NOUN
राष्ट्रीय,NOUN
स्वयंसेवक,NOUN
संघ,NOUN
आणि,NOUN
जनता,NOUN
पार्टी,NOUN
अशा,NOUN
दोहोंचे,NOUN
सदस्य,NOUN
कुणी,NOUN
असू,NOUN
नये,NOUN
असं,NOUN
म्हणत,NOUN
द्विसदस्यत्वाचा,NOUN
मुद्दा,NOUN
उपस्थित,NOUN
केला,PP
त्यातूनच,NOUN
पुढे,NOUN
जनता,NOUN
पार्टीचं,NOUN
सरकार,NOUN
कोसळलं,NOUN
पुढे,NOUN
साने,PP
गुरुजींच्या,PP
संपर्कात,NOUN
आले,VERB
आणि,NOUN
1938,NUM
सालापासून,NOUN
संपूर्णपणे,NOUN
देशकार्याला,PP
वाहून,NOUN
घेण्याचं,NOUN
ठरवलं,NOUN
लिमयेंची,NOUN
ध्येयनिष्ठा,NOUN
पाहून,NOUN
एस,PART
एम,PART
जोशींनी,NOUN
त्यांना,NOUN
पुणे,NOUN
जिल्हा,NOUN
काँग्रेस,NOUN
सोशलिस्ट,NOUN
पक्षाचे,NOUN
सरचिटणीस,NOUN
म्हणून,NOUN
नेमलं,NOUN
लिमये,NOUN
तेव्हा,NOUN
17,NUM
वर्षांचे,NOUN
होते,NOUN
ही,PART
त्यांची,NOUN
सक्रीय,NOUN
राजकारणाची,NOUN
सुरुवात,NOUN
होती,NOUN
पुढच्याच,NOUN
वर्षी,NOUN
दुसऱ्या,NOUN
महायुद्धाला,PP
सुरुवात,NOUN
झाली,VERB
आणि,NOUN
मधु,NOUN
लिमयेंनी,NOUN
युद्धविरोधी,NOUN
भाषण,NOUN
केलं,NOUN
त्यामुळे,NOUN
त्यांना,NOUN
अटक,NOUN
झाली,VERB
वय,PART
होतं,NOUN
18,NUM
वर्षे,NOUN
इथून,NOUN
त्यांच्या,PP
तुरुंगवाऱ्या,NOUN
सुरू,NOUN
झाल्या,NOUN
धुळ्याच्या,PP
तुरुंगात,NOUN
त्यांची,NOUN
रवानगी,NOUN
झाली,VERB
तिथं,NOUN
साने,PP
गुरूजी,NOUN
आणि,NOUN
लिमये,NOUN
एकत्रच,NOUN
होते,NOUN
तेव्हा,NOUN
साने,PP
गुरुची,NOUN
कम्युनिस्ट,NOUN
प्रभावाखाली,VERB
होते,NOUN
लिमयेंच्या,PP
मांडणीने,PP
प्रभावित,NOUN
होत,NOUN
साने,PP
गुरूजीही,NOUN
कम्युनिस्ट,NOUN
विचारांच्या,PP
प्रभावातून,NOUN
बाहेर,NOUN
पडले,VERB
आणि,NOUN
समाजवाद्यांच्या,PP
जोडीला,PP
आले,VERB
1942,NUM
सालीही,NOUN
त्यांना,NOUN
अटक,NOUN
झाली,VERB
कारण,NOUN
ठरलं,NOUN
क्रांतिकारी,NOUN
नावाचं,NOUN
मासिक,NOUN
हे,PART
मासिक,NOUN
त्यांनी,NOUN
भूमिगत,NOUN
असताना,NOUN
चालवलं,NOUN
पुढे,NOUN
भारताच्या,PP
स्वातंत्र्यानंतर,NOUN
मधु,NOUN
लिमये,NOUN
समाजवादी,NOUN
विचारसरणींच्या,PP
पक्षांमध्येच,NOUN
राहिले,VERB
त्यांनी,NOUN
पक्ष,NOUN
बदलले,VERB
मात्र,NOUN
विचारधारा,NOUN
समाजवादी,NOUN
राहिली,VERB
मधु,NOUN
लिमयेंचं,NOUN
राजकारण,NOUN
जवळून,NOUN
पाहिलेले,VERB
पत्रकार,NOUN
सांगतात,VERB
संसदेतील,NOUN
लोकसभेच्या,PP
सभागृहात,NOUN
हा,PART
माणूस,NOUN
शिरल्यानंतर,NOUN
सत्ताधारी,NOUN
बाकांवरील,NOUN
नेत्यांना,NOUN
घाम,NOUN
फुटत,NOUN
असे,NOUN
की,PART
आज,PART
कुणाला,PP
धारेवर,PP
धरणार,NOUN
बुद्धिबळ,NOUN
खेळण्यात,NOUN
पटाईत,NOUN
असलेला,PP
हा,PART
नेता,NOUN
भलभल्यांना,NOUN
आपल्या,NOUN
शब्दांनी,NOUN
पुराव्यानिशी,NOUN
गारद,NOUN
करत,NOUN
असे,NOUN
बिहारच्या,PP
राजकीय,NOUN
इतिहासाबद्दल,NOUN
जेव्हा,NOUN
जेव्हा,NOUN
बोललं,NOUN
जातं,NOUN
तेव्हा,NOUN
मधू,NOUN
लिमये,NOUN
या,PART
महाराष्ट्रातील,NOUN
नेत्याचं,NOUN
नाव,NOUN
आवर्जून,NOUN
घेतलं,NOUN
जातं,NOUN
खरंतर,NOUN
त्याशिवाय,NOUN
बिहारचा,NOUN
राजकीय,NOUN
इतिहास,NOUN
अपूर्णच,NOUN
राहील,NOUN
बिहारमधून,NOUN
तब्बल,NOUN
चारवेळा,NOUN
खासदार,NOUN
मधू,NOUN
लिमये,NOUN
हे,PART
मूळचे,NOUN
पुण्याचे,NOUN
मात्र,NOUN
चारवेळा,NOUN
खासदार,NOUN
झाले,VERB
तेही,NOUN
बिहारमधून,NOUN
महाराष्ट्रातील,NOUN
मूळचा,NOUN
मराठी,NOUN
माणूस,NOUN
अशाप्रकारे,NOUN
इतर,NOUN
राज्यातून,NOUN
खासदार,NOUN
झाल्याची,NOUN
अशी,NOUN
क्वचित,NOUN
उदाहरणं,NOUN
आहेत,NOUN
राज्यसभेवर,PP
इतर,NOUN
राज्यातून,NOUN
गेलेले,VERB
बरेच,NOUN
नेते,NOUN
सापडतील,NOUN
मात्र,NOUN
इतर,NOUN
राज्यातून,NOUN
लोकांमधून,NOUN
निवडून,NOUN
लोकसभेत,NOUN
गेलेल्या,NOUN
नेत्यांची,NOUN
नावं,NOUN
फार,NOUN
नाहीत,NOUN
मधू,NOUN
लिमये,NOUN
अशा,NOUN
मोजक्या,NOUN
नेत्यांपैकी,NOUN
एक,PART
आहेत,NOUN
मधू,NOUN
लिमये,NOUN
हे,PART
पहिल्यांदा,NOUN
तिसऱ्या,NOUN
लोकसभेत,NOUN
1964,NUM
67,NUM
निवडणुकीत,NOUN
जिंकले,VERB
होते,NOUN
यावेळी,NOUN
त्यांचा,NOUN
मतदारसंघ,NOUN
होता,NOUN
बिहारमधील,NOUN
मुंगेर,NOUN
लोकसभा,NOUN
मतदारसंघ,NOUN
इथे,NOUN
पोटनिवडणूक,NOUN
झाली,VERB
होती,NOUN
1964,NUM
सालीच,NOUN
सोशालिस्ट,NOUN
पार्टी,NOUN
आणि,NOUN
प्रजा,NOUN
सोशालिस्ट,NOUN
पार्टी,NOUN
हे,PART
दोन्ही,NOUN
पक्ष,NOUN
एकमेकांत,NOUN
विलीन,NOUN
झाले,VERB
होते,NOUN
आणि,NOUN
त्यातून,NOUN
संयुक्त,NOUN
सोशालिस्ट,NOUN
पार्टी,NOUN
तयार,NOUN
झाली,VERB
होते,NOUN
याच,NOUN
संयुक्त,NOUN
सोशालिस्ट,NOUN
पार्टीच्या,PP
तिकिटावर,PP
मधू,NOUN
लिमये,NOUN
पहिल्यांदा,NOUN
लोकसभेत,NOUN
गेले,VERB
होते,NOUN
या,PART
विजयानंतर,NOUN
ते,PART
संयुक्त,NOUN
सोशालिस्ट,NOUN
पार्टीच्या,PP
संसदीय,NOUN
बोर्डाचे,NOUN
अध्यक्षही,NOUN
झाले,VERB
1967,NUM
साली,VERB
झालेल्या,NOUN
निवडणुकीतही,NOUN
मधू,NOUN
लिमये,NOUN
संयुक्त,NOUN
सोशालिस्ट,NOUN
पार्टीच्या,PP
तिकिटावर,PP
मुंगेर,NOUN
बिहार,NOUN
मधून,NOUN
विजयी,NOUN
झाले,VERB
मात्र,NOUN
पुढे,NOUN
संयुक्त,NOUN
सोशालिस्ट,NOUN
पार्टीतही,NOUN
फूट,NOUN
पडली,VERB
मग,PART
मधू,NOUN
लिमये,NOUN
पुन्हा,NOUN
सोशालिस्ट,NOUN
पार्टीकडून,NOUN
निवडणुकीत,NOUN
उभे,NOUN
राहिले,VERB
यावेळी,NOUN
त्यांनी,NOUN
मतदारसंघही,NOUN
बदलला,PP
1973,NUM
साली,VERB
बिहारमधीलच,NOUN
बांका,NOUN
मतदारसंघातून,NOUN
मधू,NOUN
लिमये,NOUN
निवडणुकीच्या,PP
रिंगणात,NOUN
उतरले,VERB
आणि,NOUN
विजयीही,NOUN
झाले,VERB
मात्र,NOUN
ही,PART
पोटनिवडणूक,NOUN
होती,NOUN
दरम्यानच्या,PP
काळात,NOUN
आणीबाणी,NOUN
जाहीर,NOUN
झाली,VERB
त्यावेळी,NOUN
जयप्रकाश,NOUN
नारायण,NOUN
यांच्या,PP
नेतृत्त्वात,NOUN
इंदिरा,NOUN
गांधींविरोधातील,NOUN
बहुतांश,NOUN
पक्ष,NOUN
एकत्र,NOUN
आले,VERB
आणि,NOUN
जनता,NOUN
दल,PART
स्थापन,NOUN
केलं,NOUN
जयप्रकाश,NOUN
नारायण,NOUN
हे,PART
त्याचे,NOUN
प्रमुख,NOUN
होते,NOUN
मग,PART
1977,NUM
साली,VERB
ते,PART
जनता,NOUN
पार्टीकडून,NOUN
बांका,NOUN
लोकसभा,NOUN
मतदारसंघातून,NOUN
विजयी,NOUN
झाले,VERB
इथे,NOUN
हेही,NOUN
नमूद,NOUN
करायला,PP
हवं,NOUN
की,PART
ते,PART
1971,NUM
च्या,PP
निवडणुकीत,NOUN
मुंगेर,NOUN
तर,PART
1980,NUM
च्या,PP
निवडणुकीत,NOUN
बांकामधून,NOUN
पराभूत,NOUN
झाले,VERB
1980,NUM
नंतर,NOUN
त्यांचा,NOUN
राजकीय,NOUN
वावरही,NOUN
कमी,NOUN
होत,NOUN
गेला,PP
आणि,NOUN
पुढे,NOUN
1982,NUM
साली,VERB
तर,PART
ते,PART
राजकारणातून,NOUN
बाहेरच,NOUN
पडले,VERB
बिहारमध्ये,PP
जातीय,NOUN
समीकरणं,NOUN
बळकट,NOUN
तरी,NOUN
कसे,NOUN
जिंकले,VERB
म्हणजेच,NOUN
चारवेळा,NOUN
मधू,NOUN
लिमये,NOUN
बिहारमधून,NOUN
जिंकले,VERB
खरे,NOUN
पण,PART
खरंतर,NOUN
ते,PART
सहावेळा,NOUN
बिहारमधून,NOUN
निवडणूक,NOUN
लढले,VERB
मूळचे,NOUN
महाराष्ट्रातील,NOUN
असलेले,VERB
मुंबई,NOUN
पुण्यात,NOUN
वाढलेले,VERB
मधू,NOUN
लिमये,NOUN
बिहारमध्ये,PP
आपलं,NOUN
राजकीय,NOUN
स्थान,NOUN
कसं,NOUN
निर्माण,NOUN
करू,NOUN
शकले,VERB
असा,NOUN
प्रश्न,NOUN
तुम्हा,NOUN
आम्हाला,PP
पडणं,NOUN
सहाजिक,NOUN
आहे,NOUN
विशेषत,NOUN
आजचं,NOUN
बिहारचं,NOUN
राजकारण,NOUN
जातीय,NOUN
समीकरणांभोवती,NOUN
फिरत,NOUN
असताना,NOUN
आणि,NOUN
बिहार,NOUN
महाराष्ट्राचे,NOUN
राजकीय,NOUN
संबंधही,NOUN
तितकेसे,NOUN
सहज,NOUN
नसण्याच्या,PP
काळात,NOUN
पुण्यातील,NOUN
माणूस,NOUN
बिहारमधून,NOUN
कसा,NOUN
विजयी,NOUN
झाला,PP
आणि,NOUN
तेही,NOUN
चारवेळा,NOUN
या,PART
प्रश्नाचं,NOUN
उत्तर,NOUN
शोधण्यासाठी,PP
आम्ही,NOUN
बिहारमधील,NOUN
राजकीय,NOUN
विश्लेषकांशी,NOUN
संवाद,NOUN
साधला,PP
बिहरामधील,NOUN
ज्येष्ठ,NOUN
पत्रकार,NOUN
मणिकांत,NOUN
ठाकूर,NOUN
म्हणतात,VERB
बिहारच्या,PP
राजकारणाची,NOUN
दोन,NOUN
भागात,NOUN
विभागणी,NOUN
करायला,PP
हवी,NOUN
एक,PART
मंडल,NOUN
आयोगापूर्वीचा,NOUN
बिहार,NOUN
आणि,NOUN
मंडल,NOUN
आयोगानंतरचा,NOUN
बिहार,NOUN
मंडल,NOUN
आयोगापूर्वी,NOUN
बिहारमध्ये,PP
जातीपेक्षा,NOUN
समाजवादी,NOUN
विचारधारेचं,NOUN
राजकारण,NOUN
अधिक,NOUN
होत,NOUN
असे,NOUN
कर्पुरी,NOUN
ठाकूर,NOUN
हे,PART
या,PART
राजकारणाचे,NOUN
शेवटचे,NOUN
नेते,NOUN
मधू,NOUN
लिमये,NOUN
हे,PART
बिहारमधून,NOUN
लढत,NOUN
असत,NOUN
तो,PART
काळ,NOUN
साठ,NOUN
आणि,NOUN
सत्तरच्या,PP
दशकाचा,NOUN
होता,NOUN
याच,NOUN
अनुषंगाने,PP
मणिकांत,NOUN
ठाकूर,NOUN
सांगतात,VERB
समाजवादी,NOUN
विचारधारा,NOUN
बिहारच्या,PP
मातीत,NOUN
राममनोहर,NOUN
लोहिया,NOUN
जयप्रकाश,NOUN
नारायण,NOUN
यांनी,NOUN
रुजवली,VERB
होती,NOUN
मधू,NOUN
लिमये,NOUN
हे,PART
याच,NOUN
दशकात,NOUN
बिहारमधून,NOUN
निवडणूक,NOUN
लढत,NOUN
त्यामुळे,NOUN
तेव्हा,NOUN
जातीपेक्षा,NOUN
विचारधारेला,PP
महत्त्व,NOUN
होतं,NOUN
आणि,NOUN
लिमये,NOUN
यांना,NOUN
त्याचा,NOUN
फायदा,NOUN
झाला,PP
ज्येष्ठ,NOUN
पत्रकार,NOUN
वेद,NOUN
प्रताप,NOUN
वैदिक,NOUN
यांचे,NOUN
मधू,NOUN
लिमये,NOUN
यांच्याशी,NOUN
कौटुंबिक,NOUN
संबंध,NOUN
होते,NOUN
वैदिक,NOUN
यांनी,NOUN
बीबीसी,NOUN
मराठीशी,NOUN
बोलताना,NOUN
मधू,NOUN
लिमयेंच्या,PP
बिहारमधील,NOUN
विजयाचं,NOUN
कारण,NOUN
सांगताना,NOUN
म्हटलं,NOUN
साठ,NOUN
सत्तरच्या,PP
दशकात,NOUN
बहुतांश,NOUN
राजकीय,NOUN
नेत्यांना,NOUN
राष्ट्रीय,NOUN
आकर्षण,NOUN
होतं,NOUN
मधू,NOUN
लिमये,NOUN
हे,PART
राष्ट्रीय,NOUN
नेते,NOUN
मानले,VERB
जात,NOUN
त्यामुळे,NOUN
त्यांना,NOUN
कुठल्या,NOUN
एका,NOUN
राज्याच्या,PP
राजकारणाचं,NOUN
बंधन,NOUN
जाणवलं,NOUN
नाही,NOUN
आज,PART
मधू,NOUN
लिमयेंसारखं,NOUN
कुणी,NOUN
महाराष्ट्रातील,NOUN
बिहारमधून,NOUN
विजयी,NOUN
होऊ,NOUN
शकतो,NOUN
का,PART
या,PART
प्रश्नावर,PP
मणिकांत,NOUN
ठाकूर,NOUN
केवळ,NOUN
हसले,VERB
आणि,NOUN
म्हणाले,VERB
तो,PART
काळ,NOUN
विचारधारेचा,NOUN
होता,NOUN
लोकही,NOUN
विचारधारेवर,PP
आणि,NOUN
मुद्द्यांवर,PP
मतं,NOUN
देत,NOUN
असत,NOUN
आता,NOUN
तसं,NOUN
आहे,NOUN
केवळ,NOUN
मणिकांत,NOUN
ठाकूर,NOUN
सांगतात,VERB
म्हणूनच,NOUN
नव्हे,NOUN
तर,PART
तुम्ही,NOUN
आम्हीही,NOUN
आजूबाजूचं,NOUN
राजकारण,NOUN
पाहिल्यानंतर,NOUN
खात्रीने,PP
सांगू,NOUN
शकत,NOUN
नाही,NOUN
की,PART
महाराष्ट्रातील,NOUN
एखादा,NOUN
नेता,NOUN
बिहारमधून,NOUN
चारवेळा,NOUN
खासदार,NOUN
होऊ,NOUN
शकेल,NOUN
पुण्यात,NOUN
1,NUM
मे,PART
1922,NUM
रोजी,NOUN
जन्मलेल्या,NOUN
मधू,NOUN
लिमये,NOUN
यांचं,NOUN
शालेय,NOUN
शिक्षण,NOUN
मुंबई,NOUN
पुण्यात,NOUN
आणि,NOUN
महाविद्यालयीन,NOUN
शिक्षण,NOUN
पुण्यातील,NOUN
फर्ग्युसन,NOUN
महाविद्यालयात,NOUN
झालं,NOUN
समाजवादी,NOUN
विचारधारेकडे,PP
वळण्याचा,NOUN
आणि,NOUN
ही,PART
विचारधारा,NOUN
मनात,NOUN
रुजण्यचा,NOUN
काळही,NOUN
महाराष्ट्रातलाच,NOUN
महाराष्ट्रातील,NOUN
राजकारणात,NOUN
वावरणाऱ्या,NOUN
मधू,NOUN
लिमयेंनी,NOUN
बिहारमधून,NOUN
चारवेळा,NOUN
खासदार,NOUN
होणं,NOUN
या,PART
गोष्टीची,NOUN
नोंद,NOUN
घेणं,NOUN
यासाठी,PP
महत्त्वाचं,NOUN
आहे,NOUN
मधू,NOUN
लिमये,NOUN
महाराष्ट्रातूनही,NOUN
निवडणूक,NOUN
लढले,VERB
होते,NOUN
संयुक्त,NOUN
महाराष्ट्र,NOUN
होण्यापूर्वी,NOUN
म्हणजे,NOUN
1957,NUM
साली,VERB
मुंबईतील,NOUN
वांद्रे,NOUN
मतदारसंघातून,NOUN
ते,PART
निवडणुकीला,PP
उभे,NOUN
राहिले,VERB
होते,NOUN
मात्र,NOUN
तिथं,NOUN
ते,PART
पराभूत,NOUN
झाले,VERB
गोवामुक्ती,NOUN
संग्रामासाठी,PP
त्यांनी,NOUN
आंदोलनं,NOUN
केल्यानं,NOUN
आणि,NOUN
लोकांना,NOUN
एकत्र,NOUN
केल्यानं,NOUN
त्यांच्याबद्दल,NOUN
लोकांमध्ये,PP
आकर्षण,NOUN
होतं,NOUN
मात्र,NOUN
निवडणुकीत,NOUN
त्याचा,NOUN
काही,NOUN
फायदा,NOUN
झाला,PP
नाही,NOUN
पुढे,NOUN
1958,NUM
साली,VERB
ते,PART
सोशालिस्ट,NOUN
पार्टीचे,NOUN
अध्यक्ष,NOUN
झाले,VERB
आणि,NOUN
त्यांनी,NOUN
राष्ट्रीय,NOUN
राजकारणात,NOUN
रस,PART
घेण्यास,NOUN
सुरुवात,NOUN
केली,VERB
राष्ट्रीय,NOUN
राजकारणात,NOUN
मधू,NOUN
लिमयेंना,NOUN
यशही,NOUN
मिळालं,NOUN
आणि,NOUN
त्यांनी,NOUN
त्यांच्या,PP
नेतृत्त्वाची,NOUN
चमकही,NOUN
दाखवली,VERB
केवळ,NOUN
राष्ट्रीय,NOUN
राजकारणातील,NOUN
नेता,NOUN
म्हणून,NOUN
नव्हे,NOUN
तर,PART
प्रामाणिक,NOUN
आणि,NOUN
तत्त्वनिष्ठ,NOUN
राजकारणी,NOUN
म्हणून,NOUN
ते,PART
भारतभर,NOUN
गाजले,VERB
लिमयेंच्या,PP
या,PART
गुणांना,NOUN
दुजोरा,NOUN
देणारे,NOUN
काही,NOUN
प्रसंग,NOUN
डोळ्यांदेखत,NOUN
पाहिलेले,VERB
ज्येष्ठ,NOUN
पत्रकार,NOUN
वेदप्रताप,NOUN
वैदिक,NOUN
यांनी,NOUN
बीबीसी,NOUN
मराठीशी,NOUN
बोलताना,NOUN
सांगितलं,NOUN
आजच्या,PP
घडीला,PP
आपण,NOUN
कल्पनाही,NOUN
करू,NOUN
शकत,NOUN
नाही,NOUN
इतकी,NOUN
विनम्रता,NOUN
आणि,NOUN
प्रामाणिकपणा,NOUN
त्यांच्यात,NOUN
होता,NOUN
असं,NOUN
वेद,NOUN
प्रताप,NOUN
वैदिक,NOUN
म्हणतात,VERB
आपण,NOUN
व्यापाऱ्यांचे,NOUN
दलाल,NOUN
आहोत,NOUN
का,PART
वेद,NOUN
प्रताप,NOUN
वैदिक,NOUN
हे,PART
मधू,NOUN
लिमयेंच्या,PP
घरात,NOUN
होते,NOUN
तेव्हा,NOUN
पोस्टमन,NOUN
एक,PART
हजार,NOUN
रुपयाचं,NOUN
मनी,NOUN
ऑर्डर,NOUN
घेऊन,NOUN
आला,PP
वैदिक,NOUN
यांनी,NOUN
त्या,NOUN
मनी,NOUN
ऑर्डरवर,PP
सही,NOUN
केली,VERB
आणि,NOUN
पैसे,NOUN
घेतले,VERB
संध्याकाळी,NOUN
ज्यावेळी,NOUN
मधू,NOUN
लिमये,NOUN
घरी,NOUN
परतले,VERB
तेव्हा,NOUN
त्यांना,NOUN
वैदिक,NOUN
यांनी,NOUN
मनी,NOUN
ऑर्डरचे,NOUN
पैसे,NOUN
दिले,VERB
मग,PART
हे,PART
पैसे,NOUN
कुणी,NOUN
पाठवले,VERB
याची,NOUN
चौकशी,NOUN
केली,VERB
असता,NOUN
त्यांच्या,PP
लक्षात,NOUN
आलं,NOUN
की,PART
संसदेत,NOUN
तांदळासंदर्भात,NOUN
प्रश्न,NOUN
विचारून,NOUN
एका,NOUN
भ्रष्टाचाराचा,NOUN
भांडाफोड,NOUN
मधू,NOUN
लिमयेंनी,NOUN
केला,PP
होता,NOUN
त्यामुळे,NOUN
एका,NOUN
व्यापाऱ्याला,PP
फायदा,NOUN
झाला,PP
होता,NOUN
आणि,NOUN
कृतज्ञता,NOUN
म्हणून,NOUN
त्याने,PP
पैसे,NOUN
पाठवले,VERB
होते,NOUN
तेव्हा,NOUN
मधू,NOUN
लिमये,NOUN
काहीसे,NOUN
संतापले,VERB
आणि,NOUN
वैदिक,NOUN
यांना,NOUN
म्हणाले,VERB
आपण,NOUN
काही,NOUN
व्यापाऱ्यांचे,NOUN
दलाल,NOUN
आहोत,NOUN
का,PART
हे,PART
पैसे,NOUN
त्या,NOUN
व्यापाऱ्याला,PP
परत,NOUN
पाठवा,NOUN
वेद,NOUN
प्रताप,NOUN
वैदिक,NOUN
यांनी,NOUN
दुसऱ्याच,NOUN
दिवशी,NOUN
पोस्ट,NOUN
ऑफिसमध्ये,PP
जाऊन,NOUN
त्या,NOUN
व्यापाऱ्याला,PP
पैसे,NOUN
परत,NOUN
पाठवले,VERB
असाच,NOUN
एक,PART
किस्सा,NOUN
मधू,NOUN
लिमये,NOUN
यांचे,NOUN
सहकारी,NOUN
राहिलेले,VERB
रघू,NOUN
ठाकूर,NOUN
यांनी,NOUN
बीबीसी,NOUN
हिंदीशी,NOUN
बोलताना,NOUN
सांगितलं,NOUN
होता,NOUN
खासदारकी,NOUN
संपल्यानंतर,NOUN
तातडीनं,NOUN
घर,PART
रिकामं,NOUN
पाच,NOUN
वर्षांचा,NOUN
खासदारकीचा,NOUN
कालावधी,NOUN
संपला,PP
तेव्हा,NOUN
ते,PART
तुरुंगात,NOUN
होते,NOUN
त्यांनी,NOUN
पत्नीला,PP
पत्र,NOUN
लिहिलं,NOUN
आणि,NOUN
सांगितलं,NOUN
तातडीने,PP
दिल्लीला,PP
जा,PART
आणि,NOUN
सरकारी,NOUN
निवासस्थान,NOUN
रिकामं,NOUN
कर,PART
एवढी,NOUN
नैतिकता,NOUN
लिमयेंमध्ये,PP
होती,NOUN
असं,NOUN
रघू,NOUN
ठाकूर,NOUN
सांगतात,VERB
मधू,NOUN
लिमयेंच्या,PP
पत्नी,NOUN
चंपा,NOUN
लिमये,NOUN
याही,NOUN
एवढ्या,NOUN
एकनिष्ठ,NOUN
होत्या,NOUN
की,PART
त्या,NOUN
मुंबईहून,NOUN
तातडीने,PP
दिल्लीला,PP
गेल्या,NOUN
घरातील,NOUN
सर्व,NOUN
सामान,NOUN
बाहेर,NOUN
रस्त्यावर,PP
काढलं,NOUN
आता,NOUN
पुढे,NOUN
कुठं,NOUN
जायचं,NOUN
हेही,NOUN
चंपा,NOUN
लिमयेंना,NOUN
माहीत,NOUN
नव्हतं,NOUN
तेव्हा,NOUN
समाजवादी,NOUN
चळवळीशी,NOUN
जोडलेला,PP
एक,PART
पत्रकार,NOUN
त्याच,NOUN
रस्त्यावरून,NOUN
जात,NOUN
होता,NOUN
त्यानं,NOUN
हे,PART
सर्व,NOUN
पाहिलं,NOUN
तेव्हा,NOUN
मग,PART
त्या,NOUN
पत्रकारानं,NOUN
ते,PART
सामान,NOUN
आणि,NOUN
चंपा,NOUN
लिमयेंना,NOUN
आपल्या,NOUN
घरी,NOUN
नेलं,NOUN
असं,NOUN
रघू,NOUN
ठाकूर,NOUN
सांगतात,VERB
मधू,NOUN
लिमयेंच्या,PP
प्रामाणिक,NOUN
राजकारण्यांचे,NOUN
बरेच,NOUN
किस्से,NOUN
त्यांचे,NOUN
सहकारी,NOUN
सांगतात,VERB
मग,PART
खासदारला,PP
मिळणारं,NOUN
पेन्शन,NOUN
न,PART
घेण्याचा,NOUN
निर्णय,NOUN
असो,NOUN
किंवा,NOUN
आणीबाणीवेळी,NOUN
एक,PART
वर्षानं,NOUN
लोकसभेचा,NOUN
कालावधी,NOUN
वाढवला,PP
असातनाही,NOUN
पाच,NOUN
वर्षं,NOUN
पूर्ण,NOUN
झाल्याने,PP
खासदारकीचा,NOUN
राजीनामा,NOUN
देणं,NOUN
असो,NOUN
रघू,NOUN
ठाकूर,NOUN
सांगतात,VERB
पेन्शन,NOUN
त्यांनी,NOUN
हयातीत,NOUN
घेतलं,NOUN
नाहीच,NOUN
पण,PART
पत्नीलाही,NOUN
सांगून,NOUN
ठेवलं,NOUN
की,PART
माझ्यानंतरही,NOUN
पेन्शन,NOUN
घ्यायची,NOUN
नाही,NOUN
मुंबई,NOUN
पुण्यात,NOUN
वाढलेला,PP
आधी,NOUN
काँग्रसमध्ये,PP
सक्रीय,NOUN
आणि,NOUN
नंतर,NOUN
समाजवादी,NOUN
विचारधारेकडे,PP
वळलेला,PP
स्वातंत्र्य,NOUN
चळवळीत,NOUN
भाग,NOUN
घेतलेला,PP
आणि,NOUN
देशाचं,NOUN
सर्वोच्च,NOUN
सभागृह,NOUN
आपल्या,NOUN
प्रश्नांनी,NOUN
भाषणांनी,NOUN
दणाणून,NOUN
सोडलेल्या,NOUN
या,PART
नेत्याचं,NOUN
बिहारसह,NOUN
भारताच्या,PP
राजकीय,NOUN
इतिहासात,NOUN
अनन्यसाधारण,NOUN
महत्त्व,NOUN
आहे,NOUN
महाराष्ट्राच्या,PP
विधानसभेची,NOUN
पहिली,VERB
निवडणूक,NOUN
आणि,NOUN
तीन,NOUN
मुख्यमंत्री1,NOUN
मे,PART
2021,NUM
महाराष्ट्राच्या,PP
विधानसभेची,NOUN
पहिली,VERB
निवडणूक,NOUN
आणि,NOUN
तीन,NOUN
मुख्यमंत्री,NOUN
सातारा,NOUN
लोकसभा,NOUN
मतदारसंघ,NOUN
शरद,NOUN
पवार,NOUN
विरुद्ध,NOUN
अजित,NOUN
पवार,NOUN
असा,NOUN
सामना,NOUN
की,PART
4,NUM
जून,NOUN
2024,NUM
सातारा,NOUN
लोकसभा,NOUN
मतदारसंघ,NOUN
शरद,NOUN
पवार,NOUN
विरुद्ध,NOUN
अजित,NOUN
पवार,NOUN
असा,NOUN
सामना,NOUN
की,PART
शिरूर,NOUN
लोकसभा,NOUN
अमोल,NOUN
कोल्हेंविरोधात,NOUN
शिंदे,NOUN
गट,PART
की,PART
अजित,NOUN
पवार,NOUN
गट,PART
लढणार,NOUN
4,NUM
जून,NOUN
2024,NUM
शिरूर,NOUN
लोकसभा,NOUN
अमोल,NOUN
कोल्हेंविरोधात,NOUN
शिंदे,NOUN
गट,PART
की,PART
अजित,NOUN
पवार,NOUN
गट,PART
लढणार,NOUN
अमेरिकेच्या,PP
हाऊस,NOUN
ऑफ,PART
रिप्रेझेंटेटिव्ह,NOUN
मध्ये,PP
देशातील,NOUN
शटडाऊन,NOUN
संपवण्याशी,NOUN
संबंधित,NOUN
विधेयक,NOUN
मंजूर,NOUN
झाले,VERB
आहे,NOUN
हे,PART
विधेयक,NOUN
222,NUM
विरुद्ध,NOUN
209,NUM
मतांनी,NOUN
मंजूर,NOUN
झाले,VERB
हाऊस,NOUN
ऑफ,PART
रिप्रेझेंटेटिव्ह,NOUN
हे,PART
अमेरिकन,NOUN
संसदेचे,NOUN
काँग्रेस,NOUN
कनिष्ठ,NOUN
सभागृह,NOUN
आहे,NOUN
तर,PART
सिनेट,NOUN
हे,PART
त्याचे,NOUN
वरिष्ठ,NOUN
सभागृह,NOUN
आहे,NOUN
जसं,NOUN
आपल्याकडे,PP
लोकसभा,NOUN
आणि,NOUN
राज्यसभा,NOUN
असते,NOUN
तसंच,NOUN
अमेरिकेत,NOUN
हाऊस,NOUN
ऑफ,PART
रिप्रेझेंटेटिव्ह,NOUN
आणि,NOUN
सिनेट,NOUN
असते,NOUN
मतदानादरम्यान,NOUN
सहा,NOUN
डेमोक्रॅट,NOUN
सदस्यांनी,NOUN
या,PART
रिपब्लिकन,NOUN
विधेयकाला,PP
पाठिंबा,NOUN
दिला,PP
या,PART
विधेयकावर,PP
राष्ट्राध्यक्ष,NOUN
डोनाल्ड,NOUN
ट्रम्प,NOUN
यांनी,NOUN
सही,NOUN
केली,VERB
आहे,NOUN
ट्रम्प,NOUN
यांनी,NOUN
आधीच,NOUN
सांगितले,VERB
होते,NOUN
की,PART
ते,PART
या,PART
विधेयकावर,PP
गुरुवारीच,NOUN
13,NUM
नोव्हेंबर,NOUN
स्वाक्षरी,NOUN
करण्याचा,NOUN
विचार,NOUN
करतील,NOUN
त्यांच्या,PP
स्वाक्षरीनंतर,NOUN
हा,PART
शटडाऊन,NOUN
संपुष्टात,NOUN
आला,PP
विधेयक,NOUN
मंजूर,NOUN
झाल्यानंतर,NOUN
हाऊस,NOUN
ऑफ,PART
रिप्रेझेन्टेटिव्ह,NOUN
चे,PART
सभापती,NOUN
माइक,NOUN
जॉन्सन,NOUN
यांनी,NOUN
म्हटलं,NOUN
की,PART
आज,PART
आम्हाला,PP
खूप,NOUN
दिलासा,NOUN
वाटतो,NOUN
आहे,NOUN
डेमोक्रॅट्समुळे,NOUN
झालेला,PP
शटडाऊन,NOUN
अखेर,NOUN
संपला,PP
आहे,NOUN
जॉन्सन,NOUN
यांनी,NOUN
शटडाऊनसाठी,PP
विरोधी,NOUN
डेमोक्रॅट,NOUN
खासदारांना,NOUN
जबाबदार,NOUN
धरले,VERB
शटडाऊनमुळे,NOUN
अनेक,NOUN
सरकारी,NOUN
कामकाज,NOUN
ठप्प,NOUN
झाले,VERB
आहेत,NOUN
संघीय,NOUN
सरकारी,NOUN
कर्मचारी,NOUN
मोठ्या,NOUN
प्रमाणात,NOUN
सुटीवर,PP
गेले,VERB
आहेत,NOUN
किंवा,NOUN
पगाराशिवाय,NOUN
काम,NOUN
करत,NOUN
आहेत,NOUN
खरं,NOUN
तर,PART
सिनेटमध्ये,PP
सरकारच्या,PP
खर्चाशी,NOUN
संबंधित,NOUN
विधेयक,NOUN
पारित,NOUN
होऊ,NOUN
शकले,VERB
नव्हते,NOUN
सिनेट,NOUN
सदस्यांनी,NOUN
हे,PART
विधेयक,NOUN
तब्बल,NOUN
14,NUM
वेळा,NOUN
नाकारले,VERB
होते,NOUN
त्यामुळे,NOUN
अमेरिकेत,NOUN
शटडाऊनची,NOUN
स्थिती,NOUN
निर्माण,NOUN
झाली,VERB
ऑक्टोबर,NOUN
महिन्यात,NOUN
सुरू,NOUN
झाला,PP
होता,NOUN
शटडाऊन,NOUN
अमेरिकन,NOUN
केंद्र,NOUN
सरकारचं,NOUN
शटडाऊन,NOUN
ऑक्टोबर,NOUN
महिन्यात,NOUN
सुरू,NOUN
झालं,NOUN
होतं,NOUN
शटडाऊनमुळे,NOUN
अमेरिकन,NOUN
सरकारचे,NOUN
बिगर,NOUN
अत्यावश्यक,NOUN
उपक्रम,NOUN
आणि,NOUN
सेवादेखील,NOUN
बंद,NOUN
करण्यात,NOUN
आल्या,NOUN
होत्या,NOUN
अमेरिकेतील,NOUN
हे,PART
शटडाऊन,NOUN
नेमकं,NOUN
असतं,NOUN
तरी,NOUN
काय,NOUN
ही,PART
स्थिती,NOUN
का,PART
येते,NOUN
2018,NUM
नंतर,NOUN
पहिल्यांदाच,NOUN
अमेरिकेतील,NOUN
सरकार,NOUN
शटडाऊनला,PP
सामोरं,NOUN
गेलं,NOUN
यामुळे,NOUN
बिगर,NOUN
आवश्यक,NOUN
कर्मचाऱ्यांना,NOUN
विना,NOUN
वेतन,NOUN
सुट्टीवर,PP
जाण्याची,NOUN
वेळ,NOUN
आली,VERB
होती,NOUN
अमेरिकेच्या,PP
सरकारला,PP
निधी,NOUN
उपलब्ध,NOUN
करून,NOUN
देण्यासाठीचा,NOUN
डेमोक्रॅट्सचा,NOUN
प्रस्ताव,NOUN
सिनेटमध्ये,PP
फेटाळला,PP
गेला,PP
हे,PART
विधेयक,NOUN
47,NUM
विरुद्ध,NOUN
53,NUM
मतांनी,NOUN
फेटाळलं,NOUN
गेलं,NOUN
अमेरिकेच्या,PP
सरकारला,PP
शटडाऊनपासून,NOUN
वाचण्यासाठी,PP
हा,PART
प्रस्ताव,NOUN
मांडण्यात,NOUN
आला,PP
होता,NOUN
मात्र,NOUN
100,NUM
सदस्य,NOUN
असलेल्या,NOUN
या,PART
सभागृहात,NOUN
हे,PART
विधेयक,NOUN
मंजूर,NOUN
होण्यासाठी,PP
60,NUM
मतं,NOUN
आवश्यक,NOUN
होती,NOUN
मात्र,NOUN
तसा,NOUN
पाठिंबा,NOUN
त्यांना,NOUN
मिळाला,PP
नाही,NOUN
त्यानंतर,NOUN
रिपब्लिकन,NOUN
पक्षाचं,NOUN
फंडिंगचं,NOUN
विधेयकंदेखील,NOUN
55,NUM
विरुद्ध,NOUN
45,NUM
मतांनी,NOUN
फेटाळलं,NOUN
गेलं,NOUN
यानंतर,NOUN
व्हाईट,NOUN
हाऊसच्या,PP
वेबसाईटवर,PP
शटडाऊनच्या,PP
काउंटडाऊनचं,NOUN
क्लॉक,NOUN
किंवा,NOUN
घड्याळ,NOUN
लावण्यात,NOUN
आलं,NOUN
वेबसाईटच्या,PP
पेजवर,PP
याला,PP
डेमोक्रॅट,NOUN
शटडाऊन,NOUN
म्हणत,NOUN
लोक,NOUN
डेमोक्रॅट्सशी,NOUN
सहमत,NOUN
नाहीत,NOUN
असं,NOUN
लिहिण्यात,NOUN
आलं,NOUN
अमेरिकेचं,NOUN
सरकार,NOUN
चालवण्यासाठी,PP
प्रत्येक,NOUN
वर्षी,NOUN
अर्थसंकल्प,NOUN
मंजूर,NOUN
करणं,NOUN
आवश्यक,NOUN
असतं,NOUN
जर,PART
काही,NOUN
कारणास्तव,NOUN
सीनेट,NOUN
आणि,NOUN
हाऊस,NOUN
यांची,NOUN
मंजूरी,NOUN
मिळाली,VERB
नाही,NOUN
आणि,NOUN
फंडिंगचं,NOUN
विधेयक,NOUN
पास,NOUN
झालं,NOUN
नाही,NOUN
तर,PART
सरकारी,NOUN
यंत्रणांना,NOUN
कर्मचाऱ्यांना,NOUN
पगार,NOUN
मिळत,NOUN
नाही,NOUN
परिणामी,NOUN
नॉन,NOUN
इसेन्शियल,NOUN
बिगर,NOUN
अत्यावश्यक,NOUN
सेवा,NOUN
आणि,NOUN
कार्यालयं,NOUN
बंद,NOUN
होतात,VERB
यालाच,NOUN
शटडाऊन,NOUN
म्हटलं,NOUN
जातं,NOUN
व्हाईट,NOUN
हाऊसने,PP
काय,NOUN
म्हटलं,NOUN
होतं,NOUN
व्हाईट,NOUN
हाऊसच्या,PP
व्यवस्थापन,NOUN
आणि,NOUN
अर्थसंकल्प,NOUN
कार्यालयानं,NOUN
देखील,NOUN
मेमो,NOUN
जारी,NOUN
करत,NOUN
सरकारी,NOUN
कामकाज,NOUN
मंगळवार,NOUN
7,NUM
ऑक्टोबर,NOUN
मध्यरात्रीपासून,NOUN
बंद,NOUN
होईल,NOUN
असं,NOUN
म्हटलं,NOUN
होतं,NOUN
या,PART
मेमोवर,PP
संचालक,NOUN
रसेल,NOUN
वॉट,NOUN
यांची,NOUN
सही,NOUN
होती,NOUN
या,PART
दरम्यान,NOUN
डेमोक्रॅट्स,NOUN
आणि,NOUN
रिपब्लिकन,NOUN
या,PART
शटडाऊनची,NOUN
जबाबदारी,NOUN
एकमेकांवर,PP
टाकत,NOUN
होते,NOUN
रिपब्लिकन,NOUN
पक्षाचं,NOUN
काँग्रेसवर,PP
नियंत्रण,NOUN
आहे,NOUN
मात्र,NOUN
खर्चाशी,NOUN
संबंधित,NOUN
कोणतंही,NOUN
विधेयक,NOUN
सिनेटमध्ये,PP
मंजूर,NOUN
करण्यासाठी,PP
60,NUM
मतांची,NOUN
आवश्यकता,NOUN
असते,NOUN
ट्रम्प,NOUN
सरकारकडे,PP
तितकी,NOUN
मतं,NOUN
नाहीत,NOUN
शटडाऊनचा,NOUN
परिणाम,NOUN
व्यापक,NOUN
स्वरूपाचा,NOUN
असतो,NOUN
नॅशनल,NOUN
पार्क,NOUN
बंद,NOUN
झाले,VERB
लेबर,NOUN
डिपार्टमेंट,NOUN
म्हणजे,NOUN
कामगार,NOUN
खात्याअंतर्गत,NOUN
काम,NOUN
करणारा,NOUN
ब्युरो,NOUN
ऑफ,PART
लेबर,NOUN
स्टॅटिस्टिक्सदेखील,NOUN
बंद,NOUN
करण्यात,NOUN
आला,PP
होता,NOUN
शुक्रवारी,NOUN
3,NUM
ऑक्टोबर,NOUN
येणारा,NOUN
मासिक,NOUN
नोकरी,NOUN
अहवाल,NOUN
देखील,NOUN
प्रसिद्ध,NOUN
झाला,PP
नव्हता,NOUN
अलीकडच्या,PP
महिन्यांमध्ये,PP
नोकरभरतीत,NOUN
घसरण,NOUN
झाल्यामुळे,NOUN
या,PART
अहवालाची,NOUN
मोठ्या,NOUN
प्रमाणात,NOUN
वाट,NOUN
पाहण्यात,NOUN
येत,NOUN
होती,NOUN
तज्ज्ञांचं,NOUN
म्हणणं,NOUN
आहे,NOUN
की,PART
अहवाल,NOUN
न,PART
आल्यामुळे,NOUN
अमेरिकेच्या,PP
अर्थव्यवस्थेचं,NOUN
चित्र,NOUN
आणखी,NOUN
अस्पष्ट,NOUN
होईल,NOUN
आणि,NOUN
आधीच,NOUN
असलेली,VERB
अस्थिरता,NOUN
आणखी,NOUN
वाढेल,NOUN
सरकारच्या,PP
कामकाजावर,PP
काय,NOUN
परिणाम,NOUN
होईल,NOUN
शटडाऊनमुळे,NOUN
सरकारचं,NOUN
कामकाज,NOUN
पूर्णपणे,NOUN
बंद,NOUN
होत,NOUN
नाही,NOUN
सीमा,NOUN
सुरक्षा,NOUN
हॉस्पिटलमधील,NOUN
वैद्यकीय,NOUN
सेवा,NOUN
कायदा,NOUN
सुव्यवस्था,NOUN
आणि,NOUN
एअर,NOUN
ट्रॅफिक,NOUN
कंट्रोल,NOUN
या,PART
सारख्या,NOUN
सेवा,NOUN
यादरम्यान,NOUN
सुरू,NOUN
राहतील,NOUN
सामाजिक,NOUN
सुरक्षा,NOUN
आणि,NOUN
वैद्यकीय,NOUN
सेवा,NOUN
यांना,NOUN
सरकारकडून,NOUN
निधी,NOUN
पुरवला,PP
जाईल,NOUN
मात्र,NOUN
बेनिफिट,NOUN
व्हेरिफिकेशन,NOUN
आणि,NOUN
कार्ड,NOUN
जारी,NOUN
करण्याचं,NOUN
काम,NOUN
बंद,NOUN
केली,VERB
जातात,VERB
सर्वसाधारणपणे,NOUN
शटडाऊनमध्ये,PP
अत्यावश्यक,NOUN
सेवांचे,NOUN
कर्मचारी,NOUN
सामान्य,NOUN
प्रकारे,NOUN
कार्यरत,NOUN
राहतात,VERB
काही,NOUN
कर्मचाऱ्यांना,NOUN
यादरम्यान,NOUN
पगार,NOUN
मिळत,NOUN
नाहीत,NOUN
मात्र,NOUN
बिगर,NOUN
अत्यावश्यक,NOUN
सेवांच्या,PP
सरकारी,NOUN
कर्मचाऱ्यांना,NOUN
तात्पुरत्या,NOUN
स्वरुपात,NOUN
विना,NOUN
पगाराच्या,PP
सुट्टीवर,PP
पाठवलं,NOUN
जातं,NOUN
अर्थात,NOUN
या,PART
कर्मचाऱ्यांना,NOUN
मागील,NOUN
तारखांपासून,NOUN
त्यांचा,NOUN
पगार,NOUN
देण्यात,NOUN
आला,PP
होता,NOUN
याचा,NOUN
अर्थ,NOUN
फूड,NOUN
असिस्टंट,NOUN
प्रोग्रॅम,NOUN
फेडरल,NOUN
सरकारकडून,NOUN
निधी,NOUN
दिल्या,NOUN
जाणाऱ्या,NOUN
प्री,NOUN
स्कूल,NOUN
विद्यार्थी,NOUN
कर्ज,NOUN
अन्न,NOUN
तपासणी,NOUN
आणि,NOUN
नॅशनल,NOUN
पार्कांचं,NOUN
कामकाज,NOUN
यासारख्या,NOUN
सेवा,NOUN
कमी,NOUN
होऊ,NOUN
होतात,VERB
विश्लेषकांनी,NOUN
अंदाज,NOUN
वर्तवला,PP
होता,NOUN
की,PART
2018,NUM
च्या,PP
शेवटी,NOUN
झालेल्या,NOUN
शटडाऊनपेक्षा,NOUN
हे,PART
शटडाऊन,NOUN
मोठं,NOUN
ठरू,NOUN
शकतं,NOUN
त्यावेळेस,NOUN
काँग्रेसनं,NOUN
काही,NOUN
फंडिंग,NOUN
विधेयकं,NOUN
मंजूर,NOUN
केली,VERB
होती,NOUN
त्यांचा,NOUN
अंदाज,NOUN
होता,NOUN
की,PART
फेडरल,NOUN
सरकारचे,NOUN
जवळपास,NOUN
40,NUM
टक्के,NOUN
म्हणजे,NOUN
आठ,PART
लाखांहून,NOUN
अधिक,NOUN
कर्मचाऱ्यांना,NOUN
विना,NOUN
पगार,NOUN
रजा,NOUN
किंवा,NOUN
तात्पुरत्या,NOUN
रजेवर,PP
पाठवलं,NOUN
जाऊ,NOUN
शकतं,NOUN
अमेरिकेत,NOUN
शटडाऊन,NOUN
होणं,NOUN
किती,NOUN
सामान्य,NOUN
बाब,NOUN
आहे,NOUN
अमेरिकेत,NOUN
गेल्या,NOUN
50,NUM
वर्षांच्या,PP
कालावधीत,NOUN
शटडाऊन,NOUN
होणं,NOUN
ही,PART
खूपच,NOUN
सामान्य,NOUN
बाब,NOUN
झाली,VERB
आहे,NOUN
ट्रम्प,NOUN
यांच्या,PP
पहिल्या,NOUN
कार्यकाळाच्या,PP
वेळेस,NOUN
तीनवेळा,NOUN
असं,NOUN
झालं,NOUN
होतं,NOUN
त्यात,NOUN
अमेरिकेच्या,PP
इतिहासातील,NOUN
सर्वात,NOUN
मोठ्या,NOUN
36,NUM
दिवसांच्या,PP
शटडाऊनचाही,NOUN
समावेश,NOUN
आहे,NOUN
तो,PART
जानेवारी,NOUN
2019,NUM
मध्ये,PP
संपला,PP
होता,NOUN
1980,NUM
च्या,PP
दशकात,NOUN
रोनाल्ड,NOUN
रेगन,NOUN
यांच्या,PP
कार्यकाळात,NOUN
आठ,PART
वेळा,NOUN
शटडाऊन,NOUN
झालं,NOUN
होतं,NOUN
डोनाल्ड,NOUN
ट्रम्प,NOUN
यांच्या,PP
या,PART
नव्या,NOUN
निर्णयामुळं,NOUN
भारताची,NOUN
एक,PART
महत्त्वाची,NOUN
शक्ती,NOUN
धोक्यात,NOUN
27,NUM
सप्टेंबर,NOUN
2025,NUM
डोनाल्ड,NOUN
ट्रम्प,NOUN
यांच्या,PP
या,PART
नव्या,NOUN
निर्णयामुळं,NOUN
भारताची,NOUN
एक,PART
महत्त्वाची,NOUN
शक्ती,NOUN
धोक्यात,NOUN
डोनाल्ड,NOUN
ट्रम्प,NOUN
यांची,NOUN
गाझा,NOUN
योजना,NOUN
महत्त्वाचं,NOUN
पाऊल,NOUN
पण,PART
त्यात,NOUN
हे,PART
अडथळे30,NOUN
सप्टेंबर,NOUN
2025,NUM
डोनाल्ड,NOUN
ट्रम्प,NOUN
यांची,NOUN
गाझा,NOUN
योजना,NOUN
महत्त्वाचं,NOUN
पाऊल,NOUN
पण,PART
त्यात,NOUN
हे,PART
अडथळे,NOUN
अमेरिकेच्या,PP
राष्ट्राध्यक्षांसाठी,PP
ब्रिटनची,NOUN
शाही,NOUN
मेजवानी,NOUN
किंग,NOUN
चार्ल्स,NOUN
आणि,NOUN
डोनाल्ड,NOUN
ट्रम्प,NOUN
यांच्यात,NOUN
काय,NOUN
चर्चा,NOUN
झाली,VERB
18,NUM
सप्टेंबर,NOUN
2025,NUM
अमेरिकेच्या,PP
राष्ट्राध्यक्षांसाठी,PP
ब्रिटनची,NOUN
शाही,NOUN
मेजवानी,NOUN
किंग,NOUN
चार्ल्स,NOUN
आणि,NOUN
डोनाल्ड,NOUN
ट्रम्प,NOUN
यांच्यात,NOUN
काय,NOUN
चर्चा,NOUN
झाली,VERB
19,NUM
मार्च,NOUN
2024अपडेटेड,NOUN
5,NUM
तासांपूर्वी,NOUN
आज,PART
पं,PART
जवाहरलाल,NOUN
नेहरू,NOUN
यांचा,NOUN
जन्मदिन,NOUN
आहे,NOUN
त्या,NOUN
निमित्ताने,PP
हा,PART
लेख,NOUN
पुन्हा,NOUN
शेअर,NOUN
करत,NOUN
आहोत,NOUN
कागदी,NOUN
खोळीत,NOUN
उजेड,NOUN
घेऊन,NOUN
चाललेला,PP
हातागाडीवाला,PP
मी,PART
विचारले,VERB
हा,PART
प्रकाश,NOUN
आत्ता,NOUN
कशाला,PP
नेतो,NOUN
आहेस,NOUN
वा,PART
राव,NOUN
पुढे,NOUN
काळोख,NOUN
दात,NOUN
विचकित,NOUN
असेल,NOUN
नेहरू,NOUN
गेले,VERB
त्यावेळची,NOUN
गोष्ट,NOUN
27,NUM
मे,PART
1964,NUM
तत्कालीन,NOUN
पंतप्रधान,NOUN
पं,PART
जवाहरलाल,NOUN
यांच्या,PP
निधनानंतर,NOUN
नारायण,NOUN
सुर्वे,NOUN
यांनी,NOUN
या,PART
ओळी,NOUN
लिहिल्या,NOUN
होत्या,NOUN
त्या,NOUN
काळात,NOUN
असलेल्या,NOUN
लोकांच्या,PP
भावनाच,NOUN
त्यांनी,NOUN
या,PART
ओळीतून,NOUN
मांडल्या,NOUN
होत्या,NOUN
काश्मीरपासून,NOUN
कन्याकुमारीपर्यंत,NOUN
आणि,NOUN
आसामपासून,NOUN
ते,PART
गुजरातपर्यंत,NOUN
त्यांची,NOUN
जादू,NOUN
जनमानसावर,PP
होती,NOUN
महात्मा,NOUN
गांधी,NOUN
यांच्यानंतर,NOUN
इतकी,NOUN
लोकप्रिय,NOUN
व्यक्ती,NOUN
त्यावेळी,NOUN
भारतात,VERB
नव्हतीच,NOUN
भारत,NOUN
स्वतंत्र,NOUN
झाल्यानंतर,NOUN
मध्यरात्री,NOUN
बारा,NOUN
वाजता,NOUN
त्यांनी,NOUN
दिलेले,VERB
भाषण,NOUN
ट्रिस्ट,NOUN
विथ,NOUN
डेस्टिनी,NOUN
हे,PART
अनेकांनी,NOUN
त्या,NOUN
काळात,NOUN
पाठच,NOUN
केले,VERB
होते,NOUN
पारंपरिक,NOUN
शेरवाणीला,PP
बाह्या,NOUN
नसलेले,VERB
जॅकेट,NOUN
ते,PART
घालायचे,NOUN
त्यालाच,NOUN
पुढे,NOUN
नेहरू,NOUN
जॅकेट,NOUN
म्हटलं,NOUN
जाऊ,NOUN
लागलं,NOUN
आणि,NOUN
ते,PART
आजही,NOUN
प्रसिद्ध,NOUN
आहे,NOUN
यावरुनच,NOUN
त्यांच्या,PP
लोकप्रियतेची,NOUN
झलक,NOUN
पाहायला,PP
मिळते,NOUN
आजही,NOUN
कुणी,NOUN
कोटाला,PP
फुल,NOUN
लावले,VERB
तर,PART
नेहरूंची,NOUN
आठवण,NOUN
झाल्याशिवाय,NOUN
राहत,NOUN
नाही,NOUN
पं,PART
नेहरू,NOUN
हे,PART
देशातील,NOUN
सर्वाधिक,NOUN
काळ,NOUN
राहिलेले,VERB
पंतप्रधान,NOUN
आहेत,NOUN
पं,PART
नेहरू,NOUN
हे,PART
सलग,NOUN
16,NUM
वर्षं,NOUN
पंतप्रधान,NOUN
राहिले,VERB
होते,NOUN
पण,PART
तुम्हाला,PP
माहीत,NOUN
आहे,NOUN
का,PART
पंतप्रधान,NOUN
म्हणून,NOUN
दोन,NOUN
टर्म,NOUN
पूर्ण,NOUN
केल्यानंतर,NOUN
पं,PART
नेहरूंची,NOUN
पंतप्रधानपदी,NOUN
राहिण्याची,NOUN
इच्छा,NOUN
नव्हती,NOUN
मग,PART
असं,NOUN
काय,NOUN
घडलं,NOUN
आणि,NOUN
ते,PART
आणखी,NOUN
पाच,NOUN
वर्षं,NOUN
म्हणजे,NOUN
त्यांच्या,PP
मृत्यूपर्यंत,NOUN
पंतप्रधान,NOUN
राहिले,VERB
केरळ,NOUN
लिटरेचर,NOUN
फेस्टिवलमध्ये,PP
काँग्रेसचे,NOUN
खासदार,NOUN
आणि,NOUN
नेहरू,NOUN
इन्वेन्शन,NOUN
ऑफ,PART
इंडिया,NOUN
या,PART
पुस्तकाचे,NOUN
लेखक,NOUN
शशी,NOUN
थरूर,NOUN
यांनी,NOUN
सांगितलं,NOUN
होतं,NOUN
पं,PART
जवाहरलाल,NOUN
नेहरूंनी,NOUN
1958,NUM
मध्ये,PP
आपला,PP
राजीनामा,NOUN
दिला,PP
आणि,NOUN
हिमालयात,NOUN
काही,NOUN
महिन्यांसाठी,PP
जाण्याचा,NOUN
निर्णय,NOUN
घेतला,PP
होता,NOUN
अनेक,NOUN
वर्षं,NOUN
आपण,NOUN
देशाची,NOUN
सेवा,NOUN
केली,VERB
आहे,NOUN
तेव्हा,NOUN
आता,NOUN
निवृत्त,NOUN
होण्याची,NOUN
वेळ,NOUN
आली,VERB
आहे,NOUN
इतर,NOUN
कुणीतरी,NOUN
आता,NOUN
ही,PART
जबाबदारी,NOUN
स्वीकारावी,NOUN
असं,NOUN
पत्र,NOUN
पं,PART
जवाहरलाल,NOUN
नेहरूंनी,NOUN
काँग्रेस,NOUN
वर्किंग,NOUN
कमिटीला,PP
लिहिलं,NOUN
होतं,NOUN
पंतप्रधान,NOUN
जवाहरलाल,NOUN
नेहरूंनी,NOUN
राजीनामा,NOUN
तर,PART
दिला,PP
पण,PART
त्यांचा,NOUN
राजीनामा,NOUN
स्वीकारण्यास,NOUN
कुणीच,NOUN
तयार,NOUN
नव्हतं,NOUN
भारतातील,NOUN
काँग्रेसचे,NOUN
नेते,NOUN
देशातील,NOUN
जनता,NOUN
इतकंच,NOUN
काय,NOUN
तर,PART
अमेरिका,NOUN
आणि,NOUN
रशियाच्या,PP
तत्कालीन,NOUN
राष्ट्राध्यक्षांनी,NOUN
नेहरूंना,NOUN
गळ,PART
घातली,VERB
की,PART
तुम्ही,NOUN
राजीनामा,NOUN
देऊ,NOUN
नका,NOUN
सर्व,NOUN
बाजूंनी,NOUN
दबाव,NOUN
निर्माण,NOUN
झाल्यावर,PP
पं,PART
नेहरूंना,NOUN
आपला,PP
निर्णय,NOUN
मागे,NOUN
घ्यावा,NOUN
लागला,PP
पं,PART
नेहरूंनी,NOUN
सहा,NOUN
महिन्यांसाठी,PP
हिमालयात,NOUN
सुट्टी,NOUN
घेण्याची,NOUN
तयारी,NOUN
केली,VERB
होती,NOUN
पण,PART
त्यांना,NOUN
केवळ,NOUN
15,NUM
दिवसात,NOUN
परत,NOUN
यावे,NOUN
लागले,VERB
आणि,NOUN
पुन्हा,NOUN
पंतप्रधानपदाची,NOUN
धुरा,NOUN
आपल्या,NOUN
खांद्यावर,PP
घ्यावी,NOUN
लागली,VERB
यावरुनच,NOUN
आपल्याला,PP
नेहरूंची,NOUN
लोकप्रियता,NOUN
आणि,NOUN
त्यांची,NOUN
जनमानसातील,NOUN
प्रतिमा,NOUN
कशी,NOUN
होती,NOUN
याची,NOUN
कल्पना,NOUN
येऊ,NOUN
शकते,NOUN
काही,NOUN
दिवसांपूर्वीच,NOUN
पंतप्रधान,NOUN
नरेंद्र,NOUN
मोदींनी,NOUN
आपल्या,NOUN
भाषणात,NOUN
पं,PART
नेहरूंचा,NOUN
उल्लेख,NOUN
केला,PP
आणि,NOUN
भारताच्या,PP
अधोगतीला,PP
नेहरूच,NOUN
जबाबदार,NOUN
असल्याचे,NOUN
त्यांनी,NOUN
म्हटले,VERB
नेहरू,NOUN
हे,PART
देशातील,NOUN
सर्वांधिक,NOUN
चर्चेतील,NOUN
राजकीय,NOUN
नेते,NOUN
ठरले,VERB
आहेत,NOUN
इतक्या,NOUN
वर्षांनंतर,NOUN
त्यांचे,NOUN
फोटो,NOUN
सोशल,NOUN
मीडियात,NOUN
फिरवले,VERB
जातात,VERB
आणि,NOUN
त्यावर,PP
चर्चा,NOUN
होते,NOUN
त्यांच्या,PP
बाजूने,PP
आणि,NOUN
विरोधात,NOUN
बोलणाऱ्यांची,NOUN
संख्या,NOUN
लक्षणीय,NOUN
आहे,NOUN
यावरुन,NOUN
त्यांची,NOUN
प्रासंगिकता,NOUN
लक्षात,NOUN
येते,NOUN
त्यांचं,NOUN
व्यक्तिमत्त्व,NOUN
कसं,NOUN
होतं,NOUN
याचा,NOUN
शोध,NOUN
या,PART
लेखातून,NOUN
घेण्याचा,NOUN
प्रयत्न,NOUN
करण्यात,NOUN
आला,PP
आहे,NOUN
आपण,NOUN
लोकसभा,NOUN
निवडणुकीच्या,PP
अनुषंगाने,PP
पंडित,NOUN
नेहरूंच्या,PP
व्यक्तिमत्त्वाची,NOUN
चर्चा,NOUN
करत,NOUN
आहोत,NOUN
तर,PART
मग,PART
आता,NOUN
त्यांच्या,PP
बालपणाच्या,PP
गोष्टी,NOUN
कशासाठी,PP
असा,NOUN
प्रश्न,NOUN
पडू,NOUN
शकतो,NOUN
पण,PART
ती,PART
व्यक्ती,NOUN
समजून,NOUN
घ्यायची,NOUN
असेल,NOUN
तर,PART
त्या,NOUN
व्यक्तीचं,NOUN
बालपण,NOUN
तितकंच,NOUN
आवश्यक,NOUN
असतं,NOUN
असं,NOUN
म्हटलं,NOUN
जातं,NOUN
पं,PART
नेहरूंनी,NOUN
त्यांच्याच,NOUN
शब्दांत,NOUN
त्यांच्या,PP
लहानपणाबद्दल,NOUN
सांगितलं,NOUN
आहे,NOUN
नेहरूंनी,NOUN
त्यांच्या,PP
लहानपणाचं,NOUN
वर्णन,NOUN
अनइंव्हेटफुल,NOUN
असं,NOUN
केलं,NOUN
आहे,NOUN
जवाहरलाल,NOUN
यांचे,NOUN
वडील,NOUN
मोतीलाल,NOUN
नेहरू,NOUN
हे,PART
अलाहाबाद,NOUN
उच्च,NOUN
न्यायालयात,NOUN
वकिलीची,NOUN
प्रॅक्टिस,NOUN
करत,NOUN
होते,NOUN
आपल्या,NOUN
व्यवसायात,NOUN
आणि,NOUN
राजकारणात,NOUN
दोन्ही,NOUN
ठिकाणी,NOUN
ते,PART
यशस्वी,NOUN
होते,NOUN
जवाहरलाल,NOUN
यांच्या,PP
पाठीवर,PP
असलेल्या,NOUN
भावंडात,NOUN
आणि,NOUN
त्यांच्यात,NOUN
बरंच,NOUN
अंतर,NOUN
होतं,NOUN
आणि,NOUN
त्यावेळी,NOUN
त्यांच्यासोबत,NOUN
त्यांच्या,PP
वयाचं,NOUN
कुणी,NOUN
घरात,NOUN
नव्हतं,NOUN
तेव्हा,NOUN
ते,PART
त्यांच्याहून,NOUN
मोठ्या,NOUN
वयाच्या,PP
चुलत,NOUN
भावंडांच्या,PP
गप्पांमध्ये,PP
सामील,NOUN
होत,NOUN
असत,NOUN
म्हणजे,NOUN
केवळ,NOUN
ते,PART
ऐकत,NOUN
असत,NOUN
त्यातून,NOUN
तत्कालीन,NOUN
परिस्थितीची,NOUN
आणि,NOUN
त्याबद्दल,NOUN
नेहरूंना,NOUN
काय,NOUN
वाटत,NOUN
असे,NOUN
याविषयीची,NOUN
कल्पना,NOUN
येते,NOUN
त्यावेळी,NOUN
इंग्रज,NOUN
सरकारमधील,NOUN
अधिकारी,NOUN
भारतीयांसोबत,NOUN
भेदभाव,NOUN
करत,NOUN
असत,NOUN
याबद्दल,NOUN
पं,PART
नेहरूंच्या,PP
मनात,NOUN
चीड,NOUN
निर्माण,NOUN
होत,NOUN
होती,NOUN
अलाहाबादमध्ये,PP
असलेल्या,NOUN
बाग,NOUN
बगीचांमध्ये,PP
इंग्रजांसाठी,PP
वेगळे,NOUN
बेंच,NOUN
असत,NOUN
आणि,NOUN
इतरांसाठी,PP
वेगळे,NOUN
इंग्रजांच्या,PP
बेंचवर,PP
भारतीयांना,NOUN
बसण्याची,NOUN
परवानगी,NOUN
नसे,NOUN
ही,PART
गोष्ट,NOUN
त्यांच्या,PP
मनाला,PP
लागल्याचे,NOUN
त्यांनी,NOUN
आपल्या,NOUN
आत्मचरित्रात,NOUN
लिहिले,VERB
आहे,NOUN
पं,PART
नेहरूंना,NOUN
शिकवण्यासाठी,PP
घरी,NOUN
ट्युटर,NOUN
येत,NOUN
असे,NOUN
लहान,NOUN
वयापासून,NOUN
त्यांना,NOUN
शिकण्याची,NOUN
आवड,NOUN
होती,NOUN
शालेय,NOUN
पुस्तकांबरोबरच,NOUN
गोष्टींची,NOUN
पुस्तकं,NOUN
त्यांना,NOUN
आवडत,NOUN
अरेबियन,NOUN
नाइट्स,NOUN
रामायण,NOUN
महाभारत,NOUN
या,PART
गोष्टींसोबतच,NOUN
विविध,NOUN
लोककथा,NOUN
त्यांनी,NOUN
लहानपणीच,NOUN
वाचल्या,NOUN
होत्या,NOUN
अलाहाबादच्या,PP
गंगा,NOUN
जमनी,NOUN
तहजीबचा,NOUN
प्रभाव,NOUN
त्यांच्यावर,PP
लहानपणापासूनच,NOUN
दिसतो,NOUN
यातूनच,NOUN
पुढे,NOUN
ते,PART
धर्मनिरपेक्षता,NOUN
आणि,NOUN
सर्वधर्मसमभाव,NOUN
या,PART
मूल्यांबाबत,NOUN
बोलताना,NOUN
आणि,NOUN
ते,PART
जगताना,NOUN
आपल्याला,PP
दिसतात,VERB
दिवाळी,NOUN
जन्माष्ठमी,NOUN
असो,NOUN
की,PART
मोहर्रम,NOUN
किंवा,NOUN
ईद,PART
या,PART
सर्व,NOUN
सणांमध्ये,PP
ते,PART
सहभागी,NOUN
होत,NOUN
घरातील,NOUN
पुरुष,NOUN
मंडळी,NOUN
ही,PART
धार्मिक,NOUN
स्वरूपाची,NOUN
नव्हती,NOUN
जितक्या,NOUN
पुरतं,NOUN
तितकं,NOUN
त्यांचं,NOUN
स्वरूप,NOUN
होतं,NOUN
पण,PART
महिला,PP
मात्र,NOUN
भक्तिभावाने,PP
पूजा,NOUN
करत,NOUN
असल्याचे,NOUN
त्यांनी,NOUN
म्हटले,VERB
आहे,NOUN
पुढील,NOUN
शिक्षणासाठी,PP
ते,PART
इंग्लंडला,PP
गेले,VERB
इंग्लंडमधील,NOUN
हॉरो,NOUN
बोर्डिंग,NOUN
स्कूलमध्ये,PP
ते,PART
शिकले,VERB
वयाच्या,PP
20,NUM
व्या,NOUN
वर्षीच,NOUN
ते,PART
केंब्रिजमधून,NOUN
पदवीधर,NOUN
झाले,VERB
होते,NOUN
विद्यापीठात,NOUN
विद्यार्थ्यांच्या,PP
राजकीय,NOUN
चर्चेत,NOUN
ते,PART
सहभागी,NOUN
होत,NOUN
असत,NOUN
जगभरातील,NOUN
राजकारणाची,NOUN
आणि,NOUN
घटनांची,NOUN
त्या,NOUN
ठिकाणी,NOUN
चर्चा,NOUN
होत,NOUN
असे,NOUN
त्यातून,NOUN
त्यांचा,NOUN
जगाकडे,PP
पाहण्याचा,NOUN
दृष्टिकोन,NOUN
विकसित,NOUN
झाला,PP
होता,NOUN
इंग्लंडमधील,NOUN
विचारवंतांची,NOUN
विज्ञाननिष्ठ,NOUN
मांडणी,NOUN
त्यांच्या,PP
मनाला,PP
भावली,VERB
होती,NOUN
हाच,NOUN
दृष्टिकोन,NOUN
पुढे,NOUN
त्यांनी,NOUN
आणखी,NOUN
विकसित,NOUN
केल्याचे,NOUN
आपल्याला,PP
दिसून,NOUN
येते,NOUN
पदवी,NOUN
संपल्यानंतर,NOUN
पुढे,NOUN
काय,NOUN
करायचे,NOUN
हा,PART
प्रश्न,NOUN
त्यांच्यासमोर,NOUN
आला,PP
होता,NOUN
सनदी,NOUN
परीक्षांसाठी,PP
बसण्याचा,NOUN
पर्याय,NOUN
देखील,NOUN
त्यांच्यासमोर,NOUN
होता,NOUN
पण,PART
त्यासाठी,PP
आणखी,NOUN
तीन,NOUN
चार,NOUN
वर्षं,NOUN
तिथे,NOUN
थांबावे,NOUN
लागले,VERB
असते,NOUN
या,PART
परीक्षेला,PP
बसण्यासाठी,PP
23,NUM
वर्षं,NOUN
पूर्ण,NOUN
झाली,VERB
असणे,NOUN
ही,PART
अट,PART
होती,NOUN
त्यामुळे,NOUN
आणखी,NOUN
तीन,NOUN
वर्षं,NOUN
थांबून,NOUN
नंतर,NOUN
परीक्षा,NOUN
देणे,NOUN
हे,PART
त्यांना,NOUN
योग्य,NOUN
वाटले,VERB
नाही,NOUN
इंग्रजांच्या,PP
शासनाबद्दल,NOUN
मनात,NOUN
चीड,NOUN
होती,NOUN
पण,PART
तरीदेखील,NOUN
ICSला,PP
बसणे,NOUN
अयोग्य,NOUN
आहे,NOUN
असं,NOUN
त्यावेळी,NOUN
आपल्याला,PP
वाटत,NOUN
नव्हतं,NOUN
त्याबद्दलचा,NOUN
विचार,NOUN
हा,PART
पुढे,NOUN
तयार,NOUN
झाल्याची,NOUN
कबुली,VERB
त्यांनी,NOUN
दिली,VERB
आहे,NOUN
शेवटी,NOUN
वडिलांच्याच,NOUN
व्यवसायात,NOUN
उतरण्याचा,NOUN
त्यांनी,NOUN
निर्णय,NOUN
घेतला,PP
आणि,NOUN
कायद्याचे,NOUN
शिक्षण,NOUN
त्यांनी,NOUN
घेतले,VERB
या,PART
काळात,NOUN
ते,PART
एकानंतर,NOUN
एक,PART
परीक्षा,NOUN
पास,NOUN
होत,NOUN
गेले,VERB
कायद्याचा,NOUN
अभ्यासक्रम,NOUN
ना,PART
अवघड,NOUN
वाटला,PP
ना,PART
सोपा,NOUN
त्यामुळे,NOUN
कोणतीही,NOUN
अडचण,NOUN
न,PART
येता,NOUN
मी,PART
पास,NOUN
होत,NOUN
गेलो,NOUN
पण,PART
खूप,NOUN
भव्य,NOUN
दिव्य,NOUN
यश,PART
देखील,NOUN
आपल्याला,PP
या,PART
परीक्षांमध्ये,PP
मिळालं,NOUN
नव्हतं,NOUN
असं,NOUN
त्यांनी,NOUN
म्हटलं,NOUN
आहे,NOUN
1912,NUM
ला,PART
भारतात,VERB
परतल्यानंतर,NOUN
नेहरूंनी,NOUN
वडिलांसोबत,NOUN
प्रॅक्टिस,NOUN
सुरू,NOUN
केली,VERB
त्यावेळी,NOUN
पहिलं,NOUN
महायुद्ध,NOUN
सुरू,NOUN
झालं,NOUN
होतं,NOUN
आणि,NOUN
देशाच्या,PP
राजकारणात,NOUN
तेव्हा,NOUN
लोकमान्य,NOUN
टिळक,NOUN
अॅनी,NOUN
बेझंट,NOUN
गोपालकृष्ण,NOUN
गोखले,VERB
यांचा,NOUN
दबदबा,NOUN
होता,NOUN
लोकमान्य,NOUN
टिळकांबद्दल,NOUN
आणि,NOUN
ना,PART
गोखले,VERB
यांच्याबद्दल,NOUN
त्यांना,NOUN
आदर,NOUN
वाटत,NOUN
होता,NOUN
आणि,NOUN
राजकारणाबद्दल,NOUN
आकर्षण,NOUN
वाटत,NOUN
होते,NOUN
त्यांचे,NOUN
वडील,NOUN
देखील,NOUN
राजकारणात,NOUN
सक्रिय,NOUN
होते,NOUN
विविध,NOUN
सभांना,NOUN
त्यांची,NOUN
उपस्थिती,NOUN
राहायची,NOUN
1916,NUM
मध्ये,PP
ते,PART
महात्मा,NOUN
गांधींना,NOUN
भेटले,VERB
महात्मा,NOUN
गांधींनी,NOUN
दक्षिण,NOUN
आफ्रिकेतील,NOUN
भारतीय,NOUN
वंशाच्या,PP
लोकांसाठी,PP
केलेले,VERB
कार्य,NOUN
आणि,NOUN
चंपारणचा,NOUN
सत्याग्रह,NOUN
याची,NOUN
माहिती,NOUN
त्यांना,NOUN
होतीच,NOUN
त्यांच्या,PP
या,PART
कार्याने,PP
ते,PART
प्रभावित,NOUN
झाले,VERB
होते,NOUN
सरोजिनी,NOUN
नायडूंनी,NOUN
राष्ट्रवादावर,PP
दिलेल्या,NOUN
भाषणातून,NOUN
त्यांना,NOUN
ही,PART
जाणीव,NOUN
झाली,VERB
की,PART
आपण,NOUN
देखील,NOUN
एक,PART
कट्टर,NOUN
राष्ट्रवादी,NOUN
आहोत,NOUN
पं,PART
नेहरू,NOUN
यांचे,NOUN
स्वातंत्र्यलढ्यातील,NOUN
योगदान,NOUN
अगदी,NOUN
सुरुवातीच्या,PP
काळापासूनच,NOUN
पं,PART
नेहरू,NOUN
हे,PART
स्वातंत्र्यलढ्यात,NOUN
सहभागी,NOUN
झाले,VERB
आणि,NOUN
त्यांच्या,PP
या,PART
पार्श्वभूमीचा,NOUN
फायदा,NOUN
त्यांना,NOUN
स्वतः,NOUN
प्रशासनात,NOUN
असताना,NOUN
झाला,PP
समाजातील,NOUN
विविध,NOUN
घटकांचे,NOUN
प्रश्न,NOUN
समजून,NOUN
घेणे,NOUN
आणि,NOUN
त्यानुसार,NOUN
उपाययोजना,NOUN
आखण्यासाठी,PP
त्यांचे,NOUN
अनुभव,NOUN
त्यांच्या,PP
कामी,NOUN
आले,VERB
पं,PART
नेहरू,NOUN
हे,PART
राजकारणात,NOUN
एक,PART
कार्यकर्ताच,NOUN
म्हणून,NOUN
आले,VERB
आणि,NOUN
हळूहळू,NOUN
एक,PART
एक,PART
आंदोलनाचे,NOUN
नेतृत्व,NOUN
त्यांनी,NOUN
केलं,NOUN
सर्वाधिक,NOUN
वेळा,NOUN
तुरुंगवास,NOUN
भोगलेले,VERB
पंतप्रधान,NOUN
असा,NOUN
देखील,NOUN
त्यांचा,NOUN
उल्लेख,NOUN
करावा,NOUN
लागेल,NOUN
त्यांना,NOUN
देशाच्या,PP
स्वातंत्र्यासाठी,PP
एकूण,NOUN
9,NUM
वेळा,NOUN
तुरुंगात,NOUN
जावं,NOUN
लागलं,NOUN
होतं,NOUN
1920,NUM
मध्ये,PP
उत्तर,NOUN
प्रदेशच्या,PP
प्रतापगड,NOUN
जिल्ह्यात,NOUN
पहिल्या,NOUN
किसान,NOUN
मार्चचं,NOUN
आयोजन,NOUN
केलं,NOUN
होतं,NOUN
एक,PART
उच्च,NOUN
विद्याविभूषित,NOUN
तरुण,NOUN
शेतकरी,NOUN
आंदोलनात,NOUN
उतरतोय,NOUN
हे,PART
पाहण्याची,NOUN
भारताची,NOUN
काही,NOUN
ही,PART
पहिलीच,NOUN
वेळ,NOUN
नव्हती,NOUN
दक्षिण,NOUN
आफ्रिकेतून,NOUN
परतलेल्या,NOUN
महात्मा,NOUN
गांधींनी,NOUN
नीळच्या,PP
शेतकऱ्यांसाठी,PP
चंपारणचा,NOUN
सत्याग्रह,NOUN
केला,PP
होता,NOUN
पण,PART
अनेकांना,NOUN
हा,PART
प्रश्न,NOUN
पडू,NOUN
शकतो,NOUN
की,PART
पं,PART
नेहरूंनी,NOUN
आपल्या,NOUN
आंदोलनांची,NOUN
सुरुवात,NOUN
या,PART
आंदोलनाने,PP
का,PART
केली,VERB
असावी,NOUN
याचं,NOUN
उत्तर,NOUN
आपल्याला,PP
त्यांच्या,PP
आत्मचरित्रात,NOUN
मिळतं,NOUN
नेहरू,NOUN
लिहितात,VERB
1921,NUM
हे,PART
वर्षं,NOUN
आम्हा,NOUN
सर्वांसाठी,PP
एकमेवाद्वितीयच,NOUN
होतं,NOUN
राष्ट्रवाद,NOUN
राजकारण,NOUN
धर्म,NOUN
गूढता,NOUN
आणि,NOUN
धार्मिक,NOUN
कट्टरतावादांचं,NOUN
एक,PART
वेगळंच,NOUN
मिश्रण,NOUN
या,PART
काळात,NOUN
पाहायला,PP
मिळालं,NOUN
या,PART
सर्व,NOUN
गोष्टींच्या,PP
पाठीमागे,NOUN
आपल्या,NOUN
देशातील,NOUN
कृषी,NOUN
समस्या,NOUN
आणि,NOUN
मोठ्या,NOUN
शहरात,NOUN
कामगार,NOUN
वर्गाच्या,PP
चळवळीचा,NOUN
जो,PART
उदय,NOUN
झाला,PP
त्यात,NOUN
पाहायला,PP
मिळतं,NOUN
पं,PART
नेहरू,NOUN
यांचे,NOUN
केवळ,NOUN
स्वातंत्र्यालाच,NOUN
प्राधान्य,NOUN
नव्हते,NOUN
तर,PART
सर्वच,NOUN
वर्गांच्या,PP
उत्थानाबाबत,NOUN
कळवळा,NOUN
होता,NOUN
त्यातूनच,NOUN
त्यांनी,NOUN
कामगार,NOUN
आणि,NOUN
शेतकरी,NOUN
चळवळीत,NOUN
स्वांतत्र्यपूर्व,NOUN
काळात,NOUN
सहभाग,NOUN
घेतल्याचं,NOUN
समजतं,NOUN
1920,NUM
22,NUM
दरम्यान,NOUN
असहकार,NOUN
चळवळीवेळी,NOUN
त्यांना,NOUN
दोन,NOUN
वेळा,NOUN
तुरुंगात,NOUN
जावे,NOUN
लागले,VERB
होते,NOUN
1921,NUM
22,NUM
मध्ये,PP
असहकार,NOUN
आंदोलन,NOUN
हे,PART
त्याच्या,PP
शिखरावर,PP
होते,NOUN
पण,PART
चौरीचौरा,NOUN
या,PART
ठिकाणी,NOUN
आंदोलकांनी,NOUN
पोलीस,NOUN
चौकी,NOUN
पेटवून,NOUN
दिली,VERB
आणि,NOUN
त्यात,NOUN
22,NUM
पोलीस,NOUN
आणि,NOUN
3,NUM
नागरिकांचा,NOUN
मृत्यू,NOUN
झाला,PP
होता,NOUN
त्यानंतर,NOUN
महात्मा,NOUN
गांधींने,PP
हे,PART
आंदोलन,NOUN
मागे,NOUN
घेतले,VERB
होते,NOUN
हे,PART
आंदोलन,NOUN
मागे,NOUN
घेतल्याचं,NOUN
नेहरू,NOUN
आणि,NOUN
इतर,NOUN
काँग्रेस,NOUN
नेत्यांना,NOUN
दुःख,NOUN
झालं,NOUN
होतं,NOUN
नेहरू,NOUN
हे,PART
आंदोलन,NOUN
मागे,NOUN
घेतल्यानंतर,NOUN
घटनेनंतर,NOUN
उद्विग्न,NOUN
झाले,VERB
होते,NOUN
याबाबत,NOUN
त्यांनी,NOUN
म्हटलं,NOUN
होतं,NOUN
की,PART
चौरीचोराचे,NOUN
आंदोलन,NOUN
मागे,NOUN
घेतल्यानंतर,NOUN
काँग्रेस,NOUN
नेते,NOUN
नाराज,NOUN
झाले,VERB
होते,NOUN
आणि,NOUN
तरुण,NOUN
लोक,NOUN
तर,PART
आणखी,NOUN
प्रक्षुब्ध,NOUN
झाले,VERB
होते,NOUN
आमच्या,PP
सर्व,NOUN
आशा,NOUN
धुळीला,PP
मिळाल्या,NOUN
होत्या,NOUN
आणि,NOUN
अशा,NOUN
प्रकारची,NOUN
आमची,NOUN
मानसिक,NOUN
प्रतिक्रिया,NOUN
होणे,NOUN
हे,PART
स्वाभाविकच,NOUN
होते,NOUN
सर्वांत,NOUN
वेदनादायी,NOUN
गोष्ट,NOUN
होती,NOUN
ती,PART
म्हणजे,NOUN
हे,PART
आंदोलन,NOUN
थांबवण्यासाठी,PP
देण्यात,NOUN
आलेलं,NOUN
कारण,NOUN
आणि,NOUN
आंदोलनानंतर,NOUN
झालेला,PP
घटनाक्रम,NOUN
असं,NOUN
नेहरूंनी,NOUN
आपल्या,NOUN
आत्मचरित्रात,NOUN
म्हटले,VERB
आहे,NOUN
हे,PART
आंदोलन,NOUN
महात्मा,NOUN
गांधींनी,NOUN
थांबवलं,NOUN
होतं,NOUN
पं,PART
नेहरू,NOUN
यांनी,NOUN
गांधींजी,NOUN
नेतृत्व,NOUN
मान्य,NOUN
केलं,NOUN
होतं,NOUN
तरी,NOUN
हे,PART
आंदोलन,NOUN
थांबवल्यानंतरची,NOUN
नाराजी,NOUN
त्यांनी,NOUN
जाहीररित्या,NOUN
प्रकट,NOUN
केली,VERB
होती,NOUN
इतकेच,NOUN
नाही,NOUN
तर,PART
त्यांनी,NOUN
हे,PART
देखील,NOUN
म्हटले,VERB
होते,NOUN
की,PART
स्वातंत्र्य,NOUN
मिळवण्यासाठी,PP
अहिंसेचा,NOUN
मार्ग,NOUN
आपण,NOUN
स्वीकारला,PP
आहे,NOUN
पण,PART
या,PART
मार्गाच्या,PP
तत्त्वज्ञानात,NOUN
आणि,NOUN
वापरात,NOUN
अर्थातच,NOUN
काही,NOUN
कमी,NOUN
आहे,NOUN
इतक्या,NOUN
स्पष्टपणे,NOUN
त्यांनी,NOUN
गांधींजीविरोधात,NOUN
आपली,VERB
भूमिका,NOUN
आपल्या,NOUN
मांडली,VERB
होती,NOUN
त्याचवेळी,NOUN
त्यांनी,NOUN
हे,PART
देखील,NOUN
पाहिले,VERB
की,PART
गांधींजीने,PP
दिलेले,VERB
अहिंसेचे,NOUN
तत्त्व,NOUN
काय,NOUN
आहे,NOUN
त्यात,NOUN
कोणत्या,NOUN
गोष्टींचा,NOUN
समावेश,NOUN
होतो,NOUN
आणि,NOUN
त्यामागचे,NOUN
तत्त्वज्ञान,NOUN
काय,NOUN
आहे,NOUN
त्यानंतर,NOUN
मात्र,NOUN
त्यांनी,NOUN
गांधींजींच्या,PP
नेतृत्वात,NOUN
झालेल्या,NOUN
आंदोलनात,NOUN
पूर्णपणे,NOUN
झोकून,NOUN
देऊन,NOUN
काम,NOUN
केल्याचे,NOUN
दिसते,NOUN
आंदोलनात,NOUN
सहभागी,NOUN
होता,NOUN
होताच,NOUN
त्यांनी,NOUN
काँग्रेसच्या,PP
सक्रिय,NOUN
राजकारणात,NOUN
पण,PART
भाग,NOUN
घेतला,PP
काँग्रेसचे,NOUN
सरचिटणीस,NOUN
म्हणून,NOUN
देखील,NOUN
त्यांनी,NOUN
काम,NOUN
पाहिले,VERB
या,PART
निमित्ताने,PP
विविध,NOUN
देशांमध्ये,PP
फिरून,NOUN
त्यांनी,NOUN
भारताची,NOUN
भूमिका,NOUN
जगासमोर,NOUN
मांडली,VERB
पुढे,NOUN
भारत,NOUN
स्वतंत्र,NOUN
झाल्यावर,PP
ते,PART
पंतप्रधान,NOUN
आणि,NOUN
परराष्ट्र,NOUN
मंत्री,NOUN
बनले,VERB
त्यांनी,NOUN
दिलेली,VERB
पंचसूत्री,NOUN
हा,PART
आजही,NOUN
आपल्या,NOUN
विदेश,NOUN
नीतीचा,NOUN
प्राण,NOUN
समजली,VERB
जाते,NOUN
त्याची,NOUN
बीजं,NOUN
त्यांनी,NOUN
या,PART
काळात,NOUN
केलेल्या,NOUN
दौऱ्यांमध्ये,PP
होती,NOUN
1929,NUM
मध्ये,PP
पंडित,NOUN
नेहरू,NOUN
काँग्रेसच्या,PP
लाहोर,NOUN
अधिवेशनाचे,NOUN
अध्यक्ष,NOUN
झाले,VERB
होते,NOUN
यापूर्वी,NOUN
काँग्रेसची,NOUN
मागणी,NOUN
ही,PART
सेल्फ,NOUN
गवर्नन्स,NOUN
म्हणजेच,NOUN
स्वप्रशासन,NOUN
अशी,NOUN
होती,NOUN
पण,PART
ती,PART
त्यांच्या,PP
नेतृत्वात,NOUN
बदलून,NOUN
आता,NOUN
स्वराज्य,NOUN
आणि,NOUN
पूर्ण,NOUN
स्वातंत्र्य,NOUN
अशी,NOUN
करण्यात,NOUN
आली,VERB
होती,NOUN
हा,PART
एक,PART
मोठा,NOUN
बदल,NOUN
काँग्रेस,NOUN
आणि,NOUN
स्वातंत्र्याच्या,PP
आंदोलनातील,NOUN
इतिहासात,NOUN
त्यांच्याच,NOUN
नेतृत्वात,NOUN
घडल्याचे,NOUN
आपल्याला,PP
पाहायला,PP
मिळते,NOUN
महात्मा,NOUN
गांधींच्या,PP
नेतृत्वात,NOUN
झालेल्या,NOUN
सर्व,NOUN
आंदोलनात,NOUN
ते,PART
सहभागी,NOUN
झाले,VERB
त्यांच्या,PP
कार्याचा,NOUN
आणि,NOUN
विचारांचा,NOUN
प्रसार,NOUN
विविध,NOUN
माध्यमांतून,NOUN
केला,PP
गांधीजींनी,NOUN
मीठाचा,NOUN
सत्याग्रह,NOUN
सुरू,NOUN
केला,PP
सर्वसामान्य,NOUN
माणसाच्या,PP
जिव्हाळ्याचा,NOUN
आणि,NOUN
गरजेचा,NOUN
प्रश्न,NOUN
त्यांनी,NOUN
ऐरणीवर,PP
तर,PART
आणलाच,NOUN
पण,PART
सामान्य,NOUN
माणसाचा,NOUN
प्रश्न,NOUN
हा,PART
स्वातंत्र्य,NOUN
आंदोलनाच्या,PP
केंद्रस्थानी,NOUN
असू,NOUN
शकतो,NOUN
हे,PART
देखील,NOUN
दाखवून,NOUN
दिले,VERB
त्यांच्या,PP
लढ्यात,NOUN
काँग्रेस,NOUN
पूर्ण,NOUN
शक्तिनिशी,NOUN
उतरली,VERB
होती,NOUN
या,PART
आंदोलनाच्या,PP
काळात,NOUN
पं,PART
नेहरू,NOUN
यांना,NOUN
अनेकवेळा,NOUN
तुरुंगवास,NOUN
घडला,PP
होता,NOUN
तुरुंगात,NOUN
असताना,NOUN
त्यांनी,NOUN
विपुल,NOUN
लिखाण,NOUN
केले,VERB
1935,NUM
साली,VERB
त्यांनी,NOUN
तुरुंगात,NOUN
असताना,NOUN
आत्मचरित्र,NOUN
पूर्ण,NOUN
केले,VERB
आणि,NOUN
हे,PART
आत्मचरित्र,NOUN
1936,NUM
मध्ये,PP
प्रकाशित,NOUN
करण्यात,NOUN
आले,VERB
हे,PART
आत्मचरित्र,NOUN
केवळ,NOUN
त्यांच्याच,NOUN
आठवणी,NOUN
आणि,NOUN
घटनांचा,NOUN
संग्रह,NOUN
नाही,NOUN
तर,PART
स्वातंत्र्यपूर्व,NOUN
काळ,NOUN
समजून,NOUN
घेण्यासाठी,PP
एक,PART
महत्त्वाचा,NOUN
दस्तावेज,NOUN
मानण्यात,NOUN
येतो,NOUN
महात्मा,NOUN
गांधींनी,NOUN
सुरू,NOUN
केलेल्या,NOUN
वैयक्तिक,NOUN
सत्याग्रहात,NOUN
ते,PART
सहभागी,NOUN
झाले,VERB
होते,NOUN
विनोबा,NOUN
भावे,NOUN
हे,PART
पहिले,VERB
सत्याग्रही,NOUN
होते,NOUN
तर,PART
पं,PART
नेहरू,NOUN
हे,PART
दुसरे,NOUN
सत्याग्रही,NOUN
होते,NOUN
पुढे,NOUN
ते,PART
भारत,NOUN
छोडोमध्ये,PP
देखील,NOUN
सहभागी,NOUN
झाले,VERB
होते,NOUN
भारत,NOUN
छोडोवेळी,NOUN
त्यांना,NOUN
जो,PART
तुरुंगवास,NOUN
झाला,PP
होता,NOUN
त्यावेळी,NOUN
त्यांना,NOUN
अहमदनगर,NOUN
येथील,NOUN
तुरुंगात,NOUN
ठेवण्यात,NOUN
आले,VERB
होते,NOUN
भारत,NOUN
छोडोचे,NOUN
आंदोलन,NOUN
शिखरावर,PP
असतानाच,NOUN
नेताजी,NOUN
सुभाषचंद्र,NOUN
बोस,NOUN
यांनी,NOUN
आझाद,NOUN
हिंद,NOUN
सेनेची,NOUN
स्थापना,NOUN
केली,VERB
होती,NOUN
आझाद,NOUN
हिंद,NOUN
सेनेच्या,PP
अनेक,NOUN
अधिकाऱ्यांना,NOUN
तुरुंगवास,NOUN
झाला,PP
आणि,NOUN
इंग्रजांनी,NOUN
त्यांच्यावर,PP
देशद्रोहाचा,NOUN
खटला,PP
चालवला,PP
होता,NOUN
1945,NUM
मध्ये,PP
पं,PART
नेहरूंनी,NOUN
आझाद,NOUN
हिंद,NOUN
सेनेच्या,PP
अधिकाऱ्यांचे,NOUN
वकीलपत्र,NOUN
घेऊन,NOUN
त्यांचा,NOUN
बचाव,NOUN
केला,PP
पण,PART
हा,PART
खटला,PP
नेहरू,NOUN
हरले,VERB
असं,NOUN
असलं,NOUN
तरी,NOUN
त्यांचा,NOUN
सुभाषचंद्र,NOUN
बोस,NOUN
यांच्या,PP
कार्याला,PP
असलेला,PP
पाठिंबा,NOUN
आणि,NOUN
त्यांचे,NOUN
राष्ट्रप्रेम,NOUN
यातून,NOUN
दिसून,NOUN
येते,NOUN
पं,PART
नेहरू,NOUN
देशाचे,NOUN
पंतप्रधान,NOUN
कसे,NOUN
बनले,VERB
पं,PART
नेहरू,NOUN
यांच्या,PP
पंतप्रधान,NOUN
बनण्यावरुन,NOUN
अनेक,NOUN
आक्षेप,NOUN
आणि,NOUN
उलट,NOUN
सुलट,NOUN
चर्चा,NOUN
होते,NOUN
त्यात,NOUN
एक,PART
मतप्रवाह,NOUN
असा,NOUN
देखील,NOUN
आहे,NOUN
की,PART
सरदार,NOUN
वल्लभभाई,NOUN
पटेल,NOUN
यांच्यासारखा,NOUN
लोहपुरुष,NOUN
असताना,NOUN
महात्मा,NOUN
गांधींनी,NOUN
पटेलांची,NOUN
निवड,NOUN
न,PART
करता,NOUN
पं,PART
नेहरूंची,NOUN
का,PART
निवड,NOUN
केली,VERB
यात,NOUN
एक,PART
गंमत,NOUN
अशी,NOUN
आहे,NOUN
की,PART
नेहरूच्या,PP
बाजूने,PP
किंवा,NOUN
पटेलांच्या,PP
बाजूने,PP
असो,NOUN
दोन्ही,NOUN
बाजूने,PP
बोलणाऱ्या,NOUN
लोकांचे,NOUN
या,PART
गोष्टींवर,PP
एकमत,NOUN
आहे,NOUN
की,PART
महात्मा,NOUN
गांधींच्या,PP
हाती,NOUN
तेव्हा,NOUN
सत्तेची,NOUN
किल्ली,VERB
होती,NOUN
आणि,NOUN
महात्मा,NOUN
गांधी,NOUN
जे,PART
ठरवतील,NOUN
तीच,NOUN
व्यक्ती,NOUN
पंतप्रधान,NOUN
होणार,NOUN
हे,PART
उघड,NOUN
होते,NOUN
आपण,NOUN
त्याच,NOUN
ठिकाणाहून,NOUN
या,PART
गोष्टीला,PP
सुरुवात,NOUN
करू,NOUN
की,PART
पटेलांऐवजी,NOUN
महात्मा,NOUN
गांधींने,PP
नेहरूंना,NOUN
का,PART
निवडले,VERB
त्यांचा,NOUN
राजकीय,NOUN
वारस,NOUN
म्हणून,NOUN
का,PART
निवडले,VERB
पं,PART
नेहरू,NOUN
आणि,NOUN
सरदार,NOUN
पटेल,NOUN
यांच्यात,NOUN
अनेक,NOUN
गोष्टींहून,NOUN
मतभेद,NOUN
होते,NOUN
पण,PART
ते,PART
मतभेद,NOUN
केवळ,NOUN
साधनांबाबत,NOUN
होते,NOUN
साध्याबाबत,NOUN
नव्हतेच,NOUN
दोन्ही,NOUN
नेते,NOUN
लोकशाहीवादी,NOUN
होते,NOUN
दोन्ही,NOUN
नेत्यांच्या,PP
मनात,NOUN
सामान्य,NOUN
जनतेच्या,PP
उत्थानाविषयी,NOUN
तितकाच,NOUN
कळवळा,NOUN
होता,NOUN
आणि,NOUN
दोघांचेही,NOUN
नेतृत्व,NOUN
स्वातंत्र्यलढ्यातील,NOUN
विविध,NOUN
आंदोलनातूनच,NOUN
तयार,NOUN
झाले,VERB
होते,NOUN
मग,PART
अशा,NOUN
वेळी,NOUN
कोणत्या,NOUN
गोष्टी,NOUN
होत्या,NOUN
ज्यात,NOUN
पं,PART
नेहरू,NOUN
उजवे,NOUN
ठरले,VERB
आणि,NOUN
सरदार,NOUN
पटेल,NOUN
हे,PART
देशाचे,NOUN
पहिले,VERB
गृहमंत्री,NOUN
झाले,VERB
आणि,NOUN
पं,PART
नेहरू,NOUN
हे,PART
पहिले,VERB
पंतप्रधान,NOUN
1929,NUM
लाच,NOUN
महात्मा,NOUN
गांधी,NOUN
यांनी,NOUN
स्पष्ट,NOUN
केलं,NOUN
होतं,NOUN
की,PART
त्यांचे,NOUN
राजकीय,NOUN
वारस,NOUN
हे,PART
नेहरूच,NOUN
राहतील,NOUN
त्यावेळी,NOUN
स्वातंत्र्य,NOUN
हे,PART
दृष्टिक्षेपातही,NOUN
नव्हते,NOUN
पण,PART
गांधीजींनी,NOUN
आधीच,NOUN
याबाबत,NOUN
सांगितले,VERB
होते,NOUN
त्याची,NOUN
कारणमीमांसा,NOUN
आजवर,PP
अनेक,NOUN
इतिहासाकाराने,PP
केली,VERB
आहे,NOUN
त्यातून,NOUN
एक,PART
असं,NOUN
मत,PART
निघतं,NOUN
की,PART
त्यावेळेस,NOUN
असलेल्या,NOUN
नेत्यांमध्ये,PP
पं,PART
नेहरू,NOUN
हे,PART
इंग्रजांसोबत,NOUN
वाटाघाटी,NOUN
करण्यात,NOUN
देशात,NOUN
असलेले,VERB
नाजूक,NOUN
प्रश्न,NOUN
संवेदनशीलतेने,PP
हाताळण्यात,NOUN
सक्षम,NOUN
होते,NOUN
केवळ,NOUN
भारतच,NOUN
नाही,NOUN
तर,PART
इतर,NOUN
देशातील,NOUN
लोकदेखील,NOUN
त्यांच्याकडे,PP
एक,PART
उदयोन्मुख,NOUN
नेता,NOUN
म्हणून,NOUN
पाहत,NOUN
होते,NOUN
ही,PART
गोष्ट,NOUN
पुढे,NOUN
नेहरूंनी,NOUN
सिद्ध,NOUN
केली,VERB
जेव्हा,NOUN
त्यांनी,NOUN
अलिप्ततावादी,NOUN
चळवळीचे,NOUN
नेतृत्व,NOUN
केले,VERB
अशा,NOUN
प्रकारे,NOUN
अनेक,NOUN
देशांचे,NOUN
नेतृत्व,NOUN
करणारा,NOUN
नेता,NOUN
त्यानंतर,NOUN
भारतातच,NOUN
काय,NOUN
पण,PART
जगात,NOUN
देखील,NOUN
झाला,PP
नाही,NOUN
हे,PART
आपण,NOUN
पाहिलेच,NOUN
आहे,NOUN
याचे,NOUN
श्रेय,NOUN
गांधीजींच्या,PP
दूरदष्टीलाही,NOUN
द्यावे,NOUN
लागेल,NOUN
आणि,NOUN
तितकेच,NOUN
नेहरूंच्या,PP
कृतीप्रवणतेला,PP
द्यावे,NOUN
लागेल,NOUN
जेव्हा,NOUN
देशाला,PP
स्वातंत्र्य,NOUN
मिळाले,VERB
तेव्हा,NOUN
नेहरू,NOUN
हे,PART
56,NUM
वर्षांचे,NOUN
होते,NOUN
आणि,NOUN
सरदार,NOUN
पटेल,NOUN
71,NUM
वर्षांचे,NOUN
पंतप्रधानपदासारख्या,NOUN
धावपळीच्या,PP
पदावर,PP
थोडी,NOUN
तरुण,NOUN
व्यक्ती,NOUN
असावी,NOUN
हा,PART
विचार,NOUN
गांधीजींनी,NOUN
केला,PP
होता,NOUN
हे,PART
त्यांच्या,PP
पत्रव्यवहारावरुन,NOUN
आपल्याला,PP
दिसून,NOUN
येतं,NOUN
आपल्या,NOUN
प्रकृतीची,NOUN
हेळसांड,NOUN
केल्याबद्दल,NOUN
महात्मा,NOUN
गांधींनी,NOUN
पटेलांना,NOUN
सुनावले,VERB
होते,NOUN
नेहरूंच्या,PP
तुलनेत,NOUN
पटेल,NOUN
नेमके,NOUN
कोणत्या,NOUN
बाबती,NOUN
सरस,NOUN
होते,NOUN
याबद्दल,NOUN
सांगताना,NOUN
बीबीसी,NOUN
हिंदीसाठी,PP
लिहिलेल्या,NOUN
लेखात,NOUN
लेखक,NOUN
आणि,NOUN
ज्येष्ठ,NOUN
पत्रकार,NOUN
दयाशंकर,NOUN
शुक्ल,NOUN
सागर,NOUN
लिहितात,VERB
की,PART
मोहम्मद,NOUN
अली,VERB
जीना,NOUN
यांच्याबरोबर,NOUN
वाटाघाटी,NOUN
करण्यासाठी,PP
पटेल,NOUN
हे,PART
योग्य,NOUN
नेते,NOUN
आहेत,NOUN
असं,NOUN
काँग्रेसच्या,PP
नेत्यांना,NOUN
वाटत,NOUN
होतं,NOUN
पण,PART
गांधीजींनी,NOUN
नेहरूंची,NOUN
निवड,NOUN
केली,VERB
आपल्या,NOUN
लेखात,NOUN
त्यांनी,NOUN
महात्मा,NOUN
गांधींच्या,PP
समग्र,NOUN
साहित्याचा,NOUN
संदर्भ,NOUN
देत,NOUN
सांगितलं,NOUN
की,PART
महात्मा,NOUN
गांधींनी,NOUN
तत्कालीन,NOUN
काँग्रेसचे,NOUN
अध्यक्ष,NOUN
मौलाना,NOUN
आझाद,NOUN
यांना,NOUN
पत्र,NOUN
लिहून,NOUN
सांगितले,VERB
की,PART
तुम्ही,NOUN
अध्यक्षपदाचा,NOUN
राजीनामा,NOUN
द्यावा,NOUN
काँग्रेसचाच,NOUN
अध्यक्ष,NOUN
हा,PART
देशाचा,NOUN
काळजीवाहू,NOUN
पंतप्रधान,NOUN
होईल,NOUN
हे,PART
त्यावेळी,NOUN
उघडच,NOUN
होते,NOUN
त्यामुळे,NOUN
त्यांनी,NOUN
आझाद,NOUN
यांना,NOUN
पत्र,NOUN
लिहून,NOUN
आपला,PP
मनोदय,NOUN
कळवला,PP
होता,NOUN
कोणताही,NOUN
आडपडदा,NOUN
न,PART
ठेवता,NOUN
गांधीजींना,NOUN
थेट,NOUN
सांगितले,VERB
होते,NOUN
की,PART
जर,PART
तुम्ही,NOUN
मला,PP
सल्ला,PP
मागितला,PP
तर,PART
मी,PART
जवाहरलालचं,NOUN
नाव,NOUN
सांगेन,NOUN
याची,NOUN
अनेक,NOUN
कारणं,NOUN
आहेत,NOUN
पण,PART
ती,PART
सांगणे,NOUN
मला,PP
योग्य,NOUN
वाटत,NOUN
नाही,NOUN
या,PART
पत्रानंतर,NOUN
काँग्रेसमध्ये,PP
हे,PART
पसरलं,NOUN
की,PART
गांधीजींना,NOUN
नेहरूंनाच,NOUN
पंतप्रधान,NOUN
करायचं,NOUN
आहे,NOUN
29,NUM
एप्रिल,NOUN
1946,NUM
रोजी,NOUN
काँग्रेसच्या,PP
वर्किंग,NOUN
कमिटीचा,NOUN
अध्यक्ष,NOUN
निवडायचा,NOUN
होता,NOUN
आणि,NOUN
तीच,NOUN
व्यक्ती,NOUN
काळजीवाहू,NOUN
पंतप्रधान,NOUN
बनणार,NOUN
होती,NOUN
पुढे,NOUN
झालं,NOUN
ही,PART
तसंच,NOUN
काँग्रेस,NOUN
वर्किंग,NOUN
कमिटीचा,NOUN
अध्यक्ष,NOUN
प्रांतीय,NOUN
कमिटीच्या,PP
अध्यक्षांच्या,PP
संमतीने,PP
निवडला,PP
जायचा,NOUN
15,NUM
पैकी,NOUN
12,NUM
प्रांतीय,NOUN
कमिटीच्या,PP
अध्यक्षांना,NOUN
पटेल,NOUN
हे,PART
वर्किंग,NOUN
कमिटीचे,NOUN
अध्यक्ष,NOUN
म्हणून,NOUN
हवे,NOUN
होते,NOUN
काँग्रेस,NOUN
वर्किंग,NOUN
कमिटीचा,NOUN
अध्यक्ष,NOUN
निवडण्यासाठी,PP
गांधीजींनी,NOUN
प्रस्ताव,NOUN
तयार,NOUN
केला,PP
आणि,NOUN
त्यात,NOUN
पटेल,NOUN
आणि,NOUN
नेहरूंची,NOUN
नावे,NOUN
टाकली,VERB
गांधीजींनी,NOUN
नेहरूंना,NOUN
विचारले,VERB
की,PART
तुमच्या,PP
नावाचा,NOUN
प्रस्ताव,NOUN
कुणीच,NOUN
दिलेला,PP
नाही,NOUN
त्यावर,PP
नेहरूंनी,NOUN
मौन,NOUN
बाळगले,VERB
निर्णय,NOUN
घेण्याची,NOUN
वेळ,NOUN
गांधीजींची,NOUN
होती,NOUN
गांधीजींनी,NOUN
त्यासाठी,PP
एक,PART
वेगळा,NOUN
प्रस्ताव,NOUN
सादर,NOUN
केला,PP
जर,PART
पटेलांनी,NOUN
आपले,VERB
नाव,NOUN
मागे,NOUN
घेतले,VERB
असते,NOUN
तरच,NOUN
ही,PART
निवड,NOUN
बिनविरोध,NOUN
होऊ,NOUN
शकली,VERB
असती,NOUN
पुन्हा,NOUN
गांधीजींनी,NOUN
पटेलांना,NOUN
विचारले,VERB
की,PART
तुमचं,NOUN
काय,NOUN
म्हणणं,NOUN
आहे,NOUN
यावर,PP
पटेलांनी,NOUN
प्रस्तावावर,PP
सही,NOUN
करत,NOUN
आपले,VERB
नाव,NOUN
परत,NOUN
घेतले,VERB
ही,PART
गोष्ट,NOUN
तत्कालीन,NOUN
काँग्रेसचे,NOUN
सरचिटणीस,NOUN
आचार्य,NOUN
कृपलानी,NOUN
यांनी,NOUN
गांधी,NOUN
हिज,NOUN
लाइफ,NOUN
अँड,NOUN
थॉट,NOUN
या,PART
पुस्तकात,NOUN
लिहिली,VERB
आहे,NOUN
असं,NOUN
दयाशंकर,NOUN
शुक्ल,NOUN
सागर,NOUN
लिहितात,VERB
यानुसार,NOUN
नेहरू,NOUN
हे,PART
वर्किंग,NOUN
कमिटीचे,NOUN
अध्यक्ष,NOUN
झाले,VERB
आणि,NOUN
15,NUM
ऑगस्ट,NOUN
1947,NUM
ला,PART
देशाचे,NOUN
काळजीवाहू,NOUN
पंतप्रधान,NOUN
बनले,VERB
पहिल्या,NOUN
मंत्रिमंडळात,NOUN
त्यांनी,NOUN
आपल्या,NOUN
विरोधकांना,NOUN
देखील,NOUN
स्थान,NOUN
दिले,VERB
होते,NOUN
डॉ,PART
बाबासाहेब,NOUN
आंबेडकर,NOUN
हे,PART
काँग्रेस,NOUN
आणि,NOUN
नेहरूंच्या,PP
धोरणावर,PP
टीका,NOUN
करत,NOUN
असत,NOUN
त्यांना,NOUN
देखील,NOUN
मंत्रिमंडळात,NOUN
स्थान,NOUN
दिले,VERB
होते,NOUN
त्याचबरोबर,NOUN
हिंदू,NOUN
महासभेचे,NOUN
नेते,NOUN
डॉ,PART
श्यामाप्रसाद,NOUN
मुखर्जी,NOUN
यांना,NOUN
देखील,NOUN
मंत्रिमंडळात,NOUN
स्थान,NOUN
दिले,VERB
होते,NOUN
दोन्ही,NOUN
नेत्यांना,NOUN
त्यांनी,NOUN
त्यांच्या,PP
शैक्षणिक,NOUN
आणि,NOUN
राजकीय,NOUN
योग्यतेनुसार,NOUN
पदं,NOUN
दिली,VERB
होती,NOUN
आपल्याला,PP
मिळाले,VERB
स्वातंत्र्य,NOUN
हे,PART
केवळ,NOUN
काँग्रेसचेच,NOUN
नाही,NOUN
तर,PART
सर्वांचेच,NOUN
आहे,NOUN
अशी,NOUN
त्यांची,NOUN
भूमिका,NOUN
होती,NOUN
त्यामुळे,NOUN
त्यांनी,NOUN
विविध,NOUN
पक्षातील,NOUN
लोकांना,NOUN
आपल्या,NOUN
मंत्रिमंडळात,NOUN
घेतले,VERB
होते,NOUN
नेहरूंवरील,NOUN
आक्षेप,NOUN
आणि,NOUN
त्यांना,NOUN
वारशात,NOUN
मिळालेल्या,NOUN
गोष्टी,NOUN
पं,PART
नेहरू,NOUN
जेव्हा,NOUN
पंतप्रधान,NOUN
बनले,VERB
तेव्हा,NOUN
खूप,NOUN
मोठा,NOUN
आनंदोत्सव,NOUN
त्यांच्या,PP
अनुयायांनी,NOUN
साजरा,NOUN
केला,PP
असं,NOUN
घडलं,NOUN
नाही,NOUN
ज्या,NOUN
वेळी,NOUN
ते,PART
पंतप्रधान,NOUN
झाले,VERB
ती,PART
स्थितीच,NOUN
वेगळी,NOUN
होती,NOUN
पं,PART
मोतीलाल,NOUN
नेहरू,NOUN
यांचा,NOUN
राजकीय,NOUN
वारसा,NOUN
आणि,NOUN
महात्मा,NOUN
गांधींनी,NOUN
त्यांना,NOUN
आपला,PP
राजकीय,NOUN
वारस,NOUN
मानल्या,NOUN
मुळे,NOUN
त्यांच्या,PP
गळ्यात,NOUN
काळजीवाहू,NOUN
पंतप्रधानपदाची,NOUN
माळ,NOUN
तर,PART
पडली,VERB
होती,NOUN
पण,PART
या,PART
पदाबरोबरच,NOUN
आणखीही,NOUN
काही,NOUN
गोष्टी,NOUN
मिळाल्या,NOUN
होत्या,NOUN
का,PART
देशाची,NOUN
झालेली,VERB
फाळणी,NOUN
आणि,NOUN
त्यानंतर,NOUN
जागोजागी,NOUN
उसळलेले,VERB
दंगे,NOUN
पाकिस्तानची,NOUN
निर्मिती,NOUN
होऊन,NOUN
देशाच्या,PP
दोन्ही,NOUN
बाजूंना,NOUN
असलेली,VERB
तणावग्रस्त,NOUN
स्थिती,NOUN
महात्मा,NOUN
गांधींची,NOUN
हत्या,NOUN
आणि,NOUN
भडकलेल्या,NOUN
दंगली,VERB
त्यावेळी,NOUN
असलेले,VERB
देशातले,VERB
साक्षरतेचे,NOUN
अल्पप्रमाण,NOUN
गरिबी,NOUN
संस्थानिकांचा,NOUN
प्रश्न,NOUN
राज्यघटनेची,NOUN
निर्मिती,NOUN
भाषाववर,PP
प्रांतरचनेचा,NOUN
प्रश्न,NOUN
महिलांच्या,PP
हक्कांविरोधात,NOUN
लढणारी,NOUN
पुरुषप्रधान,NOUN
मानसिकता,NOUN
सिंचनाचा,NOUN
अभाव,NOUN
असल्यामुळे,NOUN
निर्माण,NOUN
झालेले,VERB
शेतीसंकट,NOUN
इंग्रज,NOUN
गेल्यानंतर,NOUN
चीनने,PP
सियाचिनवर,PP
सांगितलेला,PP
दावा,NOUN
इत्यादी,NOUN
गोष्टी,NOUN
त्यांना,NOUN
पंतप्रधानपदाच्या,PP
जबाबदारीसोबतच,NOUN
मिळाल्या,NOUN
होत्या,NOUN
अर्थात,NOUN
पं,PART
नेहरूंचे,NOUN
विरोधक,NOUN
केवळ,NOUN
त्यांना,NOUN
या,PART
समस्या,NOUN
न,PART
सोडवण्यासाठी,PP
किंवा,NOUN
चिघळवण्यासाठी,PP
जबाबदार,NOUN
धरतात,VERB
या,PART
समस्या,NOUN
त्यांनीच,NOUN
निर्माण,NOUN
केल्या,NOUN
होत्या,NOUN
असे,NOUN
न,PART
म्हणून,NOUN
एकप्रकारे,NOUN
त्यांनी,NOUN
नेहरूंवर,PP
उपकारच,NOUN
केले,VERB
आहेत,NOUN
या,PART
प्रत्येक,NOUN
समस्येसाठीच,NOUN
जर,PART
नेहरूंना,NOUN
जबाबदार,NOUN
धरायचं,NOUN
म्हटलं,NOUN
तर,PART
मुळात,NOUN
हे,PART
प्रश्न,NOUN
तयार,NOUN
कसे,NOUN
झाले,VERB
आणि,NOUN
त्याची,NOUN
उत्तर,NOUN
कुठे,NOUN
होती,NOUN
याचा,NOUN
शोध,NOUN
घेणे,NOUN
देखील,NOUN
तितकेच,NOUN
अनिवार्य,NOUN
ठरते,NOUN
पं,PART
नेहरुंनी,NOUN
घेतलेल्या,NOUN
अनेक,NOUN
निर्णयावर,PP
आक्षेप,NOUN
घेण्यात,NOUN
आले,VERB
आहेत,NOUN
त्यातील,NOUN
मुख्य,NOUN
आक्षेप,NOUN
दोन,NOUN
आहेत,NOUN
एक,PART
म्हणजे,NOUN
पं,PART
नेहरूंनी,NOUN
काश्मीरचा,NOUN
प्रश्न,NOUN
हा,PART
संयुक्त,NOUN
राष्ट्रांकडे,PP
नेला,PP
त्यामुळे,NOUN
तो,PART
आणखी,NOUN
चिघळला,PP
आणि,NOUN
पं,PART
नेहरूंनी,NOUN
कठोर,NOUN
भूमिका,NOUN
न,PART
घेतल्यामुळे,NOUN
चीनने,PP
भारताशी,NOUN
युद्ध,NOUN
केले,VERB
आणि,NOUN
भारताचा,NOUN
पराभव,NOUN
झाला,PP
या,PART
दोन्ही,NOUN
प्रश्नांची,NOUN
उत्तरं,NOUN
एका,NOUN
वाक्यात,NOUN
देण्याइतकी,NOUN
सोपी,NOUN
असू,NOUN
शकतात,VERB
का,PART
पण,PART
या,PART
आणि,NOUN
अनेक,NOUN
अशा,NOUN
समस्यांना,NOUN
जेव्हा,NOUN
नेहरूंना,NOUN
जबाबदार,NOUN
धरले,VERB
जाते,NOUN
तेव्हा,NOUN
पं,PART
नेहरू,NOUN
एक,PART
मागोवा,NOUN
या,PART
पुस्तकाचे,NOUN
लेखक,NOUN
डॉ,PART
न,PART
गो,PART
राजूरकर,NOUN
आणि,NOUN
प्रा,NOUN
नरहर,NOUN
कुरुंदकर,NOUN
लिहितात,VERB
भारताचे,NOUN
पहिले,VERB
पंतप्रधान,NOUN
म्हणून,NOUN
नेहरंसमोर,NOUN
उभ्या,NOUN
असणाऱ्या,NOUN
समस्या,NOUN
विविध,NOUN
होत्या,NOUN
आणि,NOUN
एकेका,NOUN
समस्येचे,NOUN
स्वरूप,NOUN
अतिशय,NOUN
गुंतागुंतीचेव,NOUN
अजस्र,NOUN
होते,NOUN
हे,PART
आपण,NOUN
लक्षात,NOUN
घेतले,VERB
पाहिजे,NOUN
भारताच्या,PP
समस्या,NOUN
एकाएकी,NOUN
निर्माण,NOUN
झालेल्या,NOUN
नव्हत्या,NOUN
शतकानुशतके,NOUN
त्या,NOUN
साठवत,NOUN
आलेल्या,NOUN
होत्या,NOUN
इंग्रजांच्या,PP
शे,PART
दीडशे,NOUN
वर्षांच्या,PP
राजवटीत,NOUN
यातील,NOUN
अनेक,NOUN
समस्या,NOUN
कुजविलेल्या,NOUN
होत्या,NOUN
लोकांची,NOUN
इच्छा,NOUN
अगदीच,NOUN
साधी,NOUN
आणि,NOUN
एका,NOUN
वाक्यात,NOUN
संपणारी,NOUN
होती,NOUN
पुढे,NOUN
लेखक,NOUN
लिहितात,VERB
त्यांना,NOUN
सर्व,NOUN
प्रश्नांची,NOUN
तत्काळ,NOUN
आणि,NOUN
समाधानकारक,NOUN
सोडवणूक,NOUN
हवी,NOUN
होती,NOUN
कोणत्याही,NOUN
नवस्वतंत्र,NOUN
देशातील,NOUN
जनतेची,NOUN
अशी,NOUN
आतुर,NOUN
आणि,NOUN
उत्कट,NOUN
इच्छा,NOUN
असते,NOUN
आणि,NOUN
तशी,NOUN
भारतीयांची,NOUN
होती,NOUN
जनतेच्या,PP
अपेक्षा,NOUN
या,PART
होत्या,NOUN
याबद्दल,NOUN
त्यांना,NOUN
दोष,NOUN
देण्याचे,NOUN
कारण,NOUN
नाही,NOUN
पण,PART
या,PART
अपेक्षा,NOUN
पूर्ण,NOUN
करता,NOUN
येणे,NOUN
मानवी,NOUN
शक्यतेच्याही,NOUN
पलीकडचे,NOUN
होते,NOUN
नेहरूंचे,NOUN
मोठेपण,NOUN
असेल,NOUN
तर,PART
ते,PART
यात,NOUN
आहे,NOUN
की,PART
स्वातंत्र्यपूर्व,NOUN
काळापासून,NOUN
भारतासमोरील,NOUN
प्रश्नांचा,NOUN
त्यांनी,NOUN
विचार,NOUN
सुरू,NOUN
केलेला,PP
होता,NOUN
आणि,NOUN
स्वतःच्या,PP
मनाशी,NOUN
त्यांनी,NOUN
प्रश्नांच्या,PP
उलगड्यासाठी,PP
काही,NOUN
दिशा,NOUN
निश्चित,NOUN
केलेल्या,NOUN
होत्या,NOUN
असं,NOUN
राजूरकर,NOUN
आणि,NOUN
कुरुंदकर,NOUN
आपल्या,NOUN
पुस्तकात,NOUN
लिहितात,VERB
देशाची,NOUN
पहिली,VERB
निवडणूक,NOUN
होण्याआधीच,NOUN
सरदार,NOUN
पटेल,NOUN
यांचे,NOUN
निधन,NOUN
झाले,VERB
होते,NOUN
संस्थानिकांना,NOUN
देशात,NOUN
सामील,NOUN
करुन,NOUN
घेण्याचा,NOUN
अत्यंंत,NOUN
जटील,NOUN
प्रश्न,NOUN
त्यांंनी,NOUN
सोडवला,PP
होता,NOUN
आणि,NOUN
याबाबत,NOUN
नेहरूंंनी,NOUN
नेहमी,NOUN
त्यांची,NOUN
स्तुती,NOUN
केल्याचे,NOUN
त्यांच्यापत्रव्यवहारावरुन,NOUN
दिसते,NOUN
महात्मा,NOUN
गांधीनी,NOUN
त्यांना,NOUN
काळजीवाहू,NOUN
पंतप्रधान,NOUN
केल्यामुळे,NOUN
ते,PART
देशाचे,NOUN
पंतप्रधान,NOUN
बनले,VERB
असा,NOUN
एक,PART
समज,NOUN
आपल्याला,PP
दिसून,NOUN
येतो,NOUN
पण,PART
त्यानंतर,NOUN
पं,PART
नेहरू,NOUN
यांच्या,PP
नेतृत्वात,NOUN
झालेल्या,NOUN
तीन,NOUN
निवडणुकात,NOUN
1952,NUM
1957,NUM
आणि,NOUN
1962,NUM
साली,VERB
झालेल्या,NOUN
निवडणुकात,NOUN
काँग्रेसने,PP
अंदाजे,NOUN
490,NUM
लोकसभेच्या,PP
जागांपैकी,NOUN
अनुक्रमे,NOUN
364,NUM
371,NUM
आणि,NOUN
361,NUM
जागा,NOUN
जिंकल्या,NOUN
होत्या,NOUN
केवळ,NOUN
निवडणूक,NOUN
लढवणे,NOUN
हाच,NOUN
नेहरूंचा,NOUN
या,PART
मागचा,NOUN
उद्देश,NOUN
नव्हता,NOUN
तर,PART
देशात,NOUN
लोकशाहीची,NOUN
मूल्यं,NOUN
रुजवायची,NOUN
राज्यघटनेचा,NOUN
प्रचार,NOUN
प्रसार,NOUN
करायचा,NOUN
आणि,NOUN
जास्तीत,NOUN
जास्त,NOUN
लोकांना,NOUN
भेटून,NOUN
त्यांना,NOUN
मुख्य,NOUN
प्रवाहात,NOUN
आणायचे,NOUN
काम,NOUN
नेहरूंनी,NOUN
आपल्या,NOUN
प्रचारसभातून,NOUN
केले,VERB
त्यांच्या,PP
प्रचाराचा,NOUN
सूर,NOUN
कुठेही,NOUN
विरोधकांवर,PP
किंवा,NOUN
इंग्रजांमुळे,NOUN
निर्माण,NOUN
झालेल्या,NOUN
प्रश्नांवर,PP
नव्हता,NOUN
नेहरू,NOUN
हे,PART
निर्विवादपणे,NOUN
लोकप्रिय,NOUN
होते,NOUN
आणि,NOUN
पण,PART
केवळ,NOUN
लोकप्रिय,NOUN
आहेत,NOUN
म्हणून,NOUN
ते,PART
लोकांचा,NOUN
अनुनय,NOUN
करणारे,NOUN
निर्णय,NOUN
घ्यायचे,NOUN
असं,NOUN
नाही,NOUN
त्यांनी,NOUN
अनेक,NOUN
कठोर,NOUN
निर्णय,NOUN
घेतले,VERB
ज्यामुळे,NOUN
आपली,VERB
लोकप्रियता,NOUN
धोक्यात,NOUN
येईल,NOUN
याची,NOUN
जाणीव,NOUN
त्यांना,NOUN
होती,NOUN
पं,PART
नेहरू,NOUN
भाषावर,PP
प्रांतरचनेच्या,PP
विरोधात,NOUN
होते,NOUN
त्यामुळे,NOUN
देशांमध्ये,PP
अंतर्गत,NOUN
विभाजन,NOUN
होईल,NOUN
त्यापेक्षा,NOUN
राज्ये,NOUN
बहुभाषिक,NOUN
असावीत,NOUN
असं,NOUN
त्यांचं,NOUN
मत,PART
होतं,NOUN
त्या,NOUN
मतावर,PP
ते,PART
अनेक,NOUN
वर्षं,NOUN
ठाम,NOUN
होते,NOUN
पण,PART
जेव्हा,NOUN
वेगळ्या,NOUN
आंध्रप्रदेशच्या,PP
निर्मितीसाठी,PP
पोट्टी,NOUN
श्रीरामलु,NOUN
यांचे,NOUN
प्राणांतिक,NOUN
उपोषणात,NOUN
प्राण,NOUN
गेले,VERB
तेव्हा,NOUN
त्यांनी,NOUN
लोकांच्या,PP
मर्जीनुसार,NOUN
भाषावार,NOUN
प्रांतरचनेला,PP
परवानगी,NOUN
दिली,VERB
होती,NOUN
या,PART
घटनेच्या,PP
एकाच,NOUN
वर्षानंतर,NOUN
देशात,NOUN
पहिल्या,NOUN
निवडणुका,NOUN
झाल्या,NOUN
आणि,NOUN
त्यात,NOUN
काँग्रेसला,PP
३६४,NUM
जागा,NOUN
मिळाल्या,NOUN
यावरुन,NOUN
हेच,NOUN
दिसून,NOUN
येतं,NOUN
की,PART
देशातील,NOUN
जनतेला,PP
सुद्धा,NOUN
नेहरूंकडे,PP
केवळ,NOUN
घटनांच्या,PP
दृष्टिक्षेपातून,NOUN
पाहत,NOUN
नव्हते,NOUN
तर,PART
नेहरूंचे,NOUN
एकूण,NOUN
व्यक्तिमत्व,NOUN
त्यांचा,NOUN
समाजातील,NOUN
वावर,PP
आणि,NOUN
त्यांचे,NOUN
लोकशाहीवरील,NOUN
प्रेम,NOUN
याच,NOUN
भावनेतून,NOUN
पाहत,NOUN
असत,NOUN
नेहरू,NOUN
आणि,NOUN
त्यांचे,NOUN
लोकशाहीवरील,NOUN
प्रेम,NOUN
पहिल्या,NOUN
निवडणुकीत,NOUN
पं,PART
नेहरू,NOUN
कसा,NOUN
प्रचार,NOUN
करायचे,NOUN
याबाबत,NOUN
इतिहासकार,NOUN
रामचंद्र,NOUN
गुहा,NOUN
यांनी,NOUN
हिंदुस्तान,NOUN
टाइम्ससाठी,PP
लिहिलेल्या,NOUN
लेखात,NOUN
म्हटले,VERB
आहे,NOUN
की,PART
नेहरूंनी,NOUN
कधीही,NOUN
आपल्या,NOUN
समोर,NOUN
असलेल्या,NOUN
समस्यांचा,NOUN
पाढा,NOUN
वाचला,PP
नाही,NOUN
उलट,NOUN
त्यांनी,NOUN
प्रत्येकाला,PP
हेच,NOUN
सांगितलं,NOUN
की,PART
जर,PART
प्रत्येक,NOUN
व्यक्तीने,PP
जर,PART
देशाच्या,PP
प्रगतीसाठी,PP
काम,NOUN
केलं,NOUN
तर,PART
देशाची,NOUN
प्रगती,NOUN
शक्य,NOUN
आहे,NOUN
धार्मिक,NOUN
तेढ,NOUN
आणि,NOUN
त्यातून,NOUN
उद्बवणाऱ्या,NOUN
समस्यांचा,NOUN
त्यांना,NOUN
राग,NOUN
होता,NOUN
जर,PART
कुणी,NOUN
धर्माच्या,PP
नावावर,PP
जर,PART
इतर,NOUN
व्यक्तीशी,NOUN
भांडत,NOUN
असेल,NOUN
तर,PART
अशा,NOUN
प्रवृ्त्तींच्या,PP
मी,PART
कायम,NOUN
विरोधात,NOUN
राहील,NOUN
सरकारमधून,NOUN
असो,NOUN
वा,PART
बाहेरुन,NOUN
असो,NOUN
अशा,NOUN
शक्तींविरोधात,NOUN
मी,PART
ठामपणे,NOUN
उभा,NOUN
आहे,NOUN
असे,NOUN
ते,PART
कडाडत,NOUN
जे,PART
लोक,NOUN
म्हणायचे,NOUN
हिंदू,NOUN
धर्माची,NOUN
अधोगती,NOUN
होत,NOUN
आहे,NOUN
त्यावर,PP
ते,PART
म्हणायचे,NOUN
की,PART
प्रत्येक,NOUN
व्यक्तीची,NOUN
स्थिती,NOUN
सुधारणे,NOUN
हीच,NOUN
धर्माची,NOUN
सेवा,NOUN
ठरते,NOUN
महिलांच्या,PP
प्रश्नांबाबत,NOUN
ते,PART
जागरुक,NOUN
होते,NOUN
आणि,NOUN
जे,PART
लोक,NOUN
प्रत्येक,NOUN
गोष्टींमध्ये,PP
धर्म,NOUN
आणत,NOUN
असत,NOUN
त्यांना,NOUN
ते,PART
सांगायचे,NOUN
की,PART
अशा,NOUN
प्रकारचा,NOUN
विचार,NOUN
करणारे,NOUN
मन,PART
हे,PART
संकुचित,NOUN
असते,NOUN
त्यांची,NOUN
कधीच,NOUN
प्रगती,NOUN
होऊ,NOUN
शकणार,NOUN
नाही,NOUN
पं,PART
नेहरू,NOUN
यांनी,NOUN
केवळ,NOUN
निवडणुकाच,NOUN
लढवल्या,NOUN
नाहीत,NOUN
तर,PART
देशात,NOUN
खूप,NOUN
मोठ्या,NOUN
प्रमाणात,NOUN
पायाभूत,NOUN
सुविधा,NOUN
त्यांनी,NOUN
उभ्या,NOUN
केल्या,NOUN
भाकरा,NOUN
नांगलचा,NOUN
प्रकल्प,NOUN
यशस्वी,NOUN
करणे,NOUN
असो,NOUN
वा,PART
मुंबईतील,NOUN
आण्विक,NOUN
संशोधक,NOUN
केंद्राची,NOUN
स्थापना,NOUN
असो,NOUN
आयआयटी,NOUN
आयआयएम,NOUN
इस्रो,NOUN
पंचवार्षिक,NOUN
योजना,NOUN
सार्वजनिक,NOUN
क्षेत्रातील,NOUN
कारखाने,PP
अशा,NOUN
अनेक,NOUN
महत्त्वकांक्षी,NOUN
योजना,NOUN
त्यांच्या,PP
16,NUM
वर्षांच्या,PP
काळात,NOUN
पार,NOUN
पडलेल्या,NOUN
आपल्याला,PP
दिसतात,VERB
त्यांनी,NOUN
आखून,NOUN
दिलेल्या,NOUN
कार्यक्रमावरच,NOUN
आपल्या,NOUN
देशाची,NOUN
वाटचाल,NOUN
झालेली,VERB
पाहायला,PP
मिळते,NOUN
त्यामुळेच,NOUN
त्यांचा,NOUN
आदर,NOUN
करणारे,NOUN
लोक,NOUN
सर्वच,NOUN
पक्षात,NOUN
पाहायला,PP
मिळतात,VERB
जेव्हा,NOUN
पं,PART
नेहरूंचा,NOUN
फोटो,NOUN
परराष्ट्र,NOUN
खात्यातून,NOUN
काढण्यात,NOUN
आला,PP
होता,NOUN
तेव्हा,NOUN
जनता,NOUN
सरकारमध्ये,PP
परराष्ट्र,NOUN
मंत्री,NOUN
असलेल्या,NOUN
अटल,NOUN
बिहारी,NOUN
वाजपेयींना,NOUN
ही,PART
गोष्ट,NOUN
आवडली,VERB
नव्हती,NOUN
त्यांनी,NOUN
अधिकाऱ्यांना,NOUN
विचारले,VERB
की,PART
पं,PART
नेहरूंचे,NOUN
चित्र,NOUN
कुठे,NOUN
गेले,VERB
काहीच,NOUN
उत्तर,NOUN
मिळाले,VERB
नाही,NOUN
पण,PART
पुन्हा,NOUN
ते,PART
चित्र,NOUN
त्या,NOUN
जागी,NOUN
परतले,VERB
नेहरू,NOUN
हे,PART
आधुनिक,NOUN
भारताचे,NOUN
शिल्पकार,NOUN
होते,NOUN
की,PART
आजच्या,PP
सर्व,NOUN
समस्यांना,NOUN
ते,PART
जबाबदार,NOUN
होते,NOUN
या,PART
दोन्ही,NOUN
बाजूने,PP
अनेक,NOUN
तर्क,NOUN
आहेत,NOUN
तेव्हा,NOUN
ते,PART
नेमके,NOUN
कोण,NOUN
होते,NOUN
याचा,NOUN
निर्णय,NOUN
हा,PART
सर्वस्वी,NOUN
त्या,NOUN
व्यक्तींवर,PP
अवलंबून,NOUN
आहे,NOUN
पण,PART
नेहरूंचे,NOUN
लोकशाहीवर,PP
आणि,NOUN
देशातील,NOUN
लोकांवर,PP
किती,NOUN
प्रेम,NOUN
होते,NOUN
हे,PART
समजून,NOUN
घेण्यासाठी,PP
हा,PART
प्रसंग,NOUN
पुरेसा,NOUN
ठरू,NOUN
शकतो,NOUN
पं,PART
नेहरू,NOUN
हे,PART
लोकनेते,NOUN
होते,NOUN
त्यांनी,NOUN
नेहमी,NOUN
त्यांच्या,PP
भावनांची,NOUN
कदर,NOUN
केल्याचे,NOUN
पाहायला,PP
मिळते,NOUN
आणि,NOUN
कुणी,NOUN
कितीही,NOUN
त्यांच्यावर,PP
राग,NOUN
व्यक्त,NOUN
केला,PP
तर,PART
त्यांचे,NOUN
लोकांवरील,NOUN
प्रेम,NOUN
आणि,NOUN
लोकशाहीवरील,NOUN
निष्ठा,NOUN
कधी,NOUN
ढळली,VERB
नाही,NOUN
हेच,NOUN
दिसले,VERB
आहे,NOUN
नेहरूंच्या,PP
बाबतीत,NOUN
एक,PART
किस्सा,NOUN
सांगितला,PP
जातो,NOUN
बीबीसी,NOUN
हिंदीचे,NOUN
प्रतिनिधी,NOUN
इकबाल,NOUN
अहमद,NOUN
यांनी,NOUN
या,PART
किश्शाचा,NOUN
उल्लेख,NOUN
केला,PP
आहे,NOUN
ते,PART
लिहिलात,NOUN
राममनोहर,NOUN
लोहियांच्या,PP
सांगण्यावरुन,NOUN
एक,PART
महिला,PP
संसद,NOUN
परिसरात,NOUN
आली,VERB
होती,NOUN
जसे,NOUN
नेहरू,NOUN
कारमधून,NOUN
उतरले,VERB
त्यांच्यासमोर,NOUN
ती,PART
महिला,PP
आली,VERB
आणि,NOUN
तिने,PP
नेहरूंची,NOUN
कॉलर,NOUN
पकडली,VERB
आणि,NOUN
म्हटले,VERB
की,PART
भारत,NOUN
स्वतंत्र,NOUN
झाला,PP
तुम्ही,NOUN
देशाचे,NOUN
पंतप्रधान,NOUN
झाला,PP
या,PART
म्हातारीला,PP
काय,NOUN
मिळालं,NOUN
यावर,PP
नेहरूंच,NOUN
उत्तर,NOUN
होतं,NOUN
की,PART
तुम्हाला,PP
हे,PART
मिळालं,NOUN
आहे,NOUN
की,PART
तुम्ही,NOUN
देशाच्या,PP
पंतप्रधानाची,NOUN
कॉलर,NOUN
पकडून,NOUN
उभ्या,NOUN
आहात,NOUN
याच,NOUN
त्यांच्या,PP
गोष्टींमुळे,NOUN
कदाचित,NOUN
जेव्हा,NOUN
त्यांनी,NOUN
पंतप्रधानपदी,NOUN
न,PART
राहण्याचा,NOUN
निर्णय,NOUN
घेतला,PP
तेव्हा,NOUN
तीव्र,NOUN
प्रतिक्रिया,NOUN
आली,VERB
असावी,NOUN
आणि,NOUN
त्याच,NOUN
प्रेमातून,NOUN
कवी,NOUN
नारायण,NOUN
सुर्वे,NOUN
म्हणू,NOUN
शकले,VERB
की,PART
वा,PART
राव,NOUN
पुढे,NOUN
काळोख,NOUN
दात,NOUN
विचकित,NOUN
असेल,NOUN
नेहरू,NOUN
गेले,VERB
त्यावेळची,NOUN
गोष्ट,NOUN
संयुक्त,NOUN
राष्ट्र,NOUN
सुरक्षा,NOUN
परिषदेत,NOUN
भारताला,PP
सदस्यत्व,NOUN
न,PART
मिळण्यासाठी,PP
नेहरू,NOUN
जबाबदार,NOUN
आहेत,NOUN
का,PART
14,NUM
डिसेंबर,NOUN
2022,NUM
संयुक्त,NOUN
राष्ट्र,NOUN
सुरक्षा,NOUN
परिषदेत,NOUN
भारताला,PP
सदस्यत्व,NOUN
न,PART
मिळण्यासाठी,PP
नेहरू,NOUN
जबाबदार,NOUN
आहेत,NOUN
का,PART
जेव्हा,NOUN
नेहरू,NOUN
IFS,NOUN
ऑफिसरला,PP
स्विमिंग,NOUN
कॉस्च्यूममध्येच,NOUN
म्यानमारच्या,PP
PMच्या,PP
स्वागतासाठी,PP
घेऊन,NOUN
गेले,VERB
18,NUM
नोव्हेंबर,NOUN
2022,NUM
जेव्हा,NOUN
नेहरू,NOUN
IFS,NOUN
ऑफिसरला,PP
स्विमिंग,NOUN
कॉस्च्यूममध्येच,NOUN
म्यानमारच्या,PP
PMच्या,PP
स्वागतासाठी,PP
घेऊन,NOUN
गेले,VERB
नेहरूंना,NOUN
मृत्यूच्या,PP
1,NUM
आठवडाआधी,NOUN
नेहरूंनंतर,NOUN
कोण,NOUN
हा,PART
प्रश्न,NOUN
विचारून,NOUN
पत्रकारांनी,NOUN
भांबावून,NOUN
सोडलं,NOUN
होतं,NOUN
27,NUM
मे,PART
2022,NUM
नेहरूंना,NOUN
मृत्यूच्या,PP
1,NUM
आठवडाआधी,NOUN
नेहरूंनंतर,NOUN
कोण,NOUN
हा,PART
प्रश्न,NOUN
विचारून,NOUN
पत्रकारांनी,NOUN
भांबावून,NOUN
सोडलं,NOUN
होतं,NOUN
Author,NOUN
अमृता,NOUN
दुर्वेRole,NOUN
बीबीसी,NOUN
मराठी,NOUN
प्रतिनिधी,NOUN
अंतराळ,NOUN
संशोधनामध्ये,PP
माशीचं,NOUN
योगदान,NOUN
अतिशय,NOUN
महत्त्वाचं,NOUN
आहे,NOUN
हे,PART
तुम्हाला,PP
माहिती,NOUN
आहे,NOUN
का,PART
आता,NOUN
भविष्यात,NOUN
अंतराळवीरांच्या,PP
स्पेस,NOUN
मेनू,NOUN
मध्ये,PP
अळ्या,NOUN
आणि,NOUN
कीटकांचा,NOUN
समावेश,NOUN
होण्याची,NOUN
शक्यता,NOUN
आहे,NOUN
आता,NOUN
हे,PART
वाचून,NOUN
ईईई,NOUN
करू,NOUN
नका,NOUN
इथे,NOUN
पृथ्वीवरही,NOUN
अनेक,NOUN
देशांत,NOUN
लहान,NOUN
कीटक,NOUN
खाल्ले,VERB
जातात,VERB
अगदी,NOUN
आपल्या,NOUN
गडचिरोलीतही,NOUN
लाल,NOUN
मुंग्यांची,NOUN
चटणी,NOUN
केली,VERB
जाते,NOUN
युनायटेड,NOUN
नेशन्सच्या,PP
अन्न,NOUN
आणि,NOUN
कृषी,NOUN
संस्थेने,PP
दिलेल्या,NOUN
माहितीनुसार,NOUN
पृथ्वीवर,PP
वेगवेगळ्या,NOUN
भागांत,NOUN
मिळून,NOUN
2000,NUM
पेक्षा,NOUN
अधिक,NOUN
प्रजातींचे,NOUN
कीटक,NOUN
खाल्ले,VERB
जातात,VERB
तर,PART
असे,NOUN
हे,PART
कीटक,NOUN
कदाचित,NOUN
लवकरच,NOUN
अंतराळवीरांच्या,PP
डाएटचा,NOUN
भाग,NOUN
असतील,NOUN
पण,PART
असं,NOUN
का,PART
केलं,NOUN
जातंय,NOUN
त्यामुळे,NOUN
नक्की,NOUN
काय,NOUN
होईल,NOUN
आणि,NOUN
कीटकांचा,NOUN
अंतराळ,NOUN
मोहिमांना,NOUN
कसा,NOUN
फायदा,NOUN
होऊ,NOUN
शकतो,NOUN
सगळ्यात,NOUN
आधी,NOUN
तुम्हाला,PP
हे,PART
माहिती,NOUN
आहे,NOUN
का,PART
की,PART
माणूस,NOUN
अंतराळात,NOUN
जाण्याच्या,PP
कित्येक,NOUN
वर्ष,NOUN
आधी,NOUN
एक,PART
कीटक,NOUN
अंतराळात,NOUN
गेला,PP
होता,NOUN
माणूस,NOUN
पहिल्यांदा,NOUN
अंतराळात,NOUN
पोहोचला,PP
ते,PART
1961,NUM
साली,VERB
युरी,NOUN
गागारीन,NOUN
यांनी,NOUN
पहिल्यांदा,NOUN
अंतराळात,NOUN
भ्रमंती,NOUN
केली,VERB
त्यांच्या,PP
आधी,NOUN
1957,NUM
साली,VERB
लायका,NOUN
नावाच्या,PP
एका,NOUN
कुत्रीला,PP
अंतराळात,NOUN
पाठवण्यात,NOUN
आलं,NOUN
होतं,NOUN
पण,PART
त्याही,NOUN
आधी,NOUN
1947,NUM
साली,VERB
अंतराळात,NOUN
जाणारा,NOUN
आणि,NOUN
जगणारा,NOUN
प्राणी,NOUN
होता,NOUN
एक,PART
फ्रूटफ्लाय,NOUN
अर्थात,NOUN
एक,PART
फळमाशी,NOUN
जिवंत,NOUN
प्राण्यांवर,PP
अंतराळ,NOUN
प्रवासाचा,NOUN
किरणोत्सर्गाचा,NOUN
काय,NOUN
परिणाम,NOUN
होतो,NOUN
हे,PART
तपासण्यासाठी,PP
ही,PART
माशी,NOUN
अंतराळात,NOUN
पाठवण्यात,NOUN
आली,VERB
होती,NOUN
तेव्हापासूनच,NOUN
अंतराळात,NOUN
शरीरावर,PP
होणारा,NOUN
परिणाम,NOUN
वागणूक,NOUN
आणि,NOUN
इतर,NOUN
विकासात्मक,NOUN
संशोधनासाठी,PP
फळमाशीचा,NOUN
आधार,NOUN
घेतला,PP
जातो,NOUN
या,PART
माश्या,NOUN
मायक्रोगॅव्हीटी,NOUN
म्हणजे,NOUN
अगदी,NOUN
कमी,NOUN
गुरुत्वाकर्षणातही,NOUN
गर्भधारणेपासून,NOUN
ते,PART
प्रजननक्षम,NOUN
माश्यांची,NOUN
वाढ,NOUN
होण्यापर्यंतचे,NOUN
सगळे,NOUN
टप्पे,NOUN
पार,NOUN
पाडत,NOUN
त्यांचं,NOUN
पूर्ण,NOUN
आयुष्य,NOUN
जगू,NOUN
शकतात,VERB
यानंतर,NOUN
बम्बलबीज,NOUN
म्हणजे,NOUN
मोठी,NOUN
मधमाशी,NOUN
हाऊसफ्लाईज्,NOUN
म्हणजे,NOUN
घरात,NOUN
आढळणारी,NOUN
माशी,NOUN
तसेच,NOUN
अळ्या,NOUN
मुंग्या,NOUN
यांच्यावरही,NOUN
अंतराळात,NOUN
प्रयोग,NOUN
करण्यात,NOUN
आले,VERB
अंतराळातल्या,NOUN
वातावरणाशी,NOUN
कीटक,NOUN
चांगले,VERB
जुळवून,NOUN
घेतात,VERB
त्यांच्यामध्ये,PP
शारीरिक,NOUN
तणाव,NOUN
सहन,NOUN
करण्याची,NOUN
चांगली,VERB
क्षमता,NOUN
असते,NOUN
असं,NOUN
स्वीडिश,NOUN
युनिव्हर्सिटी,NOUN
ऑफ,PART
अॅग्रिकल्चर,NOUN
सायन्सेच्या,PP
प्रा,NOUN
आसा,NOUN
बेर्ग्रेन,NOUN
यांनी,NOUN
म्हटलंय,NOUN
खाण्यायोग्य,NOUN
कीटकांवर,PP
कमी,NOUN
गुरुत्वाकर्षणाचा,NOUN
काय,NOUN
परिणाम,NOUN
होतो,NOUN
याविषयी,NOUN
प्रसिद्ध,NOUN
झालेल्या,NOUN
संशोधनाच्या,PP
त्या,NOUN
प्रमुख,NOUN
होत्या,NOUN
ज्या,NOUN
गोष्टी,NOUN
माणसं,NOUN
खाऊ,NOUN
शकत,NOUN
नाहीत,NOUN
त्यांचा,NOUN
वापर,NOUN
स्वतःच्या,PP
वाढीसाठी,PP
करण्याची,NOUN
क्षमता,NOUN
या,PART
कीटकांमध्ये,PP
असते,NOUN
आणि,NOUN
त्यामुळे,NOUN
परिणामी,NOUN
आपल्याला,PP
पोषक,NOUN
अन्न,NOUN
मिळू,NOUN
शकतं,NOUN
असंही,NOUN
या,PART
संशोधनातून,NOUN
समोर,NOUN
आलंय,NOUN
पोषक,NOUN
घटकांवर,PP
पुनर्प्रक्रिया,NOUN
करण्याचा,NOUN
आणि,NOUN
शाश्वत,NOUN
पद्धतीने,PP
प्रथिनं,NOUN
तयार,NOUN
करण्याचा,NOUN
हा,PART
एक,PART
मार्ग,NOUN
ठरू,NOUN
शकतो,NOUN
या,PART
सगळ्यानंतर,NOUN
आता,NOUN
युरोपियन,NOUN
स्पेस,NOUN
एजन्सनीने,PP
युरोपातल्या,NOUN
अन्न,NOUN
जीवशास्त्र,NOUN
आणि,NOUN
अंतराळ,NOUN
या,PART
विषयातल्या,NOUN
संशोधकांना,NOUN
एकत्र,NOUN
आणत,NOUN
एक,PART
टीम,NOUN
स्थापन,NOUN
केलीय,NOUN
या,PART
कीटकांचा,NOUN
अंतराळवीरांच्या,PP
आहारात,NOUN
समावेश,NOUN
करता,NOUN
येईल,NOUN
का,PART
याचा,NOUN
अभ्यास,NOUN
ही,PART
टीम,NOUN
करते,NOUN
आहे,NOUN
पण,PART
किड्यांना,NOUN
इतकं,NOUN
महत्त्वं,NOUN
का,PART
दिलं,NOUN
जातंय,NOUN
कारण,NOUN
या,PART
सुपरफूड,NOUN
मध्ये,PP
पोषणमूल्य,NOUN
आणि,NOUN
चव,PART
अशा,NOUN
दोन्ही,NOUN
गोष्टी,NOUN
असतात,VERB
अळ्या,NOUN
आणि,NOUN
काही,NOUN
इतर,NOUN
किड्यांमध्ये,PP
मोठ्या,NOUN
प्रमाणात,NOUN
प्रथिनं,NOUN
फॅटी,NOUN
अॅसिड्स,NOUN
लोह,NOUN
झिंक,NOUN
आणि,NOUN
ब,PART
जीवनसत्त्व,NOUN
असल्याचं,NOUN
आढळलं,NOUN
अनेक,NOUN
कीटकांमधलं,NOUN
पोषणतत्वांचं,NOUN
हे,PART
प्रमाण,NOUN
मांस,NOUN
मासे,NOUN
वा,PART
डाळींपेक्षाही,NOUN
जास्त,NOUN
वा,PART
त्यांच्याइतकंच,NOUN
होतं,NOUN
या,PART
अंतराळ,NOUN
संशोधनाचा,NOUN
भर,PART
आहे,NOUN
हाऊस,NOUN
क्रिकेट,NOUN
आणि,NOUN
यलो,NOUN
मीलवर्म,NOUN
वर,PART
युरोपियन,NOUN
फूड,NOUN
सेफ्टी,NOUN
अथॉरिटीने,PP
2023,NUM
साली,VERB
या,PART
दोन्ही,NOUN
कीटकांचं,NOUN
सेवन,NOUN
आणि,NOUN
विक्री,NOUN
यासाठी,PP
परवानगी,NOUN
दिलेली,VERB
आहे,NOUN
या,PART
क्रिकेट,NOUN
किड्याचं,NOUN
पीठ,NOUN
हे,PART
प्रथिन,NOUN
युक्त,NOUN
असतं,NOUN
आणि,NOUN
ब्रेड,NOUN
पास्ता,NOUN
बिस्किटं,NOUN
करण्यासाठी,PP
वापरलं,NOUN
जातं,NOUN
2022,NUM
साली,VERB
अंतराळ,NOUN
मोहीमेवर,PP
गेलेल्या,NOUN
युरोपियन,NOUN
स्पेस,NOUN
एजन्सीच्या,PP
अंतराळवीर,NOUN
समांथा,NOUN
क्रिस्टोफोरेट्टी,NOUN
यांनी,NOUN
त्यांच्यासोबत,NOUN
या,PART
क्रिकेट,NOUN
फ्लोअर,NOUN
चा,PART
ब्लूबेरी,NOUN
सिरीयल,NOUN
बार,NOUN
नेला,PP
होता,NOUN
मग,PART
आता,NOUN
या,PART
किड्यांचा,NOUN
समावेश,NOUN
अंतराळवीरांच्या,PP
आहारात,NOUN
लगेच,NOUN
होणार,NOUN
का,PART
तर,PART
इतक्यात,NOUN
नाही,NOUN
कारण,NOUN
अंतराळाचा,NOUN
किड्यांवर,PP
काय,NOUN
आणि,NOUN
कसा,NOUN
परिणाम,NOUN
होतो,NOUN
याबद्दलचं,NOUN
संशोधन,NOUN
अजून,NOUN
अपुरं,NOUN
आहे,NOUN
आता,NOUN
उपलब्ध,NOUN
असलेला,PP
डेटा,NOUN
जुना,NOUN
आहे,NOUN
1960,NUM
ते,PART
2000,NUM
सालांदरम्यान,NOUN
करण्यात,NOUN
आलेल्या,NOUN
प्रयोगांबद्दलचा,NOUN
आहे,NOUN
आजवर,PP
जास्तीत,NOUN
जास्त,NOUN
50,NUM
दिवस,NOUN
कीटक,NOUN
अंतराळात,NOUN
ठेवून,NOUN
त्यांवर,PP
प्रयोग,NOUN
करण्यात,NOUN
आले,VERB
आहेत,NOUN
यापेक्षा,NOUN
अधिक,NOUN
कालावधीत,NOUN
काय,NOUN
होतं,NOUN
याबद्दलचं,NOUN
संशोधन,NOUN
व्हायचंय,NOUN
आणि,NOUN
नवीन,NOUN
प्रयोगांची,NOUN
आखणी,NOUN
केली,VERB
जातेय,NOUN
या,PART
संशोधनाचा,NOUN
फायदा,NOUN
दीर्घकालीन,NOUN
दूरचा,NOUN
पल्ला,PP
असणाऱ्या,NOUN
अंतराळमोहीमांना,NOUN
होईल,NOUN
अंतराळ,NOUN
स्थानकात,NOUN
असणाऱ्या,NOUN
अंतराळवीरांसोबत,NOUN
अन्न,NOUN
पाठवलेलं,NOUN
असतं,NOUN
कार्गो,NOUN
मिशन्सद्वारे,NOUN
त्यांना,NOUN
सतत,NOUN
अन्न,NOUN
पुरवठा,NOUN
केला,PP
जातो,NOUN
पण,PART
चंद्रावर,PP
जाणाऱ्या,NOUN
मंगळ,NOUN
वा,PART
त्याहीपुढे,NOUN
जाणाऱ्या,NOUN
मोहीमांना,NOUN
असा,NOUN
पृथ्वीवरून,NOUN
सतत,NOUN
पुरवठा,NOUN
करता,NOUN
येणार,NOUN
नाही,NOUN
त्यावेळी,NOUN
अंतराळयानात,NOUN
असणारं,NOUN
कमी,NOUN
जागा,NOUN
कमी,NOUN
पाणी,NOUN
लागणारं,NOUN
इन्सेक्ट,NOUN
फार्म,NOUN
त्यांच्यासाठी,PP
पोषक,NOUN
अन्नाचा,NOUN
स्त्रोत,NOUN
ठरू,NOUN
शकतं,NOUN
सस्टेनेबल,NOUN
फूड,NOUN
प्रोडक्शन,NOUN
सिस्टीम,NOUN
म्हणजे,NOUN
अन्न,NOUN
निमिर्ती,NOUN
करणाऱ्या,NOUN
शाश्वत,NOUN
यंत्रणा,NOUN
कशा,NOUN
तयार,NOUN
करता,NOUN
येतील,NOUN
याबद्दल,NOUN
नासाही,NOUN
संशोधन,NOUN
करते,NOUN
आहे,NOUN
शिवाय,NOUN
हे,PART
कीटक,NOUN
अंतराळात,NOUN
कसे,NOUN
जगू,NOUN
शकतात,VERB
कसे,NOUN
जुळवून,NOUN
घेतात,VERB
यामागचं,NOUN
विज्ञान,NOUN
उलगडलं,NOUN
तर,PART
तो,PART
जैवविज्ञानातला,PP
मोठा,NOUN
टप्पा,NOUN
असेल,NOUN
अंतराळवीर,NOUN
पहिल्यांदा,NOUN
स्पेस,NOUN
स्टेशनमध्ये,PP
चिकन,NOUN
बनवून,NOUN
खातात,VERB
तेव्हा9,NOUN
नोव्हेंबर,NOUN
2025,NUM
अंतराळवीर,NOUN
पहिल्यांदा,NOUN
स्पेस,NOUN
स्टेशनमध्ये,PP
चिकन,NOUN
बनवून,NOUN
खातात,VERB
तेव्हा,NOUN
एलियन्स,NOUN
खरंच,NOUN
अस्तित्वात,NOUN
आहेत,NOUN
का,PART
परग्रहवासी,NOUN
पृथ्वीवर,PP
येऊ,NOUN
शकतात,VERB
सोपी,NOUN
गोष्ट29,NOUN
ऑगस्ट,NOUN
2025,NUM
एलियन्स,NOUN
खरंच,NOUN
अस्तित्वात,NOUN
आहेत,NOUN
का,PART
परग्रहवासी,NOUN
पृथ्वीवर,PP
येऊ,NOUN
शकतात,VERB
सोपी,NOUN
गोष्ट,NOUN
परग्रहांवर,PP
जीवन,NOUN
आहे,NOUN
का,PART
आपण,NOUN
या,PART
शोधाच्या,PP
उंबरठ्यावर,PP
आहोत,NOUN
का,PART
3,NUM
जुलै,NOUN
2025,NUM
परग्रहांवर,PP
जीवन,NOUN
आहे,NOUN
का,PART
आपण,NOUN
या,PART
शोधाच्या,PP
उंबरठ्यावर,PP
आहोत,NOUN
का,PART
6,NUM
नोव्हेंबर,NOUN
2025अपडेटेड,NOUN
10,NUM
नोव्हेंबर,NOUN
2025,NUM
अजित,NOUN
पवार,NOUN
यांचे,NOUN
पुत्र,NOUN
पार्थ,NOUN
पवार,NOUN
यांच्या,PP
कंपनीमार्फत,NOUN
झालेल्या,NOUN
जमीन,NOUN
व्यवहार,NOUN
प्रकरणात,NOUN
अनियमितता,NOUN
आढळल्याप्रकरणी,NOUN
आता,NOUN
चौकशी,NOUN
समिती,NOUN
नेमण्यात,NOUN
आली,VERB
आहे,NOUN
तसेच,NOUN
हा,PART
व्यवहार,NOUN
रद्द,NOUN
करण्यात,NOUN
आल्याची,NOUN
माहिती,NOUN
उपमुख्यमंत्री,NOUN
अजित,NOUN
पवार,NOUN
यांनी,NOUN
दिली,VERB
आहे,NOUN
मात्र,NOUN
या,PART
प्रकरणाची,NOUN
चौकशी,NOUN
करण्यासाठी,PP
नेमलेले,VERB
अधिकारी,NOUN
हेच,NOUN
या,PART
गैरव्यवहारात,NOUN
सामील,NOUN
असल्याने,PP
चौकशी,NOUN
प्रक्रिया,NOUN
निष्पक्ष,NOUN
राहिलेली,VERB
नाही,NOUN
आणि,NOUN
ती,PART
मुद्दामहून,NOUN
गुंडाळली,VERB
जाण्याची,NOUN
शक्यता,NOUN
आहे,NOUN
असा,NOUN
आरोप,NOUN
सामाजिक,NOUN
कार्यकर्ते,NOUN
विजय,NOUN
कुंभार,NOUN
यांनी,NOUN
केला,PP
आहे,NOUN
यासंदर्भात,NOUN
आता,NOUN
सामाजिक,NOUN
कार्यकर्ते,NOUN
विजय,NOUN
कुंभार,NOUN
यांनी,NOUN
मुख्यमंत्री,NOUN
देवेंद्र,NOUN
फडणवीस,NOUN
यांना,NOUN
पत्र,NOUN
लिहिलं,NOUN
आहे,NOUN
या,PART
पत्रात,NOUN
त्यांनी,NOUN
असं,NOUN
म्हटलंय,NOUN
की,PART
मुंढवा,NOUN
जमिनीचा,NOUN
बेकायदेशीर,NOUN
व्यवहार,NOUN
करण्यात,NOUN
आला,PP
असून,NOUN
शासनाच्या,PP
मालकीची,NOUN
जमीन,NOUN
खासगी,NOUN
व्यक्तींना,NOUN
देण्यासाठी,PP
अधिकाऱ्यांनी,NOUN
संगनमत,NOUN
केलेलं,NOUN
आहे,NOUN
तसेच,NOUN
चौकशीसाठी,PP
नेमलेले,VERB
अधिकारी,NOUN
सुद्धा,NOUN
या,PART
प्रकरणात,NOUN
सहभागी,NOUN
असल्याने,PP
या,PART
प्रकरणाची,NOUN
तातडीने,PP
स्वतंत्र,NOUN
चौकशी,NOUN
व,PART
गुन्हे,NOUN
नोंदवण्यात,NOUN
यावेत,NOUN
पुढे,NOUN
त्यांनी,NOUN
असंही,NOUN
म्हटलंय,NOUN
की,PART
या,PART
संपूर्ण,NOUN
प्रकरणात,NOUN
शासनाचे,NOUN
काही,NOUN
अधिकारी,NOUN
आणि,NOUN
राजकीय,NOUN
नेते,NOUN
थेटपणे,NOUN
किंवा,NOUN
अप्रत्यक्षरित्या,NOUN
सामील,NOUN
असल्याचे,NOUN
स्पष्ट,NOUN
पुरावे,NOUN
आहेत,NOUN
या,PART
प्रकरणाची,NOUN
चौकशी,NOUN
करण्यासाठी,PP
नेमलेले,VERB
अधिकारी,NOUN
हेच,NOUN
या,PART
गैरव्यवहारात,NOUN
सामील,NOUN
असल्याने,PP
चौकशी,NOUN
प्रक्रिया,NOUN
निष्पक्ष,NOUN
राहिलेली,VERB
नाही,NOUN
आणि,NOUN
ती,PART
मुद्दामहून,NOUN
गुंडाळली,VERB
जाण्याची,NOUN
शक्यता,NOUN
आहे,NOUN
व्यवहार,NOUN
रद्द,NOUN
गुन्हा,NOUN
नोंद,NOUN
मात्र,NOUN
पार्थ,NOUN
पवार,NOUN
यांचं,NOUN
नाव,NOUN
नाही,NOUN
या,PART
प्रकरणी,NOUN
पिंपरी,NOUN
चिंचवडमधील,NOUN
बावधन,NOUN
पोलीस,NOUN
ठाण्यात,NOUN
गुन्हा,NOUN
नोंद,NOUN
करण्यात,NOUN
आला,PP
आहे,NOUN
आरोपींमध्ये,PP
शीतल,NOUN
किशनचंद,NOUN
तेजवाणी,NOUN
दिग्विजय,NOUN
अमरसिंह,NOUN
पाटील,NOUN
आणि,NOUN
रवींद्र,NOUN
बाळकृष्ण,NOUN
तारू,NOUN
यांची,NOUN
नावे,NOUN
असून,NOUN
पार्थ,NOUN
पवार,NOUN
यांचं,NOUN
नाव,NOUN
नाही,NOUN
शनिवार,NOUN
8,NUM
नोव्हेंबर,NOUN
रोजी,NOUN
माध्यमांशी,NOUN
बोलताना,NOUN
अजित,NOUN
पवार,NOUN
यांनी,NOUN
काही,NOUN
गैरकृतीचे,NOUN
आरोप,NOUN
केल्यामुळे,NOUN
पार्थने,PP
तो,PART
करार,NOUN
रद्द,NOUN
करण्याचा,NOUN
निर्णय,NOUN
घेतला,PP
असून,NOUN
विक्रीपत्र,NOUN
रद्द,NOUN
करण्याचे,NOUN
आवश्यक,NOUN
दस्तऐवज,NOUN
नोंदणी,NOUN
कार्यालयात,NOUN
सादर,NOUN
केले,VERB
गेले,VERB
आहेत,NOUN
असं,NOUN
सांगितलं,NOUN
आहे,NOUN
सामाजिक,NOUN
कार्यकर्ते,NOUN
विजय,NOUN
कुंभार,NOUN
आणि,NOUN
अंजली,VERB
दमानिया,NOUN
यांनी,NOUN
एक्सवर,PP
या,PART
जमीन,NOUN
व्यवहार,NOUN
प्रकरणासंदर्भात,NOUN
अनेक,NOUN
प्रश्न,NOUN
उपस्थित,NOUN
करत,NOUN
कारवाईची,NOUN
मागणी,NOUN
केली,VERB
होती,NOUN
दमानिया,NOUN
यांनी,NOUN
या,PART
जमिनीची,NOUN
किंमत,NOUN
1804,NUM
रुपये,NOUN
असल्याचं,NOUN
म्हटलंय,NOUN
तसेच,NOUN
त्यांनी,NOUN
मुद्रांक,NOUN
शुल्क,NOUN
माफ,NOUN
केल्याचा,NOUN
मुद्दा,NOUN
सुद्धा,NOUN
उपस्थित,NOUN
केला,PP
आहे,NOUN
हा,PART
करार,NOUN
रद्द,NOUN
करताना,NOUN
जो,PART
खुलासा,NOUN
उपमुख्यमंत्री,NOUN
अजित,NOUN
पवार,NOUN
यांनी,NOUN
केला,PP
आहे,NOUN
त्यात,NOUN
ते,PART
म्हणतात,VERB
की,PART
पार्थ,NOUN
पवार,NOUN
याने,PP
तो,PART
करार,NOUN
रद्द,NOUN
करण्याचा,NOUN
निर्णय,NOUN
घेतला,PP
आहे,NOUN
मुख्यमंत्री,NOUN
देवेंद्र,NOUN
फडणवीस,NOUN
यांनी,NOUN
प्रतिक्रिया,NOUN
देताना,NOUN
म्हटलंय,NOUN
की,PART
अनियमितता,NOUN
आहे,NOUN
का,PART
हे,PART
पडताळून,NOUN
पाहिलं,NOUN
जाईल,NOUN
आणि,NOUN
अनियमितता,NOUN
असेल,NOUN
तर,PART
नक्की,NOUN
कारवाई,NOUN
केली,VERB
जाईल,NOUN
करार,NOUN
रद्द,NOUN
करण्याचा,NOUN
निर्णय,NOUN
पार्थने,PP
घेतलाय,NOUN
अजित,NOUN
पवार,NOUN
याबाबत,NOUN
बोलताना,NOUN
उपमुख्यमंत्री,NOUN
अजित,NOUN
पवार,NOUN
म्हणाले,VERB
गेल्या,NOUN
काही,NOUN
दिवसांपासून,NOUN
माध्यमांमध्ये,PP
माझा,NOUN
मुलगा,NOUN
पार्थ,NOUN
पवार,NOUN
संचालक,NOUN
असलेल्या,NOUN
एका,NOUN
कंपनीच्या,PP
जमीन,NOUN
व्यवहारासंदर्भात,NOUN
काही,NOUN
बातम्या,NOUN
प्रसिद्ध,NOUN
झाल्या,NOUN
आहेत,NOUN
काल,NOUN
मी,PART
सांगितले,VERB
होते,NOUN
की,PART
या,PART
प्रकरणाविषयी,NOUN
संपूर्ण,NOUN
माहिती,NOUN
मिळाल्यानंतरच,NOUN
मी,PART
याबाबत,NOUN
सविस्तरपणे,NOUN
बोलणार,NOUN
आहे,NOUN
त्यानुसार,NOUN
मी,PART
संबंधित,NOUN
अधिकाऱ्यांशी,NOUN
तसेच,NOUN
पार्थशी,NOUN
सविस्तर,NOUN
चर्चा,NOUN
करून,NOUN
सर्व,NOUN
तथ्ये,NOUN
जाणून,NOUN
घेतली,VERB
आहेत,NOUN
मी,PART
हे,PART
स्पष्टपणे,NOUN
सांगू,NOUN
इच्छितो,NOUN
की,PART
या,PART
व्यवहारात,NOUN
ना,PART
मी,PART
ना,PART
माझे,NOUN
कार्यालय,NOUN
कोणत्याही,NOUN
टप्प्यावर,PP
सहभागी,NOUN
झालेले,VERB
नाही,NOUN
कोणताही,NOUN
फोन,NOUN
मदत,NOUN
किंवा,NOUN
हस्तक्षेप,NOUN
झालेला,PP
नाही,NOUN
ते,PART
पुढे,NOUN
म्हणाले,VERB
उपलब्ध,NOUN
माहितीनुसार,NOUN
हा,PART
फक्त,NOUN
जमीन,NOUN
खरेदीचा,NOUN
प्राथमिक,NOUN
करार,NOUN
आहे,NOUN
पार्थ,NOUN
त्याची,NOUN
कंपनी,NOUN
अमेडिया,NOUN
किंवा,NOUN
माझ्या,NOUN
कुटुंबातील,NOUN
कोणत्याही,NOUN
सदस्याकडून,NOUN
विक्रेत्यास,NOUN
कोणतेही,NOUN
पैसे,NOUN
देण्यात,NOUN
आलेले,VERB
नाहीत,NOUN
तसेच,NOUN
जमिनीचा,NOUN
ताबा,NOUN
घेतलेला,PP
नाही,NOUN
त्यामुळे,NOUN
हा,PART
व्यवहार,NOUN
अपूर्ण,NOUN
अवस्थेत,NOUN
आहे,NOUN
पार्थच्या,PP
मते,NOUN
प्रस्तावित,NOUN
व्यवहार,NOUN
कायदेशीर,NOUN
चौकटीत,NOUN
आणि,NOUN
पूर्ण,NOUN
पारदर्शकतेने,PP
पार,NOUN
पाडला,PP
गेला,PP
होता,NOUN
मात्र,NOUN
सार्वजनिक,NOUN
जीवनात,NOUN
आरोपांचा,NOUN
संशय,NOUN
देखील,NOUN
आपल्यावर,PP
होऊ,NOUN
नये,NOUN
हे,PART
तितकेच,NOUN
महत्त्वाचे,NOUN
आहे,NOUN
त्यामुळे,NOUN
काही,NOUN
गैरकृतीचे,NOUN
आरोप,NOUN
केल्यामुळे,NOUN
पार्थने,PP
तो,PART
करार,NOUN
रद्द,NOUN
करण्याचा,NOUN
निर्णय,NOUN
घेतला,PP
असून,NOUN
विक्रीपत्र,NOUN
रद्द,NOUN
करण्याचे,NOUN
आवश्यक,NOUN
दस्तऐवज,NOUN
नोंदणी,NOUN
कार्यालयात,NOUN
सादर,NOUN
केले,VERB
गेले,VERB
आहेत,NOUN
जमीन,NOUN
गैरव्यवहार,NOUN
प्रकरणात,NOUN
गुन्हा,NOUN
नोंद,NOUN
यातील,NOUN
आरोपींमध्ये,PP
शीतल,NOUN
किशनचंद,NOUN
तेजवाणी,NOUN
दिग्विजय,NOUN
अमरसिंह,NOUN
पाटील,NOUN
आणि,NOUN
रवींद्र,NOUN
बाळकृष्ण,NOUN
तारू,NOUN
यांची,NOUN
नावे,NOUN
असून,NOUN
पार्थ,NOUN
पवार,NOUN
यांचं,NOUN
नाव,NOUN
नाही,NOUN
सह,PART
जिल्हा,NOUN
निबंधक,NOUN
वर्ग,NOUN
1,NUM
तथा,NOUN
पुण्याचे,NOUN
मुंद्राक,NOUN
जिल्हाधिकारी,NOUN
संतोष,NOUN
अशोक,NOUN
हिंगाणे,NOUN
हे,PART
या,PART
प्रकरणातील,NOUN
फिर्यादी,NOUN
आहेत,NOUN
त्यांनी,NOUN
दिलेल्या,NOUN
तक्रारीनुसार,NOUN
नमूद,NOUN
जमीन,NOUN
मिळकतीचे,NOUN
खरेदीखत,NOUN
करतेवेळी,NOUN
रुपये,NOUN
5,NUM
कोटी,NOUN
89,NUM
लाख,NOUN
31,NUM
हजार,NOUN
800,NUM
रूपये,NOUN
इतके,NOUN
मुद्रांक,NOUN
शुल्क,NOUN
भरणे,NOUN
आवश्यक,NOUN
असल्याचे,NOUN
कळवले,VERB
होते,NOUN
तरीदेखील,NOUN
आरोपींनी,NOUN
संगणमत,NOUN
करून,NOUN
नमूद,NOUN
जमिनीचे,NOUN
खरेदी,NOUN
विक्री,NOUN
दस्त,NOUN
करतेवेळी,NOUN
शासनाला,PP
देय,NOUN
असलेले,VERB
06,NUM
कोटी,NOUN
रुपये,NOUN
इतके,NOUN
मुद्रांक,NOUN
शुल्क,NOUN
न,PART
घेता,NOUN
शासनाची,NOUN
फसवणूक,NOUN
केली,VERB
आहे,NOUN
संबंधित,NOUN
अधिकाऱ्याला,PP
निलंबित,NOUN
करण्याचे,NOUN
आदेश,NOUN
या,PART
प्रकरणातील,NOUN
संबंधित,NOUN
अधिकाऱ्याला,PP
निलंबित,NOUN
करण्याचे,NOUN
आदेश,NOUN
महाराष्ट्र,NOUN
राज्याचे,NOUN
नोंदणी,NOUN
उपमहानिरीक्षक,NOUN
उदयराज,NOUN
चव्हाण,NOUN
यांनी,NOUN
दिले,VERB
आहेत,NOUN
याआधी,NOUN
महाराष्ट्र,NOUN
राज्याचे,NOUN
उपमुख्यमंत्री,NOUN
अजित,NOUN
पवार,NOUN
यांचे,NOUN
चिरंजीव,NOUN
पार्थ,NOUN
पवार,NOUN
यांनी,NOUN
स्वस्तात,VERB
जमीन,NOUN
लाटल्याचा,NOUN
आरोप,NOUN
सामाजिक,NOUN
कार्यकर्ते,NOUN
विजय,NOUN
कुंभार,NOUN
आणि,NOUN
अंजली,VERB
दमानिया,NOUN
यांनी,NOUN
केला,PP
आहे,NOUN
अजित,NOUN
पवार,NOUN
यांचे,NOUN
पुत्र,NOUN
पार्थ,NOUN
पवार,NOUN
यांच्या,PP
अमेडिया,NOUN
इंटरप्राइजेस,NOUN
कंपनीने,PP
1800,NUM
कोटी,NOUN
रुपये,NOUN
किंमत,NOUN
असलेली,VERB
जमीन,NOUN
फक्त,NOUN
300,NUM
कोटी,NOUN
रुपयांमध्ये,PP
खरेदी,NOUN
केल्याचा,NOUN
आरोप,NOUN
केला,PP
होता,NOUN
त्यानंतर,NOUN
या,PART
गोष्टीची,NOUN
चर्चा,NOUN
माध्यमांमध्ये,PP
सुरू,NOUN
झाली,VERB
त्यानंतर,NOUN
संबंधित,NOUN
व्यवहाराची,NOUN
नोंद,NOUN
घेत,NOUN
नोंदणी,NOUN
उपमहानिरीक्षकांनी,NOUN
आदेश,NOUN
दिले,VERB
असून,NOUN
अनियमततेसाठी,PP
जबाबदार,NOUN
असलेले,VERB
दुय्यम,NOUN
निबंधिक,NOUN
अधिकारी,NOUN
आर,PART
बी,PART
तारू,NOUN
यांना,NOUN
निलंबित,NOUN
केले,VERB
आहे,NOUN
उपमहानिरीक्षकांनी,NOUN
आपल्या,NOUN
आदेशात,NOUN
म्हटले,VERB
आहे,NOUN
की,PART
आर,PART
बी,PART
तारु,NOUN
यांनी,NOUN
कार्यरत,NOUN
असताना,NOUN
त्यांनी,NOUN
नोंदविलेल्या,NOUN
दस्त,NOUN
क्र,NOUN
9018,NUM
2025,NUM
मध्ये,PP
मुद्रांक,NOUN
शुल्क,NOUN
हानी,NOUN
तसेच,NOUN
दस्त,NOUN
नोंदणीमध्ये,PP
अनियमतता,NOUN
आढळून,NOUN
आल्याचे,NOUN
दिसल्यानंतर,NOUN
दुय्यम,NOUN
निबंधक,NOUN
अधिकारी,NOUN
आर,PART
बी,PART
तारू,NOUN
यांना,NOUN
निलंबित,NOUN
करण्यात,NOUN
आले,VERB
आहे,NOUN
मुद्रांक,NOUN
शुल्कात,NOUN
सवलत,NOUN
घेवून,NOUN
500,NUM
रूपये,NOUN
इतक्या,NOUN
मुद्रांकावर,PP
दस्त,NOUN
नोंदविला,PP
आहे,NOUN
मात्र,NOUN
त्याप्रमाणेही,NOUN
1,NUM
स्थानिक,NOUN
संस्था,NOUN
कर,PART
व,PART
1,NUM
मेट्रो,NOUN
कर,PART
असे,NOUN
एकूण,NOUN
6,NUM
कोटी,NOUN
रूपये,NOUN
मुद्रांक,NOUN
शुल्क,NOUN
येणे,NOUN
बाकी,NOUN
होते,NOUN
संबंधित,NOUN
जमीन,NOUN
ही,PART
सरकारी,NOUN
मालकीची,NOUN
होती,NOUN
त्याच्या,PP
विक्रीसाठी,PP
संबंधित,NOUN
अधिकाऱ्यांची,NOUN
परवानगी,NOUN
घेऊन,NOUN
त्यास,NOUN
ना,PART
हरकत,NOUN
प्रमाणपत्र,NOUN
जोडणे,NOUN
आवश्यक,NOUN
होते,NOUN
पण,PART
ही,PART
गोष्ट,NOUN
झाली,VERB
नसल्याचे,NOUN
या,PART
अहवालात,NOUN
नमूद,NOUN
करण्यात,NOUN
आले,VERB
आहे,NOUN
ही,PART
जमीन,NOUN
महार,NOUN
वतनाची,NOUN
नव्हती,NOUN
पण,PART
महार,NOUN
समाजातील,NOUN
व्यक्तींकडून,NOUN
विकत,NOUN
घेण्यात,NOUN
आली,VERB
होती,NOUN
या,PART
प्रकरणाची,NOUN
सखोल,NOUN
चौकशी,NOUN
होईल,NOUN
आणि,NOUN
FIR,NOUN
नोंदणीची,NOUN
प्रक्रिया,NOUN
सुरू,NOUN
करण्यात,NOUN
आली,VERB
आहे,NOUN
अशी,NOUN
माहिती,NOUN
एका,NOUN
वरिष्ठ,NOUN
अधिकाऱ्याने,PP
नाव,NOUN
न,PART
सांगण्याच्या,PP
अटीवर,PP
बीबीसी,NOUN
मराठीला,PP
दिली,VERB
अजित,NOUN
पवारांनी,NOUN
दिली,VERB
प्रतिक्रिया,NOUN
उपमुख्यमंत्री,NOUN
अजित,NOUN
पवारांनी,NOUN
या,PART
प्रकरणावर,PP
प्रतिक्रिया,NOUN
दिली,VERB
आहे,NOUN
या,PART
प्रकरणाशी,NOUN
आपला,PP
काहीही,NOUN
संबंध,NOUN
नसून,NOUN
आपण,NOUN
कधीही,NOUN
चुकीच्या,PP
कामाचे,NOUN
समर्थन,NOUN
केले,VERB
नसल्याचं,NOUN
अजित,NOUN
पवारांनी,NOUN
म्हटलं,NOUN
आहे,NOUN
माध्यमांशी,NOUN
बोलताना,NOUN
ते,PART
म्हणाले,VERB
जे,PART
काही,NOUN
आता,NOUN
माध्यमं,NOUN
बातम्या,NOUN
दाखवत,NOUN
आहेत,NOUN
त्याच्यासोबत,NOUN
माझा,NOUN
अजित,NOUN
पवार,NOUN
म्हणून,NOUN
काहीही,NOUN
संबंध,NOUN
नाही,NOUN
मला,PP
महाराष्ट्र,NOUN
35,NUM
वर्षापासून,NOUN
ओळखतो,NOUN
मला,PP
चुकीच्या,PP
गोष्टी,NOUN
केलेल्या,NOUN
चालत,NOUN
नाही,NOUN
जमिनीच्याबद्दल,NOUN
बातम्या,NOUN
सुरू,NOUN
आहेत,NOUN
पण,PART
कोणी,NOUN
परवानगी,NOUN
दिली,VERB
माहिती,NOUN
नाही,NOUN
आपल्या,NOUN
नावाचा,NOUN
वापर,NOUN
करून,NOUN
कोणी,NOUN
चुकीचे,NOUN
करत,NOUN
असेल,NOUN
तर,PART
मुख्यमंत्र्यांनी,NOUN
चौकशी,NOUN
करावी,NOUN
असंही,NOUN
त्यांनी,NOUN
म्हटलं,NOUN
आहे,NOUN
या,PART
आरोपावर,PP
प्रतिक्रिया,NOUN
घेण्यासाठी,PP
बीबीसी,NOUN
मराठीने,PP
पार्थ,NOUN
पवार,NOUN
यांच्याशी,NOUN
संपर्क,NOUN
साधण्याचा,NOUN
प्रयत्न,NOUN
केला,PP
पण,PART
त्यांची,NOUN
बाजू,NOUN
मिळू,NOUN
शकली,VERB
नाही,NOUN
ती,PART
आल्यावर,PP
अपडेट,NOUN
करण्यात,NOUN
येईल,NOUN
अजित,NOUN
पवार,NOUN
म्हणाले,VERB
मी,PART
नातेवाईकांना,NOUN
फायदा,NOUN
होईल,NOUN
यासाठी,PP
अधिकाऱ्यांसाठी,PP
कधी,NOUN
फोन,NOUN
केला,PP
नाही,NOUN
अधिकारी,NOUN
कर्मचाऱ्यांना,NOUN
सांगेल,NOUN
की,PART
माझ्या,NOUN
नावाचा,NOUN
वापर,NOUN
करून,NOUN
कोणी,NOUN
चुकीचे,NOUN
करत,NOUN
असेल,NOUN
नियमात,NOUN
बसणारे,NOUN
काम,NOUN
करत,NOUN
नसेल,NOUN
तर,PART
खपवून,NOUN
घेणार,NOUN
नाही,NOUN
मुख्यमंत्र्यांनी,NOUN
चौकशी,NOUN
करावी,NOUN
सत्यता,NOUN
पडताळून,NOUN
बघणे,NOUN
आणि,NOUN
काय,NOUN
नक्की,NOUN
घडलं,NOUN
हे,PART
बघणं,NOUN
सरकारचे,NOUN
काम,NOUN
आहे,NOUN
पुढे,NOUN
ते,PART
म्हणाले,VERB
मी,PART
संपूर्ण,NOUN
माहिती,NOUN
घेऊन,NOUN
नियमात,NOUN
बसतात,VERB
या,PART
गोष्टी,NOUN
वस्तुस्थिती,NOUN
तुमच्यासमोर,NOUN
मांडणार,NOUN
आहे,NOUN
स्टॅम्प,NOUN
ड्यूटीची,NOUN
शहानिशा,NOUN
करतो,NOUN
सगळ्यांनी,NOUN
नियमाप्रमाणे,NOUN
वागलं,NOUN
पाहिजे,NOUN
तो,PART
पत्ता,NOUN
माझा,NOUN
नाही,NOUN
तो,PART
बंगला,PP
पार्थ,NOUN
अजित,NOUN
पवार,NOUN
यांच्या,PP
नावाने,PP
आहे,NOUN
मी,PART
कधीही,NOUN
चुकीच्या,PP
कामाचे,NOUN
समर्थन,NOUN
केले,VERB
नाही,NOUN
या,PART
प्रकरणात,NOUN
माझा,NOUN
काहीही,NOUN
संबंध,NOUN
नाही,NOUN
मी,PART
कोणासोबत,NOUN
बोललो,NOUN
नाही,NOUN
कुठल्या,NOUN
अधिकाऱ्याला,PP
बोललो,NOUN
नाही,NOUN
मी,PART
संविधानाला,PP
मानणारा,NOUN
आहे,NOUN
सामाजिक,NOUN
कार्यकर्ते,NOUN
विजय,NOUN
कुंभार,NOUN
आणि,NOUN
अंजली,VERB
दमानिया,NOUN
यांनी,NOUN
एक्सवर,PP
डिपार्टमेंट,NOUN
ऑफ,PART
रजिस्ट्रेशन,NOUN
अँड,NOUN
स्टॅम्पचा,NOUN
एक,PART
कागद,NOUN
शेअर,NOUN
केला,PP
असून,NOUN
यामध्ये,PP
मुळशी,NOUN
तालुक्यातील,NOUN
मुंढवा,NOUN
येथे,NOUN
जमिनीची,NOUN
खरेदीखत,NOUN
झाल्याचं,NOUN
दिसतंय,NOUN
याच,NOUN
कागदपत्रानुसार,NOUN
अशोक,NOUN
आबाजी,NOUN
गायकवाड,NOUN
यांच्यातर्फे,NOUN
शितल,NOUN
तेजवाणी,NOUN
यांना,NOUN
पॉवर,PP
ऑफ,PART
अटर्नी,NOUN
दाखवण्यात,NOUN
आलं,NOUN
असून,NOUN
त्यांनी,NOUN
हे,PART
खरेदीखत,NOUN
करून,NOUN
दिलं,NOUN
तसेच,NOUN
अमेडिया,NOUN
एंटरप्राइजेस,NOUN
एलएलपी,NOUN
तर्फे,NOUN
भागीदार,NOUN
दिग्विजय,NOUN
अमरसिंह,NOUN
पाटील,NOUN
हे,PART
खरेदीखत,NOUN
तयार,NOUN
करून,NOUN
घेणारे,NOUN
पक्षकार,NOUN
आहेत,NOUN
25,NUM
मे,PART
2025,NUM
ला,PART
हा,PART
व्यवहार,NOUN
झालेला,PP
असून,NOUN
या,PART
जमिनीचा,NOUN
मोबदला,PP
300,NUM
कोटी,NOUN
रुपये,NOUN
या,PART
कागदावर,PP
दाखवण्यात,NOUN
आला,PP
आहे,NOUN
त्यावर,PP
फक्त,NOUN
500,NUM
रुपये,NOUN
स्टॅम्प,NOUN
ड्युटी,NOUN
मुद्रांक,NOUN
शुल्क,NOUN
भरण्यात,NOUN
आलं,NOUN
आहे,NOUN
या,PART
व्यवहारावर,PP
साधारण,NOUN
21,NUM
कोटी,NOUN
रुपयांची,NOUN
स्टॅम्प,NOUN
ड्युटी,NOUN
भरायला,PP
हवी,NOUN
होती,NOUN
पण,PART
ती,PART
माफ,NOUN
का,PART
करण्यात,NOUN
आली,VERB
असा,NOUN
सवाल,NOUN
विजय,NOUN
कुंभार,NOUN
यांनी,NOUN
उपस्थित,NOUN
केला,PP
आहे,NOUN
पुढे,NOUN
ते,PART
म्हणतात,VERB
या,PART
व्यवहारात,NOUN
अजित,NOUN
पवार,NOUN
यांचे,NOUN
चिरंजीव,NOUN
आहेत,NOUN
म्हणून,NOUN
मुद्रांक,NOUN
शुल्क,NOUN
माफ,NOUN
करण्यात,NOUN
आले,VERB
का,PART
सामान्य,NOUN
माणूस,NOUN
छोटंस,NOUN
घर,PART
घेताना,NOUN
लाखो,NOUN
रुपये,NOUN
मुद्रांक,NOUN
शुल्क,NOUN
भरतो,NOUN
पण,PART
कोट्यवधींच्या,PP
जमिनींसाठी,PP
यांना,NOUN
सवलत,NOUN
कशी,NOUN
मिळते,NOUN
काही,NOUN
विशेष,NOUN
लोकांसाठी,PP
विशेष,NOUN
सवलत,NOUN
आहे,NOUN
का,PART
तसेच,NOUN
अंजली,VERB
दमानिया,NOUN
यांनी,NOUN
अमेडिया,NOUN
एंटरप्राईजेसचे,NOUN
काही,NOUN
कागदपत्रं,NOUN
पोस्ट,NOUN
केले,VERB
असून,NOUN
त्यावर,PP
पार्थ,NOUN
पवार,NOUN
आणि,NOUN
दिग्विजय,NOUN
पाटील,NOUN
हे,PART
दोन,NOUN
भागीदार,NOUN
असल्याचं,NOUN
दिसतंय,NOUN
दमानिया,NOUN
यांनी,NOUN
या,PART
जमिनीची,NOUN
किंमत,NOUN
1804,NUM
रुपये,NOUN
असल्याचं,NOUN
म्हटलंय,NOUN
तसेच,NOUN
त्यांनी,NOUN
मुद्रांक,NOUN
शुल्काचा,NOUN
मुद्दा,NOUN
सुद्धा,NOUN
उपस्थित,NOUN
केला,PP
आहे,NOUN
त्या,NOUN
म्हणतात,VERB
शेतकऱ्यांना,NOUN
सारखं,NOUN
फुकट,NOUN
सारखं,NOUN
माफ,NOUN
लागतं,NOUN
म्हणणारे,NOUN
अजित,NOUN
पवार,NOUN
पोराच्या,PP
1,NUM
804,NUM
कोटींचे,NOUN
डील,NOUN
त्यावर,PP
126,NUM
कोटींची,NOUN
स्टॅम्प,NOUN
ड्युटी,NOUN
होते,NOUN
पण,PART
ही,PART
डील,NOUN
300,NUM
कोटी,NOUN
दाखवून,NOUN
त्यावरील,NOUN
21,NUM
कोटी,NOUN
स्टॅम्प,NOUN
ड्युटीही,NOUN
माफ,NOUN
केली,VERB
ही,PART
माफी,NOUN
फुकट,NOUN
नव्हती,NOUN
का,PART
तसेच,NOUN
ही,PART
जमीन,NOUN
महारवतनाची,NOUN
असून,NOUN
बॉम्बे,NOUN
इन्फेरिअर,NOUN
व्हिलेज,NOUN
वतन,NOUN
अबॉलिशन,NOUN
अॅक्ट,NOUN
1958,NUM
कलम,NOUN
5,NUM
3,NUM
नुसार,NOUN
अशी,NOUN
जमीन,NOUN
सरकारच्या,PP
परवानगीशिवाय,NOUN
विकता,NOUN
हस्तांतरीत,NOUN
करता,NOUN
किंवा,NOUN
गहाण,NOUN
ठेवता,NOUN
येत,NOUN
नाही,NOUN
म्हणजे,NOUN
कायद्यानं,NOUN
वतनाची,NOUN
जमीन,NOUN
सरकारची,NOUN
परवानगी,NOUN
न,PART
घेता,NOUN
विकता,NOUN
येत,NOUN
नाही,NOUN
जर,PART
परवानगी,NOUN
न,PART
घेता,NOUN
विक्री,NOUN
झाली,VERB
तर,PART
ती,PART
बेकायदेशीर,NOUN
ठरते,NOUN
अशावेळी,NOUN
जमीन,NOUN
पुन्हा,NOUN
सरकारकडे,PP
जाऊ,NOUN
शकते,NOUN
यासंदर्भात,NOUN
महसूल,NOUN
मंत्री,NOUN
बावनकुळे,NOUN
जप्तीचे,NOUN
आदेश,NOUN
कधी,NOUN
देणार,NOUN
असा,NOUN
सवालही,NOUN
दमानिया,NOUN
यांनी,NOUN
उपस्थित,NOUN
केला,PP
आहे,NOUN
तसेच,NOUN
यासंदर्भात,NOUN
तक्रार,NOUN
देण्यासाठी,PP
त्यांनी,NOUN
महसूल,NOUN
मंत्री,NOUN
चंद्रशेखर,NOUN
बावनकुळे,NOUN
यांची,NOUN
वेळ,NOUN
देखील,NOUN
मागितली,VERB
आहे,NOUN
पुढे,NOUN
दमानियांनी,NOUN
ईओडब्लू,NOUN
EOW,NOUN
आणि,NOUN
ईडीने,PP
सुद्धा,NOUN
या,PART
प्रकरणात,NOUN
चौकशी,NOUN
करावी,NOUN
अशी,NOUN
मागणी,NOUN
केली,VERB
आहे,NOUN
कारण,NOUN
एक,PART
लाख,NOUN
रुपये,NOUN
पेड,NOUN
अप,PART
कॅपिटल,NOUN
असलेल्या,NOUN
कंपनीत,NOUN
300,NUM
कोटी,NOUN
रुपये,NOUN
कसे,NOUN
आले,VERB
असा,NOUN
सवालही,NOUN
त्यांनी,NOUN
उपस्थित,NOUN
केला,PP
आहे,NOUN
अंबादास,NOUN
दानवे,NOUN
यांनी,NOUN
काय,NOUN
केले,VERB
आरोप,NOUN
या,PART
प्रकरणात,NOUN
विधान,NOUN
परिषदेचे,NOUN
विरोधी,NOUN
पक्ष,NOUN
नेते,NOUN
अंबादास,NOUN
दानवे,NOUN
यांनी,NOUN
सर्वांत,NOUN
आधी,NOUN
आरोप,NOUN
केले,VERB
असून,NOUN
या,PART
जमिनीची,NOUN
किंमत,NOUN
1800,NUM
कोटी,NOUN
रुपये,NOUN
असताना,NOUN
फक्त,NOUN
300,NUM
कोटी,NOUN
रुपयांत,NOUN
खरेदी,NOUN
केल्याचं,NOUN
त्यांनी,NOUN
म्हटलंय,NOUN
अंबादास,NOUN
दानवे,NOUN
यांनी,NOUN
एक्सवर,PP
पोस्ट,NOUN
शेअर,NOUN
करत,NOUN
म्हटलंय,NOUN
उपमुख्यमंत्र्यांचे,NOUN
सुपुत्र,NOUN
पार्थ,NOUN
पवार,NOUN
यांची,NOUN
अमेडिया,NOUN
कंपनी,NOUN
अवघे,NOUN
1,NUM
लाख,NOUN
रुपये,NOUN
भांडवल,NOUN
असताना,NOUN
या,PART
कंपनीला,PP
1800,NUM
कोटी,NOUN
रुपये,NOUN
बाजारमूल्य,NOUN
असलेल्या,NOUN
जमिनीच,NOUN
300,NUM
कोटी,NOUN
रुपयांना,NOUN
खरेदी,NOUN
करता,NOUN
आली,VERB
त्यानंतर,NOUN
ते,PART
म्हणाले,VERB
हा,PART
झोल,NOUN
अजित,NOUN
पवार,NOUN
किंवा,NOUN
पार्थ,NOUN
पवारांनी,NOUN
महाराष्ट्राला,PP
सांगावा,NOUN
त्यांनी,NOUN
कोरेगाव,NOUN
पार्क,NOUN
इथं,NOUN
आयटी,NOUN
पार्क,NOUN
आणि,NOUN
डेटा,NOUN
सेंटर,NOUN
उभारण्याची,NOUN
तयार,NOUN
सुरू,NOUN
केली,VERB
आहे,NOUN
ही,PART
महार,NOUN
वतनाची,NOUN
जमीन,NOUN
असतानाही,NOUN
एक,PART
लाख,NOUN
रुपये,NOUN
भांडवल,NOUN
असलेल्या,NOUN
कंपनीला,PP
हे,PART
कसं,NOUN
काय,NOUN
शक्य,NOUN
होतं,NOUN
हे,PART
पार्थ,NOUN
पवारांनी,NOUN
समोर,NOUN
येऊन,NOUN
सांगावं,NOUN
फुले,VERB
शाहू,NOUN
आंबेडकरांचं,NOUN
नाव,NOUN
घेऊन,NOUN
महार,NOUN
वतनाच्या,PP
जमिनी,NOUN
खिशात,NOUN
घालायच्या,PP
हा,PART
अजितदादांचा,NOUN
पुरोगामी,NOUN
महाराष्ट्र,NOUN
असल्याचा,NOUN
आरोपही,NOUN
त्यांनी,NOUN
केला,PP
आहे,NOUN
अनियमितता,NOUN
झाली,VERB
असेल,NOUN
तर,PART
चौकशी,NOUN
करणार,NOUN
मुख्यमंत्री,NOUN
यासंदर्भात,NOUN
मुख्यमंत्री,NOUN
देवेंद्र,NOUN
फडणवीस,NOUN
नेमकी,NOUN
काय,NOUN
कारवाई,NOUN
करणार,NOUN
असा,NOUN
प्रश्न,NOUN
त्यांना,NOUN
नागपुरात,NOUN
विचारण्यात,NOUN
आला,PP
त्यावेळी,NOUN
उपमुख्यमंत्री,NOUN
अजित,NOUN
पवार,NOUN
अशा,NOUN
प्रकाराला,PP
पाठीशी,NOUN
घालतील,NOUN
असं,NOUN
वाटत,NOUN
नाही,NOUN
असं,NOUN
म्हणत,NOUN
त्यांनी,NOUN
अजित,NOUN
पवारांवर,PP
विश्वास,NOUN
दाखवला,PP
पुढे,NOUN
फडणवीस,NOUN
म्हणाले,VERB
या,PART
प्रकरणाच्या,PP
संदर्भात,NOUN
सगळी,NOUN
माहिती,NOUN
मागवली,VERB
आहे,NOUN
महसूल,NOUN
विभाग,NOUN
लँड,NOUN
रेकॉर्ड,NOUN
आयजीआर,NOUN
यासंदर्भातील,NOUN
सगळी,NOUN
माहिती,NOUN
मागवली,VERB
आहे,NOUN
चौकशीचे,NOUN
योग्य,NOUN
ते,PART
आदेश,NOUN
दिलेले,VERB
आहेत,NOUN
माहिती,NOUN
आणि,NOUN
प्राथमिक,NOUN
चौकशीच्या,PP
आधारावर,PP
मी,PART
हे,PART
सांगतो,NOUN
आहे,NOUN
प्राथमिकदृष्ट्या,NOUN
जे,PART
मुद्दे,NOUN
समोर,NOUN
येत,NOUN
आहे,NOUN
ते,PART
गंभीर,NOUN
आहेत,NOUN
पुढे,NOUN
ते,PART
म्हणाले,VERB
यासंदर्भात,NOUN
उपमुख्यमंत्री,NOUN
अशा,NOUN
कुठल्या,NOUN
प्रकाराला,PP
पाठिशी,NOUN
घालतील,NOUN
असं,NOUN
वाटत,NOUN
नाही,NOUN
आमच्या,PP
सरकारमध्ये,PP
एकमत,NOUN
आहे,NOUN
अनियमितता,NOUN
आहे,NOUN
का,PART
पडताळून,NOUN
पाहिलं,NOUN
जाईल,NOUN
आणि,NOUN
अनियमितता,NOUN
असेल,NOUN
तर,PART
नक्की,NOUN
कारवाई,NOUN
केली,VERB
जाईल,NOUN
ज्या,NOUN
जैन,NOUN
बोर्डिंग,NOUN
प्रकरणामुळे,NOUN
रवींद्र,NOUN
धंगेकर,NOUN
आणि,NOUN
मुरलीधर,NOUN
मोहोळ,NOUN
भिडले,VERB
तो,PART
व्यवहार,NOUN
रद्द30,NOUN
ऑक्टोबर,NOUN
2025,NUM
ज्या,NOUN
जैन,NOUN
बोर्डिंग,NOUN
प्रकरणामुळे,NOUN
रवींद्र,NOUN
धंगेकर,NOUN
आणि,NOUN
मुरलीधर,NOUN
मोहोळ,NOUN
भिडले,VERB
तो,PART
व्यवहार,NOUN
रद्द,NOUN
अजित,NOUN
पवार,NOUN
सिंचन,NOUN
घोटाळा,NOUN
प्रकरण,NOUN
नेमकं,NOUN
काय,NOUN
आहे,NOUN
25,NUM
नोव्हेंबर,NOUN
2019,NUM
अजित,NOUN
पवार,NOUN
सिंचन,NOUN
घोटाळा,NOUN
प्रकरण,NOUN
नेमकं,NOUN
काय,NOUN
आहे,NOUN
LIVE,NOUN
Live,NOUN
बिहार,NOUN
विधानसभा,NOUN
निकाल,NOUN
अलीनगर,NOUN
मतदारसंघातून,NOUN
गायिका,NOUN
मैथिली,VERB
ठाकूर,NOUN
आघाडीवर,PP
6जवाहरलाल,NOUN
नेहरू,NOUN
आधुनिक,NOUN
भारताचे,NOUN
शिल्पकार,NOUN
की,PART
आजच्या,PP
सर्व,NOUN
समस्यांना,NOUN
जबाबदार,NOUN
7जेव्हा,NOUN
नेहरू,NOUN
IFS,NOUN
ऑफिसरला,PP
स्विमिंग,NOUN
कॉस्च्यूममध्येच,NOUN
म्यानमारच्या,PP
PMच्या,PP
स्वागतासाठी,PP
घेऊन,NOUN
गेले,VERB
शेवटचा,NOUN
अपडेट,NOUN
18,NUM
नोव्हेंबर,NOUN
2022,NUM
8शेअर,NOUN
बाजारातील,NOUN
IPO,NOUN
मध्ये,PP
पैसे,NOUN
गुंतवायचे,NOUN
आहेत,NOUN
लक्षात,NOUN
ठेवा,NOUN
या,PART
5,NUM
महत्त्वाच्या,PP
टिप्स,NOUN
9,NUM
चोर,NOUN
पोलीस,NOUN
खेळण्याच्या,PP
बहाण्याने,PP
सासूला,PP
संपवलं,NOUN
डोकं,NOUN
चक्रावणारं,NOUN
प्रकरण,NOUN
आलं,NOUN
असं,NOUN
उघडकीस,NOUN
10म्युच्युअल,NOUN
फंडमध्ये,PP
गुंतवणूक,NOUN
कशी,NOUN
करावी,NOUN
आणि,NOUN
त्यातून,NOUN
रक्कम,NOUN
काढून,NOUN
घेण्याची,NOUN
योग्य,NOUN
वेळ,NOUN
कोणती,NOUN
शेवटचा,NOUN
अपडेट,NOUN
28,NUM
जुलै,NOUN
2025,NUM
बिहार,NOUN
विधानसभा,NOUN
निवडणुकीच्या,PP
पहिल्या,NOUN
टप्प्यात,NOUN
विक्रमी,NOUN
मतदान,NOUN
झाल्याचं,NOUN
पाहायला,PP
मिळालं,NOUN
तर,PART
11,NUM
नोव्हेंब,NOUN
रोजी,NOUN
दुसऱ्या,NOUN
टप्प्यातील,NOUN
मतदानही,NOUN
झालं,NOUN
निवडणुका,NOUN
आणि,NOUN
त्यानंतरच्या,PP
निकालापूर्वी,NOUN
नेहमी,NOUN
चर्चा,NOUN
सुरू,NOUN
होते,NOUN
ती,PART
विविध,NOUN
संस्था,NOUN
आणि,NOUN
वृत्तवाहिन्यांकडून,NOUN
प्रसिद्ध,NOUN
होणाऱ्या,NOUN
एक्झिट,NOUN
पोल्सची,NOUN
आता,NOUN
बिहार,NOUN
विधानसभेसाठी,PP
एक्झिट,NOUN
पोलमध्ये,PP
कुणाची,NOUN
सत्ता,NOUN
येण्याची,NOUN
शक्यता,NOUN
असेल,NOUN
हे,PART
तर,PART
भविष्यातच,NOUN
समजेलच,NOUN
पण,PART
त्याआधी,NOUN
या,PART
एक्झिट,NOUN
पोल्सबद्दल,NOUN
काही,NOUN
महत्त्वाच्या,PP
गोष्टी,NOUN
समजून,NOUN
घेऊ,NOUN
एक्झिट,NOUN
पोलबद्दल,NOUN
समजून,NOUN
घेण्यासाठी,PP
बीबीसीने,PP
प्रसिद्ध,NOUN
निवडणूक,NOUN
विश्लेषक,NOUN
आणि,NOUN
सेंटर,NOUN
फॉर,NOUN
द,PART
स्टडी,NOUN
ऑफ,PART
डेव्हलपिंग,NOUN
स्टडीज,NOUN
CSDS,NOUN
चे,PART
सहसंचालक,NOUN
प्राध्यापक,NOUN
संजय,NOUN
कुमार,NOUN
यांच्याशी,NOUN
चर्चा,NOUN
केली,VERB
होती,NOUN
एक्झिट,NOUN
पोल,NOUN
म्हणजे,NOUN
काय,NOUN
आणि,NOUN
ते,PART
कसे,NOUN
करतात,VERB
एक्झिट,NOUN
म्हणजे,NOUN
बाहेर,NOUN
पडणं,NOUN
हा,PART
शब्दच,NOUN
या,PART
चाचण्या,NOUN
म्हणजे,NOUN
Polls,NOUN
बद्दल,NOUN
खूप,NOUN
काही,NOUN
सांगतो,NOUN
जेव्हा,NOUN
मतदार,NOUN
निवडणुकीसाठी,PP
मत,PART
देऊन,NOUN
केंद्रामधून,NOUN
बाहेर,NOUN
पडत,NOUN
असतो,NOUN
तेव्हा,NOUN
त्यांना,NOUN
विचारलं,NOUN
जातं,NOUN
तुम्ही,NOUN
कोणत्या,NOUN
पक्षाला,PP
वा,PART
उमेदवाराला,PP
मत,PART
दिलं,NOUN
हे,PART
सांगाल,NOUN
का,PART
एक्झिट,NOUN
पोल्स,NOUN
करणाऱ्या,NOUN
संस्था,NOUN
त्यांच्या,PP
लोकांना,NOUN
मतदान,NOUN
केंद्राच्या,PP
बाहेर,NOUN
उभं,NOUN
करतात,VERB
जसजसे,NOUN
मतदार,NOUN
मतदान,NOUN
करून,NOUN
बाहेर,NOUN
येतात,VERB
त्यांना,NOUN
विचारलं,NOUN
जातं,NOUN
की,PART
त्यांनी,NOUN
कुणाला,PP
मत,PART
दिलं,NOUN
इतरही,NOUN
काही,NOUN
प्रश्न,NOUN
त्यांना,NOUN
विचारले,VERB
जातात,VERB
उदा,NOUN
पंतप्रधान,NOUN
पदासाठी,PP
तुमचा,NOUN
आवडता,NOUN
उमेदवार,NOUN
कोण,NOUN
वगैरे,NOUN
पाकिस्तानी,NOUN
माध्यमं,NOUN
भारताच्या,PP
निवडणुकीबद्दल,NOUN
काय,NOUN
म्हणतात,VERB
2019,NUM
मध्ये,PP
पाकिस्तानने,PP
भाजपला,PP
जिंकण्यासाठी,PP
मदत,NOUN
केली,VERB
सविस्तर,NOUN
वाचा31,NOUN
मे,PART
2024,NUM
लोकसभा,NOUN
निवडणूक,NOUN
निकाल,NOUN
ठरवतील,NOUN
या,PART
नेत्यांचं,NOUN
राजकीय,NOUN
भवितव्य,NOUN
ठाकरे,NOUN
पवार,NOUN
फडणवीस,NOUN
शिंदेंची,NOUN
प्रतिष्ठा,NOUN
पणाला,PP
विश्लेषण31,NOUN
मे,PART
2024,NUM
उद्धव,NOUN
ठाकरे,NOUN
वि,PART
एकनाथ,NOUN
शिंदे,NOUN
हे,PART
13,NUM
लोकसभा,NOUN
मतदारसंघ,NOUN
ठरवणार,NOUN
शिवसेना,NOUN
कुणाची,NOUN
4,NUM
जून,NOUN
2024,NUM
सहसा,NOUN
प्रत्येक,NOUN
मतदान,NOUN
केंद्रावरील,NOUN
दर,PART
दहावा,NOUN
मतदार,NOUN
किंवा,NOUN
मग,PART
मतदान,NOUN
केंद्र,NOUN
मोठं,NOUN
असेल,NOUN
तर,PART
मग,PART
दर,PART
विसाव्या,NOUN
मतदाराला,PP
असे,NOUN
प्रश्न,NOUN
विचारले,VERB
जातात,VERB
मतदारांकडून,NOUN
मिळालेल्या,NOUN
माहितीचं,NOUN
विश्लेषण,NOUN
करून,NOUN
या,PART
निवडणुकीचे,NOUN
निकाल,NOUN
काय,NOUN
असतील,NOUN
याचा,NOUN
अंदाज,NOUN
बांधण्याचा,NOUN
प्रयत्न,NOUN
केला,PP
जातो,NOUN
भारतात,VERB
कोणत्या,NOUN
संस्था,NOUN
एक्झिट,NOUN
पोल्स,NOUN
करतात,VERB
सी,PART
व्होटर,NOUN
अॅक्सिस,NOUN
माय,NOUN
इंडिया,NOUN
CNX,NOUN
भारत,NOUN
या,PART
एक्झिट,NOUN
पोल्स,NOUN
करणाऱ्या,NOUN
काही,NOUN
प्रमुख,NOUN
संस्था,NOUN
आहेत,NOUN
निवडणुकीच्यावेळी,NOUN
अनेक,NOUN
नवीन,NOUN
कंपन्याही,NOUN
येतात,VERB
ज्या,NOUN
निवडणूक,NOUN
झाल्यानंतर,NOUN
मात्र,NOUN
गायब,NOUN
होतात,VERB
एक्झिट,NOUN
पोलविषयी,NOUN
नियम,NOUN
कायदे,NOUN
काय,NOUN
आहेत,NOUN
एक्झिट,NOUN
पोल्सना,NOUN
रिप्रेझेंटेशन,NOUN
ऑफ,PART
द,PART
पीपल्स,NOUN
अॅक्ट,NOUN
1951चा,NOUN
सेक्शन,NOUN
126A,NOUN
लागू,NOUN
होतो,NOUN
भारतीय,NOUN
निवडणूक,NOUN
आयोगाने,PP
एक्झिट,NOUN
पोल्ससाठी,PP
काही,NOUN
नियम,NOUN
आखले,VERB
आहेत,NOUN
निवडणुकीवर,PP
कोणत्याही,NOUN
गोष्टीचा,NOUN
परिणाम,NOUN
वा,PART
प्रभाव,NOUN
पडू,NOUN
नये,NOUN
यासाठी,PP
हे,PART
नियम,NOUN
असतात,VERB
निवडणूक,NOUN
आयोग,NOUN
वेळोवेळी,NOUN
एक्झिट,NOUN
पोल्ससाठीच्या,PP
मार्गदर्शक,NOUN
सूचना,NOUN
प्रसिद्ध,NOUN
करतो,NOUN
यामध्ये,PP
एक्झिट,NOUN
पोल,NOUN
कसे,NOUN
करावेत,NOUN
हे,PART
सांगितलं,NOUN
जातं,NOUN
मतदानाच्या,PP
दिवशी,NOUN
एक्झिट,NOUN
पोलचे,NOUN
निकाल,NOUN
प्रसारित,NOUN
करू,NOUN
नयेत,NOUN
असा,NOUN
नियम,NOUN
आहे,NOUN
निवडणूक,NOUN
प्रक्रिया,NOUN
सुरू,NOUN
झाल्यापासून,NOUN
ते,PART
शेवटच्या,PP
टप्प्यातलं,NOUN
मतदान,NOUN
संपल्याच्या,PP
अर्धा,NOUN
तास,NOUN
नंतर,NOUN
पर्यंत,NOUN
एक्झिट,NOUN
पोलचे,NOUN
निकाल,NOUN
प्रसिद्ध,NOUN
करता,NOUN
येत,NOUN
नाहीत,NOUN
यासोबतच,NOUN
मतदानानंतर,NOUN
एक्झिट,NOUN
पोलचे,NOUN
निकाल,NOUN
प्रसिद्ध,NOUN
करण्यासाठी,PP
ही,PART
पाहणी,NOUN
करणाऱ्या,NOUN
संस्थेला,PP
निवडणूक,NOUN
आयोगाची,NOUN
परवानगी,NOUN
घ्यावी,NOUN
लागते,NOUN
एक्झिट,NOUN
पोलचे,NOUN
अंदाज,NOUN
सहसा,NOUN
बरोबर,NOUN
असतात,VERB
का,PART
प्राध्यापक,NOUN
संजय,NOUN
कुमार,NOUN
याची,NOUN
तुलना,NOUN
हवामान,NOUN
विभागाच्या,PP
अंदाजांशी,NOUN
करतात,VERB
ते,PART
म्हणतात,VERB
एक्झिट,NOUN
पोलचे,NOUN
अंदाज,NOUN
हे,PART
देखील,NOUN
हवामान,NOUN
विभागाच्या,PP
अंदाजांसारखे,NOUN
असतात,VERB
काही,NOUN
वेळा,NOUN
ते,PART
अगदी,NOUN
अचूक,NOUN
असतात,VERB
काही,NOUN
वेळा,NOUN
आसपास,NOUN
असतात,VERB
आणि,NOUN
काही,NOUN
वेळा,NOUN
ते,PART
बरोबर,NOUN
नसतात,VERB
एक्झिट,NOUN
पोलने,PP
दोन,NOUN
गोष्टींचा,NOUN
अंदाज,NOUN
बांधला,PP
जातो,NOUN
मतदानाच्या,PP
टक्केवारीचा,NOUN
अंदाज,NOUN
बांधला,PP
जातो,NOUN
आणि,NOUN
त्या,NOUN
आधारे,NOUN
पक्षांना,NOUN
मिळणाऱ्या,NOUN
जागांचा,NOUN
अंदाज,NOUN
बांधला,PP
जातो,NOUN
संजय,NOUN
कुमार,NOUN
सांगतात,VERB
2004ची,NOUN
निवडणूक,NOUN
विसरून,NOUN
चालणार,NOUN
नाही,NOUN
अटलबिहारी,NOUN
वाजपेयींचं,NOUN
सरकार,NOUN
पुन्हा,NOUN
येईल,NOUN
असं,NOUN
सगळ्या,NOUN
एक्झिट,NOUN
पोल्सनी,NOUN
म्हटलं,NOUN
होतं,NOUN
पण,PART
एक्झिट,NOUN
पोल्सचे,NOUN
अंदाज,NOUN
चुकीचे,NOUN
ठरले,VERB
आणि,NOUN
भाजप,NOUN
निवडणूक,NOUN
हरली,VERB
अनेकदा,NOUN
वेगवेगळे,NOUN
एक्झिट,NOUN
पोल्स,NOUN
वेगवेगळा,NOUN
अंदाज,NOUN
व्यक्त,NOUN
करतात,VERB
असं,NOUN
का,PART
याचं,NOUN
उत्तर,NOUN
देताना,NOUN
प्रा,NOUN
संजय,NOUN
कुमार,NOUN
एक,PART
उदाहरण,NOUN
देत,NOUN
सांगतात,VERB
अनेकदा,NOUN
एकाच,NOUN
आजारासाठी,PP
वेगवेगळे,NOUN
डॉक्टर्स,NOUN
वेगवेगळ्या,NOUN
प्रकारे,NOUN
तपासण्या,NOUN
करतात,VERB
एक्झिट,NOUN
पोलबाबतही,NOUN
हे,PART
होऊ,NOUN
शकतं,NOUN
वेगवेगळ्या,NOUN
संस्थांनी,NOUN
वेगवेगळं,NOUN
सँपल,NOUN
घेतलं,NOUN
चाचणी,NOUN
गट,PART
निवडला,PP
किंवा,NOUN
वेगळ्या,NOUN
प्रकारे,NOUN
फील्डवर्क,NOUN
केल्याने,PP
असं,NOUN
होऊ,NOUN
शकतं,NOUN
काही,NOUN
एजन्सीज,NOUN
फोनवरून,NOUN
डेटा,NOUN
गोळा,NOUN
करतात,VERB
तर,PART
काही,NOUN
एजन्सीज,NOUN
त्यांच्या,PP
कर्मचाऱ्यांना,NOUN
फील्डवर,PP
पाठवतात,VERB
यामुळे,NOUN
निकाल,NOUN
वेगवेगळे,NOUN
असू,NOUN
शकतात,VERB
भारतात,VERB
एक्झिट,NOUN
पोल,NOUN
पहिल्यांदा,NOUN
कधी,NOUN
झाला,PP
होता,NOUN
1957च्या,PP
दुसऱ्या,NOUN
सार्वजनिक,NOUN
निवडणुकांदरम्यान,NOUN
इंडियन,NOUN
इन्स्टिट्यूट,NOUN
ऑफ,PART
पब्लिक,NOUN
ओपिनियनने,PP
भारतात,VERB
पहिल्यांदा,NOUN
निवडणूक,NOUN
चाचणी,NOUN
केली,VERB
होती,NOUN
इंडियन,NOUN
इन्स्टिट्यूट,NOUN
ऑफ,PART
पब्लिक,NOUN
ओपिनियनचे,NOUN
प्रमुख,NOUN
एरिक,NOUN
डी,PART
कॉस्टा,NOUN
यांनी,NOUN
निवडणूक,NOUN
सर्वेक्षण,NOUN
केलं,NOUN
होतं,NOUN
पण,PART
याला,PP
पूर्णपणे,NOUN
एक्झिट,NOUN
पोल,NOUN
म्हणता,NOUN
येणार,NOUN
नाही,NOUN
त्यानंतर,NOUN
1980मध्ये,PP
डॉक्टर,NOUN
प्रणय,NOUN
रॉय,NOUN
यांनी,NOUN
पहिल्यांदा,NOUN
एक्झिट,NOUN
पोल,NOUN
केला,PP
त्यांनीच,NOUN
पुन्हा,NOUN
1984मध्ये,PP
एक्झिट,NOUN
पोल,NOUN
केला,PP
होता,NOUN
दूरदर्शनने,PP
1996मध्ये,PP
एक्झिट,NOUN
पोल,NOUN
केला,PP
पत्रकार,NOUN
नलिनी,NOUN
सिंह,NOUN
यांनी,NOUN
हे,PART
सर्वेक्षण,NOUN
केलं,NOUN
होतं,NOUN
पण,PART
यासाठीची,NOUN
आकडेवारी,NOUN
गोळा,NOUN
करण्यासाठी,PP
सेंटर,NOUN
फॉर,NOUN
द,PART
स्टडी,NOUN
ऑफ,PART
डेव्हलपिंग,NOUN
स्टडीज,NOUN
CSDS,NOUN
ने,PART
फील्ड,NOUN
वर्क,NOUN
केलं,NOUN
होतं,NOUN
त्यानंतर,NOUN
एक्झिट,NOUN
पोल्सचं,NOUN
हे,PART
सत्र,NOUN
सुरूच,NOUN
आहे,NOUN
फक्त,NOUN
त्याकाळी,NOUN
एखाद,NOUN
दोन,NOUN
एक्झिट,NOUN
पोल,NOUN
असत,NOUN
आता,NOUN
डझनभर,NOUN
एक्झिट,NOUN
पोल्स,NOUN
होतात,VERB
जगातल्या,NOUN
इतर,NOUN
देशांत,NOUN
एक्झिट,NOUN
पोल्स,NOUN
होतात,VERB
का,PART
भारताच्या,PP
आधीपासून,NOUN
अनेक,NOUN
देशांमध्ये,PP
एक्झिट,NOUN
पोल्स,NOUN
होत,NOUN
आले,VERB
आहेत,NOUN
अमेरिका,NOUN
दक्षिण,NOUN
अमेरिका,NOUN
युरोप,NOUN
दक्षिण,NOUN
आशिया,NOUN
आणि,NOUN
आग्नेय,NOUN
आशियासह,NOUN
जगभरातल्या,NOUN
अनेक,NOUN
देशांत,NOUN
एक्झिट,NOUN
पोल,NOUN
होतात,VERB
अमेरिकेत,NOUN
1936मध्ये,PP
सगळ्यात,NOUN
पहिल्यांदा,NOUN
एक्झिट,NOUN
पोल,NOUN
करण्यात,NOUN
आला,PP
जॉर्ज,NOUN
गॅलप,NOUN
आणि,NOUN
क्लॉड,NOUN
रॉबिन्सन,NOUN
यांनी,NOUN
न्यूयॉर्क,NOUN
शहरात,NOUN
एक,PART
निवडणूक,NOUN
पाहणी,NOUN
केली,VERB
राष्ट्राध्यक्ष,NOUN
पदासाठी,PP
कोणत्या,NOUN
मतदाराला,PP
मत,PART
दिलं,NOUN
हे,PART
यामध्ये,PP
मतदान,NOUN
करून,NOUN
बाहेर,NOUN
येणाऱ्या,NOUN
व्यक्तींना,NOUN
विचारण्यात,NOUN
आलं,NOUN
फ्रँकलिन,NOUN
रुझवेल्ट,NOUN
ही,PART
निवडणूक,NOUN
जिंकतील,NOUN
असा,NOUN
अंदाज,NOUN
या,PART
आकडेवारीवरून,NOUN
व्यक्त,NOUN
करण्यात,NOUN
आला,PP
प्रत्यक्षात,NOUN
ही,PART
निवडणूक,NOUN
रुझवेल्ट,NOUN
यांनीच,NOUN
जिंकली,VERB
यानंतर,NOUN
एक्झिट,NOUN
पोल,NOUN
इतर,NOUN
देशांतही,NOUN
लोकप्रिय,NOUN
झाले,VERB
ब्रिटनमध्ये,PP
1937साली,VERB
पहिल्यांदा,NOUN
एक्झिट,NOUN
पोल,NOUN
झाला,PP
फ्रान्समध्ये,PP
1938,NUM
मध्ये,PP
पहिल्यांदा,NOUN
एक्झिट,NOUN
पोल,NOUN
घेण्यात,NOUN
आला,PP
आता,NOUN
भारतातल्या,NOUN
एक्झिट,NOUN
पोल्सच्या,PP
निकालांविषयी,NOUN
जाणून,NOUN
घेऊ,NOUN
सगळ्यात,NOUN
आधी,NOUN
यंदाच,NOUN
झालेली,VERB
2024ची,NOUN
लोकसभा,NOUN
निवडणूक,NOUN
लोकसभा,NOUN
निवडणुकीत,NOUN
संपूर्ण,NOUN
देशामध्ये,PP
असलेलं,NOUN
वातावरण,NOUN
पाहता,NOUN
एनडीएच्या,PP
बाजुनं,NOUN
लोकांचं,NOUN
मत,PART
असेल,NOUN
असे,NOUN
अंदाज,NOUN
वर्तवले,VERB
जात,NOUN
होते,NOUN
मतदानानंतर,NOUN
समोर,NOUN
आलेल्या,NOUN
बहुतांश,NOUN
एक्झिट,NOUN
पोल्समध्येही,NOUN
काहीसे,NOUN
अशाच,NOUN
प्रकारचे,NOUN
आकडे,PP
पाहायला,PP
मिळाले,VERB
होते,NOUN
सगळ्याच,NOUN
एक्झिट,NOUN
पोल्सनी,NOUN
पुन्हा,NOUN
एकदा,NOUN
मोदींच्या,PP
नेतृत्वात,NOUN
सरकार,NOUN
येणार,NOUN
असे,NOUN
अंदाज,NOUN
वर्तवले,VERB
होते,NOUN
एक्झिट,NOUN
पोलचे,NOUN
सत्ते,NOUN
बाबतचे,NOUN
अंदाज,NOUN
तर,PART
खरे,NOUN
ठरले,VERB
पण,PART
भाजपला,PP
आणि,NOUN
एनडीएला,PP
मिळणाऱ्या,NOUN
जागांबाबतचे,NOUN
अंदाज,NOUN
मात्र,NOUN
चुकले,VERB
सगळ्या,NOUN
एक्झिट,NOUN
पोलची,NOUN
सरासरी,NOUN
पाहता,NOUN
एनडीए,NOUN
350,NUM
ते,PART
400,NUM
जागा,NOUN
मिळवणार,NOUN
असा,NOUN
अंदाज,NOUN
वर्तवला,PP
होता,NOUN
पण,PART
त्यांना,NOUN
293,NUM
वर,PART
समाधान,NOUN
मानावं,NOUN
लागलं,NOUN
एवढंच,NOUN
काय,NOUN
भाजप,NOUN
स्वबळावर,PP
सत्ता,NOUN
आणेल,NOUN
असाही,NOUN
दावा,NOUN
काही,NOUN
एक्झिट,NOUN
पोलमध्ये,PP
करण्यात,NOUN
आला,PP
होता,NOUN
तोही,NOUN
चुकीचा,NOUN
ठरला,PP
हरियाणा,NOUN
विधानसभा,NOUN
निवडणूक,NOUN
2024,NUM
हरियाणा,NOUN
विधानसभेच्या,PP
वेळीही,NOUN
एक्झिट,NOUN
पोलचे,NOUN
अंदाज,NOUN
फारसे,NOUN
योग्य,NOUN
ठरले,VERB
नसल्याचं,NOUN
पाहायला,PP
मिळालं,NOUN
होतं,NOUN
या,PART
एक्झिट,NOUN
पोलमध्ये,PP
राज्यातील,NOUN
वातावरण,NOUN
भाजपविरोधी,NOUN
असून,NOUN
काँग्रेसची,NOUN
सत्ता,NOUN
येईल,NOUN
असा,NOUN
अंदाज,NOUN
वर्तवला,PP
होता,NOUN
हरियाणाच्या,PP
एक्झिट,NOUN
पोलमध्ये,PP
काँग्रेसला,PP
सरासरी,NOUN
50,NUM
ते,PART
55,NUM
जागा,NOUN
मिळतील,NOUN
आणि,NOUN
ते,PART
सत्ता,NOUN
स्थापन,NOUN
करतील,NOUN
अशी,NOUN
शक्यता,NOUN
वर्तवण्यात,NOUN
आली,VERB
होती,NOUN
तर,PART
भाजप,NOUN
20,NUM
25,NUM
जागा,NOUN
जिंकेल,NOUN
असाही,NOUN
अंदाज,NOUN
व्यक्त,NOUN
करण्यात,NOUN
आला,PP
होता,NOUN
पण,PART
प्रत्यक्षात,NOUN
मात्र,NOUN
तसं,NOUN
घडलं,NOUN
नाही,NOUN
प्रत्यक्षात,NOUN
भाजपनं,NOUN
48,NUM
जागा,NOUN
जिंकत,NOUN
सरकार,NOUN
स्थापन,NOUN
केलं,NOUN
तर,PART
काँग्रेसला,PP
37,NUM
जागाच,NOUN
मिळाल्या,NOUN
होत्या,NOUN
भाजप,NOUN
आणि,NOUN
NDAला,PP
300,NUM
पेक्षा,NOUN
जास्त,NOUN
जागा,NOUN
मिळतील,NOUN
असा,NOUN
अंदाज,NOUN
2019च्या,PP
लोकसभा,NOUN
निवडणुकीच्या,PP
वेळी,NOUN
बहुतांश,NOUN
एक्झिट,NOUN
पोल्सनी,NOUN
जाहीर,NOUN
केला,PP
होता,NOUN
तर,PART
काँग्रेसच्या,PP
नेतृत्त्वातील,NOUN
UPA,NOUN
आघाडीला,PP
100च्या,PP
आसपास,NOUN
जागा,NOUN
मिळण्याचा,NOUN
अंदाज,NOUN
वर्तवण्यात,NOUN
आला,PP
होता,NOUN
प्रत्यक्षातले,VERB
निकाल,NOUN
हे,PART
व्यक्त,NOUN
करण्यात,NOUN
आलेल्या,NOUN
अंदाजांसारखेच,NOUN
होते,NOUN
भाजपला,PP
303,NUM
जागा,NOUN
मिळाल्या,NOUN
आणि,NOUN
NDA,NOUN
ला,PART
सुमारे,NOUN
350,NUM
जागा,NOUN
मिळाल्या,NOUN
तर,PART
काँग्रेसला,PP
फक्त,NOUN
52,NUM
जागा,NOUN
मिळाल्या,NOUN
होत्या,NOUN
पश्चिम,NOUN
बंगाल,NOUN
विधानसभा,NOUN
निवडणूक,NOUN
2021,NUM
2021साली,VERB
केरळ,NOUN
आसाम,NOUN
तामिळनाडू,NOUN
पुद्दुचेरी,NOUN
आणि,NOUN
पश्चिम,NOUN
बंगालमध्ये,PP
विधानसभा,NOUN
निवडणुका,NOUN
झाल्या,NOUN
पण,PART
सगळ्यांचं,NOUN
लक्ष,NOUN
होतं,NOUN
पश्चिम,NOUN
बंगालवर,PP
292,NUM
जागांच्या,PP
या,PART
विधानसभेत,NOUN
भाजपला,PP
100,NUM
पेक्षा,NOUN
जास्त,NOUN
जागा,NOUN
मिळतील,NOUN
असं,NOUN
बहुतेक,NOUN
एजन्सीजने,PP
म्हटलं,NOUN
होतं,NOUN
जन,PART
की,PART
बात,NOUN
नावाच्या,PP
एका,NOUN
एजन्सीने,PP
तर,PART
भाजपला,PP
174,NUM
पर्यंत,NOUN
जागा,NOUN
मिळतील,NOUN
असा,NOUN
अंदाज,NOUN
व्यक्त,NOUN
केला,PP
होता,NOUN
काहींनी,NOUN
तृणमूल,NOUN
काँग्रेसला,PP
जास्त,NOUN
जागा,NOUN
मिळतील,NOUN
असं,NOUN
म्हटलं,NOUN
होतं,NOUN
तर,PART
काहींनी,NOUN
भाजप,NOUN
पहिल्यांदाच,NOUN
पश्चिम,NOUN
बंगालमध्ये,PP
सरकार,NOUN
स्थापन,NOUN
करेल,NOUN
असं,NOUN
म्हटलं,NOUN
होतं,NOUN
पण,PART
निकाल,NOUN
जाहीर,NOUN
झाले,VERB
तेव्हा,NOUN
ममता,NOUN
बॅनर्जींची,NOUN
तृणमूल,NOUN
काँग्रेस,NOUN
पुन्हा,NOUN
एकदा,NOUN
सत्तेत,NOUN
आली,VERB
भाजपला,PP
2016मध्ये,PP
तीन,NOUN
जागा,NOUN
मिळाल्या,NOUN
होत्या,NOUN
त्या,NOUN
तुलनेत,NOUN
चांगली,VERB
कामगिरी,NOUN
करत,NOUN
त्यांचा,NOUN
आकडा,NOUN
75,NUM
पर्यंत,NOUN
पोहोचला,PP
पण,PART
हा,PART
आकडा,NOUN
सत्ता,NOUN
स्थापनेसाठी,PP
पुरेसा,NOUN
नव्हता,NOUN
गुजरात,NOUN
आणि,NOUN
हिमाचल,NOUN
विधानसभा,NOUN
निवडणूक,NOUN
2022,NUM
2022च्या,PP
नोव्हेंबर,NOUN
डिसेंबरमध्ये,PP
गुजरात,NOUN
आणि,NOUN
हिमाचल,NOUN
प्रदेश,NOUN
राज्यांत,NOUN
विधानसभा,NOUN
निवडणुका,NOUN
झाल्या,NOUN
गुजरातसाठीच्या,PP
एक्झिट,NOUN
पोल्समध्ये,PP
भाजप,NOUN
पुन्हा,NOUN
सत्तेत,NOUN
येणार,NOUN
असल्याचं,NOUN
सांगण्यात,NOUN
आलं,NOUN
182,NUM
जागांच्या,PP
विधानसभेत,NOUN
भाजपला,PP
117,NUM
148,NUM
जागा,NOUN
मिळतील,NOUN
असा,NOUN
अंदाज,NOUN
व्यक्त,NOUN
करण्यात,NOUN
आला,PP
काँग्रेसला,PP
30,NUM
ते,PART
50,NUM
जागी,NOUN
विजय,NOUN
मिळेल,NOUN
असा,NOUN
अंदाज,NOUN
सगळ्याच,NOUN
एक्झिट,NOUN
पोल्सने,PP
व्यक्त,NOUN
केला,PP
होता,NOUN
पण,PART
निकाल,NOUN
जाहीर,NOUN
झाले,VERB
तेव्हा,NOUN
भाजपने,PP
राज्यात,NOUN
आतापर्यंतची,NOUN
सर्वात,NOUN
चांगली,VERB
कामगिरी,NOUN
करत,NOUN
156,NUM
जागा,NOUN
मिळवल्या,NOUN
तर,PART
काँग्रेसने,PP
सर्वात,NOUN
खराब,NOUN
कामगिरी,NOUN
करत,NOUN
फक्त,NOUN
17,NUM
जागा,NOUN
जिंकल्या,NOUN
हिमाचल,NOUN
प्रदेशमध्ये,PP
बहुतेक,NOUN
एक्झिट,NOUN
पोल्सनी,NOUN
भाजपला,PP
आघाडी,NOUN
दिली,VERB
होती,NOUN
इंडिया,NOUN
टुडे,NOUN
अॅक्सिस,NOUN
माय,NOUN
इंडियाने,PP
काँग्रेसला,PP
आघाडी,NOUN
दाखवली,VERB
होती,NOUN
पण,PART
निकाल,NOUN
लागला,PP
तेव्हा,NOUN
68,NUM
जागा,NOUN
असणाऱ्या,NOUN
या,PART
विधानसभेत,NOUN
काँग्रेसने,PP
40,NUM
जागा,NOUN
जिंकत,NOUN
सरकार,NOUN
स्थापन,NOUN
केलं,NOUN
तर,PART
भाजपला,PP
फक्त,NOUN
25,NUM
ठिकाणी,NOUN
विजय,NOUN
मिळू,NOUN
शकला,PP
कर्नाटक,NOUN
राजस्थान,NOUN
मध्य,NOUN
प्रदेश,NOUN
छत्तीसगढ,NOUN
आणि,NOUN
तेलंगणा,NOUN
विधानसभा,NOUN
निवडणूक,NOUN
2023,NUM
कर्नाटकमध्ये,PP
2023च्या,PP
एप्रिल,NOUN
मेमध्ये,PP
विधानसभा,NOUN
निवडणुका,NOUN
झाल्या,NOUN
या,PART
राज्यात,NOUN
काँग्रेसची,NOUN
कामगिरी,NOUN
भाजपपेक्षा,NOUN
चांगली,VERB
असेल,NOUN
असं,NOUN
एखाद,NOUN
संस्था,NOUN
वगळता,NOUN
बहुतेक,NOUN
संस्थांनी,NOUN
म्हटलं,NOUN
होतं,NOUN
निकालही,NOUN
थोड्याफार,NOUN
फरकाने,PP
तसेच,NOUN
लागले,VERB
फरक,NOUN
इतकाच,NOUN
होता,NOUN
की,PART
काँग्रेसची,NOUN
कामगिरी,NOUN
व्यक्त,NOUN
करण्यात,NOUN
आलेल्या,NOUN
अंदाजांपेक्षा,NOUN
चांगली,VERB
होती,NOUN
एकूण,NOUN
224,NUM
जागांपैकी,NOUN
काँग्रेसने,PP
43,NUM
मतं,NOUN
मिळवत,NOUN
136,NUM
ठिकाणी,NOUN
विजय,NOUN
मिळवला,PP
हा,PART
गेल्या,NOUN
तीन,NOUN
दशकांतला,PP
या,PART
राज्यातला,PP
काँग्रेसचा,NOUN
सर्वात,NOUN
मोठा,NOUN
विजय,NOUN
होता,NOUN
भाजपला,PP
फक्त,NOUN
65,NUM
जागा,NOUN
मिळाल्या,NOUN
तर,PART
जनता,NOUN
दल,PART
सेक्युलरला,PP
19,NUM
जागा,NOUN
जिंकता,NOUN
आल्या,NOUN
नोव्हेंबर,NOUN
डिसेंबर,NOUN
महिन्यांत,NOUN
मध्य,NOUN
प्रदेश,NOUN
छत्तीसगड,NOUN
राजस्थान,NOUN
तेलंगणा,NOUN
आणि,NOUN
मिझोरममध्ये,PP
निवडणुका,NOUN
झाल्या,NOUN
छत्तीसगडमध्ये,PP
काँग्रेस,NOUN
आणि,NOUN
भाजपमध्ये,PP
तुल्यबळ,NOUN
लढत,NOUN
होईल,NOUN
असं,NOUN
सगळ्याच,NOUN
एजन्सीजने,PP
म्हटलं,NOUN
होतं,NOUN
किंवा,NOUN
मग,PART
काँग्रेसला,PP
आघाडी,NOUN
दाखवली,VERB
होती,NOUN
एकूण,NOUN
90,NUM
जागांपैकी,NOUN
काँग्रेसला,PP
40,NUM
पेक्षा,NOUN
जास्त,NOUN
जागा,NOUN
मिळतील,NOUN
असा,NOUN
अंदाज,NOUN
होता,NOUN
भाजपला,PP
25,NUM
ते,PART
48,NUM
जागा,NOUN
मिळण्याचा,NOUN
अंदाज,NOUN
होता,NOUN
निकाल,NOUN
जाहीर,NOUN
झाले,VERB
तेव्हा,NOUN
भाजपला,PP
54,NUM
जागी,NOUN
विजय,NOUN
मिळाला,PP
आणि,NOUN
त्यांनी,NOUN
सरकार,NOUN
स्थापन,NOUN
केलं,NOUN
तर,PART
काँग्रेसला,PP
फक्त,NOUN
35,NUM
जागा,NOUN
मिळाल्या,NOUN
मध्य,NOUN
प्रदेश,NOUN
विधानसभेत,NOUN
230,NUM
मतदारसंघ,NOUN
आहेत,NOUN
इथे,NOUN
भाजपला,PP
88,NUM
ते,PART
163,NUM
जागा,NOUN
मिळतील,NOUN
असा,NOUN
अंदाज,NOUN
एक्झिट,NOUN
पोल्सनी,NOUN
व्यक्त,NOUN
केला,PP
तर,PART
काँग्रेसला,PP
किमान,NOUN
62,NUM
तर,PART
जास्तीत,NOUN
जास्त,NOUN
137,NUM
जागा,NOUN
मिळण्याचा,NOUN
अंदाज,NOUN
व्यक्त,NOUN
करण्यात,NOUN
आला,PP
प्रत्यक्षात,NOUN
भाजपने,PP
163,NUM
जागा,NOUN
मिळवल्या,NOUN
तर,PART
काँग्रेसला,PP
66,NUM
जागी,NOUN
यश,PART
मिळालं,NOUN
राजस्थानात,NOUN
भाजपचं,NOUN
पारडं,NOUN
जड,PART
असल्याचं,NOUN
ABP,NOUN
न्यूज,NOUN
सी,PART
व्होटरच्या,PP
एक्झिट,NOUN
पोलमध्ये,PP
म्हटलं,NOUN
होतं,NOUN
भाजपला,PP
इथे,NOUN
किमान,NOUN
77,NUM
आणि,NOUN
जास्तीत,NOUN
जास्त,NOUN
128,NUM
जागा,NOUN
मिळण्याचा,NOUN
अंदाज,NOUN
व्यक्त,NOUN
करण्यात,NOUN
आला,PP
होता,NOUN
तर,PART
सत्ताधारी,NOUN
काँग्रेसला,PP
किमान,NOUN
56,NUM
आणि,NOUN
जास्तीत,NOUN
जास्त,NOUN
113,NUM
जागा,NOUN
मिळतील,NOUN
असा,NOUN
अंदाज,NOUN
होता,NOUN
पण,PART
निकाल,NOUN
लागला,PP
तेव्हा,NOUN
भाजपला,PP
115,NUM
तर,PART
काँग्रेसला,PP
69,NUM
जागा,NOUN
मिळाल्या,NOUN
होत्या,NOUN
इतर,NOUN
लहान,NOUN
मोठे,NOUN
पक्ष,NOUN
आणि,NOUN
अपक्षांना,NOUN
मिळून,NOUN
15,NUM
जागी,NOUN
विजय,NOUN
मिळवता,NOUN
आला,PP
होता,NOUN
तेलंगणातल्या,NOUN
निवडणुकीत,NOUN
काँग्रेस,NOUN
आघाडीवर,PP
असेल,NOUN
असं,NOUN
जवळपास,NOUN
सगळ्या,NOUN
एजन्सीजने,PP
म्हटलं,NOUN
होतं,NOUN
काँग्रेसला,PP
किमान,NOUN
49,NUM
तर,PART
जास्तीत,NOUN
जास्त,NOUN
80,NUM
जागा,NOUN
मिळण्याचा,NOUN
अंदाज,NOUN
वर्तवण्यात,NOUN
आला,PP
होता,NOUN
सत्ताधारी,NOUN
BRS,NOUN
पुन्हा,NOUN
सत्तेत,NOUN
येणार,NOUN
नाही,NOUN
असं,NOUN
जवळपास,NOUN
सगळ्यांनी,NOUN
म्हटलं,NOUN
होतं,NOUN
निकालांमध्ये,PP
काँग्रेसला,PP
64,NUM
तर,PART
BRSला,PP
39,NUM
जागा,NOUN
मिळाल्या,NOUN
निवडणूक,NOUN
आयोगावर,PP
सातत्याने,PP
निर्माण,NOUN
होणाऱ्या,NOUN
प्रश्नांमुळे,NOUN
त्यांची,NOUN
प्रतिमा,NOUN
ढासळली,VERB
आहे,NOUN
का,PART
21,NUM
मे,PART
2024,NUM
निवडणूक,NOUN
आयोगावर,PP
सातत्याने,PP
निर्माण,NOUN
होणाऱ्या,NOUN
प्रश्नांमुळे,NOUN
त्यांची,NOUN
प्रतिमा,NOUN
ढासळली,VERB
आहे,NOUN
का,PART
400,NUM
पारचा,NOUN
नारा,NOUN
संविधान,NOUN
बदल,NOUN
आरक्षण,NOUN
आणि,NOUN
निवडणुकांचा,NOUN
झुकणारा,NOUN
कल31,NOUN
मे,PART
2024,NUM
400,NUM
पारचा,NOUN
नारा,NOUN
संविधान,NOUN
बदल,NOUN
आरक्षण,NOUN
आणि,NOUN
निवडणुकांचा,NOUN
झुकणारा,NOUN
कल,PART
निवडणूक,NOUN
आयोग,NOUN
म्हणजे,NOUN
काय,NOUN
निवडणूक,NOUN
आयुक्तांचं,NOUN
काम,NOUN
कसं,NOUN
चालतं,NOUN
20,NUM
ऑक्टोबर,NOUN
2024,NUM
निवडणूक,NOUN
आयोग,NOUN
म्हणजे,NOUN
काय,NOUN
निवडणूक,NOUN
आयुक्तांचं,NOUN
काम,NOUN
कसं,NOUN
चालतं,NOUN
5रुग्णालयातून,NOUN
घरी,NOUN
परतल्यावर,PP
अभिनेता,NOUN
गोविंदाने,PP
काय,NOUN
सांगितले,VERB
6गरम,NOUN
की,PART
थंड,NOUN
हिवाळ्यात,NOUN
कोणत्या,NOUN
पाण्यानं,NOUN
अंघोळ,NOUN
करणं,NOUN
जास्त,NOUN
चांगलं,NOUN
असतं,NOUN
8जवाहरलाल,NOUN
नेहरू,NOUN
आधुनिक,NOUN
भारताचे,NOUN
शिल्पकार,NOUN
की,PART
आजच्या,PP
सर्व,NOUN
समस्यांना,NOUN
जबाबदार,NOUN
Author,NOUN
प्रियंका,NOUN
जगतापRole,NOUN
बीबीसी,NOUN
मराठी,NOUN
प्रतिनिधी,NOUN
खून,NOUN
खंडणी,NOUN
अपहरण,NOUN
आणि,NOUN
मारहाण,NOUN
अशा,NOUN
प्रकारच्या,PP
गंभीर,NOUN
गुन्ह्यांच्या,PP
आरोपांमध्ये,PP
अडकलेला,PP
आरोपी,NOUN
निलेश,NOUN
घायवळ,NOUN
बनावट,NOUN
कागपत्रांच्या,PP
आधारे,NOUN
पासपोर्ट,NOUN
मिळवून,NOUN
परदेशात,NOUN
पळून,NOUN
गेल्याची,NOUN
माहिती,NOUN
समोर,NOUN
आली,VERB
आहे,NOUN
निलेश,NOUN
घायवळच्या,PP
पुण्यातील,NOUN
कोथरूडमधील,NOUN
घरी,NOUN
पोलिसांनी,NOUN
छापेमारी,NOUN
केली,VERB
आहे,NOUN
निलेश,NOUN
घायवळ,NOUN
हा,PART
खून,NOUN
खंडणी,NOUN
अपहरण,NOUN
आणि,NOUN
मारहाण,NOUN
अशा,NOUN
प्रकारच्या,PP
गंभीर,NOUN
गुन्ह्यांमधील,NOUN
आरोपी,NOUN
आहे,NOUN
बनावट,NOUN
कागपत्रांच्या,PP
आधारे,NOUN
पासपोर्ट,NOUN
मिळवून,NOUN
निलेश,NOUN
घायवळ,NOUN
परदेशात,NOUN
पळून,NOUN
गेल्याची,NOUN
माहिती,NOUN
समोर,NOUN
आली,VERB
आहे,NOUN
पोलिसांनी,NOUN
केलेल्या,NOUN
छापेमारीत,NOUN
निलेश,NOUN
घायवळच्या,PP
घरातून,NOUN
जमिनीशी,NOUN
निगडीत,NOUN
कागदपत्रं,NOUN
सातबारा,NOUN
नोंदी,NOUN
बंदुकीच्या,PP
गोळ्या,NOUN
अशा,NOUN
अनेक,NOUN
गोष्टी,NOUN
जप्त,NOUN
करण्यात,NOUN
आल्या,NOUN
आहेत,NOUN
पुण्यातील,NOUN
डीसीपी,NOUN
संभाजी,NOUN
कदम,NOUN
यांच्या,PP
माहितीनुसार,NOUN
आम्ही,NOUN
आता,NOUN
कोथरूडमधील,NOUN
घरावर,PP
छापा,NOUN
टाकला,PP
आहे,NOUN
त्यातल्या,NOUN
कागदपत्रांची,NOUN
आता,NOUN
तपासणी,NOUN
होणार,NOUN
आहे,NOUN
पुढे,NOUN
जशी,NOUN
माहिती,NOUN
मिळेल,NOUN
तसा,NOUN
तपास,NOUN
करू,NOUN
निलेश,NOUN
घायवळ,NOUN
विरोधात,NOUN
गुन्हा,NOUN
दाखल,NOUN
करण्यात,NOUN
आला,PP
आहे,NOUN
अवैध,NOUN
पद्धतीनं,NOUN
पासपोर्ट,NOUN
मिळवणं,NOUN
आणि,NOUN
माहिती,NOUN
दडवल्याच्या,PP
आरोपाखाली,VERB
हे,PART
गुन्हे,NOUN
दाखल,NOUN
करण्यात,NOUN
आहेत,NOUN
फसवणूक,NOUN
बनावट,NOUN
कागदपत्रं,NOUN
तायर,NOUN
करणे,NOUN
आणि,NOUN
पासपोर्ट,NOUN
कायदा,NOUN
1967,NUM
चा,PART
तसेच,NOUN
आधार,NOUN
कायदा,NOUN
2016,NUM
चा,PART
भंग,NOUN
केल्याबद्दल,NOUN
हे,PART
गुन्हा,NOUN
दाखल,NOUN
झाले,VERB
आहेत,NOUN
अशी,NOUN
माहिती,NOUN
डीसीपी,NOUN
संभाजी,NOUN
कदम,NOUN
यांनी,NOUN
दिली,VERB
निलेश,NOUN
घायवळ,NOUN
बनावट,NOUN
कागपत्रांच्या,PP
आधारे,NOUN
पासपोर्ट,NOUN
मिळवून,NOUN
परदेशात,NOUN
पळून,NOUN
गेल्याची,NOUN
माहिती,NOUN
समोर,NOUN
आली,VERB
आहे,NOUN
पोलिसांनी,NOUN
दिलेल्या,NOUN
माहितीनुसार,NOUN
सध्या,NOUN
त्याच्यावर,PP
महाराष्ट्र,NOUN
संघटित,NOUN
गुन्हे,NOUN
नियंत्रण,NOUN
कायदा,NOUN
मोक्का,NOUN
अंतर्गत,NOUN
कारवाई,NOUN
सुरू,NOUN
आहे,NOUN
कोथरूड,NOUN
परिसरात,NOUN
17,NUM
सप्टेंबरला,PP
रात्री,NOUN
साडेअकराच्या,PP
सुमारास,NOUN
एका,NOUN
तरुणावर,PP
घायवळ,NOUN
टोळीतील,NOUN
सदस्यांनी,NOUN
गोळीबार,NOUN
केला,PP
होता,NOUN
या,PART
गुन्ह्यात,NOUN
कोथरूड,NOUN
पोलिसांनी,NOUN
मयूर,NOUN
कुंबरे,NOUN
रोहित,NOUN
आखाडे,NOUN
गणेश,NOUN
राऊत,NOUN
मयंक,NOUN
उर्फ,NOUN
मॉन्टी,NOUN
व्यास,NOUN
आनंद,NOUN
चांदलेकर,NOUN
उर्फ,NOUN
अंड्या,NOUN
दिनेश,NOUN
फाटक,NOUN
यांना,NOUN
अटक,NOUN
केली,VERB
तर,PART
घायवळवर,PP
गुन्हा,NOUN
दाखल,NOUN
करण्यात,NOUN
आला,PP
होता,NOUN
घायवळ,NOUN
मूळचा,NOUN
अहिल्यानगरमधील,NOUN
जामखेडचा,NOUN
रहिवासी,NOUN
आहे,NOUN
त्याच्याविरुद्ध,NOUN
पुणे,NOUN
शहरातील,NOUN
विविध,NOUN
पोलीस,NOUN
ठाण्यात,NOUN
15,NUM
ते,PART
20,NUM
गंभीर,NOUN
गुन्हे,NOUN
दाखल,NOUN
आहेत,NOUN
पोलिसांनी,NOUN
दिलेल्या,NOUN
माहितीनुसार,NOUN
फरार,NOUN
होण्यासाठी,PP
निलेश,NOUN
घायवळने,PP
अहिल्यानगरमधून,NOUN
पासपोर्ट,NOUN
मिळवला,PP
आहे,NOUN
तसेच,NOUN
बनावट,NOUN
वाहन,NOUN
नंबरप्लेट,NOUN
वापरल्याबद्दल,NOUN
निलेश,NOUN
घायवळ,NOUN
विरोधात,NOUN
कोथरुड,NOUN
पोलीस,NOUN
ठाण्यात,NOUN
आणखी,NOUN
एका,NOUN
गुन्ह्याची,NOUN
भर,PART
पडली,VERB
आहे,NOUN
निलेश,NOUN
घायवळ,NOUN
दुसऱ्या,NOUN
व्यक्तीच्या,PP
मालकीच्या,PP
वाहनाचा,NOUN
अधिकृत,NOUN
वाहन,NOUN
नंबर,NOUN
स्वतःच्या,PP
वाहनासाठी,PP
वापरत,NOUN
होता,NOUN
पोलिसांनी,NOUN
त्याचं,NOUN
वाहन,NOUN
जप्त,NOUN
केल्यानंतर,NOUN
हा,PART
प्रकार,NOUN
उघडकीस,NOUN
आला,PP
घायवळ,NOUN
याला,PP
अटक,NOUN
करण्यासाठी,PP
पोलिसांनी,NOUN
लूक,NOUN
आऊट,NOUN
नोटीस,NOUN
देखील,NOUN
बजावली,VERB
आहे,NOUN
घायवळचा,NOUN
पासपोर्ट,NOUN
रद्द,NOUN
करण्याची,NOUN
प्रक्रिया,NOUN
सुरू,NOUN
करणार,NOUN
असल्याचं,NOUN
पुण्याच्या,PP
पोलीस,NOUN
आयुक्तांनी,NOUN
सांगितलं,NOUN
आहे,NOUN
आम्ही,NOUN
निलेश,NOUN
घायवळ,NOUN
आणि,NOUN
त्याच्या,PP
कुटुंबीयांची,NOUN
यांची,NOUN
बाजू,NOUN
जाणून,NOUN
घेण्याचा,NOUN
प्रयत्न,NOUN
केला,PP
मात्र,NOUN
त्यांच्याशी,NOUN
संपर्क,NOUN
होऊ,NOUN
शकला,PP
नाही,NOUN
त्यांची,NOUN
बाजू,NOUN
आल्यानंतर,NOUN
या,PART
बातमीत,NOUN
ती,PART
अपडेट,NOUN
केली,VERB
जाईल,NOUN
बॉस,NOUN
अक्षर,NOUN
येणारे,NOUN
सिमकार्ड,NOUN
मिळवण्याचं,NOUN
प्रकरण,NOUN
काय,NOUN
निलेश,NOUN
घायवळवर,PP
आणखी,NOUN
एक,PART
गुन्हा,NOUN
दाखल,NOUN
झाला,PP
आहे,NOUN
बॉस,NOUN
अक्षरं,NOUN
येतील,NOUN
असे,NOUN
सिमकार्ड,NOUN
एका,NOUN
तक्रारदाराच्या,PP
आधार,NOUN
कार्डाचा,NOUN
वापर,NOUN
करुन,NOUN
मिळवले,VERB
आणि,NOUN
बँकेत,NOUN
खाती,NOUN
काढून,NOUN
आर्थिक,NOUN
गैरव्यवहार,NOUN
केल्याची,NOUN
तक्रार,NOUN
करण्यात,NOUN
आली,VERB
आहे,NOUN
2020,NUM
पासून,NOUN
तक्रारदाराचे,NOUN
सिमकार्ड,NOUN
बेकायदेशीररीत्या,NOUN
मिळवून,NOUN
आणि,NOUN
ताब्यात,NOUN
ठेवून,NOUN
फसवणूक,NOUN
आणि,NOUN
ती,PART
व्यक्ती,NOUN
आपणच,NOUN
असल्याचे,NOUN
भासवल्याचा,NOUN
गुन्हा,NOUN
निलेश,NOUN
गायकवाड,NOUN
याच्याविरुद्ध,NOUN
नोंदवण्यात,NOUN
आला,PP
आहे,NOUN
कोथरूड,NOUN
पोलीस,NOUN
ठाण्यात,NOUN
भारतीय,NOUN
दंड,NOUN
संहिता,NOUN
कलम,NOUN
420,NUM
फसवणूक,NOUN
506,NUM
धमकी,NOUN
504,NUM
शब्दांद्वारे,NOUN
अपमान,NOUN
माहिती,NOUN
तंत्रज्ञान,NOUN
कायदा,NOUN
66C,NOUN
आणि,NOUN
भारतीय,NOUN
दूरसंचार,NOUN
कायदा,NOUN
2023,NUM
मधील,NOUN
कलम,NOUN
42,NUM
अंतर्गत,NOUN
गुन्हा,NOUN
नोंदवण्यात,NOUN
आला,PP
आहे,NOUN
अहिल्यानगर,NOUN
पोलिसांनी,NOUN
केलेल्या,NOUN
निलेश,NOUN
घायवळच्या,PP
पासपोर्ट,NOUN
व्हेरिफिकेशनवर,PP
प्रश्न,NOUN
उपस्थित,NOUN
केले,VERB
जात,NOUN
आहेत,NOUN
त्यामुळे,NOUN
नक्की,NOUN
पोलीस,NOUN
व्हेरिफिकेशनची,NOUN
प्रक्रिया,NOUN
पूर्ण,NOUN
झाली,VERB
होती,NOUN
का,PART
या,PART
प्रश्नावर,PP
बीबीसी,NOUN
मराठीशी,NOUN
बोलताना,NOUN
पुणे,NOUN
पोलीस,NOUN
उपायुक्त,NOUN
संभाजी,NOUN
कदम,NOUN
म्हणाले,VERB
अहिल्यानगर,NOUN
पोलिसांकडून,NOUN
पोलीस,NOUN
व्हेरिफिकेशन,NOUN
झाले,VERB
आहे,NOUN
मात्र,NOUN
कॅरेक्टर,NOUN
सर्टिफिकेशन,NOUN
झालेले,VERB
नाही,NOUN
त्याला,PP
देशाबाहेर,NOUN
जाताच,NOUN
येत,NOUN
नाही,NOUN
निलेश,NOUN
घायवळला,PP
पासपोर्ट,NOUN
मुळात,NOUN
चुकीच्या,PP
पद्धतीनं,NOUN
जारी,NOUN
करण्यात,NOUN
आला,PP
आहे,NOUN
परंतु,NOUN
हे,PART
कसं,NOUN
झालं,NOUN
ते,PART
अजून,NOUN
समोर,NOUN
आलेलं,NOUN
नाही,NOUN
त्याचाच,NOUN
तपास,NOUN
आम्ही,NOUN
करत,NOUN
आहोत,NOUN
अशी,NOUN
माहिती,NOUN
संभाजी,NOUN
कदम,NOUN
यांनी,NOUN
दिली,VERB
त्यानं,NOUN
त्याच्या,PP
नावात,NOUN
आणि,NOUN
पत्त्यात,NOUN
बदल,NOUN
करून,NOUN
पासपोर्ट,NOUN
मिळवल्याची,NOUN
माहितीही,NOUN
त्यांनी,NOUN
यावेळी,NOUN
दिली,VERB
निलेश,NOUN
घायवळ,NOUN
यानं,NOUN
बनावट,NOUN
कागदपत्रांच्या,PP
आधारे,NOUN
पासपोर्ट,NOUN
मिळवला,PP
कसा,NOUN
या,PART
प्रकरणाचा,NOUN
पुणे,NOUN
पोलीस,NOUN
तपास,NOUN
करत,NOUN
आहेत,NOUN
मात्र,NOUN
या,PART
प्रकरणामुळे,NOUN
गंभीर,NOUN
गुन्ह्यांचे,NOUN
आरोप,NOUN
असलेला,PP
आरोपी,NOUN
भारताबाहेर,NOUN
कसा,NOUN
गेला,PP
मुळात,NOUN
गंभीर,NOUN
गुन्ह्यांचा,NOUN
आरोप,NOUN
असलेल्या,NOUN
व्यक्तीला,PP
परदेशात,NOUN
जाण्याची,NOUN
परवानगी,NOUN
मिळते,NOUN
का,PART
कायदा,NOUN
काय,NOUN
सांगतो,NOUN
जाणून,NOUN
घेऊयात,NOUN
पासपोर्ट,NOUN
प्राधिकरण,NOUN
पासपोर्ट,NOUN
जारी,NOUN
करण्यास,NOUN
नकार,NOUN
कधी,NOUN
देते,NOUN
भारतीय,NOUN
पासपोर्ट,NOUN
कायदा,NOUN
1967,NUM
च्या,PP
कलम,NOUN
6,NUM
नुसार,NOUN
काही,NOUN
कारणांमुळे,NOUN
पासपोर्ट,NOUN
जारी,NOUN
करण्यास,NOUN
नकार,NOUN
देण्याचा,NOUN
अधिकार,NOUN
पासपोर्ट,NOUN
अधिकाऱ्याला,PP
आहे,NOUN
कलम,NOUN
6,NUM
2,NUM
नुसार,NOUN
खालील,NOUN
कारणांवरून,NOUN
पासपोर्ट,NOUN
नाकारला,PP
जाऊ,NOUN
शकतो,NOUN
1,NUM
जर,PART
अर्जदार,NOUN
हा,PART
भारताचा,NOUN
नागरिक,NOUN
नसेल,NOUN
2,NUM
जर,PART
अर्जदार,NOUN
भारताबाहेर,NOUN
भारताची,NOUN
सार्वभौमता,NOUN
आणि,NOUN
एकात्मता,NOUN
यांना,NOUN
बाधक,NOUN
हालचाली,VERB
करण्याची,NOUN
शक्यता,NOUN
असेल,NOUN
3,NUM
जर,PART
अर्जदाराची,NOUN
परदेशातील,NOUN
उपस्थिती,NOUN
ही,PART
भारताच्या,PP
सुरक्षिततेला,PP
हानी,NOUN
पोचवू,NOUN
शकेल,NOUN
किंवा,NOUN
धोकादायक,NOUN
ठरण्याची,NOUN
शक्यता,NOUN
असेल,NOUN
4,NUM
जर,PART
अर्जदाराची,NOUN
भारताबाहेरची,NOUN
उपस्थिती,NOUN
ही,PART
भारताच्या,PP
इतर,NOUN
कोणत्याही,NOUN
परकीय,NOUN
देशाबरोबरच्या,PP
मैत्रीच्या,PP
संबंधांना,NOUN
बाधा,NOUN
आणण्याची,NOUN
शक्यता,NOUN
असेल,NOUN
5,NUM
जर,PART
अर्जदाराला,PP
त्याच्या,PP
अर्जाच्या,PP
तारखेच्या,PP
आधीच्या,PP
5,NUM
वर्षांच्या,PP
कालावधीमध्ये,PP
भारतातील,NOUN
एखाद्या,NOUN
न्यायालयाने,PP
कोणत्याही,NOUN
अपराधाबद्दल,NOUN
दोषी,NOUN
ठरवले,VERB
असेल,NOUN
आणि,NOUN
त्या,NOUN
संदर्भात,NOUN
त्याला,PP
किमान,NOUN
2,NUM
वर्षे,NOUN
तुरुंगवासाची,NOUN
शिक्षा,NOUN
देण्यात,NOUN
आली,VERB
असेल,NOUN
6,NUM
जर,PART
अर्जदाराच्या,PP
विरोधात,NOUN
भारतातील,NOUN
कोणत्याही,NOUN
फौजदारी,NOUN
न्यायालयात,NOUN
कोणताही,NOUN
खटला,PP
प्रलंबित,NOUN
असेल,NOUN
याला,PP
कलम,NOUN
6,NUM
2,NUM
च,PART
असं,NOUN
म्हटलं,NOUN
जातं,NOUN
या,PART
अंतर्गत,NOUN
काही,NOUN
अटींवर,PP
गुन्हेगारांना,NOUN
पासपोर्ट,NOUN
जारी,NOUN
केला,PP
जातो,NOUN
7,NUM
जर,PART
न्यायालयाने,PP
कोणत्याही,NOUN
कायद्याअंतर्गत,NOUN
अर्जदाराला,PP
हजर,NOUN
राहण्यासाठी,PP
किंवा,NOUN
अटकेसाठी,PP
वॉरंट,NOUN
किंवा,NOUN
समन्स,NOUN
जारी,NOUN
केले,VERB
असेल,NOUN
किंवा,NOUN
जर,PART
अर्जदाराला,PP
न्यायालयाने,PP
भारताबाहेर,NOUN
जाण्यास,NOUN
म्हणजेच,NOUN
देश,NOUN
सोडण्यास,NOUN
मनाई,NOUN
करणारा,NOUN
आदेश,NOUN
जारी,NOUN
केला,PP
असेल,NOUN
8,NUM
जर,PART
अर्जदाराला,PP
स्वदेशी,NOUN
परत,NOUN
पाठविण्यात,NOUN
आलेले,VERB
असेल,NOUN
आणि,NOUN
त्याने,PP
त्याला,PP
परत,NOUN
पाठविण्यासाठी,PP
झालेल्या,NOUN
खर्चाची,NOUN
भरपाई,NOUN
केलेली,VERB
नसेल,NOUN
9,NUM
जर,PART
अर्जदाराला,PP
पासपोर्ट,NOUN
किंवा,NOUN
प्रवासासंदर्भातील,NOUN
इतर,NOUN
कागदपत्रं,NOUN
देणे,NOUN
हे,PART
सार्वजनिक,NOUN
हिताचे,NOUN
नाही,NOUN
असे,NOUN
केंद्र,NOUN
सरकारला,PP
वाटत,NOUN
असेल,NOUN
अर्ज,NOUN
नाकारला,PP
गेला,PP
तर,PART
पुढे,NOUN
काय,NOUN
कोणत्याही,NOUN
गुन्ह्यांचा,NOUN
आरोप,NOUN
असलेल्या,NOUN
व्यक्तीचा,NOUN
अर्ज,NOUN
नाकारला,PP
गेला,PP
तर,PART
पुढे,NOUN
काय,NOUN
होतं,NOUN
त्याला,PP
परदेशात,NOUN
जाण्याची,NOUN
परवानगी,NOUN
मिळते,NOUN
का,PART
असा,NOUN
प्रश्न,NOUN
उपस्थित,NOUN
होतो,NOUN
तर,PART
या,PART
प्रश्नाचं,NOUN
उत्तर,NOUN
हो,PART
असंच,NOUN
आहे,NOUN
1993,NUM
मध्ये,PP
केंद्र,NOUN
सरकारने,PP
यासंदर्भात,NOUN
अधिसूचना,NOUN
जारी,NOUN
केली,VERB
होती,NOUN
25,NUM
ऑगस्ट,NOUN
1993,NUM
च्या,PP
GSR,NOUN
570,NUM
E,PART
नुसार,NOUN
कोर्टाच्या,PP
आदेशानुसार,NOUN
नमूद,NOUN
केलेल्या,NOUN
अटींच्या,PP
अधीन,NOUN
राहून,NOUN
पासपोर्ट,NOUN
जारी,NOUN
केला,PP
जातो,NOUN
जर,PART
अर्जदाराविरूद्ध,NOUN
कोणत्याही,NOUN
न्यायालयात,NOUN
फौजदारी,NOUN
खटला,PP
प्रलंबित,NOUN
असेल,NOUN
तर,PART
त्याला,PP
परदेशात,NOUN
जाण्यासाठी,PP
न्यायालयाने,PP
दिलेली,VERB
लेखी,NOUN
परवानगी,NOUN
व,PART
काही,NOUN
नियम,NOUN
व,PART
अटींच्या,PP
अधीन,NOUN
राहून,NOUN
पासपोर्ट,NOUN
जारी,NOUN
केला,PP
जाऊ,NOUN
शकतो,NOUN
खाली,VERB
दिलेल्या,NOUN
काही,NOUN
नियम,NOUN
आणि,NOUN
अटींनुसार,NOUN
गुन्हेगारी,NOUN
पार्श्वभूमी,NOUN
असलेल्या,NOUN
लोकांना,NOUN
ठराविक,NOUN
कालावधीसाठी,PP
देशाबाहेर,NOUN
जाता,NOUN
येते,NOUN
न्यायालयाने,PP
दिलेला,PP
पासपोर्ट,NOUN
हा,PART
ठराविक,NOUN
कालावधीसाठी,PP
असतो,NOUN
न्यायालयाने,PP
1,NUM
वर्षापेक्षा,NOUN
कमी,NOUN
प्रवासासाठी,PP
परवानगी,NOUN
दिलेली,VERB
असेल,NOUN
परंतु,NOUN
वैधता,NOUN
नमूद,NOUN
केलेली,VERB
नसेल,NOUN
तर,PART
असा,NOUN
पासपोर्ट,NOUN
1,NUM
वर्षासाठीच,NOUN
दिलेला,PP
असतो,NOUN
प्रवास,NOUN
कालावधी,NOUN
1,NUM
वर्षापेक्षा,NOUN
अधिक,NOUN
असल्यास,NOUN
व,PART
वैधता,NOUN
नमूद,NOUN
केलेली,VERB
नसल्यास,NOUN
जारी,NOUN
केलेल्या,NOUN
पासपोर्टचं,NOUN
1,NUM
वर्षाने,PP
नूतनीकरण,NOUN
करता,NOUN
येतं,NOUN
संबंधित,NOUN
अर्जदाराला,PP
लिखित,NOUN
स्वरूपात,NOUN
आश्वासन,NOUN
द्यावं,NOUN
लागतं,NOUN
की,PART
आवश्यकता,NOUN
असल्यास,NOUN
तो,PART
न्यायालयात,NOUN
आदेशानुसार,NOUN
हजर,NOUN
राहील,NOUN
अशा,NOUN
अर्जदारांसंबंधी,NOUN
पासपोर्ट,NOUN
प्राधिकरणाला,PP
कोणत्या,NOUN
सूचना,NOUN
पाळाव्या,NOUN
लागतात,VERB
गुन्हेगारी,NOUN
पार्श्वभूमी,NOUN
असलेल्या,NOUN
अर्जदारांच्या,PP
पासपोर्ट,NOUN
अर्जासंबंधी,NOUN
पासपोर्ट,NOUN
प्राधिकरणाला,PP
काही,NOUN
सूचना,NOUN
पाळाव्या,NOUN
लागतात,VERB
कलम,NOUN
6,NUM
2,NUM
च,PART
नुसार,NOUN
पासपोर्ट,NOUN
प्राधिकरणाने,PP
चौकशीची,NOUN
प्रक्रिया,NOUN
पूर्ण,NOUN
केल्यानंतरच,NOUN
निर्णय,NOUN
घ्यावा,NOUN
लागतो,NOUN
जेव्हा,NOUN
जेव्हा,NOUN
एखादा,NOUN
गुन्हेगारी,NOUN
पार्श्वभूमी,NOUN
असलेला,PP
अर्जदार,NOUN
भारतातील,NOUN
न्यायालयाकडून,NOUN
ना,PART
हरकत,NOUN
प्रमाणपत्र,NOUN
एनओसी,NOUN
सादर,NOUN
करतो,NOUN
तेव्हा,NOUN
त्याला,PP
GSR,NOUN
570,NUM
E,PART
नुसार,NOUN
हमीपत्रातील,NOUN
सर्व,NOUN
अटींची,NOUN
पूर्तता,NOUN
करणे,NOUN
आवश्यक,NOUN
असते,NOUN
तसेच,NOUN
अर्जदाराविरुद्ध,NOUN
प्रलंबित,NOUN
सर्व,NOUN
फौजदारी,NOUN
खटल्यांची,NOUN
माहिती,NOUN
द्यावी,NOUN
लागते,NOUN
जर,PART
चुकीची,NOUN
किंवा,NOUN
अपुरी,NOUN
माहिती,NOUN
दिली,VERB
असेल,NOUN
तर,PART
अर्ज,NOUN
रिजेक्ट,NOUN
होऊ,NOUN
शकतो,NOUN
अशा,NOUN
अर्जांचं,NOUN
प्री,NOUN
पोलीस,NOUN
व्हेरिफिकेशन,NOUN
पीव्ही,NOUN
म्हणजे,NOUN
पोलीस,NOUN
व्हेरिफिकेशन,NOUN
रिपोर्ट,NOUN
मिळाल्यानंतर,NOUN
गुन्हेगारी,NOUN
पार्श्वभूमी,NOUN
असलेल्या,NOUN
लोकांना,NOUN
पासपोर्ट,NOUN
जारी,NOUN
केले,VERB
जातात,VERB
अर्जदाराने,PP
सादर,NOUN
केलेले,VERB
हमीपत्र,NOUN
पोलीस,NOUN
व्हेरिफिकेशन,NOUN
रिपोर्टमध्ये,PP
पीव्हीआर,NOUN
नमूद,NOUN
केलेल्या,NOUN
फौजदारी,NOUN
खटल्यांशी,NOUN
पुर्णपणे,NOUN
मिळते,NOUN
जुळते,NOUN
आहे,NOUN
का,PART
याची,NOUN
खात्री,NOUN
केली,VERB
जाते,NOUN
म्हणून,NOUN
असे,NOUN
अर्ज,NOUN
तत्काळ,NOUN
अंतर्गत,NOUN
स्वीकारले,VERB
जाऊ,NOUN
नयेत,NOUN
किंवा,NOUN
योग्य,NOUN
कारण,NOUN
आणि,NOUN
लेखी,NOUN
स्वरूपात,NOUN
नोंद,NOUN
करण्यासाठी,PP
मंजुरीशिवाय,NOUN
असे,NOUN
अर्ज,NOUN
स्वीकारले,VERB
जाऊ,NOUN
नये,NOUN
म्हणून,NOUN
पोस्ट,NOUN
पीव्ही,NOUN
मोड,NOUN
आणि,NOUN
नो,PART
पीव्ही,NOUN
मोड,NOUN
या,PART
पद्धतींचा,NOUN
अवलंब,NOUN
करू,NOUN
नये,NOUN
पोस्ट,NOUN
पीव्ही,NOUN
मोड,NOUN
म्हणजे,NOUN
पासपोर्ट,NOUN
जारी,NOUN
केल्यानंतर,NOUN
पोलीस,NOUN
पडताळणी,NOUN
करणे,NOUN
किंवा,NOUN
नो,PART
पीव्ही,NOUN
मोड,NOUN
म्हणजे,NOUN
पोलीस,NOUN
पडताळणी,NOUN
आवश्यक,NOUN
नसणे,NOUN
जर,PART
अर्जदाराने,PP
त्याच्याविरुद्ध,NOUN
असलेल्या,NOUN
इतर,NOUN
फौजदारी,NOUN
खटल्यांची,NOUN
माहिती,NOUN
लपवल्याचे,NOUN
आढळून,NOUN
आले,VERB
असेल,NOUN
तर,PART
अर्जदाराला,PP
कारणे,NOUN
दाखवा,NOUN
नोटीस,NOUN
बजावली,VERB
पाहिजे,NOUN
तसेच,NOUN
पासपोर्ट,NOUN
कायदा,NOUN
1967,NUM
च्या,PP
कलम,NOUN
12,NUM
च्या,PP
तरतुदींनुसार,NOUN
त्या,NOUN
अर्जदाराविरुद्ध,NOUN
कारवाई,NOUN
सुरू,NOUN
केली,VERB
पाहिजे,NOUN
पासपोर्ट,NOUN
जारी,NOUN
केल्यानंतर,NOUN
जर,PART
अर्जदाराने,PP
खोटी,NOUN
माहिती,NOUN
देऊन,NOUN
किंवा,NOUN
तथ्ये,NOUN
लपवून,NOUN
पासपोर्ट,NOUN
मिळवला,PP
आहे,NOUN
अशी,NOUN
माहिती,NOUN
समोर,NOUN
आली,VERB
तर,PART
पासपोर्ट,NOUN
कायदा,NOUN
1967,NUM
च्या,PP
कलम,NOUN
10,NUM
3,NUM
ब,PART
च्या,PP
तरतुदींनुसार,NOUN
पासपोर्ट,NOUN
जप्त,NOUN
केला,PP
जाऊ,NOUN
शकतो,NOUN
किंवा,NOUN
रद्द,NOUN
केला,PP
जाऊ,NOUN
शकतो,NOUN
जर,PART
पहिले,VERB
पोलीस,NOUN
व्हेरिफिकेशन,NOUN
प्रतिकूल,NOUN
असेल,NOUN
तर,PART
दुसऱ्यांदा,NOUN
पोलीस,NOUN
व्हेरिफिकेशन,NOUN
केले,VERB
जाऊ,NOUN
शकते,NOUN
दुसऱ्यांदा,NOUN
पोलीस,NOUN
व्हेरिफिकेशन,NOUN
करताना,NOUN
अर्जदाराविरुद्ध,NOUN
प्रलंबित,NOUN
गुन्हेगारी,NOUN
खटल्यांविषयी,NOUN
तसेच,NOUN
त्या,NOUN
प्रकरणांच्या,PP
तत्कालीन,NOUN
स्थितीबद्दल,NOUN
स्पष्टीकरण,NOUN
मागणारे,NOUN
तपशीलवार,NOUN
पत्र,NOUN
सोबत,NOUN
मागवले,VERB
पाहिजे,NOUN
तसेच,NOUN
पासपोर्ट,NOUN
अधिकारी,NOUN
आवश्यक,NOUN
वाटल्यास,NOUN
पोलीस,NOUN
न्यायालयीन,NOUN
आदेश,NOUN
किंवा,NOUN
अन्य,NOUN
खात्यांची,NOUN
मदत,NOUN
घेऊन,NOUN
अर्जदाराविषयी,NOUN
अतिरिक्त,NOUN
माहिती,NOUN
घेऊ,NOUN
शकतात,VERB
हे,PART
लक्षात,NOUN
घेतले,VERB
पाहिजे,NOUN
की,PART
अशा,NOUN
प्रकरणांमध्ये,PP
केवळ,NOUN
जर,PART
अर्जदाराविरुद्ध,NOUN
कोणत्याही,NOUN
खटला,PP
न्यायालयात,NOUN
दाखल,NOUN
झाला,PP
असेल,NOUN
आणि,NOUN
न्यायालयाने,PP
त्याची,NOUN
दखल,NOUN
घेतली,VERB
असेल,NOUN
तरच,NOUN
फौजदारी,NOUN
कारवाई,NOUN
प्रलंबित,NOUN
असल्याची,NOUN
मानली,VERB
जाते,NOUN
जर,PART
पोलीस,NOUN
अहवालात,NOUN
दिलेले,VERB
तपशील,NOUN
आणि,NOUN
अर्जदाराने,PP
सादर,NOUN
केलेल्या,NOUN
हमीपत्रातील,NOUN
माहिती,NOUN
जुळत,NOUN
असेल,NOUN
तर,PART
पोलिसांनी,NOUN
सादर,NOUN
केलेल्या,NOUN
कोणत्याही,NOUN
प्रतिकूल,NOUN
अहवालापेक्षा,NOUN
अर्जदाराने,PP
सादर,NOUN
केलेल्या,NOUN
न्यायालयीन,NOUN
ना,PART
हरकत,NOUN
प्रमाणपत्राला,PP
प्राधान्य,NOUN
दिले,VERB
जाईल,NOUN
अशा,NOUN
प्रकरणांमध्ये,PP
पासपोर्ट,NOUN
अधिकाऱ्यांच्या,PP
लेखी,NOUN
मंजुरीने,PP
प्रतिकूल,NOUN
अहवाल,NOUN
रद्द,NOUN
केला,PP
जाऊ,NOUN
शकतो,NOUN
जर,PART
पीव्हीआरमध्ये,PP
दिलेले,VERB
तपशील,NOUN
आणि,NOUN
अर्जदाराने,PP
सादर,NOUN
केलेले,VERB
हमीपत्र,NOUN
यात,NOUN
तफावत,NOUN
असेल,NOUN
तर,PART
अर्जदाराला,PP
स्पष्टीकरण,NOUN
मागवणारी,NOUN
नोटीस,NOUN
जारी,NOUN
केली,VERB
जाऊ,NOUN
शकते,NOUN
तसेच,NOUN
सर्व,NOUN
संबंधित,NOUN
न्यायालयांकडून,NOUN
एनओसी,NOUN
मिळविण्याचा,NOUN
सल्ला,PP
दिला,PP
जाऊ,NOUN
शकतो,NOUN
हे,PART
लक्षात,NOUN
घेतले,VERB
पाहिजे,NOUN
की,PART
GSR,NOUN
570,NUM
E,PART
अर्जदाराला,PP
केवळ,NOUN
कलम,NOUN
6,NUM
2,NUM
च,PART
च्या,PP
अंमलबजावणीतून,NOUN
सूट,NOUN
देते,NOUN
आणि,NOUN
पासपोर्ट,NOUN
कायदा,NOUN
1967,NUM
च्या,PP
कलम,NOUN
6,NUM
2,NUM
च्या,PP
इतर,NOUN
कोणत्याही,NOUN
उप,PART
कलमांमधून,NOUN
सूट,NOUN
देत,NOUN
नाही,NOUN
भारतात,VERB
आता,NOUN
मिळणार,NOUN
ई,PART
पासपोर्ट,NOUN
काय,NOUN
आहेत,NOUN
वैशिष्ट्यं,NOUN
19,NUM
मे,PART
2025,NUM
भारतात,VERB
आता,NOUN
मिळणार,NOUN
ई,PART
पासपोर्ट,NOUN
काय,NOUN
आहेत,NOUN
वैशिष्ट्यं,NOUN
कोणत्या,NOUN
देशाचा,NOUN
पासपोर्ट,NOUN
सर्वात,NOUN
पॉवरफुल,NOUN
अमेरिका,NOUN
ब्रिटनचं,NOUN
स्थान,NOUN
का,PART
घसरलं,NOUN
भारत,NOUN
कितव्या,NOUN
स्थानावर,PP
25,NUM
जुलै,NOUN
2025,NUM
कोणत्या,NOUN
देशाचा,NOUN
पासपोर्ट,NOUN
सर्वात,NOUN
पॉवरफुल,NOUN
अमेरिका,NOUN
ब्रिटनचं,NOUN
स्थान,NOUN
का,PART
घसरलं,NOUN
भारत,NOUN
कितव्या,NOUN
स्थानावर,PP
व्हिसा,NOUN
नाही,NOUN
टेन्शन,NOUN
नाही,NOUN
भारतीयांना,NOUN
फक्त,NOUN
पासपोर्टवर,PP
या,PART
देशांमध्ये,PP
मिळणार,NOUN
खुला,PP
प्रवेश,NOUN
30,NUM
जुलै,NOUN
2025,NUM
व्हिसा,NOUN
नाही,NOUN
टेन्शन,NOUN
नाही,NOUN
भारतीयांना,NOUN
फक्त,NOUN
पासपोर्टवर,PP
या,PART
देशांमध्ये,PP
मिळणार,NOUN
खुला,PP
प्रवेश,NOUN
भारतीय,NOUN
महिला,PP
क्रिकेट,NOUN
संघाने,PP
विश्वचषक,NOUN
जिंकल्यानंतर,NOUN
प्रत्येक,NOUN
खेळाडूच्या,PP
फायनलमधल्या,NOUN
योगदानाची,NOUN
चर्चा,NOUN
होतच,NOUN
आहे,NOUN
पण,PART
उपांत्य,NOUN
सामन्यात,NOUN
धडाकेबाज,NOUN
शतक,NOUN
झळकावत,NOUN
भारताला,PP
अंतिम,NOUN
सामन्यात,NOUN
पोहोचवणाऱ्या,NOUN
जेमिमा,NOUN
रॉड्रिग्सचं,NOUN
अजूनही,NOUN
विशेष,NOUN
कौतुक,NOUN
होत,NOUN
आहे,NOUN
पाहा,NOUN
तिच्या,PP
प्रशिक्षकांना,NOUN
तिच्या,PP
आणि,NOUN
एकूणच,NOUN
टीम,NOUN
इंडियाच्या,PP
कामगिरीविषयी,NOUN
काय,NOUN
वाटतं,NOUN
कोच,NOUN
प्रशांत,NOUN
शेट्टी,NOUN
यांनी,NOUN
बीबीसी,NOUN
मराठीच्या,PP
प्रतिनिधी,NOUN
जान्हवी,NOUN
मुळे,NOUN
यांच्याशी,NOUN
केलेली,VERB
ही,PART
बातचीत,NOUN
महेश,NOUN
मांजरेकर,NOUN
माझ्या,NOUN
पॉलिटिकल,NOUN
आयडिऑलॉजीचा,NOUN
सिनेमात,NOUN
बाजार,NOUN
मांडणार,NOUN
नाही,NOUN
31,NUM
ऑक्टोबर,NOUN
2025,NUM
महेश,NOUN
मांजरेकर,NOUN
माझ्या,NOUN
पॉलिटिकल,NOUN
आयडिऑलॉजीचा,NOUN
सिनेमात,NOUN
बाजार,NOUN
मांडणार,NOUN
नाही,NOUN
साधना,NOUN
सरगम,NOUN
गाणं,NOUN
हेच,NOUN
जीवन,NOUN
मानणाऱ्या,NOUN
गायिकेसोबत,NOUN
दिलखुलास,NOUN
गप्पा20,NOUN
ऑक्टोबर,NOUN
2025,NUM
साधना,NOUN
सरगम,NOUN
गाणं,NOUN
हेच,NOUN
जीवन,NOUN
मानणाऱ्या,NOUN
गायिकेसोबत,NOUN
दिलखुलास,NOUN
गप्पा,NOUN
माजी,NOUN
माओवादी,NOUN
नेते,NOUN
कोबाड,NOUN
गांधी,NOUN
डाव्यांना,NOUN
जातीच्या,PP
प्रश्नात,NOUN
रस,PART
नाहीय,NOUN
असं,NOUN
का,PART
म्हणाले,VERB
14,NUM
ऑक्टोबर,NOUN
2025,NUM
माजी,NOUN
माओवादी,NOUN
नेते,NOUN
कोबाड,NOUN
गांधी,NOUN
डाव्यांना,NOUN
जातीच्या,PP
प्रश्नात,NOUN
रस,PART
नाहीय,NOUN
असं,NOUN
का,PART
म्हणाले,VERB
अनेक,NOUN
गुंतवणूकदारांना,NOUN
इनिशियल,NOUN
पब्लिक,NOUN
ऑफरिंग,NOUN
म्हणजेच,NOUN
आयपीओ,NOUN
ही,PART
झटपट,NOUN
नफा,NOUN
मिळवण्याची,NOUN
संधी,NOUN
वाटते,NOUN
परंतु,NOUN
प्रत्येक,NOUN
आयपीओ,NOUN
सोन्याची,NOUN
खाण,NOUN
ठरत,NOUN
नाही,NOUN
निर्णय,NOUN
घेण्यात,NOUN
चूक,NOUN
झाल्यास,NOUN
नफ्याऐवजी,NOUN
तोटाही,NOUN
होऊ,NOUN
शकतो,NOUN
म्हणून,NOUN
आयपीओमध्ये,PP
पैसे,NOUN
गुंतवण्यापूर्वी,NOUN
काही,NOUN
गोष्टी,NOUN
समजून,NOUN
घेणं,NOUN
गरजेचं,NOUN
आहे,NOUN
शेअर,NOUN
बाजारात,NOUN
गुंतवणूक,NOUN
करणारे,NOUN
लोक,NOUN
नेहमी,NOUN
मोठ्या,NOUN
आणि,NOUN
नामांकित,NOUN
कंपन्यांच्या,PP
आयपीओची,NOUN
नेहमीच,NOUN
वाट,NOUN
पाहत,NOUN
असतात,VERB
तसेच,NOUN
ज्यांना,NOUN
जास्त,NOUN
जोखीम,NOUN
घेणं,NOUN
आवडतं,NOUN
ते,PART
लोक,NOUN
कमी,NOUN
कालावधीत,NOUN
जास्त,NOUN
नफा,NOUN
मिळवण्यासाठी,PP
आयपीओमध्ये,PP
पैसे,NOUN
गुंतवतात,VERB
परंतु,NOUN
आयपीओमध्ये,PP
गुंतवणूक,NOUN
करणं,NOUN
नेहमीच,NOUN
फायदेशीर,NOUN
ठरतं,NOUN
असं,NOUN
नाही,NOUN
अनेकवेळा,NOUN
शेअरची,NOUN
लिस्टिंग,NOUN
त्याच्या,PP
किंमतीच्या,PP
बँडपेक्षा,NOUN
कमी,NOUN
दरात,NOUN
होते,NOUN
ज्याला,PP
डिस्काउंट,NOUN
लिस्टिंग,NOUN
म्हणतात,VERB
अशावेळी,NOUN
काही,NOUN
प्रमाणात,NOUN
तोटा,NOUN
सहन,NOUN
करावा,NOUN
लागू,NOUN
शकतो,NOUN
काही,NOUN
वेळा,NOUN
शेअर,NOUN
खूप,NOUN
काळ,NOUN
किंमतीच्या,PP
बँडपेक्षा,NOUN
खाली,VERB
राहतो,NOUN
ज्यामुळे,NOUN
शेअर,NOUN
विकताना,NOUN
तोटा,NOUN
सहन,NOUN
करावा,NOUN
लागतो,NOUN
आयपीओमध्ये,PP
पैसे,NOUN
गुंतवताना,NOUN
पुढील,NOUN
पाच,NOUN
गोष्टी,NOUN
नेहमी,NOUN
लक्षात,NOUN
ठेवाव्यात,NOUN
1,NUM
कंपनीचं,NOUN
प्रोफाइल,NOUN
अवश्य,NOUN
तपासा,NOUN
जेव्हा,NOUN
एखादी,NOUN
कंपनी,NOUN
बाजारातून,NOUN
पैसे,NOUN
उभारण्यासाठी,PP
आयपीओ,NOUN
आणते,NOUN
तेव्हा,NOUN
सर्वप्रथम,NOUN
तिची,NOUN
माहिती,NOUN
आणि,NOUN
उद्दिष्टं,NOUN
पाहणं,NOUN
गरजेचं,NOUN
असतं,NOUN
अनेक,NOUN
मोठ्या,NOUN
कंपन्या,NOUN
आयपीओ,NOUN
येण्यापूर्वी,NOUN
बाजारात,NOUN
मोठा,NOUN
गाजावाजा,NOUN
करतात,VERB
परंतु,NOUN
नंतर,NOUN
शेअरची,NOUN
किंमत,NOUN
घसरल्याने,PP
गुंतवणूकदारांना,NOUN
तोटा,NOUN
सहन,NOUN
करावा,NOUN
लागू,NOUN
शकतो,NOUN
रिलायन्स,NOUN
पॉवर,PP
आणि,NOUN
पेटीएमचे,NOUN
आयपीओ,NOUN
हे,PART
याचे,NOUN
प्रमुख,NOUN
उदाहरण,NOUN
आहे,NOUN
फेब्रुवारी,NOUN
2008,NUM
मध्ये,PP
जेव्हा,NOUN
रिलायन्स,NOUN
पॉवरचा,NOUN
आयपीओ,NOUN
आला,PP
तेव्हा,NOUN
ग्रे,NOUN
मार्केटमध्ये,PP
त्या,NOUN
शेअरची,NOUN
किंमत,NOUN
80,NUM
टक्क्यांनी,NOUN
वाढली,VERB
होती,NOUN
परंतु,NOUN
शेअर,NOUN
बाजारात,NOUN
लिस्टिंगच्या,PP
दिवशी,NOUN
त्याची,NOUN
किंमत,NOUN
17,NUM
टक्क्यांनी,NOUN
कमी,NOUN
झाली,VERB
होती,NOUN
हा,PART
भारतातील,NOUN
सर्वाधिक,NOUN
चर्चेत,NOUN
राहिलेल्या,NOUN
आणि,NOUN
अपयशी,NOUN
ठरलेल्या,NOUN
आयपीओपैकी,NOUN
एक,PART
मानला,PP
जातो,NOUN
आजही,NOUN
आर,PART
पॉवरचा,NOUN
शेअर,NOUN
आयपीओच्या,PP
वेळी,NOUN
असलेल्या,NOUN
किंमतीपेक्षा,NOUN
सुमारे,NOUN
85,NUM
टक्क्यांनी,NOUN
कमी,NOUN
दरात,NOUN
आहे,NOUN
अशाच,NOUN
प्रकारे,NOUN
नोव्हेंबर,NOUN
2021,NUM
मध्ये,PP
पेटीएमचा,NOUN
आयपीओ,NOUN
आला,PP
होता,NOUN
मोठ्या,NOUN
अपेक्षा,NOUN
निर्माण,NOUN
झाल्यानंतरही,NOUN
त्याची,NOUN
लिस्टिंग,NOUN
9,NUM
टक्क्यांनी,NOUN
कमी,NOUN
दरात,NOUN
झाली,VERB
आणि,NOUN
शेवटी,NOUN
तो,PART
इश्यू,NOUN
किंमतीपेक्षा,NOUN
27,NUM
टक्क्यांनी,NOUN
कमी,NOUN
किमतीत,NOUN
बंद,NOUN
झाला,PP
त्यामुळे,NOUN
बाजारात,NOUN
निर्माण,NOUN
होणाऱ्या,NOUN
प्रचाराकडे,PP
किंवा,NOUN
गाजावाजाकडे,PP
दुर्लक्ष,NOUN
करून,NOUN
खरी,NOUN
परिस्थिती,NOUN
लक्षात,NOUN
घेणं,NOUN
खूप,NOUN
महत्त्वाचं,NOUN
आहे,NOUN
2,NUM
आयपीओ,NOUN
का,PART
आणला,PP
जातोय,NOUN
हे,PART
जाणून,NOUN
घ्या,NOUN
बहुतेक,NOUN
छोट्या,NOUN
गुंतवणूकदारांकडे,PP
कंपनीबद्दल,NOUN
पुरेशी,NOUN
माहिती,NOUN
नसते,NOUN
त्यामुळे,NOUN
ते,PART
इतरांना,NOUN
पाहून,NOUN
आयपीओमध्ये,PP
पैसे,NOUN
गुंतवतात,VERB
कंपनीचं,NOUN
नाव,NOUN
मोठं,NOUN
आणि,NOUN
प्रसिद्ध,NOUN
असल्यामुळे,NOUN
तिचा,NOUN
आयपीओ,NOUN
नक्की,NOUN
चांगला,PP
असेल,NOUN
असं,NOUN
समजूनही,NOUN
अनेकजण,NOUN
गुंतवणूक,NOUN
करतात,VERB
काही,NOUN
कंपन्या,NOUN
आपल्या,NOUN
व्यवसायाचा,NOUN
विस्तार,NOUN
वाढ,NOUN
किंवा,NOUN
विलीनीकरणासाठी,PP
आयपीओमधून,NOUN
मिळालेल्या,NOUN
पैशांचा,NOUN
वापर,NOUN
करतात,VERB
म्हणूनच,NOUN
गुंतवणूक,NOUN
करण्यापूर्वी,NOUN
कंपनीची,NOUN
नीट,NOUN
माहिती,NOUN
घ्या,NOUN
आणि,NOUN
मगच,NOUN
गुंतवणुकीचा,NOUN
निर्णय,NOUN
घ्या,NOUN
अहमदाबाद,NOUN
येथील,NOUN
इन्व्हेस्टअलाइन,NOUN
प्रा,NOUN
लि,PART
चे,PART
सीइओ,NOUN
गुंजन,NOUN
चोक्सी,NOUN
बीबीसीशी,NOUN
बोलताना,NOUN
म्हणाले,VERB
की,PART
आयपीओ,NOUN
आणणारी,NOUN
कंपनी,NOUN
कोणत्या,NOUN
क्षेत्रात,NOUN
काम,NOUN
करते,NOUN
आणि,NOUN
त्या,NOUN
क्षेत्रातील,NOUN
इतर,NOUN
स्पर्धक,NOUN
कंपन्यांची,NOUN
कामगिरी,NOUN
कशी,NOUN
आहे,NOUN
हेही,NOUN
लक्षात,NOUN
घेणं,NOUN
गरजेचं,NOUN
आहे,NOUN
ते,PART
म्हणतात,VERB
अनेक,NOUN
वेळा,NOUN
आयपीओ,NOUN
हा,PART
ऑफर,NOUN
फॉर,NOUN
सेल,NOUN
ओएफएस,NOUN
प्रकारचा,NOUN
असतो,NOUN
ज्यात,NOUN
आधीचे,NOUN
गुंतवणूकदार,NOUN
कंपनीमधून,NOUN
बाहेर,NOUN
पडण्यासाठी,PP
शेअर्स,NOUN
विकतात,VERB
अशा,NOUN
वेळी,NOUN
सावध,NOUN
होणं,NOUN
गरजेचं,NOUN
आहे,NOUN
कारण,NOUN
ज्या,NOUN
गुंतवणूकदारांनी,NOUN
कंपनी,NOUN
उभी,NOUN
केली,VERB
तेच,NOUN
जर,PART
यातून,NOUN
बाहेर,NOUN
पडत,NOUN
असतील,NOUN
तर,PART
सामान्य,NOUN
गुंतवणूकदारांना,NOUN
त्यातून,NOUN
वाढ,NOUN
कशी,NOUN
मिळणार,NOUN
असा,NOUN
सवालही,NOUN
त्यांनी,NOUN
केला,PP
3,NUM
कंपनी,NOUN
भांडवल,NOUN
कुठे,NOUN
वापरणार,NOUN
आहे,NOUN
जेव्हा,NOUN
कंपन्या,NOUN
गुंतवणूकदारांकडून,NOUN
भांडवल,NOUN
उभा,NOUN
करतात,VERB
तेव्हा,NOUN
ते,PART
भांडवल,NOUN
कुठे,NOUN
वापरणार,NOUN
आहेत,NOUN
हे,PART
जाणून,NOUN
घेणं,NOUN
आवश्यक,NOUN
असतं,NOUN
उदाहरणार्थ,NOUN
एखाद्या,NOUN
कंपनीवर,PP
मोठं,NOUN
कर्ज,NOUN
असेल,NOUN
आणि,NOUN
ती,PART
ते,PART
फेडण्यासाठी,PP
आयपीओ,NOUN
आणत,NOUN
असेल,NOUN
तर,PART
अशा,NOUN
कंपनीत,NOUN
गुंतवणूक,NOUN
टाळावी,NOUN
पण,PART
जर,PART
कंपनी,NOUN
व्यवसाय,NOUN
वाढवण्यासाठी,PP
किंवा,NOUN
विलीनीकरणासाठी,PP
भांडवल,NOUN
उभारत,NOUN
असेल,NOUN
तर,PART
त्यात,NOUN
गुंतवणूक,NOUN
करण्याचा,NOUN
विचार,NOUN
केला,PP
जाऊ,NOUN
शकतो,NOUN
गुंजन,NOUN
चोक्सी,NOUN
म्हणतात,VERB
अनेक,NOUN
कंपन्या,NOUN
बँकेचं,NOUN
कर्ज,NOUN
फेडण्यासाठी,PP
आयपीओ,NOUN
आणतात,VERB
अशा,NOUN
वेळी,NOUN
गुंतवणूकदारांना,NOUN
हे,PART
निश्चित,NOUN
समजतं,NOUN
की,PART
पुढील,NOUN
वर्षी,NOUN
कंपनीवर,PP
व्याजाचा,NOUN
भार,NOUN
कमी,NOUN
असेल,NOUN
त्यामुळे,NOUN
तिच्याकडे,PP
अधिक,NOUN
निधी,NOUN
लिक्विटिडी,NOUN
उपलब्ध,NOUN
होईल,NOUN
परंतु,NOUN
त्याचबरोबर,NOUN
कंपनी,NOUN
खरोखर,NOUN
वाढ,NOUN
करू,NOUN
शकेल,NOUN
का,PART
हे,PART
जाणून,NOUN
घेणंही,NOUN
तितकंच,NOUN
महत्त्वाचं,NOUN
आहे,NOUN
4,NUM
शेअरचं,NOUN
मूल्य,NOUN
योग्य,NOUN
आहे,NOUN
का,PART
ते,PART
तपासा,NOUN
जेव्हा,NOUN
कंपनी,NOUN
आयपीओद्वारे,NOUN
शेअर्स,NOUN
जारी,NOUN
करते,NOUN
तेव्हा,NOUN
त्यांची,NOUN
किंमत,NOUN
योग्य,NOUN
आहे,NOUN
का,PART
हे,PART
ओळखणं,NOUN
छोट्या,NOUN
गुंतवणूकदारांसाठी,PP
कठीण,NOUN
असतं,NOUN
परंतु,NOUN
तज्ज्ञ,NOUN
सांगतात,VERB
की,PART
प्राइस,NOUN
टू,PART
अर्निंग,NOUN
आणि,NOUN
प्राइस,NOUN
टू,PART
बुक,NOUN
या,PART
गुणोत्तरांच्या,PP
आधारे,NOUN
शेअरचं,NOUN
मूल्यांकन,NOUN
किती,NOUN
योग्य,NOUN
आहे,NOUN
हे,PART
समजून,NOUN
घेता,NOUN
येतं,NOUN
गुंजन,NOUN
चोक्सी,NOUN
पुढे,NOUN
म्हणाले,VERB
की,PART
लिस्टिंगच्या,PP
दिवशीच,NOUN
शेअर्स,NOUN
विकायचा,NOUN
विचार,NOUN
करणाऱ्यांसाठी,PP
ही,PART
सूचना,NOUN
लागू,NOUN
होत,NOUN
नाही,NOUN
परंतु,NOUN
जर,PART
दीर्घकालीन,NOUN
गुंतवणुकीचा,NOUN
विचार,NOUN
करत,NOUN
असाल,NOUN
तर,PART
कंपनीचा,NOUN
उद्देश,NOUN
वाढीची,NOUN
क्षमता,NOUN
आणि,NOUN
मूल्यांकन,NOUN
याकडे,PP
विशेष,NOUN
लक्ष,NOUN
द्यायला,PP
हवं,NOUN
ते,PART
म्हणतात,VERB
मूल्यांकन,NOUN
व्हॅल्यूएशन,NOUN
न,PART
पाहता,NOUN
गुंतवणूक,NOUN
केली,VERB
तर,PART
काहीवेळा,NOUN
अल्पकाळात,NOUN
थोडा,NOUN
फायदा,NOUN
मिळू,NOUN
शकतो,NOUN
पण,PART
दीर्घकालीन,NOUN
तोटा,NOUN
होण्याची,NOUN
शक्यता,NOUN
जास्त,NOUN
असते,NOUN
त्यांच्या,PP
मते,NOUN
आयपीओ,NOUN
आणणाऱ्या,NOUN
कंपनीच्या,PP
प्रतिस्पर्धी,NOUN
कंपन्यांचे,NOUN
शेअर्स,NOUN
कोणत्या,NOUN
मूल्यांकनावर,PP
आहेत,NOUN
याची,NOUN
तुलना,NOUN
केली,VERB
पाहिजे,NOUN
5,NUM
कंपनीवर,PP
कायदेशीर,NOUN
भार,NOUN
आहे,NOUN
का,PART
गुंजन,NOUN
चोक्सी,NOUN
म्हणतात,VERB
अनेक,NOUN
वेळा,NOUN
आयपीओ,NOUN
आणणाऱ्या,NOUN
कंपन्यांवर,PP
जीएसटी,NOUN
किंवा,NOUN
इन्कम,NOUN
टॅक्ससंबंधी,NOUN
प्रकरणं,NOUN
प्रलंबित,NOUN
असतात,VERB
आणि,NOUN
ही,PART
रक्कम,NOUN
हजारो,NOUN
कोटींमध्ये,PP
असते,NOUN
त्यामुळे,NOUN
अशा,NOUN
आयपीओमध्ये,PP
गुंतवणूक,NOUN
करताना,NOUN
काळजी,NOUN
घ्यायला,PP
हवी,NOUN
भविष्यात,NOUN
जर,PART
सरकारच्या,PP
बाजूने,PP
निर्णय,NOUN
लागला,PP
आणि,NOUN
कंपनीला,PP
मोठा,NOUN
टॅक्स,NOUN
किंवा,NOUN
इतर,NOUN
जबाबदाऱ्या,NOUN
भराव्या,NOUN
लागल्या,NOUN
तर,PART
कंपनीचा,NOUN
नफा,NOUN
कमी,NOUN
होईल,NOUN
आणि,NOUN
शेअर्सची,NOUN
किंमत,NOUN
खाली,VERB
येईल,NOUN
म्हणून,NOUN
कंपनीवर,PP
कोणते,NOUN
सरकारी,NOUN
किंवा,NOUN
टॅक्ससंबंधी,NOUN
खटले,VERB
चालू,NOUN
आहेत,NOUN
हे,PART
आधी,NOUN
शोधा,NOUN
छोट्या,NOUN
गुंतवणूकदारांसाठी,PP
गुंजन,NOUN
चोक्सी,NOUN
यांचा,NOUN
सल्ला,PP
आहे,NOUN
की,PART
जर,PART
फक्त,NOUN
लिस्टिंग,NOUN
गेन,NOUN
मिळवण्यासाठी,PP
आयपीओमध्ये,PP
गुंतवणूक,NOUN
करायची,NOUN
असेल,NOUN
तर,PART
त्या,NOUN
शेअरला,PP
बाजारात,NOUN
किती,NOUN
प्रीमियम,NOUN
मिळत,NOUN
आहे,NOUN
ते,PART
आधी,NOUN
पाहा,NOUN
अशा,NOUN
वेळी,NOUN
एक,PART
दोन,NOUN
लॉटचाच,NOUN
छोटासा,NOUN
अर्ज,NOUN
करा,NOUN
पण,PART
जर,PART
दीर्घकालीन,NOUN
गुंतवणुकीचा,NOUN
विचार,NOUN
असेल,NOUN
तर,PART
नेहमी,NOUN
कंपनीच्या,PP
उद्दिष्टांकडे,PP
आणि,NOUN
भविष्यातील,NOUN
योजना,NOUN
लक्षात,NOUN
घ्यायला,PP
हव्यात,NOUN
हे,PART
तज्ज्ञांचं,NOUN
वैयक्तिक,NOUN
मत,PART
आहे,NOUN
बीबीसीचं,NOUN
मत,PART
नाही,NOUN
गुंतवणुकीचा,NOUN
कोणताही,NOUN
निर्णय,NOUN
घेण्यापूर्वी,NOUN
कृपया,NOUN
तुमच्या,PP
आर्थिक,NOUN
सल्लागाराचे,NOUN
मार्गदर्शन,NOUN
आणि,NOUN
सल्ला,PP
घ्या,NOUN
शेअर,NOUN
बाजाराविषयी,NOUN
7,NUM
महत्त्वाचे,NOUN
प्रश्न,NOUN
आणि,NOUN
त्यांची,NOUN
उत्तरं18,NOUN
सप्टेंबर,NOUN
2022,NUM
शेअर,NOUN
बाजाराविषयी,NOUN
7,NUM
महत्त्वाचे,NOUN
प्रश्न,NOUN
आणि,NOUN
त्यांची,NOUN
उत्तरं,NOUN
शेअर,NOUN
बाजार,NOUN
सतत,NOUN
घसरतोय,NOUN
तुमच्या,PP
गुंतवणुकीवर,PP
काय,NOUN
परिणाम,NOUN
होईल,NOUN
10,NUM
मार्च,NOUN
2025,NUM
शेअर,NOUN
बाजार,NOUN
सतत,NOUN
घसरतोय,NOUN
तुमच्या,PP
गुंतवणुकीवर,PP
काय,NOUN
परिणाम,NOUN
होईल,NOUN
थंडीचे,NOUN
दिवस,NOUN
सुरू,NOUN
होताच,NOUN
अनेक,NOUN
लोकांना,NOUN
अंघोळीचा,NOUN
कंटाळा,NOUN
यायला,PP
लागतो,NOUN
मग,PART
सकाळी,NOUN
अंघोळ,NOUN
करावी,NOUN
की,PART
नाही,NOUN
असा,NOUN
प्रश्न,NOUN
समोर,NOUN
येतो,NOUN
अगदी,NOUN
धाडस,NOUN
करून,NOUN
अंघोळीसाठी,PP
मनाची,NOUN
तयारी,NOUN
जरी,NOUN
केली,VERB
तरी,NOUN
पुढे,NOUN
आणखी,NOUN
एक,PART
प्रश्न,NOUN
असतो,NOUN
अंघोळ,NOUN
गरम,NOUN
पाण्यानं,NOUN
करावी,NOUN
की,PART
थंड,NOUN
पाण्यानं,NOUN
बरेच,NOUN
लोक,NOUN
म्हणतात,VERB
की,PART
थंडीत,NOUN
गरम,NOUN
पाण्यानं,NOUN
अंघोळ,NOUN
करणं,NOUN
चांगलं,NOUN
असतं,NOUN
यामुळे,NOUN
शरीराला,PP
आराम,NOUN
मिळतो,NOUN
थकवा,NOUN
दूर,NOUN
होतो,NOUN
आणि,NOUN
सर्दीपासून,NOUN
संरक्षण,NOUN
होतं,NOUN
असं,NOUN
त्यांचं,NOUN
म्हणणं,NOUN
असतं,NOUN
पण,PART
दुसरीकडं,NOUN
काही,NOUN
लोकांचं,NOUN
असंही,NOUN
म्हणणं,NOUN
असतं,NOUN
की,PART
गरम,NOUN
पाण्यानं,NOUN
अंघोळ,NOUN
केल्यानं,NOUN
त्वचा,NOUN
कोरडी,NOUN
होते,NOUN
केसांचं,NOUN
नुकसान,NOUN
होतं,NOUN
आणि,NOUN
शरीरावरील,NOUN
तेलाचा,NOUN
नैसर्गिक,NOUN
थर,PART
नष्ट,NOUN
होतो,NOUN
मग,PART
नेमकं,NOUN
सत्य,NOUN
काय,NOUN
आहे,NOUN
प्रत्येक,NOUN
ऋतूत,NOUN
आपण,NOUN
थंड,NOUN
पाण्यानं,NOUN
अंघोळ,NOUN
केली,VERB
पाहिजे,NOUN
की,PART
थंडीत,NOUN
गरम,NOUN
पाण्यानं,NOUN
अंघोळ,NOUN
केली,VERB
पाहिजे,NOUN
तज्ज्ञ,NOUN
काय,NOUN
म्हणतात,VERB
जाणून,NOUN
घेऊया,NOUN
इंटरनॅशनल,NOUN
जर्नल,NOUN
ऑफ,PART
सायंटिफिक,NOUN
रिसर्च,NOUN
अँड,NOUN
इंजिनीअरिंग,NOUN
डेव्हलपमेंटमध्ये,PP
2022,NUM
मध्ये,PP
प्रकाशित,NOUN
झालेल्या,NOUN
एका,NOUN
संशोधन,NOUN
अहवालानुसार,NOUN
शरीराच्या,PP
बाह्य,NOUN
पृष्ठभागावर,PP
केराटिन,NOUN
पेशी,NOUN
असतात,VERB
गरम,NOUN
पाण्यानं,NOUN
अंघोळ,NOUN
केल्यानं,NOUN
या,PART
पेशींचं,NOUN
नुकसान,NOUN
होतं,NOUN
यामुळे,NOUN
एक्जिमासारखे,NOUN
त्वचारोग,NOUN
आणखी,NOUN
वाढू,NOUN
शकतात,VERB
गरम,NOUN
पाण्यानं,NOUN
अंघोळ,NOUN
केली,VERB
तर,PART
काय,NOUN
होतं,NOUN
हिवाळ्याच्या,PP
दिवसांत,NOUN
लोक,NOUN
अनेकदा,NOUN
गरम,NOUN
पाण्यानं,NOUN
अंघोळ,NOUN
करणं,NOUN
पसंत,NOUN
करतात,VERB
परंतु,NOUN
त्वचारोगतज्ज्ञ,NOUN
याला,PP
एक,PART
मोठा,NOUN
धोका,NOUN
मानतात,VERB
त्यांच्या,PP
मते,NOUN
जास्त,NOUN
गरम,NOUN
पाण्यामुळे,NOUN
आपल्या,NOUN
त्वचेवर,PP
असलेल्या,NOUN
नैसर्गिक,NOUN
संरक्षणात्मक,NOUN
थराचं,NOUN
नुकसान,NOUN
होतं,NOUN
उत्तर,NOUN
प्रदेशातील,NOUN
नोएडा,NOUN
येथील,NOUN
कैलास,NOUN
रुग्णालयातील,NOUN
वरिष्ठ,NOUN
सल्लागार,NOUN
त्वचारोगतज्ज्ञ,NOUN
डॉ,PART
अंजू,NOUN
झा,PART
म्हणतात,VERB
की,PART
थंडीत,NOUN
गरम,NOUN
पाण्यानं,NOUN
अंघोळ,NOUN
करता,NOUN
येते,NOUN
परंतु,NOUN
पाणी,NOUN
कोमट,NOUN
असलं,NOUN
पाहिजे,NOUN
जास्त,NOUN
गरम,NOUN
नाही,NOUN
डॉ,PART
अंजू,NOUN
झा,PART
यांच्या,PP
मते,NOUN
खूप,NOUN
गरम,NOUN
पाण्यानं,NOUN
अंघोळ,NOUN
केल्यानंतर,NOUN
त्वचेवर,PP
कोरडेपणा,NOUN
येऊ,NOUN
शकतो,NOUN
त्याला,PP
आपण,NOUN
झेरोसिस,NOUN
म्हणतो,NOUN
अपोलो,NOUN
हॉस्पिटलमधील,NOUN
त्वचारोगतज्ज्ञ,NOUN
डॉ,PART
डी,PART
एम,PART
महाजन,NOUN
म्हणतात,VERB
की,PART
थंडीत,NOUN
अंघोळ,NOUN
करताना,NOUN
पाणी,NOUN
गरम,NOUN
असलं,NOUN
पाहिजे,NOUN
परंतु,NOUN
तुम्हाला,PP
थंडी,NOUN
जाणवणार,NOUN
नाही,NOUN
इतकंच,NOUN
ते,PART
गरम,NOUN
असलं,NOUN
पाहिजे,NOUN
आपल्या,NOUN
त्वचेच्या,PP
वरच्या,PP
थरात,NOUN
सीबम,NOUN
आणि,NOUN
लिपिडचा,NOUN
पातळ,NOUN
तेलकट,NOUN
थर,PART
असतो,NOUN
जो,PART
शरीराला,PP
बॅक्टेरिया,NOUN
धूळ,NOUN
आणि,NOUN
बाह्य,NOUN
संक्रमणांपासून,NOUN
वाचवतो,NOUN
हा,PART
थर,PART
त्वचेचा,NOUN
ओलावा,NOUN
राखण्यास,NOUN
देखील,NOUN
मदत,NOUN
करतो,NOUN
डॉ,PART
डी,PART
एम,PART
महाजन,NOUN
म्हणतात,VERB
की,PART
जर,PART
तुम्ही,NOUN
शरीरावर,PP
जास्त,NOUN
गरम,NOUN
पाणी,NOUN
ओतलं,NOUN
तर,PART
त्यावर,PP
आधीपासूनच,NOUN
असलेलं,NOUN
गरजेचं,NOUN
तेल,NOUN
धुवून,NOUN
जाईल,NOUN
कोणी,NOUN
खूप,NOUN
गरम,NOUN
पाण्याचा,NOUN
वापर,NOUN
केला,PP
तर,PART
तो,PART
थर,PART
वेगानं,NOUN
फाटू,NOUN
लागतो,NOUN
त्यांच्या,PP
मते,NOUN
तेलाचा,NOUN
थर,PART
निघून,NOUN
गेल्यास,NOUN
थोडी,NOUN
अस्वस्थता,NOUN
येऊ,NOUN
शकते,NOUN
गरम,NOUN
पाण्यामुळे,NOUN
त्वचा,NOUN
कोरडी,NOUN
होते,NOUN
आणि,NOUN
शरीराला,PP
खाज,NOUN
येऊ,NOUN
लागते,NOUN
पाणी,NOUN
खूपच,NOUN
गरम,NOUN
असेल,NOUN
तर,PART
अशा,NOUN
परिस्थितीत,NOUN
कोणत्याही,NOUN
सामान्य,NOUN
व्यक्तीला,PP
त्रास,NOUN
होऊ,NOUN
शकतो,NOUN
परंतु,NOUN
काही,NOUN
वेळा,NOUN
जर,PART
पाणी,NOUN
नेहमीपेक्षा,NOUN
गरम,NOUN
असेल,NOUN
तर,PART
यामुळे,NOUN
काही,NOUN
लोकांना,NOUN
अधिक,NOUN
समस्या,NOUN
उद्भवू,NOUN
शकतात,VERB
डॉ,PART
अंजू,NOUN
सांगतात,VERB
की,PART
जर,PART
त्वचेवर,PP
आधीच,NOUN
कोरडेपणा,NOUN
असेल,NOUN
आणि,NOUN
तुम्ही,NOUN
जास्त,NOUN
गरम,NOUN
पाण्यानं,NOUN
अंघोळ,NOUN
केली,VERB
तर,PART
त्वचारोग,NOUN
आणि,NOUN
एक्जिमा,NOUN
होण्याची,NOUN
शक्यता,NOUN
वाढते,NOUN
त्वचारोग,NOUN
ही,PART
एक,PART
सामान्य,NOUN
समस्या,NOUN
आहे,NOUN
ज्यामुळे,NOUN
त्वचेत,NOUN
जळजळ,NOUN
आणि,NOUN
खाज,NOUN
सुटते,NOUN
यामुळे,NOUN
त्वचा,NOUN
लाल,NOUN
होते,NOUN
डॉ,PART
डी,PART
एम,PART
महाजन,NOUN
यांचंही,NOUN
असंच,NOUN
म्हणणं,NOUN
आहे,NOUN
की,PART
जर,PART
एखाद्याला,PP
आधीच,NOUN
एक्जिमा,NOUN
एटोपिक,NOUN
डर्माटायटीस,NOUN
असेल,NOUN
तर,PART
गरम,NOUN
पाण्यानं,NOUN
अंघोळ,NOUN
करणं,NOUN
त्यांच्यासाठी,PP
खूप,NOUN
धोकादायक,NOUN
ठरू,NOUN
शकतं,NOUN
एक्जिमा,NOUN
हा,PART
त्वचेचा,NOUN
आजार,NOUN
आहे,NOUN
ज्यामुळे,NOUN
त्वचा,NOUN
कोरडी,NOUN
आणि,NOUN
लाल,NOUN
होते,NOUN
तसेच,NOUN
यामुळे,NOUN
खूप,NOUN
खाज,NOUN
सुटते,NOUN
डॉ,PART
डी,PART
एम,PART
महाजन,NOUN
म्हणतात,VERB
की,PART
जर,PART
तुम्ही,NOUN
पॉलीसिथेमिया,NOUN
व्हेरा,NOUN
एक,PART
असा,NOUN
आजार,NOUN
ज्यामध्ये,PP
शरीरात,NOUN
खूप,NOUN
जास्त,NOUN
लाल,NOUN
रक्तपेशी,NOUN
तयार,NOUN
होतात,VERB
चे,PART
रुग्ण,NOUN
असाल,NOUN
तर,PART
गरम,NOUN
पाण्यानं,NOUN
अंघोळ,NOUN
करण्याच्या,PP
बाबतीत,NOUN
तुम्हाला,PP
अधिक,NOUN
सावधगिरी,NOUN
बाळगण्याची,NOUN
गरज,NOUN
आहे,NOUN
ते,PART
म्हणतात,VERB
की,PART
जर,PART
या,PART
आजारानं,NOUN
ग्रस्त,NOUN
असलेल्या,NOUN
लोकांनी,NOUN
जास्त,NOUN
गरम,NOUN
पाण्यानं,NOUN
अंघोळ,NOUN
केली,VERB
तर,PART
त्यांची,NOUN
त्वचा,NOUN
अधिक,NOUN
लालसर,NOUN
दिसू,NOUN
लागेल,NOUN
थंडीत,NOUN
अचानक,NOUN
थंड,NOUN
पाण्यानं,NOUN
अंघोळ,NOUN
केली,VERB
तर,PART
जर,PART
कडाक्याची,NOUN
थंडी,NOUN
असेल,NOUN
आणि,NOUN
तुम्ही,NOUN
शरीरावर,PP
थंड,NOUN
पाणी,NOUN
ओतत,NOUN
असाल,NOUN
तर,PART
ते,PART
प्राणघातक,NOUN
देखील,NOUN
ठरू,NOUN
शकतं,NOUN
अधिक,NOUN
माहितीसाठी,PP
आम्ही,NOUN
दिल्लीच्या,PP
बीएलके,NOUN
मॅक्स,NOUN
सुपर,NOUN
स्पेशालिटी,NOUN
हॉस्पिटलचे,NOUN
वरिष्ठ,NOUN
सल्लागार,NOUN
न्यूरोलॉजिस्ट,NOUN
आणि,NOUN
न्यूरोव्हास्क्युलर,NOUN
इंटरव्हेन्शन,NOUN
डॉक्टर,NOUN
प्रतीक,NOUN
किशोर,NOUN
यांच्याशी,NOUN
चर्चा,NOUN
केली,VERB
ते,PART
सांगतात,VERB
की,PART
जेव्हा,NOUN
आपलं,NOUN
शरीर,NOUN
अचानक,NOUN
खूप,NOUN
थंड,NOUN
किंवा,NOUN
खूप,NOUN
गरम,NOUN
पाण्याच्या,PP
संपर्कात,NOUN
येतं,NOUN
तेव्हा,NOUN
रक्तवाहिन्या,NOUN
त्वरित,NOUN
प्रतिक्रिया,NOUN
देतात,VERB
डॉक्टर,NOUN
प्रतीक,NOUN
म्हणतात,VERB
त्वचेवर,PP
खूप,NOUN
थंड,NOUN
पाणी,NOUN
पडताच,NOUN
रक्तवाहिन्या,NOUN
आकुंचन,NOUN
पावतात,VERB
यामुळे,NOUN
रक्तदाब,NOUN
वाढू,NOUN
शकतो,NOUN
आणि,NOUN
हृदयाचे,NOUN
ठोके,NOUN
अचानक,NOUN
वाढू,NOUN
शकतात,VERB
तसंच,NOUN
खूप,NOUN
गरम,NOUN
पाणी,NOUN
पडतं,NOUN
तेव्हा,NOUN
रक्तवाहिन्या,NOUN
विस्तारू,NOUN
लागतात,VERB
यामुळे,NOUN
रक्तदाब,NOUN
कमी,NOUN
होऊ,NOUN
शकतो,NOUN
आणि,NOUN
त्यामुळे,NOUN
चक्कर,NOUN
किंवा,NOUN
अशक्तपणा,NOUN
येऊ,NOUN
शकतो,NOUN
म्हणूनच,NOUN
जास्त,NOUN
गरम,NOUN
पाणी,NOUN
टाळणं,NOUN
महत्वाचं,NOUN
आहे,NOUN
त्यांच्या,PP
मते,NOUN
ज्या,NOUN
लोकांना,NOUN
आधीच,NOUN
हृदयरोग,NOUN
रक्तवाहिन्या,NOUN
ब्लॉक,NOUN
होणं,NOUN
उच्च,NOUN
रक्तदाब,NOUN
किंवा,NOUN
हृदयाशी,NOUN
संबंधित,NOUN
इतर,NOUN
कोणताही,NOUN
आजार,NOUN
असेल,NOUN
त्यांच्यासाठी,PP
तापमानात,NOUN
अचानक,NOUN
बदल,NOUN
होणं,NOUN
आणखी,NOUN
धोकादायक,NOUN
ठरू,NOUN
शकतं,NOUN
ते,PART
म्हणाले,VERB
खूप,NOUN
थंड,NOUN
पाण्यामुळे,NOUN
रक्तदाब,NOUN
वेगानं,NOUN
वाढू,NOUN
शकतो,NOUN
त्यामुळं,NOUN
हृदयविकाराचा,NOUN
झटका,NOUN
किंवा,NOUN
ब्रेन,NOUN
स्ट्रोकचा,NOUN
धोका,NOUN
वाढू,NOUN
शकतो,NOUN
थंड,NOUN
पाण्यानं,NOUN
अंघोळ,NOUN
करण्याबाबत,NOUN
डॉ,PART
अंजू,NOUN
सांगतात,VERB
की,PART
कडाक्याच्या,PP
थंडीत,NOUN
खूप,NOUN
थंड,NOUN
पाण्यानं,NOUN
अंघोळ,NOUN
करणं,NOUN
शरीरासाठी,PP
हानिकारक,NOUN
ठरू,NOUN
शकतं,NOUN
ते,PART
म्हणाले,VERB
अशा,NOUN
परिस्थितीत,NOUN
चिलब्लेनचा,NOUN
धोका,NOUN
वाढतो,NOUN
चिलब्लेनमध्ये,PP
बोटं,NOUN
बोटांची,NOUN
टोकं,NOUN
आणि,NOUN
बोटांमध्ये,PP
निळसरपणा,NOUN
सूज,NOUN
किंवा,NOUN
जळजळ,NOUN
होऊ,NOUN
शकते,NOUN
सर्दीमुळे,NOUN
रक्ताभिसरण,NOUN
खराब,NOUN
झाल्यामुळे,NOUN
ही,PART
समस्या,NOUN
उद्भवते,NOUN
हिवाळ्यात,NOUN
जास्त,NOUN
थंड,NOUN
पाण्यानं,NOUN
अंघोळ,NOUN
करणं,NOUN
टाळलं,NOUN
पाहिजे,NOUN
तसेच,NOUN
शरीराचं,NOUN
तापमान,NOUN
संतुलित,NOUN
ठेवणं,NOUN
महत्वाचं,NOUN
आहे,NOUN
असा,NOUN
सल्ला,PP
त्या,NOUN
देतात,VERB
डॉ,PART
अंजू,NOUN
म्हणतात,VERB
लहान,NOUN
मुलं,NOUN
आणि,NOUN
वृद्धांची,NOUN
त्वचा,NOUN
आधीपासूनच,NOUN
संवेदनशील,NOUN
असते,NOUN
म्हणून,NOUN
जास्त,NOUN
गरम,NOUN
पाण्यानं,NOUN
अंघोळ,NOUN
केल्यानं,NOUN
कोरडेपणा,NOUN
चिडचिड,NOUN
आणि,NOUN
त्वचा,NOUN
फाटण्याचा,NOUN
धोका,NOUN
वाढू,NOUN
शकतो,NOUN
त्या,NOUN
म्हणतात,VERB
हिवाळ्यात,NOUN
कोमट,NOUN
पाण्यानं,NOUN
आंघोळ,NOUN
करणं,NOUN
चांगलं,NOUN
याशिवाय,NOUN
अंघोळीनंतर,NOUN
त्वचेवर,PP
मॉइश्चरायझर,NOUN
लावणं,NOUN
गरजेचं,NOUN
आहे,NOUN
जेणेकरून,NOUN
कोरडी,NOUN
त्वचा,NOUN
खाज,NOUN
यापासून,NOUN
बचाव,NOUN
होऊ,NOUN
शकेल,NOUN
हातपंप,NOUN
किंवा,NOUN
बोअरवेलचं,NOUN
पाणी,NOUN
ग्रामीण,NOUN
भागात,NOUN
लोक,NOUN
अनेकदा,NOUN
हातपंप,NOUN
किंवा,NOUN
बोअरवेलचा,NOUN
वापर,NOUN
करतात,VERB
थंड,NOUN
हवामान,NOUN
असलं,NOUN
की,PART
या,PART
हातपंपातून,NOUN
किंवा,NOUN
बोअरवेलमधून,NOUN
किंचित,NOUN
कोमट,NOUN
पाणी,NOUN
बाहेर,NOUN
पडतं,NOUN
हेच,NOUN
कारण,NOUN
आहे,NOUN
की,PART
आजही,NOUN
ग्रामीण,NOUN
भागात,NOUN
लोक,NOUN
पाणी,NOUN
न,PART
तापवता,NOUN
आंघोळ,NOUN
करतात,VERB
परंतु,NOUN
डॉक्टर,NOUN
बऱ्याच,NOUN
प्रकरणांमध्ये,PP
याबद्दल,NOUN
इशारा,NOUN
देतात,VERB
अनेक,NOUN
ग्रामीण,NOUN
भागात,NOUN
जमिनीतून,NOUN
बाहेर,NOUN
पडणाऱ्या,NOUN
पाण्यातही,NOUN
हलक्या,NOUN
खनिजांचे,NOUN
घटकही,NOUN
असतात,VERB
तापमानानुसार,NOUN
हे,PART
पाणी,NOUN
हिवाळ्यात,NOUN
थोडं,NOUN
गरम,NOUN
आणि,NOUN
उन्हाळ्यात,NOUN
थोडं,NOUN
थंड,NOUN
वाटतं,NOUN
त्यामुळे,NOUN
अंघोळीसाठी,PP
हे,PART
पाणी,NOUN
लोकांना,NOUN
आरामदायक,NOUN
वाटतं,NOUN
पण,PART
डॉ,PART
डीएम,NOUN
महाजन,NOUN
म्हणतात,VERB
की,PART
या,PART
पाण्यामुळे,NOUN
कधीकधी,NOUN
त्वचेवर,PP
जळजळ,NOUN
आणि,NOUN
खाज,NOUN
सुटणे,NOUN
यासारख्या,NOUN
समस्या,NOUN
उद्भवू,NOUN
शकतात,VERB
त्यांच्या,PP
मते,NOUN
त्यात,NOUN
असलेल्या,NOUN
खनिजांचं,NOUN
प्रमाण,NOUN
हे,PART
या,PART
मागचं,NOUN
कारण,NOUN
आहे,NOUN
या,PART
पाण्यात,NOUN
क्लोराइड्स,NOUN
सल्फेट्स,NOUN
किंवा,NOUN
इतर,NOUN
विरघळलेल्या,NOUN
क्षारांचं,NOUN
प्रमाण,NOUN
जास्त,NOUN
असेल,NOUN
तर,PART
ते,PART
पाणी,NOUN
हार्ड,NOUN
वॉटर,NOUN
या,PART
वर्गवारीत,NOUN
येतं,NOUN
त्यांच्या,PP
मते,NOUN
जेव्हा,NOUN
जडपणा,NOUN
वाढतो,NOUN
तेव्हा,NOUN
हे,PART
पाणी,NOUN
त्वचेचा,NOUN
नैसर्गिक,NOUN
तेलाचा,NOUN
थर,PART
नष्ट,NOUN
करते,NOUN
यामुळे,NOUN
त्वचेत,NOUN
कोरडेपणा,NOUN
खाज,NOUN
सुटणे,NOUN
आणि,NOUN
जळजळ,NOUN
यासारख्या,NOUN
समस्या,NOUN
वाढतात,VERB
याशिवाय,NOUN
अशा,NOUN
पाण्यात,NOUN
जास्त,NOUN
प्रमाणात,NOUN
खनिजं,NOUN
आढळल्यानं,NOUN
केसांचा,NOUN
पोत,NOUN
देखील,NOUN
बिघडू,NOUN
शकतो,NOUN
आणि,NOUN
केस,NOUN
कोरडे,NOUN
आणि,NOUN
निर्जीव,NOUN
दिसू,NOUN
लागतात,VERB
त्यामुळे,NOUN
जमिनीतून,NOUN
बाहेर,NOUN
पडणारं,NOUN
पाणी,NOUN
तापमानाच्या,PP
दृष्टिनं,NOUN
चांगलं,NOUN
वाटत,NOUN
असलं,NOUN
तरी,NOUN
त्याची,NOUN
गुणवत्ता,NOUN
आणि,NOUN
त्यात,NOUN
असलेल्या,NOUN
खनिजांचं,NOUN
प्रमाण,NOUN
त्वचेच्या,PP
आणि,NOUN
केसांच्या,PP
आरोग्यावर,PP
गंभीर,NOUN
परिणाम,NOUN
करतं,NOUN
यावर,PP
डॉ,PART
प्रतीक,NOUN
म्हणतात,VERB
पूर्वी,NOUN
जीवनशैलीशी,NOUN
संबंधित,NOUN
इतके,NOUN
आजार,NOUN
नव्हते,NOUN
गावातील,NOUN
वडीलधारी,NOUN
मंडळी,NOUN
बहुतेक,NOUN
शारीरिकदृष्ट्या,NOUN
सक्रिय,NOUN
होती,NOUN
ते,PART
शेतात,VERB
कठोर,NOUN
परिश्रम,NOUN
करायचे,NOUN
त्यांचं,NOUN
शरीर,NOUN
असे,NOUN
तापमानाचे,NOUN
धक्के,NOUN
सहन,NOUN
करू,NOUN
शकत,NOUN
होतं,NOUN
परंतु,NOUN
जे,PART
आधीच,NOUN
हृदय,NOUN
किंवा,NOUN
रक्तदाबाचे,NOUN
रुग्ण,NOUN
आहेत,NOUN
त्यांच्यासाठी,PP
धोका,NOUN
अजूनही,NOUN
कायम,NOUN
आहे,NOUN
खूप,NOUN
गरम,NOUN
पाण्यानं,NOUN
अंघोळ,NOUN
केल्यानं,NOUN
केवळ,NOUN
त्वचेवरच,NOUN
नव्हे,NOUN
तर,PART
केसांवरही,NOUN
परिणाम,NOUN
होतो,NOUN
तज्ज्ञांचं,NOUN
म्हणणं,NOUN
आहे,NOUN
की,PART
गरम,NOUN
पाण्यानं,NOUN
अंघोळ,NOUN
केल्यानं,NOUN
केसांमधील,NOUN
नैसर्गिक,NOUN
ओलावा,NOUN
कमी,NOUN
होतो,NOUN
त्यामुळं,NOUN
केस,NOUN
कोरडे,NOUN
होऊ,NOUN
शकतात,VERB
हे,PART
एकमेकांत,NOUN
अडकू,NOUN
शकतात,VERB
आणि,NOUN
तुटू,NOUN
शकतात,VERB
डॉ,PART
डीएम,NOUN
महाजन,NOUN
सांगतात,VERB
की,PART
त्वचेप्रमाणेच,NOUN
आपल्या,NOUN
केसांमध्ये,PP
देखील,NOUN
नैसर्गिक,NOUN
तेल,NOUN
असतं,NOUN
आणि,NOUN
जेव्हा,NOUN
आपण,NOUN
आपल्या,NOUN
केसांवर,PP
जास्त,NOUN
गरम,NOUN
पाणी,NOUN
ओततो,NOUN
तेव्हा,NOUN
ते,PART
निघून,NOUN
जातं,NOUN
ज्यामुळे,NOUN
आपले,VERB
केस,NOUN
कोरडे,NOUN
होतात,VERB
या,PART
कारणास्तव,NOUN
डॉक्टरांनी,NOUN
शिफारस,NOUN
केली,VERB
आहे,NOUN
की,PART
थंडी,NOUN
असेल,NOUN
किंवा,NOUN
उन्हाळा,NOUN
आपण,NOUN
नेहमी,NOUN
अंघोळीसाठी,PP
कोमट,NOUN
पाणी,NOUN
वापरावं,NOUN
जास्त,NOUN
गरम,NOUN
पाणी,NOUN
टाळावं,NOUN
सकाळी,NOUN
आंघोळ,NOUN
करणं,NOUN
योग्य,NOUN
की,PART
रात्री,NOUN
आरोग्यासाठी,PP
आंघोळीची,NOUN
कोणती,NOUN
वेळ,NOUN
चांगली,VERB
22,NUM
सप्टेंबर,NOUN
2025,NUM
सकाळी,NOUN
आंघोळ,NOUN
करणं,NOUN
योग्य,NOUN
की,PART
रात्री,NOUN
आरोग्यासाठी,PP
आंघोळीची,NOUN
कोणती,NOUN
वेळ,NOUN
चांगली,VERB
शॅम्पूचा,NOUN
खरंच,NOUN
फायदा,NOUN
होतो,NOUN
का,PART
केसांबाबतच्या,PP
या,PART
4,NUM
गोष्टी,NOUN
जाणून,NOUN
घ्या22,NOUN
ऑक्टोबर,NOUN
2025,NUM
शॅम्पूचा,NOUN
खरंच,NOUN
फायदा,NOUN
होतो,NOUN
का,PART
केसांबाबतच्या,PP
या,PART
4,NUM
गोष्टी,NOUN
जाणून,NOUN
घ्या,NOUN
शॉवरमधून,NOUN
येणारं,NOUN
पाणी,NOUN
तुमचं,NOUN
आरोग्य,NOUN
बिघडवतंय,NOUN
का,PART
काय,NOUN
काळजी,NOUN
घ्यावी,NOUN
21,NUM
ऑक्टोबर,NOUN
2025,NUM
शॉवरमधून,NOUN
येणारं,NOUN
पाणी,NOUN
तुमचं,NOUN
आरोग्य,NOUN
बिघडवतंय,NOUN
का,PART
काय,NOUN
काळजी,NOUN
घ्यावी,NOUN
Author,NOUN
जान्हवी,NOUN
मुळेजान्हवी,NOUN
मुळे,NOUN
नोव्हेंबर,NOUN
1970,NUM
बंगालच्या,PP
उपसागरात,NOUN
एक,PART
शक्तिशाली,VERB
चक्रीवादळ,NOUN
घोंघावत,NOUN
होतं,NOUN
आणि,NOUN
लवकरच,NOUN
ते,PART
भोला,PP
बेटाच्या,PP
किनाऱ्यावर,PP
धडकलं,NOUN
त्या,NOUN
वादळानं,NOUN
दोन,NOUN
दिवसांत,NOUN
हजारोंचा,NOUN
बळी,NOUN
घेतला,PP
प्रचंड,NOUN
नुकसान,NOUN
केलं,NOUN
आणि,NOUN
पुढे,NOUN
जाऊन,NOUN
दक्षिण,NOUN
आशियाचा,NOUN
नकाशाच,NOUN
बदलला,PP
भोला,PP
बेट,NOUN
दक्षिण,NOUN
शाहबाझपूर,NOUN
म्हणूनही,NOUN
ओळखलं,NOUN
जातं,NOUN
हे,PART
बेट,NOUN
आजच्या,PP
बांगलादेशात,NOUN
आहे,NOUN
पण,PART
1970,NUM
साली,VERB
जेव्हा,NOUN
हे,PART
चक्रीवादळ,NOUN
धडकलं,NOUN
तेव्हा,NOUN
बांगलादेशच,NOUN
अजून,NOUN
अस्तित्वात,NOUN
आला,PP
नव्हता,NOUN
पण,PART
अनेक,NOUN
तज्ज्ञांच्या,PP
मते,NOUN
पूर्व,NOUN
पाकिस्तानमधून,NOUN
बांगलादेशच्या,PP
निर्मितीच्या,PP
मागणीला,PP
नवं,NOUN
बळ,PART
या,PART
भोला,PP
बेटावरच्या,PP
चक्रीवादळानंच,NOUN
दिलं,NOUN
होतं,NOUN
कारण,NOUN
चक्रीवादळानंतर,NOUN
लोकांना,NOUN
मदत,NOUN
पुरवताना,NOUN
पाकिस्तान,NOUN
सरकारनं,NOUN
घेतलेली,VERB
भूमिका,NOUN
पूर्व,NOUN
पाकिस्तानच्या,PP
जनतेला,PP
उदासीनतेची,NOUN
वाटली,VERB
इथल्या,NOUN
जनतेत,NOUN
सत्ताधाऱ्यांविरोधात,NOUN
असंतोष,NOUN
आणखी,NOUN
वाढला,PP
त्याची,NOUN
परिणती,NOUN
गृहयुद्धात,NOUN
झाली,VERB
आणि,NOUN
बांगलादेश,NOUN
या,PART
नव्या,NOUN
देशाची,NOUN
निर्मिती,NOUN
झाली,VERB
ही,PART
त्याच,NOUN
चक्रीवादळाची,NOUN
कहाणी,NOUN
आहे,NOUN
त्या,NOUN
काळी,NOUN
चक्रीवादळांना,NOUN
नाव,NOUN
दिलं,NOUN
जात,NOUN
नसे,NOUN
त्यामुळे,NOUN
हे,PART
चक्रीवादळ,NOUN
ज्या,NOUN
भोला,PP
बेटावर,PP
धडकलं,NOUN
त्याच्या,PP
नावानं,NOUN
ग्रेट,NOUN
भोला,PP
सायक्लोन,NOUN
म्हणून,NOUN
ओळखले,VERB
जातं,NOUN
जागतिक,NOUN
हवामान,NOUN
संस्थेच्या,PP
नोंदींनुसार,NOUN
या,PART
चक्रीवादळादरम्यान,NOUN
वाऱ्याचा,NOUN
कमाल,NOUN
वेग,NOUN
काहीवेळा,NOUN
ताशी,NOUN
224,NUM
किलोमीटर,NOUN
पर्यंत,NOUN
पोहोचला,PP
म्हणजेच,NOUN
आजच्या,PP
भाषेत,NOUN
सांगायचं,NOUN
तर,PART
हे,PART
एक,PART
अती,NOUN
अतीतीव्र,NOUN
चक्रीवादळ,NOUN
किंवा,NOUN
सुपर,NOUN
सायक्लोन,NOUN
होतं,NOUN
जगातल्या,NOUN
सर्वात,NOUN
विनाशकारी,NOUN
वादळांमध्ये,PP
या,PART
चक्रीवादळाचा,NOUN
समावेश,NOUN
केला,PP
जातो,NOUN
12,NUM
आणि,NOUN
13,NUM
नोव्हेंबर,NOUN
दरम्यानच्या,PP
रात्री,NOUN
हे,PART
वादळ,NOUN
किनाऱ्याला,PP
धडकलं,NOUN
भोला,PP
बेटासोबतच,NOUN
आसपासच्या,PP
अनेक,NOUN
लहान,NOUN
बेटांवर,PP
त्यावेळी,NOUN
जणू,NOUN
प्रलयच,NOUN
आला,PP
गंगेच्या,PP
मुखाजवळच्या,PP
या,PART
प्रदेशातला,PP
बराचसा,NOUN
भाग,NOUN
इतका,NOUN
सखल,NOUN
आहे,NOUN
की,PART
समुद्राची,NOUN
पातळी,NOUN
एखाद्या,NOUN
मीटरनं,NOUN
वाढली,VERB
तरी,NOUN
तो,PART
पाण्याखाली,VERB
जाऊ,NOUN
शकतो,NOUN
1970,NUM
साली,VERB
चक्रीवादळ,NOUN
धडकलं,NOUN
त्या,NOUN
रात्री,NOUN
तर,PART
किनारी,NOUN
भागात,NOUN
भरतीच्या,PP
लाटांनी,NOUN
10,NUM
ते,PART
33,NUM
फूट,NOUN
उंची,NOUN
गाठली,VERB
या,PART
चक्रीवादळात,NOUN
नेमके,NOUN
कितीजण,NOUN
मारले,VERB
गेले,VERB
याची,NOUN
अचूक,NOUN
आकडेवारी,NOUN
उपलब्ध,NOUN
नाही,NOUN
पण,PART
साधारण,NOUN
तीन,NOUN
लाख,NOUN
ते,PART
पाच,NOUN
लाख,NOUN
जण,PART
मारले,VERB
गेल्याचं,NOUN
जागतिक,NOUN
हवामान,NOUN
संस्था,NOUN
सांगते,NOUN
ब्रिटनच्या,PP
द,PART
गार्डियन,NOUN
वृत्तपत्राचे,NOUN
पत्रकार,NOUN
हॉवर्ड,NOUN
व्हिटन,NOUN
यांनी,NOUN
त्यावेळी,NOUN
या,PART
बेटाला,PP
भेट,NOUN
दिली,VERB
आणि,NOUN
परिस्थितीचं,NOUN
वर्णन,NOUN
केलं,NOUN
आहे,NOUN
वादळ,NOUN
मध्यरात्री,NOUN
आलं,NOUN
रेडिओवर,PP
वादळाचा,NOUN
इशारा,NOUN
ऐकला,PP
होता,NOUN
त्यामुळे,NOUN
लोक,NOUN
जागे,NOUN
होते,NOUN
पण,PART
भरतीच्या,PP
लाटेचा,NOUN
इशारा,NOUN
नव्हता,NOUN
असं,NOUN
इथे,NOUN
बचावलेल्या,NOUN
चौधरी,NOUN
कमाल,NOUN
यांनी,NOUN
हॉवर्ड,NOUN
व्हिटन,NOUN
यांना,NOUN
सांगितलं,NOUN
मनपूरा,NOUN
परिसरात,NOUN
22,NUM
हजार,NOUN
जणांपैकी,NOUN
16,NUM
हजार,NOUN
जणांचा,NOUN
मृत्यू,NOUN
झाल्याचं,NOUN
ते,PART
लिहितात,VERB
चक्रीवादळ,NOUN
आणि,NOUN
लाटांमुळे,NOUN
पिण्याच्या,PP
पाण्याचे,NOUN
स्रोतही,NOUN
नष्ट,NOUN
झाले,VERB
होते,NOUN
त्यामुळे,NOUN
पुढच्या,PP
काही,NOUN
दिवसांत,NOUN
अनेकजण,NOUN
पाण्याची,NOUN
कमतरता,NOUN
उपासमार,NOUN
आणि,NOUN
रोगराईमुळे,NOUN
मृत्युमुखी,NOUN
पडले,VERB
पाकिस्तानी,NOUN
सरकारची,NOUN
उदासीनता,NOUN
त्यावेळच्या,PP
पूर्व,NOUN
पाकिस्तानचे,NOUN
वरिष्ठ,NOUN
लष्करी,NOUN
अधिकारी,NOUN
मेजर,NOUN
जनरल,NOUN
खादिम,NOUN
हुसेन,NOUN
राजा,NOUN
यांनी,NOUN
हेलिकॉप्टरनं,NOUN
परिस्थितीची,NOUN
पाहणी,NOUN
केली,VERB
होती,NOUN
आपल्या,NOUN
पुस्तकात,NOUN
ते,PART
अन्न,NOUN
आणि,NOUN
कपड्यांसाठी,PP
मदतीची,NOUN
हाक,NOUN
देणाऱ्या,NOUN
लोकांचं,NOUN
वर्णन,NOUN
करतात,VERB
राजा,NOUN
यांनी,NOUN
या,PART
पुस्तकात,NOUN
त्यावेळी,NOUN
सरकारच्या,PP
भूमिकेवरही,NOUN
टीका,NOUN
केली,VERB
आहे,NOUN
ते,PART
लिहितात,VERB
की,PART
त्यांनी,NOUN
पूर्व,NOUN
पाकिस्तानच्या,PP
त्यावेळच्या,PP
राज्यपालांना,NOUN
लष्कराच्या,PP
मदतीने,PP
तातडीने,PP
मदतकार्य,NOUN
सुरू,NOUN
करण्याचा,NOUN
सल्ला,PP
दिला,PP
होता,NOUN
पण,PART
राज्यपालांनी,NOUN
लष्कराला,PP
सहभागी,NOUN
करून,NOUN
घेण्यास,NOUN
नकार,NOUN
दिला,PP
चक्रीवादळानंतर,NOUN
पाकिस्तानी,NOUN
सरकारने,PP
कोणती,NOUN
ठोस,NOUN
पावलं,NOUN
उचलील,NOUN
नाहीत,NOUN
इतकंच,NOUN
काय,NOUN
तर,PART
पश्चिम,NOUN
पाकिस्तानातून,NOUN
कोणता,NOUN
मंत्री,NOUN
किंवा,NOUN
केंद्रिय,NOUN
सरकारमधला,PP
कोणी,NOUN
बडा,NOUN
नेता,NOUN
त्या,NOUN
भागात,NOUN
गेला,PP
नाही,NOUN
पाकिस्तानचे,NOUN
तेव्हाचे,NOUN
लष्करशाह,NOUN
राष्ट्राध्यक्ष,NOUN
याहया,NOUN
खान,NOUN
यांनी,NOUN
आधी,NOUN
पूर,NOUN
आलेल्या,NOUN
प्रदेशात,NOUN
भेट,NOUN
देण्याची,NOUN
इच्छाही,NOUN
दर्शवली,VERB
नाही,NOUN
चक्रीवादळ,NOUN
आलं,NOUN
त्यावेळी,NOUN
याहया,NOUN
खान,NOUN
चीनच्या,PP
दौऱ्यावर,PP
होते,NOUN
आणि,NOUN
दोन,NOUN
दिवसांनी,NOUN
ते,PART
ढाक्यात,NOUN
परतले,VERB
पण,PART
तिथून,NOUN
ते,PART
थेट,NOUN
पश्चिम,NOUN
पाकिस्तानात,NOUN
परतले,VERB
मग,PART
पूर्व,NOUN
पाकिस्तानमध्ये,PP
संताप,NOUN
वाढल्यावर,PP
याह्या,NOUN
खान,NOUN
26,NUM
नोव्हेंबर,NOUN
रोजी,NOUN
म्हणजे,NOUN
वादळानंतर,NOUN
१४,NUM
दिवसांनी,NOUN
भोला,PP
इथे,NOUN
पोहोचले,VERB
त्यावेळी,NOUN
मदतकार्याबाबत,NOUN
सगळे,NOUN
समाधानी,NOUN
असल्याचं,NOUN
याहया,NOUN
खान,NOUN
म्हणाले,VERB
मात्र,NOUN
लोक,NOUN
मदतीसाठी,PP
आक्रोश,NOUN
करत,NOUN
होते,NOUN
तेव्हा,NOUN
एका,NOUN
परदेशी,NOUN
पत्रकाराने,PP
त्याविषयी,NOUN
विचारलं,NOUN
असता,NOUN
याहया,NOUN
खान,NOUN
म्हणाले,VERB
लोक,NOUN
टीका,NOUN
करतात,VERB
याची,NOUN
मला,PP
पर्वा,NOUN
नाही,NOUN
माझे,NOUN
काम,NOUN
करणे,NOUN
हेच,NOUN
माझे,NOUN
उद्दिष्ट,NOUN
आहे,NOUN
मेजर,NOUN
जनरल,NOUN
राजा,NOUN
यांनी,NOUN
लिहिल्याप्रमाणे,NOUN
याहया,NOUN
खान,NOUN
यांनी,NOUN
हेलिकॉप्टरने,PP
10,NUM
हजार,NOUN
फूट,NOUN
उंचीवरून,NOUN
पाहणी,NOUN
केली,VERB
होती,NOUN
त्यामुळे,NOUN
खरी,NOUN
परिस्थिती,NOUN
न,PART
पाहता,NOUN
त्यांनी,NOUN
प्रशासनाने,PP
दिलेल्या,NOUN
माहितीवर,PP
विश्वास,NOUN
ठेवला,PP
प्रशासनानं,NOUN
त्यांना,NOUN
खरी,NOUN
माहिती,NOUN
दिलीच,NOUN
नाही,NOUN
साहजिकच,NOUN
जनतेचा,NOUN
संताप,NOUN
आणखी,NOUN
वाढला,PP
आणि,NOUN
महिनाभरातच,NOUN
झालेल्या,NOUN
निवडणुकीत,NOUN
हा,PART
संताप,NOUN
बाहेर,NOUN
पडला,PP
राजकीय,NOUN
पडसाद,NOUN
आणि,NOUN
बांगलादेशची,NOUN
निर्मिती,NOUN
पूर्व,NOUN
पाकिस्तानातील,NOUN
बंगाली,VERB
जनता,NOUN
आधीच,NOUN
पश्चिम,NOUN
पाकिस्तानकडून,NOUN
मिळणाऱ्या,NOUN
वागणुकीवर,PP
नाराज,NOUN
होती,NOUN
या,PART
नाराजीला,PP
भाषिक,NOUN
वाद,NOUN
असमानता,NOUN
सांस्कृतिक,NOUN
अन्याय,NOUN
वर्णद्वेष,NOUN
अशा,NOUN
अनेक,NOUN
गोष्टींची,NOUN
पार्श्वभूमी,NOUN
होती,NOUN
त्यात,NOUN
भोला,PP
चक्रीवादळानंतर,NOUN
इस्लामाबादनं,NOUN
दाखवलेल्या,NOUN
उदासीनतेनं,NOUN
या,PART
अविश्वासावर,PP
शिक्कामोर्तब,NOUN
केलं,NOUN
याहया,NOUN
खान,NOUN
यांनी,NOUN
भोलाकडे,PP
पाठ,NOUN
फिरवली,VERB
होती,NOUN
पण,PART
अवामी,NOUN
लीगचे,NOUN
मुजीबुर,NOUN
रहमान,NOUN
14,NUM
नोव्हेंबरलाच,NOUN
पीडित,NOUN
जनतेच्या,PP
मदतीसाठी,PP
तिथे,NOUN
पोहोचले,VERB
बंगबंधू,NOUN
म्हणून,NOUN
ओळखले,VERB
जाणारे,NOUN
शेख,NOUN
मुजीबुर,NOUN
आधीच,NOUN
लोकप्रिय,NOUN
होते,NOUN
त्यांचे,NOUN
जवळचे,NOUN
सहकारी,NOUN
आणि,NOUN
अवामी,NOUN
लीगचे,NOUN
ज्येष्ठ,NOUN
नेते,NOUN
तौफेल,NOUN
अहमद,NOUN
तर,PART
भोला,PP
बेटाचे,NOUN
रहिवासी,NOUN
होते,NOUN
आणि,NOUN
तिथून,NOUN
निवडणूकही,NOUN
लढवत,NOUN
होते,NOUN
चक्रीवादळाच्या,PP
वेळी,NOUN
अहमद,NOUN
तिथेच,NOUN
होते,NOUN
आणि,NOUN
असंख्य,NOUN
मृतदेह,NOUN
पाहून,NOUN
गोंधळूनच,NOUN
गेले,VERB
होते,NOUN
चक्रीवादळ,NOUN
आणि,NOUN
निवडणुकीच्या,PP
आठवणींविषयी,NOUN
त्यांनी,NOUN
लिहिलं,NOUN
आहे,NOUN
की,PART
मुजीबूर,NOUN
स्वतः,NOUN
मदतकार्यात,NOUN
उतरले,VERB
आणि,NOUN
त्यांनी,NOUN
अहमद,NOUN
यांनाही,NOUN
मदतीसाठी,PP
काम,NOUN
करायचा,NOUN
आदेश,NOUN
दिला,PP
पाकिस्तानच्या,PP
नॅशनल,NOUN
असेंब्लीची,NOUN
निवडणूक,NOUN
काही,NOUN
आठवड्यांवर,PP
येऊन,NOUN
ठेपली,VERB
होती,NOUN
पाकिस्तानात,NOUN
झालेली,VERB
ती,PART
पहिली,VERB
थेट,NOUN
सार्वत्रिक,NOUN
निवडणूक,NOUN
होती,NOUN
7,NUM
डिसेंबर,NOUN
1970,NUM
रोजी,NOUN
मतदान,NOUN
झालं,NOUN
अवामी,NOUN
लीगने,PP
पूर्व,NOUN
पाकिस्तानमधल्या,NOUN
169,NUM
पैकी,NOUN
167,NUM
जागा,NOUN
जिंकून,NOUN
प्रचंड,NOUN
मोठा,NOUN
विजय,NOUN
मिळवला,PP
नॅशनल,NOUN
असेंब्लीत,NOUN
बंगाली,VERB
लोकांना,NOUN
मिळालेलं,NOUN
बहुमत,NOUN
याहया,NOUN
खान,NOUN
आणि,NOUN
झुल्फिकार,NOUN
अली,VERB
भुट्टो,NOUN
यांना,NOUN
रुचलं,NOUN
नाही,NOUN
त्यामुळे,NOUN
निकाल,NOUN
लागला,PP
तरी,NOUN
सभागृहाचं,NOUN
अधिवेशन,NOUN
त्यांनी,NOUN
लांबवलं,NOUN
मग,PART
ऑपरेशन,NOUN
सर्चलाईट,NOUN
सुरू,NOUN
केलं,NOUN
ज्याची,NOUN
परिणती,NOUN
पुढे,NOUN
गृहयुद्धात,NOUN
झाली,VERB
भारतही,NOUN
त्यात,NOUN
ओढला,PP
गेला,PP
आणि,NOUN
सरतेशेवटी,NOUN
बांगलादेशची,NOUN
स्थापना,NOUN
झाली,VERB
दक्षिण,NOUN
आशियातल्या,NOUN
सीमारेषा,NOUN
नकाशा,NOUN
पुन्हा,NOUN
एकदा,NOUN
बदलला,PP
रवी,NOUN
शंकर,NOUN
बीटल्स,NOUN
आणि,NOUN
कॉन्सर्ट,NOUN
फॉर,NOUN
बांगलादेश,NOUN
भोला,PP
चक्रीवादळ,NOUN
आणि,NOUN
पाठोपाठ,NOUN
युद्धामुळे,NOUN
त्यावेळी,NOUN
बांगलादेशात,NOUN
मोठं,NOUN
मानवी,NOUN
संकट,NOUN
निर्माण,NOUN
झालं,NOUN
होतं,NOUN
पत्रकार,NOUN
अँथनी,NOUN
मास्करेन्हस,NOUN
यांच्यासारख्यांनी,NOUN
बांगलादेशात,NOUN
नरसंहार,NOUN
होत,NOUN
असल्याचं,NOUN
लिहिलं,NOUN
प्रसिद्ध,NOUN
सितारवादक,NOUN
रवी,NOUN
शंकर,NOUN
अशा,NOUN
बातम्यांनी,NOUN
अस्वस्थ,NOUN
झाले,VERB
होते,NOUN
त्याचं,NOUN
कुटुंब,NOUN
मूळचं,NOUN
पूर्व,NOUN
बंगालमधलं,NOUN
होतं,NOUN
त्यामुळे,NOUN
तिथल्या,NOUN
लोकांच्या,PP
मदतीसाठी,PP
काहीतरी,NOUN
करायचं,NOUN
त्यांनी,NOUN
ठरवलं,NOUN
रवी,NOUN
शंकर,NOUN
यांनी,NOUN
त्यांचा,NOUN
मित्र,NOUN
आणि,NOUN
पॉप,NOUN
ग्रुप,NOUN
बीटल्सचा,NOUN
सदस्य,NOUN
जॉर्ज,NOUN
हॅरिसनला,PP
त्या,NOUN
विषयी,NOUN
संगितलं,NOUN
आणि,NOUN
त्यातूनच,NOUN
पुढे,NOUN
कॉन्सर्ट,NOUN
फॉर,NOUN
बांगलादेश,NOUN
जन्माला,PP
आली,VERB
हॅरिसननं,NOUN
बांग्ला,PP
देश,NOUN
हे,PART
गीतही,NOUN
लिहिलं,NOUN
एखाद्या,NOUN
मानवी,NOUN
संकटात,NOUN
मदतीसाठी,PP
निधी,NOUN
उभा,NOUN
करण्यासाठी,PP
सेलिब्रिटींनी,NOUN
एकत्र,NOUN
येऊन,NOUN
कॉन्सर्ट,NOUN
करण्याचा,NOUN
एक,PART
नवा,NOUN
पायंडा,NOUN
त्या,NOUN
कॉन्सर्टनं,NOUN
घातला,PP
भोला,PP
चक्रीवादळ,NOUN
आलं,NOUN
तेव्हा,NOUN
ती,PART
शतकातली,VERB
एखादीच,NOUN
ठरावी,NOUN
अशी,NOUN
दुर्घटना,NOUN
मानली,VERB
गेली,VERB
होती,NOUN
पण,PART
त्यानंतरच्या,PP
काळातही,NOUN
सुपर,NOUN
सायक्लोन,NOUN
दर्जाच्या,PP
चक्रीवादळांनी,NOUN
बांगलादेश,NOUN
आणि,NOUN
भारताला,PP
झोडपून,NOUN
काढलं,NOUN
मात्र,NOUN
सुधारलेलं,NOUN
तंत्रज्ञान,NOUN
आणि,NOUN
माहिती,NOUN
पोहोचवण्याची,NOUN
नवी,NOUN
साधनं,NOUN
यांमुळे,NOUN
हवामानाचा,NOUN
विशेषतः,NOUN
चक्रीवादळांचा,NOUN
अंदाज,NOUN
लावणं,NOUN
आता,NOUN
तुलनेनं,NOUN
सोपं,NOUN
झालं,NOUN
आहे,NOUN
भोला,PP
चक्रीवादळानंतर,NOUN
संयुक्त,NOUN
राष्ट्रांच्या,PP
आमसभेनं,NOUN
अशा,NOUN
संकटांचा,NOUN
सामना,NOUN
करण्यासाठी,PP
ठराव,NOUN
पास,NOUN
केले,VERB
त्यातूनच,NOUN
जागतिक,NOUN
हवामान,NOUN
संस्थेनं,NOUN
चक्रीवादळांचा,NOUN
अभ्यास,NOUN
आणि,NOUN
त्यांच्यावर,PP
लक्ष,NOUN
ठेवण्यासाठी,PP
ट्रॉपिकल,NOUN
सायक्लोन,NOUN
प्रोग्रॅमची,NOUN
स्थापना,NOUN
केली,VERB
या,PART
प्रदेशात,NOUN
आता,NOUN
चक्रीवादळांचा,NOUN
सामना,NOUN
करणारी,NOUN
लोकांना,NOUN
सुरक्षित,NOUN
ठिकाणी,NOUN
हलवणारी,NOUN
आणि,NOUN
मदत,NOUN
पोहोचवणारी,NOUN
यंत्रणाही,NOUN
तयार,NOUN
झाली,VERB
आहे,NOUN
आणि,NOUN
बांगलादेश,NOUN
त्यात,NOUN
आघाडीवर,PP
आहे,NOUN
पण,PART
हवामान,NOUN
बदलामुळे,NOUN
चक्रीवादळांची,NOUN
ताकद,NOUN
वाढते,NOUN
आहे,NOUN
तसं,NOUN
विनाशाचं,NOUN
सावट,NOUN
गहिरं,NOUN
होत,NOUN
आहे,NOUN
म्हणूनच,NOUN
भोला,PP
चक्रीवादळासारख्या,NOUN
आपत्तींचा,NOUN
अभ्यास,NOUN
करत,NOUN
राहणं,NOUN
अनेकांना,NOUN
गरजेचं,NOUN
वाटतं,NOUN
या,PART
लेखासाठी,PP
बीबीसी,NOUN
बांग्लाच्या,PP
लेखातून,NOUN
माहिती,NOUN
घेतली,VERB
आहे,NOUN
चक्रीवादळ,NOUN
तुमच्या,PP
मनातले,VERB
13,NUM
प्रश्न,NOUN
आणि,NOUN
त्यांची,NOUN
उत्तरं11,NOUN
जून,NOUN
2023,NUM
चक्रीवादळ,NOUN
तुमच्या,PP
मनातले,VERB
13,NUM
प्रश्न,NOUN
आणि,NOUN
त्यांची,NOUN
उत्तरं,NOUN
बॉर्डर,NOUN
सिनेमात,NOUN
दाखवलेलं,NOUN
1971,NUM
चं,PART
भारत,NOUN
पाकिस्तान,NOUN
युद्ध,NOUN
प्रत्यक्षात,NOUN
कसं,NOUN
लढलं,NOUN
गेलं,NOUN
होतं,NOUN
13,NUM
मे,PART
2025,NUM
बॉर्डर,NOUN
सिनेमात,NOUN
दाखवलेलं,NOUN
1971,NUM
चं,PART
भारत,NOUN
पाकिस्तान,NOUN
युद्ध,NOUN
प्रत्यक्षात,NOUN
कसं,NOUN
लढलं,NOUN
गेलं,NOUN
होतं,NOUN
अमेरिकेनं,NOUN
सातवं,NOUN
आरमार,NOUN
पाठवलं,NOUN
तरी,NOUN
इंदिरा,NOUN
गांधी,NOUN
डगमगल्या,NOUN
नव्हत्या,NOUN
वाचा,NOUN
1971,NUM
च्या,PP
युद्धाची,NOUN
गोष्ट16,NOUN
डिसेंबर,NOUN
2023,NUM
अमेरिकेनं,NOUN
सातवं,NOUN
आरमार,NOUN
पाठवलं,NOUN
तरी,NOUN
इंदिरा,NOUN
गांधी,NOUN
डगमगल्या,NOUN
नव्हत्या,NOUN
वाचा,NOUN
1971,NUM
च्या,PP
युद्धाची,NOUN
गोष्ट,NOUN
मराठी,NOUN
नाट्यसृष्टीतील,NOUN
एक,PART
मोठं,NOUN
नाव,NOUN
म्हणजे,NOUN
विजया,NOUN
मेहता,NOUN
अनेक,NOUN
दिग्गजांनी,NOUN
त्यांच्याकडून,NOUN
नाटकाचे,NOUN
धडे,NOUN
घेतले,VERB
आहेत,NOUN
त्यामुळे,NOUN
त्यांना,NOUN
चालतं,NOUN
बोलतं,NOUN
विद्यापीठ,NOUN
म्हटलं,NOUN
जातं,NOUN
आज,PART
4,NUM
नोव्हेंबर,NOUN
विजया,NOUN
मेहता,NOUN
यांचा,NOUN
जन्मदिन,NOUN
त्यानिमित्ताने,PP
त्यांच्या,PP
कारकिर्दीचा,NOUN
आढावा,NOUN
घेणारा,NOUN
लेख,NOUN
पुन्हा,NOUN
प्रसिद्ध,NOUN
करत,NOUN
आहोत,NOUN
अपघात,NOUN
घडतच,NOUN
असतात,VERB
पण,PART
ते,PART
पकडणं,NOUN
हे,PART
आपल्या,NOUN
हातात,VERB
असतं,NOUN
मी,PART
ते,PART
पकडले,VERB
काही,NOUN
व्यक्ती,NOUN
या,PART
आपल्या,NOUN
क्षेत्रात,NOUN
शिखर,NOUN
गाठतात,VERB
पण,PART
शिखरावर,PP
एकासाठीच,NOUN
जागा,NOUN
असते,NOUN
याउलट,NOUN
काहींचा,NOUN
प्रवास,NOUN
हा,PART
पाण्याच्या,PP
प्रवाहासारखा,NOUN
असतो,NOUN
इतर,NOUN
अनेक,NOUN
लहान,NOUN
सहान,NOUN
प्रवाहांना,NOUN
सामावून,NOUN
घेत,NOUN
ते,PART
एक,PART
विस्तृत,NOUN
रुप,NOUN
धारण,NOUN
करतात,VERB
आणि,NOUN
पुढे,NOUN
येणाऱ्यांसाठी,PP
एक,PART
अक्षय्य,NOUN
स्रोत,NOUN
होऊन,NOUN
बसतात,VERB
केवळ,NOUN
मराठीच,NOUN
नाही,NOUN
तर,PART
भारतीय,NOUN
नाट्यसृष्टीला,PP
नवीन,NOUN
आयाम,NOUN
देणाऱ्या,NOUN
आज,PART
प्रथितयश,NOUN
असलेल्या,NOUN
अनेक,NOUN
कलाकारांना,NOUN
रंगभूमीवरची,NOUN
धुळाक्षरं,NOUN
गिरवायला,PP
शिकवणाऱ्या,NOUN
आणि,NOUN
अभिनेत्री,NOUN
दिग्दर्शिका,NOUN
नाट्यप्रशिक्षक,NOUN
अशा,NOUN
अनेक,NOUN
रूपांतून,NOUN
दिसलेल्या,NOUN
विजया,NOUN
मेहता,NOUN
उर्फ,NOUN
बाई,NOUN
यांची,NOUN
गणना,NOUN
दुसऱ्या,NOUN
प्रकारात,NOUN
करता,NOUN
येईल,NOUN
विजया,NOUN
मेहता,NOUN
म्हटलं,NOUN
की,PART
समोर,NOUN
येते,NOUN
ती,PART
खळखळून,NOUN
हसणारी,NOUN
मुद्रा,NOUN
या,PART
चेहऱ्यावरचं,NOUN
हसू,NOUN
अभिनयाखेरीज,NOUN
कधी,NOUN
मावळलंच,NOUN
नसेल,NOUN
असा,NOUN
पाहणाऱ्याचा,NOUN
समज,NOUN
झाला,PP
तर,PART
नवल,NOUN
नाही,NOUN
पण,PART
विजू,NOUN
जयवंत,NOUN
नंतर,NOUN
विजया,NOUN
खोटे,NOUN
आणि,NOUN
त्यानंतर,NOUN
विजया,NOUN
मेहता,NOUN
त्यांचं,NOUN
आयुष्य,NOUN
अनेक,NOUN
आव्हानांनी,NOUN
भरलेलं,NOUN
होतं,NOUN
त्याकडे,PP
वळूच,NOUN
पण,PART
सुरुवात,NOUN
विजू,NOUN
जयवंतच्या,PP
रंगभूमीवरच्या,PP
एन्ट्रीपासून,NOUN
विजू,NOUN
जयवंतचं,NOUN
रंगभूमीवर,PP
पदार्पण,NOUN
दत्तात्रेय,NOUN
जयवंत,NOUN
आणि,NOUN
भुराबाईंच्या,PP
पोटी,NOUN
बडोद्यात,NOUN
1934,NUM
मध्ये,PP
विजयाचा,NOUN
जन्म,NOUN
झाला,PP
भावापेक्षा,NOUN
अनेक,NOUN
वर्षांनी,NOUN
लहान,NOUN
असलेली,VERB
विजू,NOUN
घरात,NOUN
सगळ्यांची,NOUN
लाडकी,NOUN
बेबी,NOUN
त्यांचे,NOUN
वडील,NOUN
थिओसॉफिकल,NOUN
सोसायटीत,NOUN
ॲनी,NOUN
बेझंट,NOUN
यांचे,NOUN
सेक्रेटरी,NOUN
त्या,NOUN
अगदी,NOUN
लहान,NOUN
असताना,NOUN
वडिलांचं,NOUN
निधन,NOUN
झालं,NOUN
एकत्र,NOUN
कुटुंबात,NOUN
आई,PART
बायजी,NOUN
ने,PART
मोठ्या,NOUN
मायेने,PP
आणि,NOUN
शिस्तीने,PP
वाढवलेल्या,NOUN
विजूतला,PP
चिकित्सकपणा,NOUN
तरुण,NOUN
वयातच,NOUN
दिसायला,PP
लागला,PP
होता,NOUN
रॉयिस्ट,NOUN
विचारसरणी,NOUN
स्वातंत्र्यप्राप्तीच्या,PP
काळात,NOUN
गांधीजींची,NOUN
चळवळ,NOUN
पुढे,NOUN
राष्ट्र,NOUN
सेवा,NOUN
दल,PART
अशी,NOUN
वैचारिक,NOUN
मशागत,NOUN
होत,NOUN
त्यांची,NOUN
बैठक,NOUN
पक्की,NOUN
होत,NOUN
होती,NOUN
विल्सन,NOUN
कॉलेजात,NOUN
राज्यशास्त्र,NOUN
आणि,NOUN
अर्थशास्त्र,NOUN
असे,NOUN
विषय,NOUN
घेऊन,NOUN
पदवीचा,NOUN
अभ्यासक्रम,NOUN
सुरू,NOUN
असताना,NOUN
नामांकित,NOUN
समीक्षक,NOUN
वा,PART
ल,PART
कुलकर्णी,NOUN
हे,PART
विजया,NOUN
जयवंत,NOUN
यांचे,NOUN
प्राध्यापक,NOUN
वाङ्मय,NOUN
मंडळाच्या,PP
कुठल्याशा,NOUN
कार्यक्रमात,NOUN
एका,NOUN
उताऱ्याचं,NOUN
चांगलं,NOUN
वाचन,NOUN
केल्यामुळे,NOUN
वा,PART
ल,PART
कुलकर्णी,NOUN
यांनी,NOUN
आपल्या,NOUN
विद्यार्थिनीला,PP
नाटकात,NOUN
काम,NOUN
करण्याची,NOUN
सूचना,NOUN
केली,VERB
विजयाबाई,NOUN
ज्या,NOUN
अपघातां,NOUN
बद्दल,NOUN
अनेकदा,NOUN
बोलतात,VERB
त्यातलाच,NOUN
हा,PART
एक,PART
सुरुवातीचा,NOUN
अपघात,NOUN
भारतीय,NOUN
विद्या,NOUN
भवन,NOUN
साहित्य,NOUN
संघ,NOUN
असं,NOUN
करत,NOUN
हा,PART
प्रवास,NOUN
पुढे,NOUN
बहरत,NOUN
जाणार,NOUN
होता,NOUN
अभिनेत्री,NOUN
दिग्दर्शिका,NOUN
आणि,NOUN
बाई,NOUN
आधी,NOUN
भारतीय,NOUN
विद्या,NOUN
भवन,NOUN
आणि,NOUN
नंतर,NOUN
मुंबई,NOUN
मराठी,NOUN
साहित्य,NOUN
संघाच्या,PP
नाटकांमधून,NOUN
विजया,NOUN
जयवंत,NOUN
हे,PART
नाव,NOUN
झळकू,NOUN
लागलं,NOUN
लवकरच,NOUN
या,PART
अभिनयाला,PP
आणखी,NOUN
पैलू,NOUN
पाडणाऱ्या,NOUN
गुरूचं,NOUN
आगमन,NOUN
व्हायचं,NOUN
होतं,NOUN
ते,PART
गुरू,NOUN
होते,NOUN
इब्राहिम,NOUN
अल्काझी,NOUN
इब्राहिम,NOUN
अल्काझी,NOUN
हे,PART
नॅशनल,NOUN
स्कूल,NOUN
ऑफ,PART
ड्रामा,NOUN
चे,PART
संस्थापक,NOUN
एक,PART
वर्ष,NOUN
अल्काझींकडे,PP
प्रशिक्षण,NOUN
घेत,NOUN
असताना,NOUN
मराठी,NOUN
नाटकात,NOUN
काम,NOUN
करायचं,NOUN
नाही,NOUN
असा,NOUN
त्यांचा,NOUN
दंडक,NOUN
पण,PART
या,PART
एका,NOUN
वर्षात,NOUN
एक,PART
अभिनेत्री,NOUN
आणि,NOUN
एक,PART
दिग्दर्शक,NOUN
म्हणून,NOUN
विजया,NOUN
जयवंतांच्या,PP
व्यक्तिमत्वाला,PP
पैलू,NOUN
पडत,NOUN
होते,NOUN
अल्काझींची,NOUN
तालमीची,NOUN
पद्धत,NOUN
त्यातली,VERB
शिस्त,NOUN
या,PART
सगळ्याचा,NOUN
प्रभाव,NOUN
विजयाबाईंवर,PP
आजतागायत,NOUN
राहिलाय,NOUN
अल्काझींकडून,NOUN
एक,PART
वर्ष,NOUN
शिकून,NOUN
आल्यानंतर,NOUN
त्यांनी,NOUN
पुन्हा,NOUN
साहित्य,NOUN
संघाच्या,PP
नाटकांमध्ये,PP
कामं,NOUN
करायला,PP
सुरुवात,NOUN
केली,VERB
अशातच,NOUN
नाट्यक्षेत्रासंबंधी,NOUN
एका,NOUN
सरकारी,NOUN
शिष्यवृत्तीसाठी,PP
त्यांचं,NOUN
नाव,NOUN
सुचवलं,NOUN
गेलं,NOUN
आणि,NOUN
आणखी,NOUN
दोन,NOUN
गुरुंशी,NOUN
त्यांची,NOUN
गाठ,NOUN
पडली,VERB
इंडियन,NOUN
ॲकॅडमी,NOUN
ऑफ,PART
ड्रामॅटिक,NOUN
आर्ट्स,NOUN
IADA,NOUN
या,PART
संस्थेत,NOUN
दोन,NOUN
वर्षांचा,NOUN
नाट्यअभ्यासक्रम,NOUN
त्यांनी,NOUN
अदी,NOUN
मर्झबान,NOUN
आणि,NOUN
दुर्गाबाई,NOUN
खोटे,NOUN
या,PART
दोघांकडे,PP
सुरू,NOUN
केला,PP
हे,PART
दोघे,NOUN
विजू,NOUN
जयवंतांच्या,PP
कारकीर्दीत,NOUN
आणि,NOUN
वैयक्तिक,NOUN
आयुष्यातही,NOUN
महत्त्वाची,NOUN
भूमिका,NOUN
बजावणार,NOUN
होते,NOUN
आयएडीएच्या,PP
पहिल्या,NOUN
वर्षात,NOUN
अभिनयावर,PP
भर,PART
होता,NOUN
चेहऱ्याला,PP
रंग,NOUN
लागलेल्या,NOUN
आणि,NOUN
प्रेक्षकांची,NOUN
दाद,NOUN
आणि,NOUN
टाळ्या,NOUN
मिळवलेल्या,NOUN
कुणाही,NOUN
व्यक्तीला,PP
आपण,NOUN
सतत,NOUN
पडद्यासमोर,NOUN
असावं,NOUN
असं,NOUN
वाटलं,NOUN
तर,PART
त्यात,NOUN
वावगं,NOUN
काही,NOUN
नाही,NOUN
पण,PART
विजू,NOUN
जयवंत,NOUN
हे,PART
पात्र,NOUN
केवळ,NOUN
अभिनेत्रीची,NOUN
भूमिका,NOUN
वठवून,NOUN
थांबणारं,NOUN
नव्हतं,NOUN
दुसऱ्या,NOUN
वर्षी,NOUN
त्यांनी,NOUN
दिग्दर्शनाकडेही,NOUN
वळावं,NOUN
असं,NOUN
दुर्गाबाई,NOUN
खोटेंनी,NOUN
त्यांना,NOUN
सुचवलं,NOUN
या,PART
कामात,NOUN
अधिक,NOUN
वेळ,NOUN
खर्चावा,NOUN
लागतो,NOUN
त्यामुळे,NOUN
घरची,NOUN
परवानगी,NOUN
घेऊन,NOUN
मगच,NOUN
सुरुवात,NOUN
कर,PART
असाही,NOUN
सल्ला,PP
दुर्गाबाईंनी,NOUN
विजू,NOUN
ला,PART
दिला,PP
अदी,NOUN
मर्झबान,NOUN
यांनी,NOUN
दिलेला,PP
एक,PART
धडा,NOUN
विजयाबाईंनी,NOUN
आपल्या,NOUN
झिम्मा,NOUN
या,PART
आत्मचरित्रात,NOUN
लिहिलाय,NOUN
नाटकाचा,NOUN
प्रयोग,NOUN
लोकांपुढे,NOUN
मांडण्याचं,NOUN
काम,NOUN
नटाचं,NOUN
नाटकाचा,NOUN
आशय,NOUN
घेऊन,NOUN
तो,PART
भरारी,NOUN
घेतो,NOUN
विंगेत,NOUN
उभं,NOUN
राहून,NOUN
दिग्दर्शक,NOUN
आपल्या,NOUN
नटाची,NOUN
भरारी,NOUN
पाहात,NOUN
असतो,NOUN
नट,PART
दिग्दर्शकाचं,NOUN
नातं,NOUN
हे,PART
असं,NOUN
असतं,NOUN
ते,PART
लक्षात,NOUN
ठेवायचं,NOUN
म्हणजे,NOUN
तुझे,NOUN
नट,PART
रंगमंचावर,PP
कळसूत्री,NOUN
बाहुल्यांसारखे,NOUN
वावरणार,NOUN
नाहीत,NOUN
दिग्दर्शक,NOUN
जितका,NOUN
संवेदनशील,NOUN
तेवढ्या,NOUN
मुक्त,NOUN
आणि,NOUN
उंच,NOUN
भराऱ्या,NOUN
त्याच्या,PP
नटांच्या,PP
या,PART
तत्त्वाचा,NOUN
अंगीकार,NOUN
विजया,NOUN
मेहतांच्या,PP
शैलीत,NOUN
दिसतो,NOUN
दूरदर्शनच्या,PP
थिएटर,NOUN
डिरेक्टर्स,NOUN
ॲट,PART
वर्क,NOUN
या,PART
कार्यक्रमात,NOUN
बोलताना,NOUN
त्यांनी,NOUN
म्हटलं,NOUN
होतं,NOUN
प्रयोग,NOUN
हा,PART
अभिनेता,NOUN
आणि,NOUN
अभिनेत्रीचा,NOUN
असतो,NOUN
दिग्दर्शकाचा,NOUN
नाही,NOUN
आणि,NOUN
लेखकाचाही,NOUN
नाही,NOUN
यासाठी,PP
मी,PART
एक,PART
करते,NOUN
पात्र,NOUN
आणि,NOUN
अभिनेता,NOUN
यांचा,NOUN
पूर्ण,NOUN
मेळ,NOUN
झाला,PP
पाहिजे,NOUN
यात,NOUN
मी,PART
गाईड,NOUN
करू,NOUN
शकते,NOUN
पण,PART
हे,PART
प्रत्यक्षात,NOUN
त्यांनाच,NOUN
करायचं,NOUN
असतं,NOUN
मी,PART
खूप,NOUN
इम्प्रोव्हायझेशन्स,NOUN
करते,NOUN
ज्यातून,NOUN
त्यांना,NOUN
हे,PART
पात्र,NOUN
चालेल,NOUN
कसं,NOUN
बोलेल,NOUN
कसं,NOUN
हे,PART
कळू,NOUN
शकेल,NOUN
हे,PART
त्यांनाच,NOUN
करावं,NOUN
लागेल,NOUN
त्याशिवाय,NOUN
तो,PART
शोध,NOUN
कसा,NOUN
लागणार,NOUN
विजयाबाई,NOUN
आणि,NOUN
विजय,NOUN
तेंडुलकर,NOUN
या,PART
जोडीने,PP
अनेक,NOUN
दर्जेदार,NOUN
नाटकं,NOUN
दिली,VERB
यातलं,NOUN
पहिलं,NOUN
नाटक,NOUN
होतं,NOUN
कुमारी,NOUN
मातांचा,NOUN
नाजूक,NOUN
विषय,NOUN
हाताळणारं,NOUN
श्रीमंत,NOUN
राज्य,NOUN
नाट्यस्पर्धेसाठी,PP
21,NUM
वर्षांची,NOUN
विजया,NOUN
आपल्यापेक्षा,NOUN
वयाने,PP
मोठ्या,NOUN
संचाला,PP
दिग्दर्शित,NOUN
करणार,NOUN
होती,NOUN
संचातले,VERB
अनेक,NOUN
जण,PART
त्यांना,NOUN
विजू,NOUN
म्हणूनच,NOUN
संबोधायचे,NOUN
विजय,NOUN
तेंडुलकरांनी,NOUN
मात्र,NOUN
विजू,NOUN
ऐवजी,NOUN
बाई,NOUN
असं,NOUN
आदरार्थी,NOUN
संबोधन,NOUN
वापरलं,NOUN
आणि,NOUN
हे,PART
बिरुद,NOUN
कायमचं,NOUN
त्यांच्यासोबत,NOUN
राहिलं,NOUN
विजया,NOUN
जयवंत,NOUN
ते,PART
विजया,NOUN
खोटे,NOUN
आयएडीएमध्ये,PP
दुर्गा,NOUN
खोटेंकडे,PP
विजया,NOUN
जयवंतचं,NOUN
प्रशिक्षण,NOUN
सुरू,NOUN
असतानाच,NOUN
घरून,NOUN
लग्नाचा,NOUN
आग्रह,NOUN
सुरू,NOUN
होताच,NOUN
एखाद्या,NOUN
व्यक्तीची,NOUN
औपचारिक,NOUN
भेट,NOUN
घेऊन,NOUN
आयुष्य,NOUN
एकत्र,NOUN
घालवण्याचा,NOUN
निर्णय,NOUN
कसा,NOUN
घ्यायचा,NOUN
असा,NOUN
विजयाबाईंना,NOUN
प्रश्न,NOUN
पडला,PP
होता,NOUN
दुर्गा,NOUN
खोटेंनी,NOUN
इथे,NOUN
एक,PART
उपाय,NOUN
सुचवला,PP
त्यांचा,NOUN
मुलगा,NOUN
हरीन,NOUN
याला,PP
विजयाने,PP
अनौपचारिकपणे,NOUN
भेटावं,NOUN
दोघांनी,NOUN
मनमोकळेपणानं,NOUN
बोलावं,NOUN
त्यातून,NOUN
पुढे,NOUN
काही,NOUN
झालं,NOUN
तर,PART
ठीक,NOUN
नाही,NOUN
झालं,NOUN
तरी,NOUN
ठीक,NOUN
विजया,NOUN
आणि,NOUN
हरीन,NOUN
यांची,NOUN
मुंबईत,NOUN
भेट,NOUN
झाली,VERB
मनमोकळ्या,NOUN
गप्पा,NOUN
झाल्या,NOUN
आणि,NOUN
विजया,NOUN
जयवंत,NOUN
ची,PART
विजया,NOUN
खोटे,NOUN
झाली,VERB
गुरुबरोबरच,NOUN
दुर्गाबाईंनी,NOUN
सासूचीही,NOUN
जागा,NOUN
घेतली,VERB
टेल्कोमध्ये,PP
बड्या,NOUN
हुद्द्यावर,PP
असलेल्या,NOUN
हरीन,NOUN
यांच्यासोबत,NOUN
लग्न,NOUN
केल्यानंतर,NOUN
विजया,NOUN
खोटे,NOUN
जमशेटपूरला,PP
गेल्या,NOUN
तिथे,NOUN
असलेल्या,NOUN
मराठी,NOUN
जनांना,NOUN
एकत्र,NOUN
करून,NOUN
त्यांनी,NOUN
नाटकही,NOUN
बसवलं,NOUN
पण,PART
केवळ,NOUN
हौसेखातर,NOUN
काहीतरी,NOUN
करणं,NOUN
त्यांना,NOUN
मानवणारं,NOUN
नव्हतं,NOUN
आपण,NOUN
नाट्यवर्तुळ,NOUN
सोडून,NOUN
इथे,NOUN
काय,NOUN
करतोय,NOUN
हा,PART
प्रश्न,NOUN
विजयाबाईंना,NOUN
सतत,NOUN
सलत,NOUN
होता,NOUN
झिम्मा,NOUN
मध्ये,PP
विजयाबाईंनी,NOUN
याबाबत,NOUN
सविस्तर,NOUN
वर्णन,NOUN
केलंय,NOUN
जमशेटपुरात,NOUN
मन,PART
रमत,NOUN
नाही,NOUN
आणि,NOUN
तब्येत,NOUN
खालावते,NOUN
हे,PART
लक्षात,NOUN
आल्यानंतर,NOUN
पती,NOUN
हरीन,NOUN
आणि,NOUN
सासू,NOUN
दुर्गाबाईंनी,NOUN
त्यांच्या,PP
मुंबईच्या,PP
परतीची,NOUN
तयारी,NOUN
सुरू,NOUN
केली,VERB
चार,NOUN
महिन्यांच्या,PP
गरोदर,NOUN
असलेल्या,NOUN
विजयाबाईंनी,NOUN
मुंबईत,NOUN
परतताच,NOUN
टागोर,NOUN
महोत्सव,NOUN
आणि,NOUN
इतर,NOUN
नाटकांची,NOUN
तयारी,NOUN
सुरू,NOUN
केली,VERB
रंगायन,NOUN
पर्वाची,NOUN
ही,PART
पायाभरणी,NOUN
होती,NOUN
नाट्यनिर्मितीचा,NOUN
रेनेसॉ,NOUN
रंगायन,NOUN
कुठेतरी,NOUN
एकत्र,NOUN
काम,NOUN
करणाऱ्या,NOUN
समविचारी,NOUN
मंडळींनी,NOUN
आपण,NOUN
एकत्रितपणे,NOUN
काहीतरी,NOUN
उभं,NOUN
केलं,NOUN
पाहिजे,NOUN
असं,NOUN
म्हणणं,NOUN
ही,PART
गोष्ट,NOUN
तशी,NOUN
फारच,NOUN
क्लिशे,NOUN
मराठी,NOUN
नाट्यवर्तुळातही,NOUN
या,PART
चर्चा,NOUN
अनेकदा,NOUN
झडत,NOUN
आल्या,NOUN
आहेत,NOUN
पण,PART
एकत्र,NOUN
येऊन,NOUN
काही,NOUN
उभं,NOUN
करायचं,NOUN
तर,PART
त्यामागची,NOUN
वैचारिक,NOUN
बैठक,NOUN
स्पष्ट,NOUN
असली,VERB
पाहिजे,NOUN
असा,NOUN
बाईंचा,NOUN
आग्रह,NOUN
1960,NUM
साली,VERB
रंगायन,NOUN
ची,PART
औपचारिक,NOUN
स्थापना,NOUN
झाली,VERB
संपादक,NOUN
आणि,NOUN
समीक्षक,NOUN
श्री,NOUN
पु,PART
भागवत,NOUN
यांनी,NOUN
अध्यक्षपद,NOUN
स्वीकारलं,NOUN
मुंबईतल्या,NOUN
ज्या,NOUN
भुलाभाई,NOUN
इन्स्टिट्यूटमध्ये,PP
तरुणपणीची,NOUN
विजू,NOUN
नाटकाचे,NOUN
धडे,NOUN
गिरवत,NOUN
होती,NOUN
तिथूनच,NOUN
आता,NOUN
विजया,NOUN
खोटे,NOUN
एका,NOUN
नाट्यसंस्थेची,NOUN
सुरुवात,NOUN
करत,NOUN
होत्या,NOUN
प्रयोगशीलता,NOUN
नाविन्य,NOUN
आणि,NOUN
सामाजिक,NOUN
बांधिलकी,NOUN
ही,PART
मूल्यं,NOUN
रंगायनसाठी,PP
महत्त्वाची,NOUN
होती,NOUN
रंगायन,NOUN
ची,PART
वेगवेगळी,NOUN
वलयं,NOUN
प्रत्येक,NOUN
वलयाकडे,PP
वेगवेगळी,NOUN
जबाबदारी,NOUN
सर्वांत,NOUN
मोठं,NOUN
वलय,NOUN
एक,PART
हजार,NOUN
सभासद,NOUN
प्रेक्षकांचं,NOUN
वार्षिक,NOUN
10,NUM
रुपये,NOUN
वर्गणी,NOUN
देऊन,NOUN
झालेले,VERB
सभासद,NOUN
वर्षात,NOUN
कमीत,NOUN
कमी,NOUN
सहा,NOUN
ते,PART
आठ,PART
कार्यक्रम,NOUN
याची,NOUN
रुपरेषा,NOUN
आखून,NOUN
त्याबरहुकुम,NOUN
पार,NOUN
पाडण्याची,NOUN
जबाबदारी,NOUN
वेगवेगळ्या,NOUN
वर्तुळातल्या,NOUN
लोकांवर,PP
प्रत्येक,NOUN
सभासदाच्या,PP
मताला,PP
सूचनांना,NOUN
समान,NOUN
मूल्य,NOUN
असावं,NOUN
ही,PART
मूळ,NOUN
धारणा,NOUN
मराठी,NOUN
नाट्यसृष्टीतल्या,NOUN
या,PART
काळाला,PP
बाई,NOUN
रेनेसॉ,NOUN
म्हणजे,NOUN
पुनरुज्जीवनाचा,NOUN
काळ,NOUN
मानतात,VERB
आणि,NOUN
त्याबद्दल,NOUN
अनेकदा,NOUN
भरभरून,NOUN
बोलतात,VERB
रंगायनने,PP
केलेल्या,NOUN
नाटकांमध्ये,PP
केवळ,NOUN
विषयाचंच,NOUN
नाही,NOUN
तर,PART
शैली,VERB
आणि,NOUN
प्रयोगातही,NOUN
वैविध्य,NOUN
होतं,NOUN
1970,NUM
पर्यंत,NOUN
रंगायन,NOUN
सुरू,NOUN
होती,NOUN
1970,NUM
मध्ये,PP
संस्थेच्या,PP
सभासदांमध्ये,PP
टोकाचे,NOUN
मतभेद,NOUN
झाले,VERB
आणि,NOUN
संस्था,NOUN
फुटली,VERB
1972,NUM
साली,VERB
रंगायन,NOUN
औपचारिकपणे,NOUN
बंद,NOUN
झाली,VERB
अनेक,NOUN
वर्षांनंतर,NOUN
एका,NOUN
मुलाखतीत,NOUN
रंगायनबद्दल,NOUN
बोलताना,NOUN
विजया,NOUN
मेहतांनी,NOUN
म्हटलं,NOUN
होतं,NOUN
ज्यात,NOUN
जीव,NOUN
आहे,NOUN
स्पंदन,NOUN
आहे,NOUN
जी,PART
संस्था,NOUN
नाही,NOUN
चळवळ,NOUN
आहे,NOUN
तिचा,NOUN
जन्म,NOUN
होतो,NOUN
शिखर,NOUN
गाठते,NOUN
आणि,NOUN
ती,PART
लयाला,PP
जाते,NOUN
म्हणूनच,NOUN
रंगायनने,PP
जसं,NOUN
आपलं,NOUN
उद्दिष्ट,NOUN
साध्य,NOUN
केलं,NOUN
ती,PART
लयाला,PP
गेली,VERB
वैयक्तिक,NOUN
आयुष्यातल्या,NOUN
अत्यंत,NOUN
संवेदनशील,NOUN
टप्प्यावर,PP
रंगायनचं,NOUN
प्रकरण,NOUN
संपत,NOUN
होतं,NOUN
पण,PART
हा,PART
अनुभव,NOUN
पुढे,NOUN
जाऊन,NOUN
त्यांना,NOUN
आणखी,NOUN
काही,NOUN
ठिकाणी,NOUN
कामी,NOUN
येणार,NOUN
होता,NOUN
विजया,NOUN
खोटे,NOUN
ते,PART
विजया,NOUN
मेहता,NOUN
हरीन,NOUN
खोटे,NOUN
यांच्याबरोबर,NOUN
संसार,NOUN
थाटून,NOUN
पाच,NOUN
वर्षंही,NOUN
झाली,VERB
नसतील,NOUN
अशात,NOUN
हरीन,NOUN
यांचा,NOUN
वयाच्या,PP
छत्तीसाव्या,NOUN
वर्षी,NOUN
अकस्मात,NOUN
मृत्यू,NOUN
झाला,PP
पदरात,NOUN
दोन,NOUN
लहान,NOUN
मुलं,NOUN
असताना,NOUN
विजयाबाईंना,NOUN
वैधव्य,NOUN
आलं,NOUN
पतीचं,NOUN
जग,PART
सोडणं,NOUN
आणि,NOUN
आपल्या,NOUN
हाताने,PP
उभ्या,NOUN
केलेल्या,NOUN
संस्थेचा,NOUN
लय,PART
अशा,NOUN
दोन्ही,NOUN
गोष्टी,NOUN
पाठोपाठ,NOUN
घडत,NOUN
होत्या,NOUN
या,PART
सगळ्यातून,NOUN
मार्ग,NOUN
काढताना,NOUN
अ,PART
टच,PART
ऑफ,PART
ब्राईटनेस,NOUN
नावाच्या,PP
इंग्रजी,NOUN
नाटकाचा,NOUN
प्रस्ताव,NOUN
त्यांच्याकडे,PP
आला,PP
हे,PART
नाटक,NOUN
लंडनच्या,PP
नाट्यमहोत्सवात,NOUN
व्हायचं,NOUN
होतं,NOUN
काहीतरी,NOUN
नवीन,NOUN
शिकायला,PP
मिळेल,NOUN
म्हणून,NOUN
विजयाबाईंनी,NOUN
हे,PART
नाटक,NOUN
स्वीकारलं,NOUN
याच्या,PP
तालमींच्या,PP
वेळी,NOUN
त्यांची,NOUN
भेट,NOUN
झाली,VERB
फरोख,NOUN
मेहतांशी,NOUN
वेश्यावस्तीतल्या,NOUN
कथानकावर,PP
बेतलेलं,NOUN
हे,PART
नाटक,NOUN
लंडनला,PP
जाऊ,NOUN
शकलं,NOUN
नाही,NOUN
हा,PART
भारतीय,NOUN
संस्कृतीचा,NOUN
घोर,NOUN
अपमान,NOUN
आहे,NOUN
असं,NOUN
म्हणत,NOUN
महाराष्ट्र,NOUN
सरकारने,PP
सर्व,NOUN
कलाकारांचे,NOUN
पासपोर्ट,NOUN
रद्द,NOUN
करण्याचं,NOUN
फर्मान,NOUN
काढल्याचं,NOUN
विजयाबाई,NOUN
झिम्मा,NOUN
मध्ये,PP
लिहितात,VERB
एक,PART
दार,NOUN
बंद,NOUN
झालं,NOUN
होतं,NOUN
पण,PART
फरोख,NOUN
यांची,NOUN
ओळख,NOUN
या,PART
कृष्णमेघाची,NOUN
चंदेरी,NOUN
किनार,NOUN
होती,NOUN
कॅडबरी,NOUN
कंपनीत,NOUN
मोठ्या,NOUN
पदावर,PP
काम,NOUN
करणाऱ्या,NOUN
फरोख,NOUN
यांना,NOUN
मुलांचा,NOUN
लळा,NOUN
विजयाबाईंच्या,PP
दोन्ही,NOUN
मुलांशी,NOUN
त्यांचा,NOUN
स्नेह,NOUN
जुळला,PP
आणि,NOUN
हळूहळू,NOUN
मुलांनी,NOUN
त्यांना,NOUN
आपल्या,NOUN
वडिलांची,NOUN
जागा,NOUN
दिली,VERB
आणि,NOUN
विजया,NOUN
खोटेंच्या,PP
विजया,NOUN
मेहता,NOUN
झाल्या,NOUN
कामानिमित्ताने,PP
फरोख,NOUN
यांना,NOUN
दोन,NOUN
वर्षांसाठी,PP
सहपरिवार,NOUN
लंडनला,PP
जाण्याचा,NOUN
योग,NOUN
आला,PP
आंतरराष्ट्रीय,NOUN
नाटकांशी,NOUN
परिचय,NOUN
आणि,NOUN
प्रयोगाचं,NOUN
विजया,NOUN
मेहतांचं,NOUN
स्वप्न,NOUN
अशाप्रकारे,NOUN
सत्यात,NOUN
उतरत,NOUN
होतं,NOUN
आंतरराष्ट्रीय,NOUN
नाट्यानुभव,NOUN
आणि,NOUN
NCPA,NOUN
इंग्लंडमध्ये,PP
त्यांची,NOUN
नवीन,NOUN
नाटकारांशी,NOUN
आणि,NOUN
नाटकांच्या,PP
नव्या,NOUN
शैलींशी,NOUN
ओळख,NOUN
झाली,VERB
मुंबईत,NOUN
असताना,NOUN
पाश्चात्य,NOUN
शैलींचा,NOUN
वापर,NOUN
करून,NOUN
मराठी,NOUN
नाटकात,NOUN
त्या,NOUN
नवे,NOUN
प्रयोग,NOUN
करत,NOUN
होत्या,NOUN
पण,PART
लंडनमध्ये,PP
त्यांना,NOUN
त्यांची,NOUN
भारतीय,NOUN
ओळख,NOUN
नव्याने,PP
उमगली,VERB
ऑल्फ्रेड,NOUN
जेरी,NOUN
यांचं,NOUN
उबू,NOUN
रुआ,NOUN
हे,PART
नाटक,NOUN
भारतीय,NOUN
नाट्यशैलीत,NOUN
बसवण्याची,NOUN
असाईनमेंट,NOUN
त्यांना,NOUN
मिळाली,VERB
त्यांनी,NOUN
हे,PART
नाटक,NOUN
थेट,NOUN
तमाशाच्या,PP
शैलीत,NOUN
बसवलं,NOUN
ब्रेश्त,NOUN
या,PART
जर्मन,NOUN
नाटककाराचं,NOUN
देवाजीने,PP
करुणा,NOUN
केली,VERB
हे,PART
भाषांतरित,NOUN
नाटक,NOUN
बाईंनी,NOUN
एके,NOUN
काळी,NOUN
बसवलं,NOUN
होतं,NOUN
पण,PART
तो,PART
प्रयोग,NOUN
जमला,PP
नसल्याचं,NOUN
त्यांचं,NOUN
मत,PART
होतं,NOUN
त्यांची,NOUN
गाठ,NOUN
जेव्हा,NOUN
फ्रिट्झ,NOUN
बेनेव्हिट्झशी,NOUN
पडली,VERB
तेव्हा,NOUN
ब्रेश्तची,NOUN
शैली,VERB
मराठी,NOUN
रंगभूमीवर,PP
आणण्याचा,NOUN
दुसरा,NOUN
प्रयोग,NOUN
सुरू,NOUN
झाला,PP
कॉकेशियन,NOUN
चॉक,NOUN
सर्कल,NOUN
या,PART
जर्मन,NOUN
नाटकाचा,NOUN
चिं,NOUN
त्र्यं,NOUN
खानोलकर,NOUN
यांनी,NOUN
अनुवाद,NOUN
करून,NOUN
अजब,NOUN
न्याय,NOUN
वर्तुळाचा,NOUN
जन्माला,PP
आलं,NOUN
1973,NUM
साली,VERB
भारत,NOUN
आणि,NOUN
पूर्व,NOUN
जर्मनी,NOUN
म्हणजे,NOUN
जर्मन,NOUN
डेमोक्रॅटिक,NOUN
रिपब्लिक,NOUN
या,PART
दोन,NOUN
देशांमधल्या,NOUN
सांस्कृतिक,NOUN
देवाणघेवाणीच्या,PP
कराराअंतर्गत,NOUN
या,PART
नाटकाचे,NOUN
जर्मनी,NOUN
आणि,NOUN
भारतात,VERB
प्रयोग,NOUN
झाले,VERB
अशा,NOUN
प्रकारचा,NOUN
हा,PART
पहिलाच,NOUN
प्रसंग,NOUN
जर्मनीतल्या,NOUN
पंधरा,NOUN
सोळा,NOUN
प्रयोगांमध्ये,PP
तिथल्या,NOUN
प्रेक्षकांनी,NOUN
हे,PART
नाटक,NOUN
अक्षरशः,NOUN
डोक्यावर,PP
घेतलं,NOUN
भास्कर,NOUN
चंदावरकर,NOUN
यांची,NOUN
संगीत,NOUN
योजना,NOUN
या,PART
नाटकात,NOUN
होती,NOUN
वायमार,NOUN
इथे,NOUN
झालेल्या,NOUN
प्रयोगानंतरचा,NOUN
कर्टन,NOUN
कॉल,NOUN
15,NUM
मिनिटं,NOUN
चालला,PP
अशी,NOUN
आठवण,NOUN
खुद्द,NOUN
विजयाबाईंनी,NOUN
सांगितली,VERB
आहे,NOUN
रंगभूमीवरील,NOUN
प्रयोग,NOUN
संपल्यानंतर,NOUN
सर्व,NOUN
कलाकार,NOUN
पुन्हा,NOUN
स्टेजवर,PP
येऊन,NOUN
रसिकांना,NOUN
अभिवादन,NOUN
करतात,VERB
आणि,NOUN
रसिक,NOUN
त्यांना,NOUN
दाद,NOUN
देतात,VERB
याला,PP
कर्टन,NOUN
कॉल,NOUN
म्हटले,VERB
जाते,NOUN
1973,NUM
पासून,NOUN
त्या,NOUN
व्यावसायिक,NOUN
किंवा,NOUN
त्यांच्याच,NOUN
शब्दांत,NOUN
सांगायचं,NOUN
तर,PART
लोकमान्य,NOUN
रंगभूमीकडे,PP
वळल्या,NOUN
मला,PP
उत्तर,NOUN
हवंय,NOUN
जास्वंदी,NOUN
अखेरचा,NOUN
सवाल,NOUN
हमीदाबाईची,NOUN
कोठी,NOUN
अशी,NOUN
त्यांनी,NOUN
रंगभूमीवर,PP
आणलेली,VERB
अनेक,NOUN
नाटकं,NOUN
गाजली,VERB
यादरम्यान,NOUN
त्यांनी,NOUN
अनेक,NOUN
परदेश,NOUN
दौरेही,NOUN
केले,VERB
कालिदासाच्या,PP
शाकुंतल,NOUN
चे,PART
जर्मन,NOUN
भाषेत,NOUN
जर्मन,NOUN
कलाकारांसह,NOUN
प्रयोग,NOUN
झाले,VERB
आणि,NOUN
तिथे,NOUN
हे,PART
नाटक,NOUN
डोक्यावर,PP
घेतलं,NOUN
गेलं,NOUN
याखेरीज,NOUN
मुद्राराक्षस,NOUN
हयवदन,NOUN
नागमंडल,NOUN
अशी,NOUN
नाटकंही,NOUN
जर्मन,NOUN
रंगभूमीवर,PP
अवतरली,VERB
केवळ,NOUN
जर्मनीच,NOUN
नव्हे,NOUN
तर,PART
पोलंड,NOUN
इंग्लंडमध्येही,NOUN
या,PART
नाटकांचे,NOUN
दौरे,NOUN
झाले,VERB
1986,NUM
साली,VERB
त्यांनी,NOUN
मराठी,NOUN
नाट्यपरिषदेचं,NOUN
अध्यक्षपद,NOUN
भूषवलं,NOUN
1988,NUM
ते,PART
1992,NUM
हा,PART
चार,NOUN
वर्षांचा,NOUN
काळ,NOUN
राष्ट्रीय,NOUN
नाट्य,NOUN
विद्यालयाच्या,PP
संचालक,NOUN
म्हणून,NOUN
काम,NOUN
केलं,NOUN
1993,NUM
साली,VERB
मुंबईतल्या,NOUN
NCPA,NOUN
म्हणजे,NOUN
राष्ट्रीय,NOUN
संगीत,NOUN
नृत्य,NOUN
नाट्य,NOUN
केंद्राची,NOUN
संचालकपदाची,NOUN
जबाबदारी,NOUN
उचलली,VERB
विजया,NOUN
मेहता,NOUN
म्हटलं,NOUN
की,PART
चटकन,NOUN
नाट्यरंगभूमी,NOUN
डोळ्यापुढे,NOUN
येते,NOUN
त्यांचं,NOUN
प्रमुख,NOUN
काम,NOUN
हे,PART
नाटकांसंबंधी,NOUN
असलं,NOUN
तरी,NOUN
इतर,NOUN
माध्यमांमध्येही,NOUN
त्यांनी,NOUN
तितकंच,NOUN
मोलाचं,NOUN
काम,NOUN
करून,NOUN
ठेवलं,NOUN
हयवदन,NOUN
शांकुतल,NOUN
हवेली,VERB
बुलंद,NOUN
थी,PART
हमीदाबाई,NOUN
की,PART
कोठी,NOUN
या,PART
टेलिफिल्म्स,NOUN
केल्या,NOUN
स्मृतिचित्रे,NOUN
रावसाहेब,NOUN
पेस्तनजी,NOUN
हे,PART
चित्रपट,NOUN
दिग्दर्शित,NOUN
केले,VERB
बॅरिस्टर,NOUN
नाटकावर,PP
बेतलेला,PP
रावसाहेब,NOUN
चित्रपटगृहात,NOUN
कधीच,NOUN
आला,PP
नाही,NOUN
पण,PART
त्याला,PP
सर्वोत्कृष्ट,NOUN
पदार्पण,NOUN
दिग्दर्शकाचा,NOUN
पुरस्कार,NOUN
मिळाला,PP
बॅरिस्टर,NOUN
नाटकात,NOUN
विक्रम,NOUN
गोखलेंनी,NOUN
भूमिका,NOUN
केली,VERB
होती,NOUN
ते,PART
खरंतर,NOUN
बाईंची,NOUN
पहिली,VERB
पसंती,NOUN
नव्हते,NOUN
त्यांच्या,PP
अभिनयाच्या,PP
आणि,NOUN
दिग्दर्शनाच्या,PP
शैलीबद्दल,NOUN
बोलताना,NOUN
लोकसत्ताच्या,PP
आयडिया,NOUN
एक्सचेंज,NOUN
कार्यक्रमात,NOUN
विक्रम,NOUN
गोखलेंनी,NOUN
जास्वंदी,NOUN
नाटकादरम्यानचा,NOUN
अनुभव,NOUN
सांगितला,PP
होता,NOUN
माझा,NOUN
प्रवेश,NOUN
नसायचा,NOUN
तेव्हा,NOUN
मी,PART
विंगेत,NOUN
उभं,NOUN
राहून,NOUN
बाई,NOUN
प्रत्येक,NOUN
वाक्याला,PP
काय,NOUN
करतात,VERB
त्यांच्याकडे,PP
वाक्य,NOUN
नाही,NOUN
तेव्हा,NOUN
काय,NOUN
करतात,VERB
हे,PART
पाहायचो,NOUN
त्या,NOUN
घडणाऱ्या,NOUN
गोष्टी,NOUN
कशा,NOUN
ऐकतायत,NOUN
त्यावर,PP
कशी,NOUN
प्रतिक्रिया,NOUN
देतायत,NOUN
आणि,NOUN
मग,PART
कसा,NOUN
अभिनय,NOUN
करतायत,NOUN
हे,PART
मी,PART
शिकलो,NOUN
त्यांनी,NOUN
कधीही,NOUN
खुर्चीतून,NOUN
उठून,NOUN
मी,PART
हे,PART
असं,NOUN
करून,NOUN
दाखवते,NOUN
असं,NOUN
कर,PART
असं,NOUN
जगातल्या,NOUN
कुठल्याही,NOUN
विद्यार्थ्याला,PP
सांगितलं,NOUN
नाही,NOUN
स्मृतिचित्रेला,PP
उत्कृष्ट,NOUN
मराठी,NOUN
चित्रपटाचा,NOUN
राष्ट्रीय,NOUN
पुरस्कार,NOUN
पेस्तनजी,NOUN
चित्रपटाला,PP
सर्वोत्कृष्ट,NOUN
हिंदी,NOUN
चित्रपटाचा,NOUN
राष्ट्रीय,NOUN
पुरस्कार,NOUN
असे,NOUN
अनेक,NOUN
सन्मान,NOUN
त्यांना,NOUN
दिले,VERB
गेले,VERB
1975,NUM
साली,VERB
त्यांना,NOUN
संगीत,NOUN
नाटक,NOUN
अकादमी,NOUN
पुरस्कार,NOUN
तसंच,NOUN
पद्मश्रीनेही,NOUN
गौरव,NOUN
केला,PP
गेला,PP
आपल्या,NOUN
आयुष्यात,NOUN
तीन,NOUN
बायकांचं,NOUN
मोठं,NOUN
योगदान,NOUN
आहे,NOUN
असं,NOUN
त्या,NOUN
आवर्जून,NOUN
सांगतात,VERB
आई,PART
बायजी,NOUN
पहिल्या,NOUN
सासू,NOUN
दुर्गाबाई,NOUN
खोटे,NOUN
आणि,NOUN
दुसऱ्या,NOUN
सासू,NOUN
बापाईजी,NOUN
आई,PART
आणि,NOUN
सासूने,PP
मुलांचा,NOUN
सांभाळ,NOUN
घरच्या,PP
जबाबदाऱ्या,NOUN
यात,NOUN
सतत,NOUN
मदत,NOUN
केल्याने,PP
आपण,NOUN
नाटकात,NOUN
झोकून,NOUN
देऊ,NOUN
शकलो,NOUN
असं,NOUN
त्या,NOUN
मानतात,VERB
आईने,PP
शिस्त,NOUN
आणि,NOUN
नीटनेटकेपणा,NOUN
शिकवला,PP
दुर्गाबाईंचे,NOUN
पतीही,NOUN
त्यांची,NOUN
मुलं,NOUN
लहान,NOUN
असताना,NOUN
वारले,VERB
पण,PART
तरीही,NOUN
न,PART
डगमगता,NOUN
त्यांनी,NOUN
काम,NOUN
सुरू,NOUN
ठेवलं,NOUN
हरीन,NOUN
खोटेंच्या,PP
निधनानंतर,NOUN
त्यांनी,NOUN
सूनेला,PP
कामासाठी,PP
प्रोत्साहनच,NOUN
दिलं,NOUN
विजया,NOUN
खोटेंच्या,PP
विजया,NOUN
मेहता,NOUN
झाल्यानंतर,NOUN
सुरुवातीला,PP
काही,NOUN
काळ,NOUN
दुरावा,NOUN
अबोला,PP
असला,PP
तरी,NOUN
पुढे,NOUN
पुन्हा,NOUN
जवळीक,NOUN
झाली,VERB
फरोख,NOUN
मेहतांची,NOUN
आई,PART
बापाईजीने,PP
बाईंची,NOUN
दोन,NOUN
मुलं,NOUN
आणि,NOUN
धाकटी,NOUN
अनाहिता,NOUN
या,PART
सगळ्यांचा,NOUN
वेळोवेळी,NOUN
सांभाळ,NOUN
करत,NOUN
बाईंसाठी,PP
आंतरराष्ट्रीय,NOUN
राष्ट्रीय,NOUN
जबाबदाऱ्या,NOUN
स्वीकारण्याचा,NOUN
मार्ग,NOUN
मोकळा,NOUN
केला,PP
आपल्या,NOUN
यशात,NOUN
या,PART
तिघींचं,NOUN
आणि,NOUN
इतरही,NOUN
अनेकांचं,NOUN
असलेलं,NOUN
ऋण,PART
विजयाबाई,NOUN
वेळोवेळी,NOUN
न,PART
चुकता,NOUN
व्यक्त,NOUN
करतात,VERB
विजया,NOUN
मेहतांना,NOUN
नाटकाचं,NOUN
चालतं,NOUN
बोलतं,NOUN
विद्यापीठ,NOUN
असं,NOUN
अनेकदा,NOUN
म्हटलं,NOUN
जातं,NOUN
आज,PART
कलाक्षेत्रातले,VERB
अनेक,NOUN
दिग्गज,NOUN
एकेकाळी,NOUN
आपण,NOUN
विजयाबाईंकडे,PP
शिकलोय,NOUN
हे,PART
अभिमानाने,PP
सांगतात,VERB
2014,NUM
साली,VERB
एका,NOUN
कार्यक्रमात,NOUN
नाना,NOUN
पाटेकरांनी,NOUN
म्हटलं,NOUN
होतं,NOUN
आपण,NOUN
नुकतेच,NOUN
उभे,NOUN
राहायला,PP
लागतो,NOUN
तेव्हा,NOUN
नेमकं,NOUN
आमच्या,PP
मुठीत,NOUN
बाईंचं,NOUN
बोट,NOUN
आलं,NOUN
तो,PART
आधार,NOUN
वाटला,PP
आम्हाला,PP
पडू,NOUN
नाही,NOUN
दिलं,NOUN
बाईंनी,NOUN
बोट,NOUN
खाली,VERB
वर,PART
करत,NOUN
आमचा,NOUN
तोल,NOUN
त्यांनी,NOUN
सांभाळला,PP
पण,PART
आम्हाला,PP
वाटलं,NOUN
आम्ही,NOUN
चालतोय,NOUN
पुन्हा,NOUN
दुसरा,NOUN
हात,NOUN
देऊन,NOUN
पांगुळगाडा,NOUN
केला,PP
नाही,NOUN
ज्यावेळी,NOUN
लक्षात,NOUN
आलं,NOUN
ही,PART
मुलं,NOUN
छान,NOUN
चालायला,PP
लागलीयत,NOUN
त्यावेळी,NOUN
अलगद,NOUN
बोट,NOUN
काढून,NOUN
घेतलं,NOUN
पण,PART
आमची,NOUN
मूठ,NOUN
तशीच,NOUN
वळलेली,VERB
होती,NOUN
वयाची,NOUN
नव्वदी,NOUN
गाठलेल्या,NOUN
विजयाबाईंची,NOUN
सतत,NOUN
काहीतरी,NOUN
नवीन,NOUN
शोधत,NOUN
राहण्याची,NOUN
भूमिका,NOUN
हे,PART
त्यांच्या,PP
प्रवासाचं,NOUN
गमक,NOUN
आहे,NOUN
त्यांच्याच,NOUN
शब्दांत,NOUN
सांगायचं,NOUN
तर,PART
मी,PART
विद्यार्थिनी,NOUN
आहे,NOUN
नाटकामधल्या,NOUN
मॅजिकची,NOUN
नाट्य,NOUN
नाट्य,NOUN
ज्याला,PP
लोक,NOUN
म्हणतात,VERB
ते,PART
काय,NOUN
काय,NOUN
पद्धतीनी,NOUN
निर्माण,NOUN
होऊ,NOUN
शकतं,NOUN
हे,PART
आजमावून,NOUN
पाहणं,NOUN
ही,PART
माझी,NOUN
मानसिक,NOUN
कसरत,NOUN
आहे,NOUN
महाराष्ट्राच्या,PP
नायिका,NOUN
सावित्रीबाई,NOUN
फुलेंच्या,PP
सहकारी,NOUN
फातिमा,NOUN
शेख,NOUN
कोण,NOUN
होत्या,NOUN
1,NUM
मे,PART
2025,NUM
महाराष्ट्राच्या,PP
नायिका,NOUN
सावित्रीबाई,NOUN
फुलेंच्या,PP
सहकारी,NOUN
फातिमा,NOUN
शेख,NOUN
कोण,NOUN
होत्या,NOUN
महाराष्ट्राच्या,PP
नायिका,NOUN
दीनबंधु,NOUN
चालवणाऱ्या,NOUN
आणि,NOUN
पहिल्या,NOUN
महिला,PP
मराठी,NOUN
संपादक,NOUN
तानुबाई,NOUN
बिर्जे,NOUN
22,NUM
मे,PART
2025,NUM
महाराष्ट्राच्या,PP
नायिका,NOUN
दीनबंधु,NOUN
चालवणाऱ्या,NOUN
आणि,NOUN
पहिल्या,NOUN
महिला,PP
मराठी,NOUN
संपादक,NOUN
तानुबाई,NOUN
बिर्जे,NOUN
जेव्हा,NOUN
सावित्रीबाई,NOUN
फुलेंनी,NOUN
रोखले,VERB
होते,NOUN
ब्राह्मण,NOUN
युवकाचे,NOUN
लिंचिंग,NOUN
12,NUM
मे,PART
2025,NUM
जेव्हा,NOUN
सावित्रीबाई,NOUN
फुलेंनी,NOUN
रोखले,VERB
होते,NOUN
ब्राह्मण,NOUN
युवकाचे,NOUN
लिंचिंग,NOUN
माझ्या,NOUN
बायकोचा,NOUN
रोबोट,NOUN
हे,PART
माझं,NOUN
रंगमचांवर,PP
नुकतंच,NOUN
आलेलं,NOUN
नाटक,NOUN
बोल्ड,NOUN
विषयावरचं,NOUN
आहे,NOUN
असे,NOUN
काहींना,NOUN
वाटते,NOUN
नाटकात,NOUN
सेक्स,NOUN
टॉय,NOUN
हा,PART
सनसनाटी,NOUN
विषय,NOUN
निवडून,NOUN
मी,PART
मोठे,NOUN
धाडस,NOUN
केलंय,NOUN
असेही,NOUN
अनेकांना,NOUN
वाटू,NOUN
शकते,NOUN
कुणी,NOUN
असे,NOUN
समजेल,NOUN
की,PART
प्रसिद्धीसाठी,PP
मी,PART
या,PART
झोनमध्ये,PP
शिरलेय,NOUN
काही,NOUN
मातब्बर,NOUN
ग्रामीण,NOUN
साहित्यिकांना,NOUN
स्त्रीलेखिकांना,NOUN
हिणविण्यासाठी,PP
एक,PART
तोडांत,NOUN
चघळायचे,NOUN
च्युंगमही,NOUN
यानिमित्ताने,PP
मिळून,NOUN
जाईन,NOUN
त्यांचा,NOUN
तर,PART
शहरी,NOUN
लेखिकांवर,PP
आक्षेप,NOUN
असतो,NOUN
की,PART
यांना,NOUN
सेक्सशिवाय,NOUN
लिहायला,PP
दुसरा,NOUN
विषयच,NOUN
मिळत,NOUN
नाही,NOUN
पण,PART
माझ्यासाठी,PP
दुष्काळ,NOUN
आत्महत्या,NOUN
प्रेमभंग,NOUN
धर्मिक,NOUN
दंगली,VERB
गरीबी,NOUN
जात,NOUN
वर्णव्यवस्था,NOUN
या,PART
विषयांइतकाच,NOUN
सेक्स,NOUN
हा,PART
विषयही,NOUN
महत्वाचा,NOUN
आहे,NOUN
सेक्स,NOUN
ही,PART
जैविक,NOUN
कृती,NOUN
बाईच्या,PP
दृष्टीकोनातून,NOUN
पहावी,NOUN
असा,NOUN
प्रयत्न,NOUN
मी,PART
या,PART
नाटकाच्या,PP
निमित्ताने,PP
केला,PP
आहे,NOUN
नेहमीच,NOUN
हेटाळणीचा,NOUN
आणि,NOUN
टवाळकीचा,NOUN
विषय,NOUN
राहिलेले,VERB
बायकांचे,NOUN
शरीर,NOUN
आणि,NOUN
त्या,NOUN
शरीराच्या,PP
सुखावर,PP
अवंलबून,NOUN
असणाऱ्या,NOUN
शाररीक,NOUN
मानसिक,NOUN
स्वास्थ्यावर,PP
त्यानिमित्ताने,PP
मला,PP
बोलायचे,NOUN
आहे,NOUN
माझ्या,NOUN
नाटकात,NOUN
अनेकदा,NOUN
एक,PART
वाक्य,NOUN
येते,NOUN
माझी,NOUN
आजी,NOUN
नेहमी,NOUN
सांगायची,NOUN
नेहमी,NOUN
सांगायची,NOUN
उन्हाळे,NOUN
पावसाळे,NOUN
पाहिलेली,VERB
आजी,NOUN
तिच्या,PP
नातीला,PP
काय,NOUN
सांगायची,NOUN
त्याचे,NOUN
उत्तर,NOUN
नाटकाच्या,PP
शेवटी,NOUN
येते,NOUN
पण,PART
ऐंशी,NOUN
किवां,NOUN
नव्वदीला,PP
पोहचलेल्या,NOUN
आजीबायांना,NOUN
मला,PP
कळकळून,NOUN
विचारायचे,NOUN
आहे,NOUN
आज्जे,NOUN
तुझ्या,NOUN
या,PART
मोडक्या,NOUN
कण्याने,PP
उभ्या,NOUN
असणाऱ्या,NOUN
शरीराच्या,PP
झाडाला,PP
कधी,NOUN
पालवी,NOUN
फुटली,VERB
होती,NOUN
का,PART
कधी,NOUN
फुलं,NOUN
लागली,VERB
होती,NOUN
कष्ट,NOUN
करून,NOUN
आखडलेल्या,NOUN
तुझ्या,NOUN
सांध्याना,NOUN
तुझ्या,NOUN
फांद्यावरची,NOUN
फळं,NOUN
वेचायला,PP
राखणदार,NOUN
येतं,NOUN
असेल,NOUN
पण,PART
तुझ्या,NOUN
मुक्या,NOUN
वेलींना,NOUN
त्याच्या,PP
रखरखीत,NOUN
हातांनी,NOUN
कधी,NOUN
आंजारगोंजारल,NOUN
का,PART
या,PART
बायकांनी,NOUN
त्यांच्या,PP
आयुष्यात,NOUN
मनासारखं,NOUN
लैंगिक,NOUN
सुख,NOUN
कधी,NOUN
अनुभवले,VERB
असेल,NOUN
का,PART
बायकोला,PP
तृप्त,NOUN
करायचे,NOUN
आहे,NOUN
हा,PART
विचार,NOUN
त्या,NOUN
काळच्या,PP
पुरूषांच्या,PP
मनाला,PP
शिवला,PP
असेल,NOUN
का,PART
काळाच्या,PP
प्रघातानुसार,NOUN
या,PART
बायकांची,NOUN
लग्न,NOUN
लहान,NOUN
वयातच,NOUN
झालेली,VERB
असली,VERB
तरी,NOUN
ही,PART
लग्न,NOUN
काही,NOUN
स्त्रियांना,NOUN
सुख,NOUN
मिळावे,NOUN
म्हणून,NOUN
व्हायची,NOUN
नाही,NOUN
जुन्या,NOUN
काळातील,NOUN
लग्न,NOUN
म्हणजे,NOUN
घरकामाला,PP
चार,NOUN
हात,NOUN
असणारी,NOUN
दुर्गादेवी,NOUN
शेतात,VERB
बैलासारखी,NOUN
राबणारे,NOUN
दोन,NOUN
पायाचे,NOUN
जनावर,PP
वशंसातत्य,NOUN
टिकविण्यासाठीची,NOUN
गर्भाशयाची,NOUN
पिशवी,NOUN
देवधर्माचे,NOUN
पालन,NOUN
करणारी,NOUN
परंपरेला,PP
पुढे,NOUN
नेणारी,NOUN
सवाष्ण,NOUN
स्त्री,NOUN
त्यामुळे,NOUN
रस्त्यावर,PP
काठी,NOUN
टेकत,NOUN
चालणाऱ्या,NOUN
पांढऱ्या,NOUN
भुरभुरणाऱ्या,NOUN
केसांच्या,PP
आजींबाईना,NOUN
मला,PP
विचारायचे,NOUN
आहे,NOUN
रूक्मिणी,NOUN
रूक्मिणी,NOUN
शादी,NOUN
बाद,NOUN
क्या,NOUN
क्या,NOUN
हुँआ,NOUN
कौन,NOUN
जीता,NOUN
कौन,NOUN
हारा,NOUN
खिडकीमेंसे,NOUN
देखो,NOUN
जरा,NOUN
हा,PART
रोजा,NOUN
या,PART
सिनेमातील,NOUN
खट्याळ,NOUN
म्हाताऱ्यांना,NOUN
पडलेला,PP
प्रश्न,NOUN
नेमका,NOUN
या,PART
बायांना,NOUN
विचारला,PP
तर,PART
काय,NOUN
उत्तर,NOUN
मिळेल,NOUN
म्हणजे,NOUN
शरीरसुखाचा,NOUN
आनंद,NOUN
घेतांना,NOUN
नवरा,NOUN
हरला,PP
की,PART
बायको,NOUN
जिंकली,VERB
हा,PART
जयपराजयाचा,NOUN
प्रश्नात,NOUN
मला,PP
इंटरेस्ट,NOUN
नाहीये,NOUN
तर,PART
संसाराच्या,PP
रहाटगाड्यात,NOUN
शृंगाराचा,NOUN
आनंद,NOUN
घेण्याइतका,NOUN
एकांत,NOUN
त्या,NOUN
नवरा,NOUN
बायकोंच्या,PP
नशिबी,NOUN
होता,NOUN
का,PART
हा,PART
प्रश्न,NOUN
मला,PP
विचारायचा,NOUN
आहे,NOUN
शाररीक,NOUN
संबधातून,NOUN
मिळणारा,NOUN
उत्कट,NOUN
आनंद,NOUN
अनुभवायची,NOUN
संधी,NOUN
समाजव्यवस्थेने,PP
कालच्या,PP
स्त्रियांना,NOUN
दिली,VERB
होती,NOUN
का,PART
या,PART
प्रश्नाच्या,PP
उत्तरातच,NOUN
आजच्या,PP
उद्याच्या,PP
स्त्रियांना,NOUN
हे,PART
सुख,NOUN
मिळणार,NOUN
आहे,NOUN
का,PART
या,PART
प्रश्नाचे,NOUN
उत्तर,NOUN
दडलेले,VERB
आहे,NOUN
खूप,NOUN
वर्षापूर्वी,NOUN
एक,PART
बाई,NOUN
मला,PP
म्हणाली,VERB
होती,NOUN
काय,NOUN
गं,PART
या,PART
आताच्या,PP
लग्न,NOUN
झालेल्या,NOUN
पोरींच्या,PP
छात्या,NOUN
आमच्या,PP
वेळेला,PP
हे,PART
असे,NOUN
सगळे,NOUN
चालायचे,NOUN
नाही,NOUN
म्हणजे,NOUN
पुरूषाच्या,PP
स्पर्शसुखाला,PP
आम्हीं,NOUN
प्रतिसाद,NOUN
द्यायचो,NOUN
नाही,NOUN
असे,NOUN
तिला,PP
सुचवायचे,NOUN
असायचे,NOUN
मजाक,NOUN
मस्ती,NOUN
फोरप्ले,VERB
आलिंगन,NOUN
वगैरे,NOUN
सगळे,NOUN
छूट,NOUN
अंधारात,NOUN
घुशी,NOUN
झुरळ,NOUN
असलेल्या,NOUN
घरातील,NOUN
एखाद्या,NOUN
कोपऱ्यात,NOUN
शाररीक,NOUN
सबंध,NOUN
झटपट,NOUN
उरकून,NOUN
टाकायचे,NOUN
ते,PART
पण,PART
मालकाला,PP
वाटेल,NOUN
तेव्हां,NOUN
त्यांच्या,PP
मर्जीने,PP
सुख,NOUN
असते,NOUN
ते,PART
फक्त,NOUN
मालकाचे,NOUN
त्यांच्या,PP
इच्छेसाठी,PP
आपले,VERB
शरीर,NOUN
वापरू,NOUN
द्यायचे,NOUN
मालक,NOUN
म्हणजे,NOUN
कुंकवाचा,NOUN
धनी,NOUN
आणि,NOUN
त्या,NOUN
कुंकवाच्या,PP
धन्याचे,NOUN
आपण,NOUN
चाकर,NOUN
जुन्या,NOUN
मराठी,NOUN
सिनेमात,NOUN
नायिकेचे,NOUN
मरणशय्येवर,PP
असतांनाही,NOUN
नवऱ्याला,PP
मला,PP
कुंकू,NOUN
लावा,NOUN
असे,NOUN
म्हणायचे,NOUN
ते,PART
म्हणूनच,NOUN
तर,PART
आता,NOUN
ब्लँक,NOUN
अँन्ड,NOUN
व्हाँईटचा,NOUN
जमाना,NOUN
गेला,PP
काळ,NOUN
बदलला,PP
पण,PART
माणसे,NOUN
बदलली,VERB
का,PART
कालच्या,PP
स्त्रीला,PP
स्वतःच्या,PP
शरीरसुखाची,NOUN
जाणीव,NOUN
नव्हती,NOUN
आजच्या,PP
स्त्रीला,PP
तरी,NOUN
ते,PART
जाणीव,NOUN
आहे,NOUN
का,PART
आणि,NOUN
जाणीव,NOUN
झाली,VERB
तरी,NOUN
ते,PART
मिळवू,NOUN
शकण्याचे,NOUN
ती,PART
सामर्थ्य,NOUN
ठेवते,NOUN
का,PART
कारण,NOUN
कोणत्याच,NOUN
काळात,NOUN
स्त्रियांचा,NOUN
त्यांच्या,PP
शरीरावर,PP
हक्क,NOUN
नसतो,NOUN
बाईच्या,PP
शरीराविरूद्ध,NOUN
सतत,NOUN
एक,PART
राजकारण,NOUN
चाललेले,VERB
असते,NOUN
बाईने,PP
जातीत,NOUN
आपल्या,NOUN
धर्मात,NOUN
लग्न,NOUN
करावे,NOUN
त्या,NOUN
लग्नात,NOUN
उदारतेने,PP
तडजोडी,NOUN
करत,NOUN
सुखी,NOUN
रहावे,NOUN
त्या,NOUN
सुखाच्या,PP
व्हॉट्सअप,NOUN
फेसबुकवर,PP
पोस्टी,NOUN
टाकाव्यात,NOUN
नवीन,NOUN
नवीन,NOUN
महागडे,NOUN
कपडे,NOUN
घ्यावे,NOUN
दागिने,PP
घालून,NOUN
या,PART
शरीराला,PP
सजवावे,NOUN
नटवावे,NOUN
या,PART
खरेदी,NOUN
विक्रीमधून,NOUN
मार्केट,NOUN
इकोनॉमीमध्ये,PP
पैसा,NOUN
खेळता,NOUN
रहावा,NOUN
पण,PART
बाईच्या,PP
या,PART
शरीरात,NOUN
चंद्राच्या,PP
कलांनुसार,NOUN
येणाऱ्या,NOUN
भरती,NOUN
आहोटी,NOUN
येत,NOUN
असतात,VERB
त्याचे,NOUN
काय,NOUN
करावे,NOUN
कसे,NOUN
शांत,NOUN
करावे,NOUN
शरीराच्या,PP
आगीला,PP
याचे,NOUN
उत्तर,NOUN
कोणत्याही,NOUN
धार्मिक,NOUN
ग्रंथात,NOUN
नाही,NOUN
शारीरिक,NOUN
उर्मींच्या,PP
दमनासाठी,PP
व्यवस्थेकडे,PP
नियम,NOUN
प्रार्थना,NOUN
खतना,NOUN
बुरखे,NOUN
आहेत,NOUN
जुन्या,NOUN
काळात,NOUN
विधवा,NOUN
बायका,NOUN
रात्री,NOUN
उठूनही,NOUN
थंड,NOUN
पाण्याने,PP
आंघोळ,NOUN
करत,NOUN
ते,PART
नेमक्या,NOUN
या,PART
शरीराच्या,PP
आगीला,PP
थंड,NOUN
करण्यासाठीच,NOUN
ना,PART
माझ्या,NOUN
नात्यातल्या,NOUN
एका,NOUN
विधवा,NOUN
बाईला,PP
पुन्हा,NOUN
लग्न,NOUN
करायची,NOUN
इच्छा,NOUN
होती,NOUN
तरूण,NOUN
वयात,NOUN
आलेला,PP
मुलगा,NOUN
आईला,PP
दुसऱ्या,NOUN
लग्नासाठी,PP
विरोध,NOUN
करत,NOUN
होता,NOUN
तेव्हा,NOUN
आईने,PP
त्याला,PP
सांगितले,VERB
चामडी,NOUN
जळते,NOUN
ना,PART
तेव्हा,NOUN
काय,NOUN
होते,NOUN
ते,PART
तुला,PP
आताच,NOUN
कळणार,NOUN
नाही,NOUN
तिचे,NOUN
जळजळीत,NOUN
शब्द,NOUN
खरेच,NOUN
होते,NOUN
हो,PART
चामडीच,NOUN
जळते,NOUN
दुर्गंधच,NOUN
सुटतो,NOUN
शरीरसुखाला,PP
मुकलेल्या,NOUN
स्त्रीच्या,PP
शरीराचा,NOUN
ऱ्हास,NOUN
होतो,NOUN
आपल्याला,PP
काय,NOUN
हवंय,NOUN
हे,PART
हेच,NOUN
बायकांना,NOUN
नीटसं,NOUN
माहीत,NOUN
नसतं,NOUN
माहीत,NOUN
असलं,NOUN
तर,PART
ते,PART
सांगण्याची,NOUN
हिमंत,NOUN
ते,PART
त्यांच्या,PP
नवऱ्याकडे,PP
करू,NOUN
शकत,NOUN
नाहीत,NOUN
द,PART
ग्रेट,NOUN
इंडियन,NOUN
किचन,NOUN
या,PART
मल्याळी,NOUN
चित्रपटात,NOUN
एक,PART
सीन,NOUN
आहे,NOUN
तरूण,NOUN
बायको,NOUN
आपल्याला,PP
नवऱ्याला,PP
बिचकत,NOUN
सांगतेय,NOUN
मला,PP
थोडं,NOUN
फोरप्ले,VERB
कराल,NOUN
का,PART
डायरेक्ट,NOUN
सेक्स,NOUN
करतांना,NOUN
त्रास,NOUN
होतो,NOUN
नवरा,NOUN
तिच्याकडे,PP
काय,NOUN
चवचाल,NOUN
बायको,NOUN
आहे,NOUN
अशा,NOUN
नजरेने,PP
पाहतो,NOUN
बहुतेक,NOUN
मुलींचा,NOUN
सेक्समधील,NOUN
इंटरेस्ट,NOUN
जातो,NOUN
तो,PART
असा,NOUN
आपल्याला,PP
काय,NOUN
हवंय,NOUN
हे,PART
सांगायला,PP
धाडस,NOUN
लागतं,NOUN
तर,PART
काय,NOUN
नकोय,NOUN
हे,PART
सांगायला,PP
त्यापेक्षा,NOUN
प्रचंड,NOUN
धाडस,NOUN
लागतं,NOUN
मागे,NOUN
पेपरमध्ये,PP
वाचलेला,PP
प्रसंग,NOUN
सांगते,NOUN
नवीन,NOUN
लग्न,NOUN
झालेल्या,NOUN
मुली,VERB
नांदायला,PP
घरीच,NOUN
जात,NOUN
नव्हत्या,NOUN
पालकांनी,NOUN
खूप,NOUN
विचारणा,NOUN
केली,VERB
तरी,NOUN
त्या,NOUN
खरं,NOUN
कारण,NOUN
सांगत,NOUN
नव्हत्या,NOUN
खूप,NOUN
दबावानंतर,NOUN
त्यांनी,NOUN
घरातल्यापाशी,NOUN
मन,PART
मोकळं,NOUN
केलं,NOUN
नवरा,NOUN
त्यांना,NOUN
पोनोग्राफी,NOUN
बघून,NOUN
त्याप्रकारचा,NOUN
सेक्स,NOUN
करायला,PP
भाग,NOUN
पाडत,NOUN
होता,NOUN
इंटरनेटने,PP
जग,PART
खुलं,NOUN
झालय,NOUN
ते,PART
अस्स,NOUN
आदिम,NOUN
कामप्रेरणेचे,NOUN
रोखठोक,NOUN
चित्रण,NOUN
करणारी,NOUN
पोनोग्राफी,NOUN
पुरूषांना,NOUN
उत्तेजीत,NOUN
करण्यासाठी,PP
बनवलेली,VERB
असते,NOUN
यात,NOUN
स्त्रिला,PP
फुलवणारा,NOUN
रोमान्स,NOUN
येवूच,NOUN
शकत,NOUN
नाही,NOUN
बायकांना,NOUN
शृंगार,NOUN
करायला,PP
आवडतो,NOUN
त्यांच्या,PP
सौदर्यांची,NOUN
पार्टनरने,PP
स्तुती,NOUN
करावी,NOUN
असे,NOUN
वाटते,NOUN
नजरानजर,NOUN
स्पर्शसुख,NOUN
शब्दातील,NOUN
उत्तेजना,NOUN
काळजीने,PP
पाठीवरून,NOUN
फिरवलेला,PP
हात,NOUN
घट्ट,NOUN
मारलेली,VERB
मिठी,NOUN
चुंबनाचे,NOUN
अत्तर,NOUN
या,PART
सगळ्या,NOUN
सोपांनाना,NOUN
पार,NOUN
करून,NOUN
उत्तेजीत,NOUN
झालेल्या,NOUN
शरीराला,PP
उत्कट,NOUN
आवेग,NOUN
हवा,NOUN
असतो,NOUN
त्याला,PP
म्हणतात,VERB
पी,PART
फॉर,NOUN
प्लेझर,NOUN
आणि,NOUN
या,PART
प्लेझरसाठी,PP
कित्येक,NOUN
बायका,NOUN
अक्षरशः,NOUN
तडफडत,NOUN
राहतात,VERB
माझी,NOUN
एक,PART
मैत्रीण,NOUN
आहे,NOUN
नोकरी,NOUN
करणारी,NOUN
पण,PART
गृहदक्ष,NOUN
संसारीही,NOUN
तिच्या,PP
लग्नाला,PP
पंचवीस,NOUN
वर्ष,NOUN
झालीत,NOUN
नवरा,NOUN
लग्नांनतर,NOUN
लगेच,NOUN
म्हणाला,PP
घरच्यांच्या,PP
आग्रहामुळे,NOUN
तुझ्याबरोबर,NOUN
लग्न,NOUN
केले,VERB
मला,PP
दुसरीच,NOUN
मुलगी,NOUN
आवडत,NOUN
होती,NOUN
आता,NOUN
तुझ्याबरोबर,NOUN
शरीरसंबध,NOUN
नाही,NOUN
करणार,NOUN
त्यांना,NOUN
मूल,NOUN
झाले,VERB
ते,PART
तिने,PP
नवऱ्याला,PP
जबरदस्तीने,PP
कधीतरी,NOUN
संबध,NOUN
ठेवायाला,PP
भाग,NOUN
पाडले,VERB
म्हणून,NOUN
त्या,NOUN
दोघांचे,NOUN
लग्न,NOUN
चालू,NOUN
आहे,NOUN
पण,PART
त्या,NOUN
लग्नात,NOUN
प्लेझर,NOUN
नाही,NOUN
या,PART
स्त्रीच्या,PP
नैसर्गिक,NOUN
उर्मीवर,PP
त्या,NOUN
नवऱ्याने,PP
त्या,NOUN
नवऱ्याला,PP
जबरदस्तीने,PP
लग्न,NOUN
लावणाऱ्या,NOUN
कुटुंबाने,PP
म्हणजे,NOUN
समाजानेच,NOUN
किती,NOUN
अन्याय,NOUN
केलाय,NOUN
ना,PART
वर्षानुवर्षै,NOUN
हा,PART
शरीरसुखाला,PP
वंचित,NOUN
राहणाऱ्या,NOUN
या,PART
मैत्रीणीसारख्या,NOUN
अनेक,NOUN
स्त्रियांची,NOUN
उपासमार,NOUN
होत,NOUN
असते,NOUN
त्या,NOUN
डिप्रॉयवेशनमधून,NOUN
मग,PART
रक्तदाब,NOUN
जॉईन्टपेन,NOUN
डिप्रेशन,NOUN
यांसारखे,NOUN
आजार,NOUN
बायकांना,NOUN
उद्भवतात,VERB
पण,PART
नाजूक,NOUN
जागेचे,NOUN
हे,PART
दुखणे,NOUN
डॉक्टरांना,NOUN
सांगणार,NOUN
तरी,NOUN
कोण,NOUN
नाटक,NOUN
मला,PP
तेव्हांच,NOUN
सुचले,VERB
होते,NOUN
जेव्हा,NOUN
नाजूक,NOUN
जागेचे,NOUN
दुखणे,NOUN
हा,PART
शब्द,NOUN
सूचला,PP
होता,NOUN
तर,PART
स्वतःच्या,PP
मालकीचा,NOUN
हा,PART
पी,PART
फॉर,NOUN
प्लेझर,NOUN
मिळविण्यासाठी,PP
बायकांना,NOUN
पॉवरफुल,NOUN
होणे,NOUN
गरजेचे,NOUN
आहे,NOUN
हे,PART
पॉवरफुल,NOUN
होणे,NOUN
म्हणजे,NOUN
कोणतीही,NOUN
गिल्ट,NOUN
न,PART
बाळगता,NOUN
स्वतःचा,NOUN
विनाअट,NOUN
स्वीकार,NOUN
करणे,NOUN
मी,PART
घटस्फोटिता,NOUN
आहे,NOUN
तर,PART
आहे,NOUN
माझे,NOUN
लग्नाआधी,NOUN
प्रियकर,NOUN
होते,NOUN
तर,PART
होते,NOUN
मी,PART
विवाहबाह्य,NOUN
संबध,NOUN
ठेवते,NOUN
तर,PART
ठेवते,NOUN
मी,PART
ट्रान्सवुमन,NOUN
आहे,NOUN
तर,PART
आहे,NOUN
मी,PART
लेस्बियन,NOUN
आहे,NOUN
तर,PART
आहे,NOUN
आणि,NOUN
मला,PP
सेक्स,NOUN
आवडत,NOUN
नाही,NOUN
तर,PART
नाही,NOUN
स्वतःवर,PP
कसलेच,NOUN
कंपलशन,NOUN
ठेवायचे,NOUN
नाही,NOUN
आपल्या,NOUN
शरीराचा,NOUN
रिमोट,NOUN
कंट्रोल,NOUN
कुणाच्याच,NOUN
हातात,VERB
द्यायचा,NOUN
नाही,NOUN
आणि,NOUN
ही,PART
पॉवर,PP
मिळविण्याच्या,PP
प्रयत्नात,NOUN
विवाहव्यवस्थेला,PP
हादरे,NOUN
बसण्याची,NOUN
शक्यता,NOUN
आहे,NOUN
नुकतीच,NOUN
नांदेडमध्ये,PP
एकोणीस,NOUN
वर्षाच्या,PP
विवाहीत,NOUN
मुलीला,PP
तिच्या,PP
बापानेच,NOUN
प्रियकरासकट,NOUN
मारून,NOUN
टाकलं,NOUN
मारण्याआधी,NOUN
त्या,NOUN
मुलीला,PP
नको,NOUN
त्या,NOUN
अवस्थेत,NOUN
पाहिल्याने,PP
सासरच्यांनी,NOUN
तिची,NOUN
संपूर्ण,NOUN
गावात,NOUN
धिंड,NOUN
काढली,VERB
होती,NOUN
तर,PART
ही,PART
आहे,NOUN
भारतीय,NOUN
समाजाची,NOUN
माँरेलिटी,NOUN
आणि,NOUN
लिचींग,NOUN
मानसिकता,NOUN
बायकांना,NOUN
समाजाच्या,PP
या,PART
मानसिकतेविरूद्ध,NOUN
पंगा,NOUN
घ्यायचा,NOUN
आहे,NOUN
समाजाला,PP
स्त्रीपुरूषांना,NOUN
लग्नाच्या,PP
पिंजऱ्यात,NOUN
कोबांयचे,NOUN
असते,NOUN
या,PART
पिंजऱ्यात,NOUN
जितके,NOUN
आनंदी,NOUN
राहता,NOUN
येईन,NOUN
तितके,NOUN
दोघांनी,NOUN
रहावे,NOUN
पोरबाळ,NOUN
पैदा,NOUN
करावी,NOUN
धनसंपत्ती,NOUN
गोळा,NOUN
करावी,NOUN
त्यातच,NOUN
यात्रा,NOUN
पिकनीक,NOUN
फाँरेन,NOUN
टूर,NOUN
सणसमारंभाचे,NOUN
सेलिब्रेशन,NOUN
आले,VERB
पण,PART
सेक्सबद्दल,NOUN
बोलायचं,NOUN
नाही,NOUN
अळीमिळी,NOUN
गुपचूप,NOUN
जमेल,NOUN
तितकं,NOUN
या,PART
विषयाला,PP
कोपऱ्यात,NOUN
ढकलायचं,NOUN
आपल्या,NOUN
समाजात,NOUN
केवळ,NOUN
स्त्रिच्या,PP
नाही,NOUN
तर,PART
पुरूषाच्याही,NOUN
सेक्शुलिटीला,PP
लग्नाच्या,PP
पिंजऱ्यात,NOUN
बंद,NOUN
केलं,NOUN
जातं,NOUN
शरीरभान,NOUN
असणारी,NOUN
सहचरणी,NOUN
आजूबाजूला,PP
नसेन,NOUN
तर,PART
पुरूष,NOUN
अधिकाधिक,NOUN
हिंसक,NOUN
होवू,NOUN
शकतो,NOUN
शारीरप्रेम,NOUN
हे,PART
आपण,NOUN
समजतो,NOUN
त्यापेक्षा,NOUN
अधिक,NOUN
महत्वाचे,NOUN
आहे,NOUN
माझ्या,NOUN
नाटकातील,NOUN
पुरूष,NOUN
कामसुखाला,PP
नाकारणारा,NOUN
आणि,NOUN
जगात,NOUN
चालणाऱ्या,NOUN
युद्धांमध्ये,PP
रममाण,NOUN
होणारा,NOUN
आहे,NOUN
त्यातच,NOUN
त्याला,PP
सँडेस्टिक,NOUN
प्लेझर,NOUN
मिळत,NOUN
असते,NOUN
युद्धग्रस्त,NOUN
मानसिकतेमुळे,NOUN
तो,PART
निकोप,NOUN
कामजीवन,NOUN
अनुभवूच,NOUN
शकत,NOUN
नसतो,NOUN
बायकोसारखाच,NOUN
तो,PART
ही,PART
आजारी,NOUN
असतो,NOUN
पण,PART
त्याला,PP
त्याची,NOUN
जाणीव,NOUN
नसते,NOUN
स्त्रिच्या,PP
पी,PART
फाँर,NOUN
प्लेझर,NOUN
मध्ये,PP
सगळ्या,NOUN
समाजाचे,NOUN
पी,PART
फॉर,NOUN
पीस,NOUN
साठलेले,VERB
आहे,NOUN
हे,PART
आता,NOUN
आपल्याला,PP
कळायला,PP
हवे,NOUN
हे,PART
वाचून,NOUN
डोक्यात,NOUN
जरा,NOUN
गोंधळ,NOUN
झालाय,NOUN
असे,NOUN
वाटतेय,NOUN
ना,PART
ओके,NOUN
मग,PART
कल्पना,NOUN
करा,NOUN
भारतात,VERB
फ्लिबँग,NOUN
3,NUM
तयार,NOUN
होते,NOUN
फ्लिबँग,NOUN
अमेझॉनवरची,NOUN
एक,PART
सिरीज,NOUN
आहे,NOUN
सिरीजची,NOUN
नायिका,NOUN
एक,PART
चुका,NOUN
करणारी,NOUN
मुलगी,NOUN
आहे,NOUN
ती,PART
मुलगी,NOUN
तिची,NOUN
सावत्र,NOUN
आई,PART
अपघातात,VERB
दगावलेली,VERB
बेस्ट,NOUN
फ्रेंड,NOUN
लग्नात,NOUN
अडकलेली,VERB
तिची,NOUN
बहिण,NOUN
नायिकेचे,NOUN
रिकामे,NOUN
आयुष्य,NOUN
त्यातील,NOUN
भकासपणा,NOUN
दूर,NOUN
करण्यासाठी,PP
तिने,PP
सेक्सचा,NOUN
घेतलेला,PP
आधार,NOUN
त्यामुळे,NOUN
आय़ुष्यात,NOUN
आलेले,VERB
पुरूष,NOUN
चर्चमधील,NOUN
फादरच्या,PP
प्रेमात,NOUN
पडलेली,VERB
ती,PART
अशी,NOUN
सगळी,NOUN
गोळाबेरीज,NOUN
तिच्या,PP
गोष्टीत,NOUN
आहेत,NOUN
कल्पना,NOUN
करा,NOUN
की,PART
फ्लिबँग,NOUN
3,NUM
ही,PART
सिरीज,NOUN
भारतातील,NOUN
बाईला,PP
प्रोटोगोनिस्ट,NOUN
करून,NOUN
लिहीली,VERB
गेलीय,NOUN
पी,PART
फॉर,NOUN
प्रोटॉगोनिस्ट,NOUN
आयुष्यात,NOUN
चुका,NOUN
करण्याचे,NOUN
स्वातंत्र्य,NOUN
असणारी,NOUN
प्रोटोगोनिस्ट,NOUN
आपल्या,NOUN
आयुष्य,NOUN
आपल्या,NOUN
हातात,VERB
हीच,NOUN
खरी,NOUN
पॉवर,PP
आहे,NOUN
हेच,NOUN
खरं,NOUN
प्लेझर,NOUN
आहे,NOUN
हेच,NOUN
खरं,NOUN
स्वांतत्र्य,NOUN
आहे,NOUN
शिल्पा,NOUN
कांबळे,NOUN
या,PART
मराठीतील,NOUN
प्रसिद्ध,NOUN
लेखिका,NOUN
आहेत,NOUN
तसंच,NOUN
माझ्या,NOUN
बायकोचा,NOUN
रोबोट,NOUN
या,PART
नाटकाचं,NOUN
लेखनही,NOUN
त्यांनी,NOUN
केलंय,NOUN
या,PART
लेखातील,NOUN
मतं,NOUN
त्यांची,NOUN
वैयक्तिक,NOUN
आहेत,NOUN
बीबीसीसाठी,PP
कलेक्टिव्ह,NOUN
न्यूजरूमचे,NOUN
प्रकाशन,NOUN
पुरुषांना,NOUN
मासिक,NOUN
पाळी,NOUN
असती,NOUN
तर,PART
समजले,VERB
असते,NOUN
असे,NOUN
म्हणण्याची,NOUN
वेळ,NOUN
कोर्टावर,PP
का,PART
आली,VERB
20,NUM
ऑक्टोबर,NOUN
2025,NUM
पुरुषांना,NOUN
मासिक,NOUN
पाळी,NOUN
असती,NOUN
तर,PART
समजले,VERB
असते,NOUN
असे,NOUN
म्हणण्याची,NOUN
वेळ,NOUN
कोर्टावर,PP
का,PART
आली,VERB
देशाच्या,PP
संसदीय,NOUN
इतिहासात,NOUN
मुस्लीम,NOUN
महिला,PP
खासदारांचं,NOUN
प्रमाण,NOUN
फक्त,NOUN
0,NUM
6,NUM
टक्केच,NOUN
आतापर्यंत,NOUN
कोण,NOUN
कोण,NOUN
झाल्या,NOUN
खासदार,NOUN
10,NUM
ऑक्टोबर,NOUN
2025,NUM
देशाच्या,PP
संसदीय,NOUN
इतिहासात,NOUN
मुस्लीम,NOUN
महिला,PP
खासदारांचं,NOUN
प्रमाण,NOUN
फक्त,NOUN
0,NUM
6,NUM
टक्केच,NOUN
आतापर्यंत,NOUN
कोण,NOUN
कोण,NOUN
झाल्या,NOUN
खासदार,NOUN
आई,PART
झाल्यानंतर,NOUN
स्त्रीची,NOUN
सेक्सची,NOUN
इच्छा,NOUN
कमी,NOUN
होते,NOUN
का,PART
जाणून,NOUN
घ्या,NOUN
तज्ज्ञ,NOUN
काय,NOUN
सांगतात26,NOUN
सप्टेंबर,NOUN
2025,NUM
आई,PART
झाल्यानंतर,NOUN
स्त्रीची,NOUN
सेक्सची,NOUN
इच्छा,NOUN
कमी,NOUN
होते,NOUN
का,PART
जाणून,NOUN
घ्या,NOUN
तज्ज्ञ,NOUN
काय,NOUN
सांगतात,VERB
हरमनप्रीत,NOUN
कौरनं,NOUN
आपल्या,NOUN
टीममेटसह,NOUN
विश्वचषक,NOUN
उंचावला,PP
तेव्हा,NOUN
फक्त,NOUN
तो,PART
क्षण,NOUN
फक्त,NOUN
एक,PART
विश्वविजयाचा,NOUN
क्षण,NOUN
उरला,PP
नाही,NOUN
त्या,NOUN
एका,NOUN
क्षणात,NOUN
अनेकांची,NOUN
स्वप्नपूर्ती,NOUN
झाली,VERB
आणि,NOUN
अनेकींच्या,PP
पंखांना,NOUN
नवं,NOUN
बळ,PART
मिळालं,NOUN
बरोबर,NOUN
मध्यरात्री,NOUN
एरवी,NOUN
सगळं,NOUN
जग,PART
झोपी,NOUN
गेलेलं,NOUN
असतं,NOUN
तेव्हा,NOUN
भारतात,VERB
पुन्हा,NOUN
एकदा,NOUN
एक,PART
नवी,NOUN
पहाट,NOUN
जन्माला,PP
आली,VERB
आहे,NOUN
अर्थात,NOUN
ही,PART
पहाट,NOUN
उजाडेपर्यंत,NOUN
रात्रीच्या,PP
अंधारात,NOUN
या,PART
मुली,VERB
वाटचाल,NOUN
करत,NOUN
राहिल्या,NOUN
कधी,NOUN
चाचपडत,NOUN
तर,PART
कधी,NOUN
आशेचे,NOUN
किरण,NOUN
बनून,NOUN
मुलींना,NOUN
क्रिकेटमधलं,NOUN
काही,NOUN
कळत,NOUN
नाही,NOUN
पासून,NOUN
ते,PART
मुली,VERB
क्रिकेटमध्ये,PP
विश्वविजेता,NOUN
ठरल्या,NOUN
पर्यंतचा,NOUN
हा,PART
प्रवास,NOUN
आहे,NOUN
म्हटलं,NOUN
तर,PART
काही,NOUN
दशकांचा,NOUN
म्हटलं,NOUN
तर,PART
अनेक,NOUN
शतकांचा,NOUN
काटेरी,NOUN
वाटेवरून,NOUN
चालत,NOUN
त्या,NOUN
इथवर,PP
पोहोचल्या,NOUN
आहेत,NOUN
कधी,NOUN
एकमेकींना,NOUN
आधार,NOUN
दिला,PP
एकमेकींचं,NOUN
कोडकौतुक,NOUN
केलं,NOUN
आणि,NOUN
कधी,NOUN
एकमेकींसोबत,NOUN
अश्रू,NOUN
ही,PART
ढाळले,VERB
कधी,NOUN
एका,NOUN
पिढीनं,NOUN
दुसऱ्या,NOUN
पिढीला,PP
आपल्या,NOUN
खांद्यावर,PP
उचलून,NOUN
धरलं,NOUN
आणि,NOUN
कुणाला,PP
बोट,NOUN
धरून,NOUN
पुढचा,NOUN
रस्ता,NOUN
दाखवला,PP
कदाचित,NOUN
म्हणूनच,NOUN
हरमनप्रीतच्या,PP
टीमनं,NOUN
हा,PART
क्षण,NOUN
साजरा,NOUN
करताना,NOUN
रीना,NOUN
मल्होत्रा,NOUN
अंजुम,NOUN
चोप्रा,NOUN
मिताली,VERB
राज,NOUN
झुलन,NOUN
गोस्वामी,NOUN
अशा,NOUN
पूर्वसूरींसोबतही,NOUN
तेवढाच,NOUN
जल्लोष,NOUN
केला,PP
डायना,NOUN
एडलजी,NOUN
शांता,NOUN
रंगास्वामी,NOUN
शुभांगी,NOUN
कुलकर्णी,NOUN
नावं,NOUN
तरी,NOUN
किती,NOUN
आणि,NOUN
कुणाकुणाची,NOUN
घ्यायची,NOUN
भारतीय,NOUN
क्रिकेटमध्ये,PP
अशा,NOUN
अनेक,NOUN
महिलांनी,NOUN
जो,PART
पाया,NOUN
घातला,PP
होता,NOUN
ना,PART
त्यावरच,NOUN
आज,PART
हरमनप्रीत,NOUN
स्मृती,NOUN
जेमिमा,NOUN
दिप्ती,NOUN
शेफाली,VERB
यांनी,NOUN
इमारत,NOUN
उभारली,VERB
आहे,NOUN
अर्थात,NOUN
ही,PART
इमारत,NOUN
उभारताना,NOUN
त्यांना,NOUN
जणू,NOUN
त्यातली,VERB
प्रत्येक,NOUN
वीट,NOUN
स्वतःच्या,PP
हातांनी,NOUN
तयार,NOUN
करावी,NOUN
लागली,VERB
आहे,NOUN
राधा,NOUN
यादवचंच,NOUN
उदाहरण,NOUN
घ्या,NOUN
तिचे,NOUN
वडील,NOUN
ओमप्रकाश,NOUN
उत्तर,NOUN
प्रदेशातून,NOUN
मुंबईत,NOUN
येऊन,NOUN
स्थायिक,NOUN
झालेल्या,NOUN
लाखोंपैकी,NOUN
एक,PART
मुंबईच्या,PP
पश्चिम,NOUN
उपनगरात,NOUN
कांदिवलीमध्ये,PP
ओमप्रकाश,NOUN
आणि,NOUN
राधाची,NOUN
आई,PART
अमरावती,NOUN
हे,PART
दोघे,NOUN
मिळून,NOUN
दूध,NOUN
आणि,NOUN
भाज्यांचाछोटासा,NOUN
स्टॉल,NOUN
चालवायचे,NOUN
रोज,NOUN
दोन,NOUN
वेळचं,NOUN
जेवण,NOUN
मिळणंही,NOUN
मुश्किल,NOUN
अशी,NOUN
घरची,NOUN
परिस्थिती,NOUN
सातव्या,NOUN
महिन्यात,NOUN
जन्माला,PP
आलेली,VERB
राधा,NOUN
वाचेल,NOUN
की,PART
नाही,NOUN
याचीही,NOUN
डॉक्टरांना,NOUN
शंका,NOUN
होती,NOUN
असं,NOUN
तिच्या,PP
वडिलांनी,NOUN
एका,NOUN
मुलाखतीत,NOUN
सांगितलं,NOUN
होतं,NOUN
आईला,PP
इंग्रजी,NOUN
येत,NOUN
नाही,NOUN
म्हणू,NOUN
तिला,PP
एका,NOUN
शाळेनं,NOUN
प्रवेशही,NOUN
नाकारला,PP
होता,NOUN
पण,PART
तरीही,NOUN
राधानं,NOUN
क्रिकेट,NOUN
खेळण्याचं,NOUN
स्वप्न,NOUN
पाहणं,NOUN
सोडलं,NOUN
नाही,NOUN
वेळ,NOUN
पडली,VERB
तेव्हा,NOUN
अख्खं,NOUN
कुटुंब,NOUN
या,PART
मुलीमागे,NOUN
उभं,NOUN
राहिलं,NOUN
तिची,NOUN
मोठी,NOUN
बहीणही,NOUN
क्रिकेट,NOUN
खेळत,NOUN
असे,NOUN
पण,PART
राधासाठी,PP
तिनंही,NOUN
त्याग,NOUN
केला,PP
तीच,NOUN
राधा,NOUN
भारतासाठी,PP
2018,NUM
पासून,NOUN
गोलंदाजी,NOUN
करते,NOUN
आहे,NOUN
तरीही,NOUN
कुणीतरी,NOUN
अलीकडेच,NOUN
मला,PP
राधा,NOUN
कोण,NOUN
आहे,NOUN
असा,NOUN
प्रश्न,NOUN
विचारला,PP
होता,NOUN
कारण,NOUN
जेवढ्या,NOUN
उत्कटतेनं,NOUN
भारतात,VERB
पुरुषांचं,NOUN
क्रिकेट,NOUN
पाहिलं,NOUN
जातं,NOUN
तेवढं,NOUN
लक्ष,NOUN
महिला,PP
खेळाडूंकडे,PP
दिलं,NOUN
जात,NOUN
नसे,NOUN
पण,PART
आता,NOUN
हे,PART
चित्र,NOUN
या,PART
विश्वचषकानंतर,NOUN
मात्र,NOUN
बदलताना,NOUN
दिसेल,NOUN
अशी,NOUN
आशा,NOUN
वाटते,NOUN
आहे,NOUN
केवळ,NOUN
राधाच,NOUN
नाही,NOUN
तर,PART
प्रत्येकीच्याच,NOUN
वाट्याला,PP
संघर्ष,NOUN
आला,PP
आहे,NOUN
फायनलची,NOUN
नायिका,NOUN
शेफाली,VERB
वर्माला,PP
क्रिकेट,NOUN
खेळता,NOUN
यावं,NOUN
म्हणून,NOUN
केस,NOUN
कापून,NOUN
मुलगा,NOUN
असल्याचं,NOUN
भासवत,NOUN
मुलांसोबत,NOUN
खेळावं,NOUN
लागलं,NOUN
होतं,NOUN
भारताची,NOUN
कर्णधार,NOUN
हरमनप्रीत,NOUN
कौर,NOUN
म्हणजे,NOUN
भारतीय,NOUN
टीममधल्या,NOUN
युवा,NOUN
खेळाडूंची,NOUN
लाडकी,NOUN
हॅरी,NOUN
दी,PART
एकेकाळी,NOUN
पंजाबच्या,PP
मोंगा,NOUN
शहरात,NOUN
दुपट्टा,NOUN
असलेला,PP
गणवेश,NOUN
घालूनच,NOUN
शाळेच्या,PP
मैदानात,NOUN
मुलांसोबत,NOUN
क्रिकेट,NOUN
खेळायची,NOUN
हरमननं,NOUN
खेळावं,NOUN
हे,PART
तिच्या,PP
वडिलांचं,NOUN
स्वप्न,NOUN
होतं,NOUN
जे,PART
स्वतः,NOUN
एक,PART
खेळाडू,NOUN
होते,NOUN
पुढे,NOUN
डायना,NOUN
एडलजी,NOUN
यांच्या,PP
पुढाकारानं,NOUN
हरमनला,PP
पश्चिम,NOUN
रेल्वेतली,VERB
नोकरी,NOUN
आणि,NOUN
मुंबईत,NOUN
येऊन,NOUN
राहण्याची,NOUN
संधी,NOUN
मिळाली,VERB
महिला,PP
खेळाडूंनी,NOUN
महिला,PP
खेळाडूंना,NOUN
वर,PART
आणण्यासाठी,PP
केलेल्या,NOUN
अनेक,NOUN
प्रयत्नांपैकी,NOUN
हा,PART
एक,PART
प्रयत्न,NOUN
होता,NOUN
जो,PART
चांगलाच,NOUN
यशस्वी,NOUN
ठरला,PP
हरमनप्रीत,NOUN
आणि,NOUN
शेफालीसारख्या,NOUN
अनेकींना,NOUN
कधी,NOUN
एकटीनं,NOUN
तर,PART
कधी,NOUN
मुलांसोबत,NOUN
सराव,NOUN
करत,NOUN
आपली,VERB
वाट,NOUN
स्वतः,NOUN
शोधावी,NOUN
लागली,VERB
आहे,NOUN
आज,PART
2025,NUM
मध्ये,PP
भारतातल्या,NOUN
मोठ्या,NOUN
शहरांत,NOUN
मुलं,NOUN
मुली,VERB
एकत्र,NOUN
खेळतायत,NOUN
ही,PART
गोष्ट,NOUN
फार,NOUN
मोठी,NOUN
वाटत,NOUN
नाही,NOUN
पण,PART
भारतातल्या,NOUN
अनेक,NOUN
राज्यांत,NOUN
छोट्या,NOUN
शहरांत,NOUN
आणि,NOUN
गावांमध्ये,PP
आजही,NOUN
किशोरवयीन,NOUN
मुलं,NOUN
मुली,VERB
एकत्र,NOUN
कुठला,PP
खेळ,NOUN
खेळतायत,NOUN
हे,PART
लोकांना,NOUN
पचत,NOUN
नाही,NOUN
मुंबईतही,NOUN
अनेक,NOUN
ठिकाणी,NOUN
मुली,VERB
मैदानात,NOUN
उतरून,NOUN
सहजच,NOUN
क्रिकेट,NOUN
खेळतायत,NOUN
हे,PART
अगदी,NOUN
सोळा,NOUN
सतरा,NOUN
वर्षांपूर्वीपर्यंत,NOUN
फारसं,NOUN
दिसत,NOUN
नसे,NOUN
मुंबईतल्या,NOUN
MIG,NOUN
क्लबमध्ये,PP
2009,NUM
10,NUM
दरमम्यान,NOUN
जेमिमा,NOUN
रॉड्रिग्जचा,NOUN
सराव,NOUN
सुरू,NOUN
झाला,PP
तेव्हा,NOUN
तिथे,NOUN
खेळण्याची,NOUN
परवानगी,NOUN
मिळालेली,VERB
ती,PART
पहिलीच,NOUN
महिला,PP
क्रिकेटर,NOUN
होती,NOUN
मुंबई,NOUN
क्रिकेटमध्ये,PP
जेमिमा,NOUN
सध्याची,NOUN
सर्वात,NOUN
मोठी,NOUN
स्टार,NOUN
आहे,NOUN
पण,PART
बहुतांश,NOUN
महिला,PP
खेळाडूंच्या,PP
वाट्याला,PP
ज्या,NOUN
गोष्टी,NOUN
येतात,VERB
त्या,NOUN
सगळ्या,NOUN
जेमिमाच्या,PP
वाट्यालाही,NOUN
आल्या,NOUN
आहेत,NOUN
कधी,NOUN
तिच्या,PP
खेळाऐवजी,NOUN
तिच्या,PP
दिसण्याची,NOUN
गाण्याची,NOUN
आणि,NOUN
सोशल,NOUN
मीडियावरच्या,PP
वावराची,NOUN
चर्चा,NOUN
व्हायची,NOUN
तर,PART
कधी,NOUN
तिला,PP
प्रचंड,NOUN
ट्रोलिंगलाही,NOUN
सामोरं,NOUN
जावं,NOUN
लागलं,NOUN
2024,NUM
साली,VERB
जेमिमाच्या,PP
वडिलांनी,NOUN
खार,NOUN
जिमखान्यात,NOUN
आयोजित,NOUN
केलेल्या,NOUN
कार्यक्रमांवरून,NOUN
वाद,NOUN
झाला,PP
होता,NOUN
जिमखान्यात,NOUN
धार्मिक,NOUN
आयोजनांना,NOUN
परवानगी,NOUN
नसल्यानं,NOUN
जेमिमाचं,NOUN
मानद,NOUN
सदस्यत्व,NOUN
रद्द,NOUN
करण्यात,NOUN
आलं,NOUN
हा,PART
सगळा,NOUN
प्रकार,NOUN
समोर,NOUN
आल्यावर,PP
सोशल,NOUN
मीडियावर,PP
त्याची,NOUN
चर्चा,NOUN
झाली,VERB
होती,NOUN
सोशल,NOUN
मीडियावर,PP
तेव्हाही,NOUN
बरंच,NOUN
ट्रोलिंग,NOUN
झालं,NOUN
कारण,NOUN
जेमिमा,NOUN
इन्स्टाग्रामवर,PP
लोकप्रिय,NOUN
आहे,NOUN
पण,PART
रील्ससोबतच,NOUN
आपण,NOUN
रन्सही,NOUN
करू,NOUN
शकतो,NOUN
हे,PART
जेमिमानं,NOUN
पुन्हा,NOUN
दाखवून,NOUN
दिलं,NOUN
मागच्या,PP
विश्वचषकात,NOUN
संघातून,NOUN
डावललं,NOUN
गेलेली,VERB
जेमी,NOUN
या,PART
विश्वचषकात,NOUN
भारताला,PP
फायनलचं,NOUN
तिकीट,NOUN
देऊन,NOUN
गेली,VERB
भारताची,NOUN
ऑलाराऊंडर,NOUN
अमनजोत,NOUN
कौरचे,NOUN
वडील,NOUN
मोहालीत,NOUN
सुतारकाम,NOUN
करायचे,NOUN
आणि,NOUN
ती,PART
क्रिकेट,NOUN
खेळते,NOUN
म्हणून,NOUN
नातेवाईकांचे,NOUN
टोमणेही,NOUN
त्यांनी,NOUN
सहन,NOUN
केले,VERB
आहेत,NOUN
या,PART
वर्ल्ड,NOUN
कपमध्ये,PP
अमनजोतचं,NOUN
चित्त,NOUN
ढळू,NOUN
नये,NOUN
यासाठी,PP
त्यांनी,NOUN
तिच्या,PP
आजीला,PP
हॉर्ट,NOUN
अटॅक,NOUN
आल्याचं,NOUN
तिला,PP
सांगितलं,NOUN
नव्हतं,NOUN
अमनजोत,NOUN
असो,NOUN
प्रतिका,NOUN
रावल,NOUN
असो,NOUN
ऋचा,NOUN
घोष,NOUN
असो,NOUN
वा,PART
क्रांती,NOUN
गौड,NOUN
किंवा,NOUN
श्री,NOUN
चरणी,NOUN
आणि,NOUN
यांच्यासारख्याच,NOUN
आणखी,NOUN
कितीतरी,NOUN
जणी,NOUN
कुटुंबाचा,NOUN
आणि,NOUN
मुली,VERB
खेळू,NOUN
शकतात,VERB
यावर,PP
विश्वास,NOUN
असलेल्या,NOUN
प्रशिक्षकांचा,NOUN
पाठिंबा,NOUN
या,PART
प्रत्येकीच्या,PP
प्रवासात,NOUN
महतत्त्वाचा,NOUN
ठरला,PP
आहे,NOUN
बाकी,NOUN
अनेकदा,NOUN
असं,NOUN
म्हणतात,VERB
की,PART
भारतीय,NOUN
महिलांमध्ये,PP
गुणवत्तेची,NOUN
कमी,NOUN
नाही,NOUN
त्यांना,NOUN
कुठल्या,NOUN
मदतीची,NOUN
गरज,NOUN
नाही,NOUN
फक्त,NOUN
एक,PART
संधी,NOUN
मिळायला,PP
हवी,NOUN
दीप्ती,NOUN
शर्माच्या,PP
बाबतीत,NOUN
तेच,NOUN
घडलं,NOUN
ती,PART
लहान,NOUN
असताना,NOUN
भावासोबत,NOUN
एक,PART
स्थानिक,NOUN
मॅच,NOUN
पाहायला,PP
गेली,VERB
होती,NOUN
चेंडू,NOUN
तिच्याकडे,PP
आला,PP
तेव्हा,NOUN
सहज,NOUN
उचलून,NOUN
तिनं,NOUN
फेकला,PP
तेव्हा,NOUN
तो,PART
50,NUM
मीटरवर,PP
असलेल्या,NOUN
स्टंपवर,PP
जाऊन,NOUN
आदळला,PP
त्यावेळी,NOUN
क्रिकेटर,NOUN
हेमलता,NOUN
काला,PP
यांनी,NOUN
तो,PART
क्षण,NOUN
पाहिला,PP
आणि,NOUN
तिला,PP
क्रिकेट,NOUN
खेळण्याचा,NOUN
सल्ला,PP
दिला,PP
नवव्या,NOUN
वर्षी,NOUN
दीप्तीनं,NOUN
खेळायला,PP
सुरुवात,NOUN
केली,VERB
आणि,NOUN
आता,NOUN
तिच्याच,NOUN
गोलंदाजीनं,NOUN
भारताच्या,PP
विश्वचषक,NOUN
विजयावर,PP
शिक्कामोर्तब,NOUN
केलं,NOUN
क्रिकेटमध्ये,PP
काही,NOUN
वेळा,NOUN
मुलींचा,NOUN
संघर्ष,NOUN
आपल्याला,PP
हवं,NOUN
तसं,NOUN
योग्य,NOUN
मापाचं,NOUN
उत्तम,NOUN
क्रिकेट,NOUN
किट,NOUN
मिळवण्यापासूनच,NOUN
सुरू,NOUN
होतो,NOUN
सांगलीतल्या,NOUN
स्मृती,NOUN
मंधानानं,NOUN
भावाचं,NOUN
पाहून,NOUN
क्रिकेट,NOUN
खेळायला,PP
सुरूवात,NOUN
केली,VERB
होती,NOUN
तेव्हा,NOUN
भावाच्या,PP
क्रिकेट,NOUN
जर्सीतूनच,NOUN
तिच्या,PP
मापाचे,NOUN
कपडे,NOUN
आईने,PP
तयार,NOUN
केले,VERB
होते,NOUN
संधीसोबतच,NOUN
सोयीसुविधांची,NOUN
उणीव,NOUN
हा,PART
महिलांच्या,PP
खेळांतला,PP
आणि,NOUN
क्रिकेटमधलाही,NOUN
एक,PART
मोठा,NOUN
अडथळा,NOUN
होता,NOUN
भारताच्या,PP
पहिल्या,NOUN
महिला,PP
कर्णधार,NOUN
शांता,NOUN
रंगास्वामी,NOUN
एका,NOUN
मुलाखतीत,NOUN
त्याविषयी,NOUN
बोलल्या,NOUN
होत्या,NOUN
त्यांच्या,PP
काळी,NOUN
म्हणजे,NOUN
1970,NUM
80,NUM
च्या,PP
दशकात,NOUN
भारताच्या,PP
महिला,PP
क्रिकेटर्स,NOUN
कधी,NOUN
गर्दीनं,NOUN
भरलेल्या,NOUN
ट्रेनमधून,NOUN
प्रवास,NOUN
करायच्या,PP
आणि,NOUN
वेळ,NOUN
पडली,VERB
तर,PART
एखाद्या,NOUN
डॉर्मिटरीत,NOUN
जमिनीवरच,NOUN
झोपायच्या,PP
त्या,NOUN
काळी,NOUN
महिलांची,NOUN
क्रिकेट,NOUN
संघटना,NOUN
बीसीसीआयपेक्षा,NOUN
वेगळी,NOUN
होती,NOUN
स्पॉन्सर्सच्या,PP
अभावी,NOUN
पैशाची,NOUN
कमी,NOUN
असायची,NOUN
पण,PART
महिला,PP
क्रिकेटला,PP
आयसीसीच्या,PP
अखत्यारीत,NOUN
आणलं,NOUN
गेलं,NOUN
आणि,NOUN
त्यानंतर,NOUN
भारतातली,VERB
महिला,PP
टीमही,NOUN
बीसीसीआयच्या,PP
अखत्यातारीत,NOUN
आली,VERB
तेव्हा,NOUN
आर्थिक,NOUN
पातळीवर,PP
आणि,NOUN
खेळाच्या,PP
प्रसाराच्या,PP
बाबतीतही,NOUN
परिस्थिती,NOUN
बदलू,NOUN
लागली,VERB
दहा,NOUN
बारा,NOUN
वर्षांपूर्वी,NOUN
पर्यंत,NOUN
भारतात,VERB
महिला,PP
खेळाडूंची,NOUN
साधी,NOUN
नावंही,NOUN
अनेकांना,NOUN
माहिती,NOUN
नसायची,NOUN
आता,NOUN
खेळणाऱ्या,NOUN
आणि,NOUN
खेळावर,PP
लिहिणाऱ्या,NOUN
बोलणाऱ्या,NOUN
महिलांची,NOUN
संख्या,NOUN
वाढते,NOUN
आहे,NOUN
लोकांपर्यंत,NOUN
त्यांची,NOUN
माहितीही,NOUN
पोहोचते,NOUN
आहे,NOUN
तितकीच,NOUN
महिला,PP
खेळाडूंसमोरच्या,PP
आव्हानांविषयी,NOUN
जागरुकता,NOUN
वाढते,NOUN
आहे,NOUN
मिताली,VERB
राज,NOUN
आणि,NOUN
झूलन,NOUN
गोस्वामी,NOUN
काही,NOUN
वर्षांपूर्वी,NOUN
मासिक,NOUN
पाळीदरम्यान,NOUN
होणाऱ्या,NOUN
वेदनांतही,NOUN
त्या,NOUN
खेळत,NOUN
कशा,NOUN
राहायच्या,PP
यावर,PP
भाष्य,NOUN
केलं,NOUN
होतं,NOUN
खेळात,NOUN
मॅटर्निटी,NOUN
लीव्ह,NOUN
सारखी,NOUN
धोरणं,NOUN
आणण्यासाठी,PP
न्यूझीलंड,NOUN
आणि,NOUN
पकिस्तानातल्या,NOUN
क्रिकेट,NOUN
बोर्ड्सनी,NOUN
आधीच,NOUN
पुढाकार,NOUN
घेतला,PP
आहे,NOUN
आणि,NOUN
भारतातही,NOUN
त्यासाठी,PP
प्रयत्न,NOUN
सुरू,NOUN
आहेत,NOUN
मुळात,NOUN
आता,NOUN
महिला,PP
क्रिकेटमुळे,NOUN
फक्त,NOUN
क्रिकेटमधल्या,NOUN
नाही,NOUN
तर,PART
महिलांच्या,PP
जीवनातल्या,NOUN
अशा,NOUN
अनेक,NOUN
गोष्टींची,NOUN
आवर्जून,NOUN
चर्चा,NOUN
होऊ,NOUN
लागली,VERB
आहे,NOUN
गेल्या,NOUN
तीन,NOUN
वर्षांत,NOUN
भारतात,VERB
आयपीएलच्या,PP
धर्तीवर,PP
डब्ल्यूपीएल,NOUN
या,PART
महिलांच्या,PP
लीगचं,NOUN
आयोजन,NOUN
होऊ,NOUN
लगालं,NOUN
त्याआधी,NOUN
ऑस्ट्रेलियातली,VERB
बिग,NOUN
बॅश,NOUN
लीग,NOUN
ही,PART
महिला,PP
क्रिकेटमधली,VERB
सर्वात,NOUN
आकर्षक,NOUN
स्पर्धा,NOUN
बनली,VERB
होती,NOUN
डब्ल्यूपीएलनं,NOUN
मोठ्या,NOUN
प्राईजमनीसोबतच,NOUN
अनेकींना,NOUN
संधी,NOUN
उपलब्ध,NOUN
करून,NOUN
दिल्या,NOUN
आहेत,NOUN
आणि,NOUN
त्यातून,NOUN
नवनव्या,NOUN
मुलींची,NOUN
गुणवत्ता,NOUN
समोर,NOUN
येते,NOUN
आहे,NOUN
भारतासारख्या,NOUN
क्रिकेटमध्ये,PP
प्रभावशाली,VERB
असलेल्या,NOUN
देशात,NOUN
हा,PART
बदल,NOUN
घडण्याच,NOUN
दूरगामी,NOUN
परिणाम,NOUN
होऊ,NOUN
शकतात,VERB
अर्थात,NOUN
एक,PART
वास्तव,NOUN
विसरता,NOUN
येणार,NOUN
नाही,NOUN
आजही,NOUN
भारतातल्या,NOUN
अनेक,NOUN
गावांत,NOUN
आणि,NOUN
इतर,NOUN
देशांमध्येही,NOUN
महिला,PP
क्रिकेटर्ससमोरची,NOUN
वाट,NOUN
खडतर,NOUN
आहे,NOUN
भारतासारखाच,NOUN
दक्षिण,NOUN
आफ्रिकन,NOUN
संघातल्या,NOUN
अनेकींनाही,NOUN
मोठा,NOUN
वैयक्तिक,NOUN
संघर्ष,NOUN
करावा,NOUN
लागला,PP
आहे,NOUN
अफगाणिस्तानात,NOUN
तर,PART
महिलांना,NOUN
त्या,NOUN
केवळ,NOUN
महिला,PP
आहेत,NOUN
म्हणून,NOUN
खेळण्याची,NOUN
परवानगीच,NOUN
उरलेली,VERB
नाही,NOUN
तरीही,NOUN
आता,NOUN
काळ,NOUN
बदलतो,NOUN
आहे,NOUN
विशेषतः,NOUN
2017,NUM
सालच्या,PP
वर्ल्ड,NOUN
कपमध्ये,PP
भारतीय,NOUN
महिलांनी,NOUN
फायनल,NOUN
गाठल्यापासून,NOUN
बदलाची,NOUN
चाकं,NOUN
आणखी,NOUN
वेगानं,NOUN
फिरतायत,NOUN
आणि,NOUN
आता,NOUN
वर्ल्ड,NOUN
कपमधल्या,NOUN
विजयानंतर,NOUN
भारतातल्या,NOUN
महिला,PP
क्रिकेटची,NOUN
गाडी,NOUN
फुल,NOUN
स्पीडनं,NOUN
चालू,NOUN
लागेल,NOUN
असा,NOUN
विश्वास,NOUN
निर्माण,NOUN
झाला,PP
आहे,NOUN
त्यामुळेच,NOUN
हरमनप्रीतनं,NOUN
विश्वचषक,NOUN
उचलला,PP
तो,PART
क्षण,NOUN
फक्त,NOUN
विश्वविजयाचा,NOUN
क्षण,NOUN
उरलेला,PP
नाही,NOUN
तसंच,NOUN
त्या,NOUN
क्षणापासून,NOUN
फक्त,NOUN
भारतातलं,NOUN
महिला,PP
क्रिकेट,NOUN
बदलेलं,NOUN
नाही,NOUN
तर,PART
महिला,PP
क्रिकेटचं,NOUN
जगच,NOUN
बदलण्याची,NOUN
ती,PART
नांदी,NOUN
ठरू,NOUN
शकते,NOUN
बीबीसी,NOUN
इंडियन,NOUN
स्पोर्ट्सवुमन,NOUN
ऑफ,PART
द,PART
इयर,NOUN
आजी,NOUN
असो,NOUN
वा,PART
नात,NOUN
मुंबईतल्या,NOUN
या,PART
क्रिकेट,NOUN
क्लबमध्ये,PP
300,NUM
महिला,PP
एकत्र,NOUN
खेळतात14,NOUN
नोव्हेंबर,NOUN
2023,NUM
आजी,NOUN
असो,NOUN
वा,PART
नात,NOUN
मुंबईतल्या,NOUN
या,PART
क्रिकेट,NOUN
क्लबमध्ये,PP
300,NUM
महिला,PP
एकत्र,NOUN
खेळतात,VERB
क्रिकेटमध्ये,PP
पुरुषांच्या,PP
आधी,NOUN
महिलांनी,NOUN
केलेले,VERB
10,NUM
विक्रम,NOUN
वन,PART
डे,PART
तील,NOUN
400,NUM
धावांचाही,NOUN
समावेश,NOUN
4,NUM
ऑक्टोबर,NOUN
2025,NUM
क्रिकेटमध्ये,PP
पुरुषांच्या,PP
आधी,NOUN
महिलांनी,NOUN
केलेले,VERB
10,NUM
विक्रम,NOUN
वन,PART
डे,PART
तील,NOUN
400,NUM
धावांचाही,NOUN
समावेश,NOUN
भारताला,PP
क्रिकेट,NOUN
विश्वचषकाची,NOUN
फायनल,NOUN
जिंकवणाऱ्या,NOUN
त्या,NOUN
6,NUM
जणी,NOUN
कोण,NOUN
3,NUM
नोव्हेंबर,NOUN
2025,NUM
भारताला,PP
क्रिकेट,NOUN
विश्वचषकाची,NOUN
फायनल,NOUN
जिंकवणाऱ्या,NOUN
त्या,NOUN
6,NUM
जणी,NOUN
कोण,NOUN
पुण्यातील,NOUN
नवले,VERB
पुलावर,PP
भीषण,NOUN
अपघात,NOUN
झाला,PP
या,PART
अपघातामुळे,NOUN
साताऱ्याकडून,NOUN
मुंबईकडे,PP
जाणारी,NOUN
लेन,NOUN
काही,NOUN
काळासाठी,PP
पूर्णपणे,NOUN
बंद,NOUN
ठेवण्यात,NOUN
आली,VERB
संध्याकाळी,NOUN
5,NUM
40,NUM
वाजण्याच्या,PP
दरम्यान,NOUN
अग्निशमन,NOUN
दल,PART
नियंत्रण,NOUN
कक्षात,NOUN
नवले,VERB
पुलावर,PP
अपघात,NOUN
होऊन,NOUN
तीन,NOUN
वाहनांनी,NOUN
पेट,NOUN
घेतला,PP
आहे,NOUN
अशी,NOUN
माहिती,NOUN
मिळाल्याचं,NOUN
अग्निशमन,NOUN
दलानं,NOUN
दिली,VERB
त्यानंतर,NOUN
एकूण,NOUN
अग्निशमन,NOUN
दलाच्या,PP
आठ,PART
गाड्या,NOUN
घटनास्थळी,NOUN
पोहोचल्या,NOUN
घटनास्थळी,NOUN
दोन,NOUN
कंटेनर,NOUN
आणि,NOUN
त्यामध्ये,PP
चारचाकी,NOUN
वाहन,NOUN
अडकल्याचे,NOUN
अग्निशमन,NOUN
दलाच्या,PP
अधिकाऱ्यांना,NOUN
दिसलं,NOUN
अडकलेल्या,NOUN
चारचाकी,NOUN
गाडीने,PP
पेट,NOUN
घेतला,PP
होता,NOUN
या,PART
घटनेत,NOUN
कंटेनरमधून,NOUN
दोन,NOUN
पुरुष,NOUN
आणि,NOUN
कारमधून,NOUN
दोन,NOUN
पुरुष,NOUN
दोन,NOUN
महिला,PP
तसंच,NOUN
एक,PART
मुलगी,NOUN
असे,NOUN
एकूण,NOUN
7,NUM
जणांचे,NOUN
मृतदेह,NOUN
बाहेर,NOUN
काढण्यात,NOUN
आले,VERB
उपस्थित,NOUN
नागरिकांकडून,NOUN
अग्निशमन,NOUN
दलाच्या,PP
अधिकाऱ्यांना,NOUN
समजले,VERB
की,PART
एका,NOUN
मोठ्या,NOUN
कंटेनरने,PP
आग,PART
लागण्याआधी,NOUN
मागे,NOUN
बर्याच,NOUN
वाहनांना,NOUN
धडक,NOUN
दिली,VERB
होती,NOUN
आणि,NOUN
त्यामध्ये,PP
ही,PART
अनेक,NOUN
जण,PART
जखमी,NOUN
झाले,VERB
आहेत,NOUN
याठिकाणी,NOUN
अग्निशमन,NOUN
दलाचे,NOUN
मुख्य,NOUN
अग्निशमन,NOUN
अधिकारी,NOUN
देवेंद्र,NOUN
पोटफोडे,NOUN
यांच्यासह,NOUN
चार,NOUN
अधिकारी,NOUN
आणि,NOUN
जवळपास,NOUN
चाळीस,NOUN
जवान,NOUN
कार्यरत,NOUN
होते,NOUN
तात्या,NOUN
विंचू,NOUN
हसवाफसवी,NOUN
टिपरे,NOUN
की,PART
गांधी,NOUN
कोणती,NOUN
भूमिका,NOUN
साकारणं,NOUN
प्रभावळकरांसाठी,PP
होतं,NOUN
अवघड,NOUN
11,NUM
सप्टेंबर,NOUN
2025,NUM
तात्या,NOUN
विंचू,NOUN
हसवाफसवी,NOUN
टिपरे,NOUN
की,PART
गांधी,NOUN
कोणती,NOUN
भूमिका,NOUN
साकारणं,NOUN
प्रभावळकरांसाठी,PP
होतं,NOUN
अवघड,NOUN
भारतापेक्षा,NOUN
बऱ्याच,NOUN
लहान,NOUN
अर्थव्यवस्था,NOUN
असणाऱ्या,NOUN
रवांडा,NOUN
घानासारख्या,NOUN
देशांचं,NOUN
पासपोर्ट,NOUN
रँकिंग,NOUN
भारतापेक्षा,NOUN
चांगलं,NOUN
का,PART
13,NUM
नोव्हेंबर,NOUN
2025,NUM
भारतापेक्षा,NOUN
बऱ्याच,NOUN
लहान,NOUN
अर्थव्यवस्था,NOUN
असणाऱ्या,NOUN
रवांडा,NOUN
घानासारख्या,NOUN
देशांचं,NOUN
पासपोर्ट,NOUN
रँकिंग,NOUN
भारतापेक्षा,NOUN
चांगलं,NOUN
का,PART
शेअरबाजारातून,NOUN
जशी,NOUN
शेअर्स,NOUN
स्टॉक्सची,NOUN
खरेदी,NOUN
करता,NOUN
येते,NOUN
तसेच,NOUN
ETF,NOUN
ही,PART
तुम्ही,NOUN
घेऊ,NOUN
शकता,NOUN
समजून,NOUN
घेऊयात,NOUN
सोपी,NOUN
गोष्टमध्ये,PP
जगातील,NOUN
सगळ्यात,NOUN
मोठ्या,NOUN
म्युझियममध्ये,PP
7,NUM
मिनिटात,NOUN
चोरी,NOUN
केल्याप्रकरणी,NOUN
दोघांना,NOUN
अटक,NOUN
आतापर्यंत,NOUN
काय,NOUN
समोर,NOUN
आलं,NOUN
27,NUM
ऑक्टोबर,NOUN
2025,NUM
जगातील,NOUN
सगळ्यात,NOUN
मोठ्या,NOUN
म्युझियममध्ये,PP
7,NUM
मिनिटात,NOUN
चोरी,NOUN
केल्याप्रकरणी,NOUN
दोघांना,NOUN
अटक,NOUN
आतापर्यंत,NOUN
काय,NOUN
समोर,NOUN
आलं,NOUN
कधी,NOUN
सर्बिया,NOUN
कधी,NOUN
स्पेन,NOUN
एजंट,NOUN
रोज,NOUN
नवा,NOUN
देश,NOUN
सांगायचा,NOUN
युरोपात,NOUN
नोकरीसाठी,PP
झाली,VERB
लाखोंची,NOUN
फसवणूक8,NOUN
नोव्हेंबर,NOUN
2025,NUM
कधी,NOUN
सर्बिया,NOUN
कधी,NOUN
स्पेन,NOUN
एजंट,NOUN
रोज,NOUN
नवा,NOUN
देश,NOUN
सांगायचा,NOUN
युरोपात,NOUN
नोकरीसाठी,PP
झाली,VERB
लाखोंची,NOUN
फसवणूक,NOUN
नोएडा,NOUN
येथे,NOUN
घडलेल्या,NOUN
निठारी,NOUN
हत्याकांडातील,NOUN
आरोपी,NOUN
सुरिंदर,NOUN
कोलीला,PP
तुरुंगातून,NOUN
सोडण्यात,NOUN
आलं,NOUN
आहे,NOUN
सर्वोच्च,NOUN
न्यायालयाने,PP
या,PART
प्रकरणी,NOUN
कोलीला,PP
निर्दोष,NOUN
मुक्त,NOUN
करत,NOUN
त्याला,PP
त्वरीत,NOUN
तुरुंगातून,NOUN
सोडण्याचे,NOUN
आदेश,NOUN
दिले,VERB
होते,NOUN
या,PART
प्रकरणामुळे,NOUN
संपूर्ण,NOUN
देश,NOUN
हादरला,PP
होता,NOUN
पीटीआयने,PP
दिलेल्या,NOUN
वृत्तानुसार,NOUN
अधिकाऱ्यांनी,NOUN
गुरुवारी,NOUN
13,NUM
नोव्हेंबर,NOUN
ही,PART
माहिती,NOUN
दिली,VERB
सुरिंदर,NOUN
कोलीला,PP
ग्रेटर,NOUN
नोएडा,NOUN
येथील,NOUN
लुक्सर,NOUN
तुरुंगामध्ये,PP
ठेवण्यात,NOUN
आलं,NOUN
होतं,NOUN
त्याला,PP
बुधवारी,NOUN
12,NUM
नोव्हेंबर,NOUN
सायंकाळी,NOUN
7,NUM
20,NUM
वाजता,NOUN
सोडण्यात,NOUN
आल्याचे,NOUN
तुरुंग,NOUN
अधीक्षक,NOUN
ब्रिजेश,NOUN
कुमार,NOUN
यांनी,NOUN
सांगितलं,NOUN
निठारी,NOUN
हत्याकांडाने,PP
संपूर्ण,NOUN
देशाला,PP
हादरवून,NOUN
टाकलं,NOUN
होतं,NOUN
हे,PART
प्रकरण,NOUN
अनेक,NOUN
वर्षांपासून,NOUN
चर्चेत,NOUN
होतं,NOUN
या,PART
प्रकरणात,NOUN
सुरिंदर,NOUN
कोली,VERB
आणि,NOUN
मोनिंदर,NOUN
सिंह,NOUN
पंढेर,NOUN
या,PART
दोघांना,NOUN
मुख्य,NOUN
आरोपी,NOUN
बनवण्यात,NOUN
आलं,NOUN
होतं,NOUN
त्यांच्यावरील,NOUN
आरोपांचे,NOUN
भयंकर,NOUN
तपशील,NOUN
संपूर्ण,NOUN
देशात,NOUN
चर्चेचा,NOUN
विषय,NOUN
ठरले,VERB
होते,NOUN
यापूर्वी,NOUN
अलाहाबाद,NOUN
उच्च,NOUN
न्यायालयाने,PP
या,PART
दोघांना,NOUN
निर्दोष,NOUN
मुक्त,NOUN
केलं,NOUN
होतं,NOUN
गाझियाबादच्या,PP
एका,NOUN
सीबीआय,NOUN
न्यायालयाने,PP
दोन्ही,NOUN
आरोपींना,NOUN
बलात्कार,NOUN
हत्या,NOUN
पुरावे,NOUN
नष्ट,NOUN
करणं,NOUN
आणि,NOUN
इतर,NOUN
आरोपांमुळे,NOUN
फाशीची,NOUN
शिक्षा,NOUN
सुनावली,VERB
होती,NOUN
दरम्यान,NOUN
अलाहाबाद,NOUN
उच्च,NOUN
न्यायालयाने,PP
ऑक्टोबर,NOUN
2023,NUM
मध्ये,PP
सुरिंदर,NOUN
कोलीला,PP
2006,NUM
च्या,PP
हत्येशी,NOUN
संबंधित,NOUN
12,NUM
प्रकरणांत,NOUN
निर्दोष,NOUN
ठरवलं,NOUN
होतं,NOUN
मोनिंदर,NOUN
सिंह,NOUN
पंढेरविरुद्ध,NOUN
दोन,NOUN
प्रकरणं,NOUN
होती,NOUN
दोन्ही,NOUN
प्रकरणात,NOUN
त्याला,PP
निर्दोष,NOUN
मुक्त,NOUN
केलं,NOUN
होतं,NOUN
कोली,VERB
हा,PART
10,NUM
प्रकरणांमध्ये,PP
एकटा,NOUN
आरोपी,NOUN
होता,NOUN
तर,PART
दोन,NOUN
प्रकरणांत,NOUN
त्याला,PP
पंढेरसोबत,NOUN
सहआरोपी,NOUN
करण्यात,NOUN
आलं,NOUN
होतं,NOUN
नोएडा,NOUN
येथे,NOUN
मोनिंदर,NOUN
सिंह,NOUN
पंढेरच्या,PP
घरासमोरील,NOUN
नाल्यात,NOUN
2006,NUM
मध्ये,PP
मानवी,NOUN
अवयव,NOUN
आणि,NOUN
मुलांचे,NOUN
कपडे,NOUN
सापडले,VERB
तेव्हा,NOUN
हे,PART
प्रकरण,NOUN
उजेडात,NOUN
आले,VERB
होते,NOUN
किमान,NOUN
19,NUM
मुली,VERB
आणि,NOUN
लहान,NOUN
मुलांवर,PP
बलात्कार,NOUN
त्यांची,NOUN
हत्या,NOUN
आणि,NOUN
नंतर,NOUN
त्यांच्या,PP
अवयवांचे,NOUN
तुकडे,PP
करण्यात,NOUN
आल्याचे,NOUN
सांगण्यात,NOUN
आले,VERB
होते,NOUN
या,PART
हत्या,NOUN
पंढेरच्या,PP
घरात,NOUN
घडल्या,NOUN
कोली,VERB
तिथे,NOUN
नोकर,NOUN
म्हणून,NOUN
काम,NOUN
करत,NOUN
होता,NOUN
असा,NOUN
आरोप,NOUN
पोलिसांनी,NOUN
त्यावेळी,NOUN
केला,PP
होता,NOUN
दरम्यान,NOUN
निठारी,NOUN
हत्याकांडाच्या,PP
तपासाबाबत,NOUN
अलाहाबाद,NOUN
उच्च,NOUN
न्यायालयाने,PP
नाराजी,NOUN
व्यक्त,NOUN
केली,VERB
होती,NOUN
हे,PART
संपूर्ण,NOUN
प्रकरण,NOUN
सुरिंदर,NOUN
कोलीच्या,PP
कबुलीजबाबावर,PP
आधारित,NOUN
होतं,NOUN
कोलीने,PP
29,NUM
डिसेंबर,NOUN
2006,NUM
रोजी,NOUN
उत्तर,NOUN
प्रदेश,NOUN
पोलिसांसमोर,NOUN
कबुलीजबाब,NOUN
दिला,PP
होता,NOUN
प्रसारमाध्यमांनी,NOUN
पंढेरच्या,PP
घराला,PP
म्हटलं,NOUN
होतं,NOUN
हॉरर,NOUN
हाऊस,NOUN
कोलीने,PP
मुलांना,NOUN
मिठाई,NOUN
आणि,NOUN
चॉकलेट,NOUN
देऊन,NOUN
आपल्याकडे,PP
आकर्षित,NOUN
करून,NOUN
त्यांची,NOUN
हत्या,NOUN
केली,VERB
त्याचबरोबर,NOUN
मुलांचे,NOUN
अवशेष,NOUN
पिशव्यांमध्ये,PP
त्याने,PP
लपवून,NOUN
ठेवल्याचे,NOUN
आढळून,NOUN
आल्याचा,NOUN
आरोप,NOUN
पोलिसांनी,NOUN
केला,PP
होता,NOUN
कोलीने,PP
तो,PART
नरभक्षक,NOUN
आणि,NOUN
नेक्रोफिलियाची,NOUN
कबुली,VERB
दिली,VERB
होती,NOUN
पण,PART
नंतर,NOUN
न्यायालयात,NOUN
त्याने,PP
कबुलीजबाब,NOUN
मागे,NOUN
घेतला,PP
आणि,NOUN
याबाबत,NOUN
आपल्याला,PP
मारहाण,NOUN
झाल्याचं,NOUN
त्यानं,NOUN
म्हटलं,NOUN
होतं,NOUN
निठारी,NOUN
हत्याकांडानंतर,NOUN
झालेल्या,NOUN
तपास,NOUN
आणि,NOUN
न्यायालयीन,NOUN
कामकाजादरम्यान,NOUN
हे,PART
प्रकरण,NOUN
अवयवांच्या,PP
व्यापाराशीही,NOUN
संबंधित,NOUN
असू,NOUN
शकते,NOUN
अशी,NOUN
चिंता,NOUN
अनेकवेळा,NOUN
व्यक्त,NOUN
करण्यात,NOUN
आली,VERB
होती,NOUN
तपास,NOUN
संस्थांच्या,PP
म्हणण्यानुसार,NOUN
आरोपी,NOUN
सुरिंदर,NOUN
कोलीला,PP
29,NUM
डिसेंबर,NOUN
2006,NUM
रोजी,NOUN
अटक,NOUN
करण्यात,NOUN
आली,VERB
त्यानंतर,NOUN
त्याने,PP
पोलिसांना,NOUN
माहिती,NOUN
दिली,VERB
त्यानुसार,NOUN
नोएडातील,NOUN
सेक्टर,NOUN
31,NUM
मधील,NOUN
डी,PART
5,NUM
घराजवळील,NOUN
एका,NOUN
खुल्या,NOUN
जागेत,NOUN
कवटी,NOUN
हाडं,NOUN
आणि,NOUN
सांगाडे,NOUN
सापडले,VERB
होते,NOUN
कोलीला,PP
अटक,NOUN
करण्याच्या,PP
तारखेवरूनही,NOUN
2023,NUM
मध्ये,PP
अलाहाबाद,NOUN
उच्च,NOUN
न्यायालयाने,PP
आपलं,NOUN
मत,PART
नोंदवलं,NOUN
होतं,NOUN
कारण,NOUN
कोलीला,PP
29,NUM
डिसेंबरला,PP
अटक,NOUN
करण्यात,NOUN
आल्याचा,NOUN
फिर्यादीचा,NOUN
दावा,NOUN
होता,NOUN
तर,PART
त्याला,PP
27,NUM
डिसेंबर,NOUN
रोजी,NOUN
अटक,NOUN
केल्याचे,NOUN
बचाव,NOUN
पक्षाने,PP
म्हटलं,NOUN
होतं,NOUN
ह्या,NOUN
हत्येमुळे,NOUN
संपूर्ण,NOUN
देशात,NOUN
संताप,NOUN
निर्माण,NOUN
झाला,PP
होता,NOUN
अनेकांनी,NOUN
पोलिसांवर,PP
दुर्लक्षाचा,NOUN
आरोप,NOUN
केला,PP
होता,NOUN
या,PART
गुन्ह्यांच्या,PP
भयानक,NOUN
स्वरूपामुळे,NOUN
प्रसारमाध्यमांनी,NOUN
या,PART
घराला,PP
हॉरर,NOUN
हाऊस,NOUN
असं,NOUN
नाव,NOUN
दिलं,NOUN
होतं,NOUN
मानवत,NOUN
हत्याकांड,NOUN
गुप्तधनाचा,NOUN
शोध,NOUN
11,NUM
जणींची,NOUN
निर्घृण,NOUN
हत्या,NOUN
तरीही,NOUN
फाशीपासून,NOUN
बचावलेले,VERB
आरोपी6,NOUN
ऑक्टोबर,NOUN
2024,NUM
मानवत,NOUN
हत्याकांड,NOUN
गुप्तधनाचा,NOUN
शोध,NOUN
11,NUM
जणींची,NOUN
निर्घृण,NOUN
हत्या,NOUN
तरीही,NOUN
फाशीपासून,NOUN
बचावलेले,VERB
आरोपी,NOUN
अश्विनी,NOUN
बिद्रे,NOUN
हत्याकांड,NOUN
अभय,NOUN
कुरुंदकरला,PP
जन्मठेप,NOUN
Y,PART
आणि,NOUN
U,PART
अक्षरांनी,NOUN
असं,NOUN
उलगडलं,NOUN
होतं,NOUN
हत्येचं,NOUN
गूढ21,NOUN
एप्रिल,NOUN
2025,NUM
अश्विनी,NOUN
बिद्रे,NOUN
हत्याकांड,NOUN
अभय,NOUN
कुरुंदकरला,PP
जन्मठेप,NOUN
Y,PART
आणि,NOUN
U,PART
अक्षरांनी,NOUN
असं,NOUN
उलगडलं,NOUN
होतं,NOUN
हत्येचं,NOUN
गूढ,NOUN
या,PART
गावात,NOUN
शेकडो,NOUN
पुरुषांची,NOUN
हत्या,NOUN
त्यांच्याच,NOUN
पत्नींनी,NOUN
केली,VERB
हे,PART
भयंकर,NOUN
हत्याकांड,NOUN
उघड,NOUN
कसं,NOUN
झालं,NOUN
26,NUM
ऑगस्ट,NOUN
2025,NUM
या,PART
गावात,NOUN
शेकडो,NOUN
पुरुषांची,NOUN
हत्या,NOUN
त्यांच्याच,NOUN
पत्नींनी,NOUN
केली,VERB
हे,PART
भयंकर,NOUN
हत्याकांड,NOUN
उघड,NOUN
कसं,NOUN
झालं,NOUN
निळी,NOUN
जर्सी,NOUN
हे,PART
माझं,NOUN
स्वप्न,NOUN
होतं,NOUN
क्रिकेट,NOUN
माझ्या,NOUN
आयुष्याचा,NOUN
भाग,NOUN
आहे,NOUN
त्याशिवाय,NOUN
मला,PP
काहीही,NOUN
कळलं,NOUN
नसतं,NOUN
आणि,NOUN
कदाचित,NOUN
कधीच,NOUN
कळणार,NOUN
नाही,NOUN
हेच,NOUN
निळ्या,NOUN
जर्सीचं,NOUN
स्वप्न,NOUN
पाहणारी,NOUN
एक,PART
सर्वसाधारण,NOUN
मुलगी,NOUN
सध्या,NOUN
भारतीय,NOUN
महिला,PP
क्रिकेट,NOUN
संघाची,NOUN
कर्णधार,NOUN
आहे,NOUN
तिच्याच,NOUN
नेतृत्वात,NOUN
भारतीय,NOUN
संघानं,NOUN
आज,PART
क्रिकेटमधील,NOUN
सर्वोच्च,NOUN
कामगिरी,NOUN
केली,VERB
आहे,NOUN
ही,PART
गोष्ट,NOUN
आहे,NOUN
पंजाबमधील,NOUN
मोगामध्ये,PP
जन्मलेल्या,NOUN
हरमनप्रीत,NOUN
कौरची,NOUN
हरमन,NOUN
एकेकाळी,NOUN
हॉकीही,NOUN
खेळायची,NOUN
आता,NOUN
क्रिकेटच्या,PP
जगात,NOUN
तिच्या,PP
नावाचा,NOUN
डंका,NOUN
वाजतो,NOUN
2025च्या,PP
आयसीसी,NOUN
महिला,PP
क्रिकेट,NOUN
विश्वचषकाच्या,PP
अंतिम,NOUN
फेरीत,NOUN
हरमनप्रीतच्या,PP
नेतृत्वाखाली,VERB
भारतीय,NOUN
क्रिकेट,NOUN
संघ,NOUN
पहिल्यांदाच,NOUN
विश्वविजेता,NOUN
बनला,PP
आहे,NOUN
या,PART
लेखात,NOUN
आपण,NOUN
भारतीय,NOUN
महिला,PP
क्रिकेट,NOUN
संघाच्या,PP
कर्णधार,NOUN
हरमनप्रीत,NOUN
कौरचा,NOUN
आतापर्यंतचा,NOUN
प्रवास,NOUN
जाणून,NOUN
घेणार,NOUN
आहोत,NOUN
मोगाच्या,PP
मैदानात,NOUN
जेव्हा,NOUN
कोचने,PP
पाहिलं,NOUN
भारतीय,NOUN
महिला,PP
क्रिकेट,NOUN
संघाची,NOUN
सध्याची,NOUN
कर्णधार,NOUN
हरमनप्रीत,NOUN
कौर,NOUN
ही,PART
मोगा,NOUN
शहरातील,NOUN
आहे,NOUN
प्रशिक्षक,NOUN
कमलदीश,NOUN
सिंग,NOUN
सोधी,NOUN
यांनी,NOUN
तिथल्या,NOUN
मैदानावर,PP
खेळताना,NOUN
हरमनप्रीतची,NOUN
प्रतिभा,NOUN
ओळखली,VERB
याच,NOUN
भेटीमुळं,NOUN
हरमनप्रीत,NOUN
कौरला,PP
तिचं,NOUN
खेळाडू,NOUN
बनण्याचं,NOUN
स्वप्न,NOUN
पूर्ण,NOUN
करण्यासाठी,PP
पंख,NOUN
मिळाले,VERB
हरमनप्रीतचे,NOUN
पहिले,VERB
प्रशिक्षक,NOUN
कमलदीश,NOUN
सिंग,NOUN
यांनी,NOUN
बीबीसीशी,NOUN
खास,NOUN
संवाद,NOUN
साधला,PP
यादरम्यान,NOUN
त्यांनी,NOUN
मोगाच्या,PP
मैदानात,NOUN
एका,NOUN
मुलीला,PP
खेळताना,NOUN
कसं,NOUN
पाहिलं,NOUN
आणि,NOUN
तिचं,NOUN
खेळातील,NOUN
कौशल्य,NOUN
कसं,NOUN
वाढवलं,NOUN
हे,PART
सांगितलं,NOUN
ते,PART
म्हणाले,VERB
मी,PART
रोजच्याप्रमाणे,NOUN
मोगा,NOUN
मैदानात,NOUN
फिरत,NOUN
होतो,NOUN
मला,PP
एक,PART
मुलगी,NOUN
मुलांसोबत,NOUN
क्रिकेट,NOUN
खेळताना,NOUN
दिसली,VERB
मी,PART
तिला,PP
विचारलं,NOUN
की,PART
तुला,PP
क्रिकेट,NOUN
खेळायचं,NOUN
आहे,NOUN
का,PART
तिनं,NOUN
म्हटलं,NOUN
हो,PART
आणि,NOUN
मग,PART
मी,PART
तिच्या,PP
वडिलांना,NOUN
म्हटलं,NOUN
की,PART
अभ्यासापासून,NOUN
खेळापर्यंतचा,NOUN
सर्व,NOUN
खर्च,NOUN
मी,PART
देईन,NOUN
आणि,NOUN
माझी,NOUN
स्कूल,NOUN
व्हॅन,NOUN
तिला,PP
घेऊन,NOUN
जाईल,NOUN
आणि,NOUN
सोडेलही,NOUN
कमलदीश,NOUN
सिंह,NOUN
मोगापासून,NOUN
वीस,NOUN
किलोमीटर,NOUN
अंतरावर,PP
ज्ञान,NOUN
ज्योती,NOUN
वरिष्ठ,NOUN
माध्यमिक,NOUN
शाळा,NOUN
आणि,NOUN
क्रिकेट,NOUN
अकादमी,NOUN
नावाची,NOUN
शाळा,NOUN
चालवतात,VERB
ते,PART
पुढे,NOUN
म्हणाले,VERB
की,PART
हरमनच्या,PP
वडिलांनी,NOUN
त्यांच्या,PP
विनंतीनुसार,NOUN
होकार,NOUN
दिला,PP
मी,PART
2007,NUM
मध्ये,PP
हरमनला,PP
घेऊन,NOUN
आलो,NOUN
आणि,NOUN
तेव्हापासून,NOUN
मी,PART
तिला,PP
प्रशिक्षण,NOUN
देऊ,NOUN
लागलो,NOUN
दारापूर,NOUN
ते,PART
भारतीय,NOUN
संघापर्यंतचा,NOUN
प्रवास,NOUN
कमलदीश,NOUN
हरमनप्रीतच्या,PP
सुरुवातीच्या,PP
प्रशिक्षणाबद्दल,NOUN
सांगतात,VERB
की,PART
ते,PART
तिला,PP
मुलांसोबत,NOUN
खेळायला,PP
लावायचे,NOUN
आणि,NOUN
सराव,NOUN
करायला,PP
सांगायचे,NOUN
ते,PART
म्हणाले,VERB
हरमनला,PP
खेळाडू,NOUN
बनण्याची,NOUN
प्रचंड,NOUN
आवड,NOUN
होती,NOUN
आणि,NOUN
ती,PART
असाच,NOUN
सराव,NOUN
करायची,NOUN
मी,PART
तिला,PP
शेकडो,NOUN
झेलचा,NOUN
सराव,NOUN
करायला,PP
लावायचो,NOUN
इथूनच,NOUN
ती,PART
पहिलं,NOUN
राज्यस्तरीय,NOUN
आणि,NOUN
नंतर,NOUN
राष्ट्रीयस्तरावरील,NOUN
क्रिकेट,NOUN
खेळली,VERB
आणि,NOUN
इथूनच,NOUN
तिची,NOUN
2009,NUM
मध्ये,PP
भारतीय,NOUN
क्रिकेट,NOUN
संघात,NOUN
निवड,NOUN
झाली,VERB
कमलदीश,NOUN
सांगतात,VERB
की,PART
ते,PART
आणि,NOUN
त्यांचा,NOUN
मुलगा,NOUN
यादविंदर,NOUN
सिंग,NOUN
हरमनप्रीत,NOUN
कौरला,PP
क्रिकेटचं,NOUN
प्रशिक्षण,NOUN
देत,NOUN
असत,NOUN
हरमनप्रीतच्या,PP
स्वभावाबद्दल,NOUN
बोलताना,NOUN
कमलदीश,NOUN
सांगतात,VERB
की,PART
मी,PART
तिला,PP
मुलांच्या,PP
संघात,NOUN
खेळवायचो,NOUN
त्यामागील,NOUN
कारण,NOUN
असं,NOUN
होतं,NOUN
की,PART
जेव्हा,NOUN
तुम्ही,NOUN
तुमच्यापेक्षा,NOUN
बलाढ्य,NOUN
व्यक्तींसोबत,NOUN
खेळता,NOUN
तेव्हा,NOUN
तुमचा,NOUN
खेळ,NOUN
आणखी,NOUN
सुधारतो,NOUN
सुरुवातीला,PP
हरमन,NOUN
माझ्यासाठी,PP
वेगवान,NOUN
गोलंदाजी,NOUN
करायची,NOUN
नंतर,NOUN
ती,PART
फलंदाजीकडं,NOUN
वळली,VERB
पण,PART
जेव्हा,NOUN
ती,PART
भारतीय,NOUN
संघात,NOUN
सामील,NOUN
झाली,VERB
तेव्हा,NOUN
प्रशिक्षकांनी,NOUN
तिला,PP
फिरकी,NOUN
गोलंदाजी,NOUN
करायलाही,NOUN
भाग,NOUN
पाडलं,NOUN
एका,NOUN
घटनेची,NOUN
आठवण,NOUN
करून,NOUN
देताना,NOUN
कलामदीश,NOUN
म्हणतात,VERB
आमचा,NOUN
संघ,NOUN
पटियालामध्ये,PP
झालेल्या,NOUN
राज्यस्तरीय,NOUN
स्पर्धेच्या,PP
अंतिम,NOUN
फेरीत,NOUN
होता,NOUN
हरमनने,PP
षटकार,NOUN
मारला,PP
तेव्हा,NOUN
मैदानाजवळील,NOUN
एका,NOUN
घराची,NOUN
काच,NOUN
फुटली,VERB
त्या,NOUN
घराचा,NOUN
मालक,NOUN
रागाच्या,PP
भरात,NOUN
मैदानावर,PP
आला,PP
आणि,NOUN
हे,PART
कोणी,NOUN
केलं,NOUN
याबद्दल,NOUN
विचारणा,NOUN
करू,NOUN
लागला,PP
जेव्हा,NOUN
त्याला,PP
कळलं,NOUN
की,PART
मुलीनं,NOUN
षटकार,NOUN
मारला,PP
आहे,NOUN
तेव्हा,NOUN
त्यानंही,NOUN
हरमनला,PP
प्रोत्साहन,NOUN
दिलं,NOUN
आणि,NOUN
निघून,NOUN
गेला,PP
आजीचं,NOUN
स्वप्न,NOUN
कसं,NOUN
पूर्ण,NOUN
झालं,NOUN
हरमनप्रीत,NOUN
कौरला,PP
क्रिकेटर,NOUN
व्हायचं,NOUN
होतं,NOUN
पण,PART
तिच्या,PP
आजीचंही,NOUN
एक,PART
स्वप्न,NOUN
होतं,NOUN
कलर्स,NOUN
सिनेप्लेक्सला,PP
दिलेल्या,NOUN
मुलाखतीत,NOUN
हरमन,NOUN
म्हणाली,VERB
होती,NOUN
की,PART
निळी,NOUN
जर्सी,NOUN
हे,PART
माझं,NOUN
स्वप्न,NOUN
होतं,NOUN
पण,PART
माझ्या,NOUN
आजीला,PP
मला,PP
पोलिसांच्या,PP
गणवेशात,NOUN
पाहण्याची,NOUN
इच्छा,NOUN
होती,NOUN
2018,NUM
मध्ये,PP
जेव्हा,NOUN
हरमनप्रीत,NOUN
भारतीय,NOUN
क्रिकेट,NOUN
संघाकडून,NOUN
खेळत,NOUN
होती,NOUN
तेव्हा,NOUN
तिच्या,PP
खेळातील,NOUN
कामगिरीमुळे,NOUN
तत्कालीन,NOUN
कॅप्टन,NOUN
सरकारनं,NOUN
तिला,PP
विशेष,NOUN
पद,PART
देऊन,NOUN
सन्मानित,NOUN
केलं,NOUN
होतं,NOUN
त्यावेळी,NOUN
कॅप्टन,NOUN
अमरिंदर,NOUN
सिंग,NOUN
पंजाबचे,NOUN
मुख्यमंत्री,NOUN
होते,NOUN
कमलदीश,NOUN
सिंह,NOUN
सांगतात,VERB
की,PART
कॅप्टन,NOUN
साहेबांना,NOUN
त्यांच्याशी,NOUN
बोलायचं,NOUN
आहे,NOUN
म्हणून,NOUN
एके,NOUN
दिवशी,NOUN
त्यांना,NOUN
कॅप्टन,NOUN
अमरिंदर,NOUN
सिंग,NOUN
यांच्या,PP
पीएचा,NOUN
फोन,NOUN
आला,PP
मला,PP
त्यावेळी,NOUN
कॅप्टन,NOUN
अमरिंदर,NOUN
सिंग,NOUN
यांचा,NOUN
फोन,NOUN
कसा,NOUN
आला,PP
याचं,NOUN
खूप,NOUN
आश्चर्य,NOUN
वाटलं,NOUN
मी,PART
त्यांच्याशी,NOUN
फोनवर,PP
बोललो,NOUN
तेव्हा,NOUN
त्यांनी,NOUN
म्हटलं,NOUN
की,PART
तुम्ही,NOUN
हरमनचे,NOUN
प्रशिक्षक,NOUN
आहात,NOUN
ना,PART
मी,PART
हो,PART
म्हटलं,NOUN
आणि,NOUN
त्यांनी,NOUN
सांगितलं,NOUN
की,PART
तुम्ही,NOUN
हरमन,NOUN
आणि,NOUN
तिच्या,PP
कुटुंबाला,PP
माझ्या,NOUN
घरी,NOUN
घेऊन,NOUN
या,PART
आम्ही,NOUN
हरमनप्रीतला,PP
डीएसपी,NOUN
म्हणून,NOUN
नियुक्त,NOUN
करतोय,NOUN
कमलदीश,NOUN
सांगतात,VERB
की,PART
त्या,NOUN
दिवशी,NOUN
कॅप्टन,NOUN
अमरिंदर,NOUN
सिंग,NOUN
यांनी,NOUN
हरमनप्रीत,NOUN
कौरला,PP
पंजाब,NOUN
पोलिसांत,NOUN
डीएसपी,NOUN
पद,PART
दिलं,NOUN
बीबीसीशी,NOUN
बोलताना,NOUN
भारताचे,NOUN
माजी,NOUN
मुख्य,NOUN
प्रशिक्षक,NOUN
डब्ल्यूव्ही,NOUN
रमन,NOUN
म्हणाले,VERB
हरमनसोबत,NOUN
काम,NOUN
करताना,NOUN
मला,PP
आठवणारी,NOUN
सर्वात,NOUN
महत्त्वाची,NOUN
गोष्ट,NOUN
म्हणजे,NOUN
ती,PART
नेहमीच,NOUN
संघासाठी,PP
काहीतरी,NOUN
करण्याचा,NOUN
प्रयत्न,NOUN
करायची,NOUN
कमलदीश,NOUN
देखील,NOUN
म्हणतात,VERB
की,PART
हरमनमध्ये,PP
एक,PART
गोष्ट,NOUN
खूप,NOUN
खास,NOUN
आहे,NOUN
ती,PART
म्हणजे,NOUN
ती,PART
स्वतःसाठी,PP
नाही,NOUN
तर,PART
संघासाठी,PP
खेळते,NOUN
मी,PART
कोणाचंही,NOUN
नाव,NOUN
घेऊ,NOUN
इच्छित,NOUN
नाही,NOUN
पण,PART
असे,NOUN
अनेक,NOUN
खेळाडू,NOUN
आहेत,NOUN
ज्यांनी,NOUN
त्यांच्या,PP
कारकिर्दीत,NOUN
स्वतःला,PP
प्रथम,NOUN
स्थान,NOUN
दिलं,NOUN
आहे,NOUN
परंतु,NOUN
हरमनच्या,PP
बाबतीत,NOUN
अगदी,NOUN
उलट,NOUN
आहे,NOUN
तिचा,NOUN
स्वभाव,NOUN
खूप,NOUN
आक्रमक,NOUN
आहे,NOUN
तिला,PP
नेहमीच,NOUN
संघासाठी,PP
काहीतरी,NOUN
करायचं,NOUN
आहे,NOUN
याची,NOUN
जाणीव,NOUN
असते,NOUN
कर्णधार,NOUN
आणि,NOUN
फलंदाज,NOUN
म्हणून,NOUN
भूमिका,NOUN
2017,NUM
च्या,PP
महिला,PP
विश्वचषकात,NOUN
हरमनप्रीत,NOUN
कौरनं,NOUN
ऑस्ट्रेलियाविरुद्ध,NOUN
171,NUM
धावा,NOUN
करून,NOUN
सर्वांना,NOUN
आश्चर्यचकित,NOUN
केलं,NOUN
होतं,NOUN
याच,NOUN
सामन्यामुळं,NOUN
एकेकाळी,NOUN
भारतीय,NOUN
महिला,PP
क्रिकेट,NOUN
संघानं,NOUN
जगाचं,NOUN
लक्ष,NOUN
वेधून,NOUN
घेतलं,NOUN
होतं,NOUN
हरमनप्रीतनं,NOUN
160,NUM
एकदिवसीय,NOUN
सामन्यांमध्ये,PP
4300,NUM
हून,NOUN
अधिक,NOUN
धावा,NOUN
केल्या,NOUN
आहेत,NOUN
त्यात,NOUN
7,NUM
शतकं,NOUN
आहेत,NOUN
यासोबतच,NOUN
तिनं,NOUN
टी,PART
20,NUM
आंतरराष्ट्रीय,NOUN
सामन्यांमध्ये,PP
3600,NUM
हून,NOUN
अधिक,NOUN
धावा,NOUN
केल्या,NOUN
आहेत,NOUN
त्या,NOUN
अविस्मरणीय,NOUN
खेळीनंतर,NOUN
ती,PART
पुन्हा,NOUN
अशी,NOUN
कामगिरी,NOUN
करू,NOUN
शकली,VERB
नाही,NOUN
परंतु,NOUN
क्रीडा,NOUN
चाहते,NOUN
आणि,NOUN
तज्ज्ञ,NOUN
आशा,NOUN
करत,NOUN
आहेत,NOUN
की,PART
नक्कीच,NOUN
ती,PART
पुन्हा,NOUN
अशी,NOUN
कामगिरी,NOUN
करेल,NOUN
कमलदीश,NOUN
सिंग,NOUN
सोधी,NOUN
म्हणतात,VERB
ज्या,NOUN
प्रकारे,NOUN
विराट,NOUN
कोहलीनं,NOUN
त्याच्या,PP
खेळात,NOUN
जीव,NOUN
ओतला,PP
आहे,NOUN
हरमननंही,NOUN
तसंच,NOUN
केलं,NOUN
आहे,NOUN
जेव्हा,NOUN
तिची,NOUN
बॅट,NOUN
तळपत,NOUN
असते,NOUN
तेव्हा,NOUN
कोणीही,NOUN
तिच्यासमोर,NOUN
उभं,NOUN
राहू,NOUN
शकत,NOUN
नाही,NOUN
हरमन,NOUN
तिचा,NOUN
खेळ,NOUN
पूर्ण,NOUN
उत्साहानं,NOUN
खेळते,NOUN
आणि,NOUN
ती,PART
खूप,NOUN
मजबूत,NOUN
आहे,NOUN
तिच्यात,NOUN
मोठे,NOUN
फटके,NOUN
खेळण्याची,NOUN
क्षमता,NOUN
आहे,NOUN
ते,PART
म्हणतात,VERB
की,PART
सुरुवातीला,PP
हरमनला,PP
थोडं,NOUN
दडपण,NOUN
जाणवलं,NOUN
पण,PART
नंतर,NOUN
तिनं,NOUN
स्वतःवर,PP
नियंत्रण,NOUN
ठेवलं,NOUN
हरमनच्या,PP
नेतृत्वाखाली,VERB
इतर,NOUN
खेळाडूही,NOUN
दडपण,NOUN
न,PART
घेता,NOUN
एकजुटीनं,NOUN
खेळतात,VERB
हरमननं,NOUN
पंजाबच्या,PP
मुलींसाठीही,NOUN
मार्ग,NOUN
मोकळा,NOUN
केला,PP
आहे,NOUN
हरमनप्रीतच्या,PP
खेळातील,NOUN
कामगिरीनंतर,NOUN
महिला,PP
क्रिकेटची,NOUN
लोकप्रियता,NOUN
वाढली,VERB
आहे,NOUN
असं,NOUN
त्यांचं,NOUN
मत,PART
आहे,NOUN
हरताज,NOUN
सिंग,NOUN
हे,PART
कलामदीश,NOUN
सिंग,NOUN
यांचे,NOUN
पुत्र,NOUN
आहेत,NOUN
आणि,NOUN
ते,PART
ही,PART
राष्ट्रीयस्तरावरील,NOUN
क्रिकेटपटू,NOUN
आहेत,NOUN
ते,PART
म्हणतात,VERB
की,PART
आता,NOUN
मुलींचे,NOUN
दिवस,NOUN
आले,VERB
आहेत,NOUN
पूर्वी,NOUN
महिलांसाठी,PP
मॅच,NOUN
फी,PART
पुरुषांच्या,PP
तुलनेत,NOUN
खूपच,NOUN
कमी,NOUN
होती,NOUN
आणि,NOUN
आता,NOUN
ती,PART
समान,NOUN
आहे,NOUN
हरमन,NOUN
इतर,NOUN
मुलींसाठीही,NOUN
प्रेरणास्त्रोत,NOUN
बनत,NOUN
आहे,NOUN
ती,PART
तिच्या,PP
फिटनेसकडं,NOUN
खूप,NOUN
लक्ष,NOUN
देतं,NOUN
आणि,NOUN
आजही,NOUN
तुम्हाला,PP
दिसेल,NOUN
की,PART
हरमन,NOUN
नवीन,NOUN
मुलींपेक्षा,NOUN
खूपच,NOUN
तंदुरुस्त,NOUN
आहे,NOUN
ज्यामुळे,NOUN
ती,PART
इतरांपेक्षा,NOUN
वेगळी,NOUN
ठरते,NOUN
भारताच्या,PP
रणरागिणींनी,NOUN
इतिहास,NOUN
घडवला,PP
वर्ल्डकप,NOUN
जिंकल्यानंतर,NOUN
हरमनप्रीत,NOUN
कौर,NOUN
काय,NOUN
म्हणाली,VERB
3,NUM
नोव्हेंबर,NOUN
2025,NUM
भारताच्या,PP
रणरागिणींनी,NOUN
इतिहास,NOUN
घडवला,PP
वर्ल्डकप,NOUN
जिंकल्यानंतर,NOUN
हरमनप्रीत,NOUN
कौर,NOUN
काय,NOUN
म्हणाली,VERB
शेफाली,VERB
वर्मा,NOUN
टीममध्येही,NOUN
नव्हती,NOUN
शेवटच्या,PP
2,NUM
सामन्यांसाठी,PP
आली,VERB
आणि,NOUN
प्लेयर,NOUN
ऑफ,PART
मॅच,NOUN
बनली3,NOUN
नोव्हेंबर,NOUN
2025,NUM
शेफाली,VERB
वर्मा,NOUN
टीममध्येही,NOUN
नव्हती,NOUN
शेवटच्या,PP
2,NUM
सामन्यांसाठी,PP
आली,VERB
आणि,NOUN
प्लेयर,NOUN
ऑफ,PART
मॅच,NOUN
बनली,VERB
ऑगस्ट,NOUN
महिन्यात,NOUN
कोथरूड,NOUN
पोलिसांनी,NOUN
काही,NOUN
तरुणींना,NOUN
जातिवाचक,NOUN
शिवीगाळ,NOUN
केल्याचा,NOUN
आरोप,NOUN
झाला,PP
होता,NOUN
एका,NOUN
पीडितेला,PP
मदत,NOUN
करणाऱ्या,NOUN
तरुणांनाच,NOUN
पोलिसांनी,NOUN
जातिवाचक,NOUN
शिवीगाळ,NOUN
केला,PP
तसंच,NOUN
अपमानास्पद,NOUN
वागणूक,NOUN
दिली,VERB
अशी,NOUN
तक्रार,NOUN
होती,NOUN
या,PART
आरोपांबाबत,NOUN
पोलिसांविरोधात,NOUN
कोणताही,NOUN
पुरावा,NOUN
नसल्याचं,NOUN
सांगत,NOUN
पुणे,NOUN
पोलिसांनी,NOUN
गुन्हा,NOUN
दाखल,NOUN
करायला,PP
नकार,NOUN
दिला,PP
होता,NOUN
याविरोधातील,NOUN
याचिकेवर,PP
निकाल,NOUN
देत,NOUN
पुणे,NOUN
कोर्टाने,PP
गुन्हा,NOUN
दाखल,NOUN
करण्याचे,NOUN
आदेश,NOUN
दिले,VERB
आहेत,NOUN
वकील,NOUN
परिक्रमा,NOUN
खोत,NOUN
यांनी,NOUN
याबाबत,NOUN
अधिक,NOUN
माहिती,NOUN
दिली,VERB
पुण्यामध्ये,PP
पोलिसांनी,NOUN
जातिवाचक,NOUN
शिवीगाळ,NOUN
करत,NOUN
मारहाण,NOUN
केल्याचा,NOUN
आरोप,NOUN
करत,NOUN
त्यांच्यावर,PP
अॅट्रोसिटीचा,NOUN
गुन्हा,NOUN
नोंद,NOUN
व्हावा,NOUN
अशी,NOUN
मागणी,NOUN
करणाऱ्या,NOUN
मुलींच्या,PP
लढ्याला,PP
यश,PART
आलं,NOUN
आहे,NOUN
न्यायालयाने,PP
या,PART
प्रकरणी,NOUN
गुन्हा,NOUN
नोंदविण्याचे,NOUN
आदेश,NOUN
दिले,VERB
आहेत,NOUN
पुण्यामध्ये,PP
पोलिसांनी,NOUN
जातिवाचक,NOUN
शिवीगाळ,NOUN
करत,NOUN
मारहाण,NOUN
केल्याचा,NOUN
आरोप,NOUN
करत,NOUN
त्यांच्यावर,PP
अॅट्रोसिटीचा,NOUN
गुन्हा,NOUN
नोंद,NOUN
व्हावा,NOUN
अशी,NOUN
मागणी,NOUN
करणाऱ्या,NOUN
मुलींनी,NOUN
21,NUM
ऑगस्ट,NOUN
रोजी,NOUN
पुणे,NOUN
सेशन,NOUN
कोर्टात,NOUN
याचिका,NOUN
दाखल,NOUN
केली,VERB
होती,NOUN
पोलिसांवर,PP
गुन्हा,NOUN
नोंद,NOUN
व्हावा,NOUN
यासाठी,PP
3,NUM
ऑगस्ट,NOUN
रोजी,NOUN
पीडित,NOUN
मुलींच्या,PP
बाजूने,PP
पुणे,NOUN
आयुक्तालय,NOUN
परिसरात,NOUN
ठिय्या,NOUN
मांडून,NOUN
आंदोलन,NOUN
करण्यात,NOUN
आलं,NOUN
होतं,NOUN
मात्र,NOUN
पोलिसांनी,NOUN
सरकारी,NOUN
कामात,NOUN
अडथळे,NOUN
आणल्याचा,NOUN
दावा,NOUN
करत,NOUN
या,PART
मुलींवरच,NOUN
गुन्हा,NOUN
नोंदवला,PP
ब्रेक,NOUN
फ्री,NOUN
स्टोरीज,NOUN
या,PART
ग्रुपमधील,NOUN
महिलांची,NOUN
गोष्ट,NOUN
का,PART
आहे,NOUN
खास,NOUN
27,NUM
ऑक्टोबर,NOUN
2025,NUM
ब्रेक,NOUN
फ्री,NOUN
स्टोरीज,NOUN
या,PART
ग्रुपमधील,NOUN
महिलांची,NOUN
गोष्ट,NOUN
का,PART
आहे,NOUN
खास,NOUN
पैशानं,NOUN
लेकरू,NOUN
माघारी,NOUN
येणार,NOUN
आहे,NOUN
का,PART
पुराच्या,PP
पाण्यात,NOUN
मृत्यू,NOUN
झालेल्या,NOUN
मुलाच्या,PP
आईचा,NOUN
टाहो29,NOUN
सप्टेंबर,NOUN
2025,NUM
पैशानं,NOUN
लेकरू,NOUN
माघारी,NOUN
येणार,NOUN
आहे,NOUN
का,PART
पुराच्या,PP
पाण्यात,NOUN
मृत्यू,NOUN
झालेल्या,NOUN
मुलाच्या,PP
आईचा,NOUN
टाहो,NOUN
भारतात,VERB
एक,PART
नवीन,NOUN
इंडस्ट्री,NOUN
झपाट्याने,PP
मोठी,NOUN
होतेय,NOUN
डेटा,NOUN
सेंटर्स,NOUN
गुगल,NOUN
अॅमेझॉन,NOUN
वेब,NOUN
सर्व्हिसेस,NOUN
मेटा,NOUN
या,PART
आंतरराष्ट्रीय,NOUN
कंपन्यांसोबतच,NOUN
रिलायन्स,NOUN
टाटा,NOUN
कम्युनिकेशन्स,NOUN
सिफी,NOUN
अशा,NOUN
भारतीय,NOUN
कंपन्याही,NOUN
या,PART
डेटा,NOUN
सेंटर्समध्ये,PP
मोठी,NOUN
गुंतवणूक,NOUN
करतायत,NOUN
पण,PART
डेटा,NOUN
सेंटर्सना,NOUN
प्रचंड,NOUN
प्रमाणात,NOUN
पाणी,NOUN
लागतं,NOUN
डेटा,NOUN
सेंटर्ससाठी,PP
जगाने,PP
भारताकडे,PP
रोख,NOUN
का,PART
वळवलाय,NOUN
आणि,NOUN
ही,PART
इंडस्ट्री,NOUN
वाढल्याने,PP
भारताच्या,PP
पाणी,NOUN
आणि,NOUN
वीज,NOUN
या,PART
मूलभूत,NOUN
सेवांवर,PP
काय,NOUN
परिणाम,NOUN
होऊ,NOUN
शकतो,NOUN
जगभरातल्या,NOUN
देशांची,NOUN
लष्करं,NOUN
आणि,NOUN
हवामान,NOUN
बदल,NOUN
यात,NOUN
नेमका,NOUN
संबंध,NOUN
काय,NOUN
आहे,NOUN
11,NUM
नोव्हेंबर,NOUN
2025,NUM
जगभरातल्या,NOUN
देशांची,NOUN
लष्करं,NOUN
आणि,NOUN
हवामान,NOUN
बदल,NOUN
यात,NOUN
नेमका,NOUN
संबंध,NOUN
काय,NOUN
आहे,NOUN
म्युचुअल,NOUN
फंडपेक्षा,NOUN
ETFमध्ये,PP
गुंतवणूक,NOUN
जास्त,NOUN
फायदा,NOUN
देऊ,NOUN
शकते,NOUN
का,PART
9,NUM
नोव्हेंबर,NOUN
2025,NUM
म्युचुअल,NOUN
फंडपेक्षा,NOUN
ETFमध्ये,PP
गुंतवणूक,NOUN
जास्त,NOUN
फायदा,NOUN
देऊ,NOUN
शकते,NOUN
का,PART
सोपी,NOUN
गोष्ट,NOUN
पृथ्वीच्या,PP
भोवती,NOUN
आता,NOUN
दोन,NOUN
चंद्र,NOUN
फिरणार,NOUN
का,PART
23,NUM
ऑक्टोबर,NOUN
2025,NUM
सोपी,NOUN
गोष्ट,NOUN
पृथ्वीच्या,PP
भोवती,NOUN
आता,NOUN
दोन,NOUN
चंद्र,NOUN
फिरणार,NOUN
का,PART
जगभरातल्या,NOUN
देशांनी,NOUN
सैन्यावर,PP
लष्करी,NOUN
सामर्थ्यावर,PP
वाढवलेला,PP
खर्च,NOUN
हवामान,NOUN
बदलासाठी,PP
कारणीभूत,NOUN
ठरतोय,NOUN
इतका,NOUN
की,PART
युनायटेड,NOUN
नेशन्सनीही,NOUN
यासाठी,PP
आता,NOUN
इशारा,NOUN
दिला,PP
काय,NOUN
म्हटलंय,NOUN
संयुक्त,NOUN
राष्ट्रसंघाने,PP
आणि,NOUN
मुळात,NOUN
एखाद्या,NOUN
देशाच्या,PP
सैन्याचा,NOUN
हवामान,NOUN
बदलाशी,NOUN
काय,NOUN
संबंध,NOUN
96,NUM
किमीच्या,PP
या,PART
दलदलीवरून,NOUN
भारत,NOUN
पाकिस्तानमध्ये,PP
काय,NOUN
वाद,NOUN
आहे,NOUN
सोपी,NOUN
गोष्ट8,NOUN
नोव्हेंबर,NOUN
2025,NUM
96,NUM
किमीच्या,PP
या,PART
दलदलीवरून,NOUN
भारत,NOUN
पाकिस्तानमध्ये,PP
काय,NOUN
वाद,NOUN
आहे,NOUN
सोपी,NOUN
गोष्ट,NOUN
F1,PART
मध्ये,PP
2026,NUM
पासून,NOUN
होणार,NOUN
मोठा,NOUN
बदल,NOUN
कार्सच्या,PP
परफॉर्मन्सवर,PP
काय,NOUN
परिणाम,NOUN
1,NUM
नोव्हेंबर,NOUN
2025,NUM
F1,PART
मध्ये,PP
2026,NUM
पासून,NOUN
होणार,NOUN
मोठा,NOUN
बदल,NOUN
कार्सच्या,PP
परफॉर्मन्सवर,PP
काय,NOUN
परिणाम,NOUN
Role,NOUN
बीबीसी,NOUN
न्यूज,NOUN
अफगाण,NOUN
रोया,NOUN
करीमीचा,NOUN
मेकअप,NOUN
आणि,NOUN
सोनेरी,NOUN
रंगाच्या,PP
तिच्या,PP
केसांमुळे,NOUN
जणू,NOUN
ती,PART
मिस,NOUN
युनिव्हर्सच्या,PP
फायनलमध्ये,PP
सहभागी,NOUN
होण्यासाठी,PP
आली,VERB
आहे,NOUN
असंच,NOUN
कुणालाही,NOUN
वाटेल,NOUN
बालविवाह,NOUN
अडचणी,NOUN
सामाजिक,NOUN
बंधनांना,NOUN
झुगारून,NOUN
रोया,NOUN
करीमीने,PP
बॉडीबिल्डिंगच्या,PP
स्टेजवर,PP
आपली,VERB
ओळख,NOUN
पुन्हा,NOUN
बनवली,VERB
आहे,NOUN
अवघ्या,NOUN
15,NUM
वर्षांपूर्वी,NOUN
रोया,NOUN
करीमी,NOUN
अफगाणिस्तानमध्ये,PP
किशोरवयात,NOUN
आई,PART
झाली,VERB
होती,NOUN
तिला,PP
बालविवाहाला,PP
सामोरं,NOUN
जावं,NOUN
लागलं,NOUN
होतं,NOUN
पण,PART
ती,PART
तिथून,NOUN
पळून,NOUN
गेली,VERB
आणि,NOUN
आपलं,NOUN
जीवन,NOUN
नव्याने,PP
उभा,NOUN
केलं,NOUN
आज,PART
याची,NOUN
कल्पना,NOUN
करणंही,NOUN
कठीण,NOUN
आहे,NOUN
आता,NOUN
वयाच्या,PP
30,NUM
व्या,NOUN
वर्षी,NOUN
रोया,NOUN
करीमी,NOUN
युरोपच्या,PP
टॉप,NOUN
बॉडीबिल्डर्सपैकी,NOUN
एक,PART
आहे,NOUN
या,PART
आठवड्यात,NOUN
वर्ल्ड,NOUN
बॉडीबिल्डिंग,NOUN
चॅम्पियनशिपमध्ये,PP
जागतिक,NOUN
शरीरसौष्ठव,NOUN
ती,PART
सहभागी,NOUN
होणार,NOUN
आहे,NOUN
तिचा,NOUN
प्रवास,NOUN
कल्पनेपलीकडचा,NOUN
आहे,NOUN
अवघ्या,NOUN
दोन,NOUN
वर्षांपूर्वी,NOUN
तिने,PP
प्रोफेशनल,NOUN
खेळाडू,NOUN
म्हणून,NOUN
बॉडीबिल्डिंग,NOUN
सुरू,NOUN
केली,VERB
होती,NOUN
पण,PART
जेव्हा,NOUN
तिने,PP
अफगाणिस्तान,NOUN
सोडून,NOUN
आपल्या,NOUN
आई,PART
आणि,NOUN
लहान,NOUN
मुलासोबत,NOUN
नॉर्वेमध्ये,PP
आश्रय,NOUN
घेतला,PP
तेव्हा,NOUN
असा,NOUN
विचार,NOUN
करणंही,NOUN
कठीण,NOUN
होतं,NOUN
नॉर्वेमध्ये,PP
तिने,PP
आपल्या,NOUN
नवीन,NOUN
आयुष्याला,PP
सुरूवात,NOUN
केली,VERB
तिने,PP
आपलं,NOUN
शिक्षण,NOUN
सुरू,NOUN
ठेवलं,NOUN
आणि,NOUN
ती,PART
नर्स,NOUN
झाली,VERB
इथंच,NOUN
तिला,PP
तिचे,NOUN
दुसरे,NOUN
पती,NOUN
भेटले,VERB
जे,PART
स्वतः,NOUN
देखील,NOUN
बॉडीबिल्डर,NOUN
आहेत,NOUN
रोया,NOUN
सांगते,NOUN
की,PART
बॉडीबिल्डिंगने,PP
तिला,PP
मानसिक,NOUN
आणि,NOUN
सामाजिक,NOUN
बंधनांपासून,NOUN
मुक्त,NOUN
केलं,NOUN
असं,NOUN
बंधन,NOUN
जे,PART
वर्षानुवर्षे,NOUN
तिच्यावर,PP
लादलं,NOUN
गेलं,NOUN
होतं,NOUN
जेव्हा,NOUN
मी,PART
जिमला,PP
जाते,NOUN
तेव्हा,NOUN
मला,PP
आठवतं,NOUN
की,PART
अफगाणिस्तानमध्ये,PP
एक,PART
काळ,NOUN
असा,NOUN
होता,NOUN
जेव्हा,NOUN
मला,PP
मोकळेपणाने,PP
व्यायाम,NOUN
करण्याची,NOUN
परवानगी,NOUN
नव्हती,NOUN
असं,NOUN
तिने,PP
बीबीसी,NOUN
न्यूज,NOUN
अफगाणला,PP
सांगितलं,NOUN
रोयाच्या,PP
आयुष्याची,NOUN
गोष्ट,NOUN
म्हणजे,NOUN
परंपरांच्या,PP
बंधनांविरुद्ध,NOUN
संघर्ष,NOUN
करून,NOUN
स्वतःची,NOUN
ओळख,NOUN
पुन्हा,NOUN
नव्याने,PP
बनवण्याची,NOUN
कहाणी,NOUN
आहे,NOUN
तिची,NOUN
कहाणी,NOUN
त्या,NOUN
सर्व,NOUN
अफगाण,NOUN
महिलांसाठी,PP
प्रेरणादायी,NOUN
आहे,NOUN
ज्या,NOUN
आजही,NOUN
कठोर,NOUN
निर्बंधांमध्ये,PP
जगत,NOUN
आहेत,NOUN
यातील,NOUN
बंधनं,NOUN
तेव्हाही,NOUN
होते,NOUN
जेव्हा,NOUN
रोया,NOUN
अफगाणिस्तानमध्ये,PP
राहत,NOUN
होती,NOUN
पण,PART
2021,NUM
मध्ये,PP
तालिबानी,NOUN
जेव्हा,NOUN
पुन्हा,NOUN
सत्तेत,NOUN
आले,VERB
त्यानंतर,NOUN
परिस्थिती,NOUN
आणखी,NOUN
बिघडली,VERB
आता,NOUN
अफगाणिस्तानमध्ये,PP
मुलींना,NOUN
वयाच्या,PP
12,NUM
वर्षांनंतर,NOUN
शाळेत,NOUN
जाण्यास,NOUN
बंदी,NOUN
आहे,NOUN
त्यांना,NOUN
बहुतांश,NOUN
नोकऱ्यांपासून,NOUN
वंचित,NOUN
ठेवलं,NOUN
जातं,NOUN
आणि,NOUN
ते,PART
पुरुष,NOUN
सहकाऱ्याशिवाय,NOUN
दूरचे,NOUN
प्रवास,NOUN
करू,NOUN
शकत,NOUN
नाहीत,NOUN
त्यांना,NOUN
सार्वजनिक,NOUN
ठिकाणी,NOUN
मोठ्याने,PP
बोलण्याची,NOUN
परवानगी,NOUN
नाही,NOUN
रोया,NOUN
म्हणते,NOUN
मी,PART
भाग्यवान,NOUN
आहे,NOUN
की,PART
मी,PART
त्या,NOUN
परिस्थितीतून,NOUN
बाहेर,NOUN
पडू,NOUN
शकले,VERB
पण,PART
अनेक,NOUN
महिला,PP
आजही,NOUN
शिक्षणासारख्या,NOUN
मूलभूत,NOUN
हक्कांपासून,NOUN
वंचित,NOUN
आहेत,NOUN
हे,PART
खूप,NOUN
दुःखद,NOUN
आणि,NOUN
हृदयद्रावक,NOUN
आहे,NOUN
असं,NOUN
आयुष्य,NOUN
जगायचं,NOUN
नाही,NOUN
असं,NOUN
तिने,PP
तालिबान,NOUN
पुन्हा,NOUN
सत्तेमध्ये,PP
येण्यापूर्वीच,NOUN
ठरवलं,NOUN
होतं,NOUN
2011,NUM
मध्ये,PP
अफगाणिस्तान,NOUN
सोडण्याचा,NOUN
आणि,NOUN
आपल्या,NOUN
पहिल्या,NOUN
पतीला,PP
सोडून,NOUN
जाण्याचा,NOUN
रोयाचा,NOUN
निर्णय,NOUN
खूप,NOUN
धोकादायक,NOUN
होता,NOUN
विशेषतः,NOUN
एका,NOUN
पारंपरिक,NOUN
अफगाण,NOUN
समाजात,NOUN
राहणाऱ्या,NOUN
महिलेसाठी,PP
तिला,PP
आता,NOUN
त्या,NOUN
काळातील,NOUN
गोष्टी,NOUN
आठवायच्या,PP
नाहीत,NOUN
आणि,NOUN
त्यावर,PP
बोलायलाही,NOUN
आवडत,NOUN
नाही,NOUN
नॉर्वेमध्ये,PP
पोहोचल्यावर,PP
तिला,PP
पूर्णपणे,NOUN
वेगळ्या,NOUN
वातावरणात,NOUN
स्वतःला,PP
जुळवून,NOUN
घ्यावं,NOUN
लागलं,NOUN
तिला,PP
जास्त,NOUN
आधुनिक,NOUN
असलेल्या,NOUN
समाजाशी,NOUN
जुळवून,NOUN
घ्यायचं,NOUN
होतं,NOUN
तिला,PP
स्वतःचा,NOUN
आणि,NOUN
कुटुंबाचा,NOUN
खर्च,NOUN
भागवण्यासाठी,PP
नोकरी,NOUN
करायची,NOUN
होती,NOUN
त्याचबरोबर,NOUN
तिला,PP
नॉर्वेजियन,NOUN
भाषा,NOUN
देखील,NOUN
शिकावी,NOUN
लागणार,NOUN
होती,NOUN
सुरुवातीचे,NOUN
दिवस,NOUN
खूप,NOUN
कठीण,NOUN
होते,NOUN
परंतु,NOUN
हळूहळू,NOUN
तिच्या,PP
कष्टाला,PP
यश,PART
मिळू,NOUN
लागलं,NOUN
रोयाने,PP
नर्सिंगचं,NOUN
शिक्षण,NOUN
पूर्ण,NOUN
केलं,NOUN
आणि,NOUN
राजधानी,NOUN
ओस्लो,NOUN
येथील,NOUN
एका,NOUN
रुग्णालयात,NOUN
ती,PART
कामाला,PP
देखील,NOUN
लागली,VERB
बॉडीबिल्डिंगने,PP
आयुष्याला,PP
दिलं,NOUN
नवीन,NOUN
वळण,NOUN
जिमला,PP
जाणं,NOUN
आणि,NOUN
बॉडीबिल्डिंग,NOUN
करणं,NOUN
तिच्यासाठी,PP
आयुष्याचा,NOUN
पुढचा,NOUN
महत्त्वाचा,NOUN
टप्पा,NOUN
ठरला,PP
हा,PART
फक्त,NOUN
शारीरिक,NOUN
व्यायाम,NOUN
नव्हता,NOUN
तर,PART
स्वतःवर,PP
विश्वास,NOUN
आणि,NOUN
आपली,VERB
ओळख,NOUN
पुन्हा,NOUN
निर्माण,NOUN
करण्याचा,NOUN
मार्ग,NOUN
बनला,PP
इथेच,NOUN
तिची,NOUN
भेट,NOUN
एका,NOUN
दुसऱ्या,NOUN
अफगाणीशी,NOUN
म्हणजेच,NOUN
कमाल,NOUN
जलालुद्दीनशी,NOUN
झाली,VERB
ते,PART
स्वतः,NOUN
अनेक,NOUN
वर्षांपासून,NOUN
बॉडीबिल्डिंगशी,NOUN
संबंधित,NOUN
होते,NOUN
रोया,NOUN
म्हणते,NOUN
कमाल,NOUN
यांना,NOUN
भेटण्यापूर्वी,NOUN
मी,PART
फक्त,NOUN
खेळ,NOUN
म्हणून,NOUN
बॉडीबिल्डिंग,NOUN
करत,NOUN
होते,NOUN
प्रोफेशनल,NOUN
पातळीवर,PP
नाही,NOUN
त्यांच्या,PP
पाठिंब्यामुळे,NOUN
मला,PP
महिलांसाठी,PP
प्रतिबंधित,NOUN
समजल्या,NOUN
जाणाऱ्या,NOUN
मार्गावर,PP
जाण्याचं,NOUN
धाडस,NOUN
करता,NOUN
आलं,NOUN
मला,PP
विश्वास,NOUN
आहे,NOUN
की,PART
जर,PART
एखाद्या,NOUN
पुरुषाने,PP
महिलेस,NOUN
साथ,NOUN
दिली,VERB
तर,PART
मोठ्या,NOUN
गोष्टी,NOUN
साध्य,NOUN
करणं,NOUN
सहज,NOUN
शक्य,NOUN
आहे,NOUN
साधारण,NOUN
18,NUM
महिन्यांपूर्वी,NOUN
रोयाने,PP
नर्सची,NOUN
नोकरी,NOUN
सोडली,VERB
आणि,NOUN
तिने,PP
व्यावसायिक,NOUN
स्तरावर,PP
बॉडीबिल्डिंग,NOUN
सुरु,NOUN
केलं,NOUN
हा,PART
एक,PART
धोकादायक,NOUN
निर्णय,NOUN
होता,NOUN
पण,PART
तिच्यासाठी,PP
खरं,NOUN
आव्हान,NOUN
हे,PART
नोकरी,NOUN
बदलण्याचं,NOUN
नव्हतं,NOUN
तर,PART
त्या,NOUN
स्वातंत्र्याचा,NOUN
स्वीकार,NOUN
करणं,NOUN
होतं,NOUN
जे,PART
अफगाणिस्तानमध्ये,PP
तिला,PP
मिळालं,NOUN
नव्हतं,NOUN
रोया,NOUN
सांगते,NOUN
की,PART
आमच्यासमोर,NOUN
सर्वात,NOUN
मोठं,NOUN
आव्हान,NOUN
होतं,NOUN
ते,PART
म्हणजे,NOUN
इतरांनी,NOUN
आमच्यासाठी,PP
तयार,NOUN
केलेल्या,NOUN
मर्यादा,NOUN
आणि,NOUN
नियम,NOUN
मोडणं,NOUN
पारंपरिक,NOUN
सांस्कृतिक,NOUN
धार्मिक,NOUN
किंवा,NOUN
इतर,NOUN
कोणत्याही,NOUN
नावानं,NOUN
पण,PART
काहीतरी,NOUN
नवीन,NOUN
करायचं,NOUN
असेल,NOUN
तर,PART
आधी,NOUN
तुम्हाला,PP
त्या,NOUN
मर्यादेपलीकडे,PP
जायचं,NOUN
असतं,NOUN
पण,PART
रोयाला,PP
या,PART
प्रवासात,NOUN
अनेक,NOUN
अडचणींचा,NOUN
सामना,NOUN
करावा,NOUN
लागला,PP
स्टेजवरील,NOUN
तिचे,NOUN
बिकिनीमधील,NOUN
रूप,NOUN
खुले,VERB
केस,NOUN
आणि,NOUN
मेकअप,NOUN
हे,PART
अफगाण,NOUN
समाजाच्या,PP
मानकांपासून,NOUN
आणि,NOUN
आजच्या,PP
सरकारी,NOUN
निर्बंधाच्या,PP
पूर्णपणे,NOUN
विरुद्ध,NOUN
आहे,NOUN
त्यामुळे,NOUN
तिला,PP
सोशल,NOUN
मीडियावर,PP
टीका,NOUN
शिवीगाळ,NOUN
आणि,NOUN
जीवे,NOUN
मारण्याच्या,PP
धमक्यांचा,NOUN
सामना,NOUN
करावा,NOUN
लागला,PP
यात,NOUN
काहीच,NOUN
नवल,NOUN
नाही,NOUN
पण,PART
ती,PART
या,PART
टीकांकडे,PP
दुर्लक्ष,NOUN
करते,NOUN
ती,PART
म्हणते,NOUN
लोकांना,NOUN
फक्त,NOUN
माझं,NOUN
बाह्य,NOUN
रूप,NOUN
दिसतं,NOUN
माझा,NOUN
बिकिनी,NOUN
लूक,NOUN
दिसतो,NOUN
माझे,NOUN
अनेक,NOUN
वर्षांचे,NOUN
कष्ट,NOUN
दुखः,NOUN
आणि,NOUN
संयम,NOUN
त्यांना,NOUN
दिसत,NOUN
नाही,NOUN
हे,PART
यश,PART
सहजासहजी,NOUN
मिळालेलं,NOUN
नाही,NOUN
तरीही,NOUN
सोशल,NOUN
मीडियाबद्दल,NOUN
रोयाचा,NOUN
दृष्टीकोन,NOUN
नकारात्मक,NOUN
नाही,NOUN
ती,PART
याचा,NOUN
उपयोग,NOUN
अफगाणिस्तानच्या,PP
महिलांपर्यंत,NOUN
आपला,PP
आवाज,NOUN
पोहोचवण्यासाठी,PP
करते,NOUN
येथे,NOUN
ती,PART
शारीरिक,NOUN
आरोग्य,NOUN
आत्मविश्वास,NOUN
आणि,NOUN
स्वतःला,PP
घडवण्याचं,NOUN
महत्त्व,NOUN
याबद्दल,NOUN
बोलत,NOUN
असते,NOUN
रोया,NOUN
वर्ल्ड,NOUN
बॉडीबिल्डिंग,NOUN
चॅम्पियनशिपसाठी,PP
तयारी,NOUN
करत,NOUN
आहेत,NOUN
ही,PART
स्पर्धा,NOUN
या,PART
आठवड्यात,NOUN
बार्सिलोनामध्ये,PP
सुरू,NOUN
होत,NOUN
आहे,NOUN
यावर्षी,NOUN
तिला,PP
आधीपेक्षा,NOUN
जास्त,NOUN
यश,PART
मिळवायचं,NOUN
आहे,NOUN
एप्रिलमध्ये,PP
तिने,PP
स्टोपेरिएट,NOUN
ओपन,NOUN
बॉडीबिल्डिंग,NOUN
स्पर्धेत,NOUN
वेलनेस,NOUN
कॅटेगरीत,NOUN
सुवर्ण,NOUN
पदक,NOUN
जिंकलं,NOUN
या,PART
कॅटेगरीमध्ये,PP
स्नायूंपेक्षा,NOUN
नैसर्गिक,NOUN
फिटनेस,NOUN
आरोग्यदायी,NOUN
दिसणं,NOUN
आणि,NOUN
साधेपणाला,PP
प्राधान्य,NOUN
दिलं,NOUN
जातं,NOUN
यानंतर,NOUN
लगेचच,NOUN
तिने,PP
नॉर्वे,NOUN
क्लासिक,NOUN
2025,NUM
जिंकले,VERB
यात,NOUN
संपूर्ण,NOUN
स्कँडिनेव्हियातील,NOUN
खेळाडू,NOUN
सामील,NOUN
होतात,VERB
यानंतर,NOUN
तिने,PP
युरोपियन,NOUN
चॅम्पियनशिपमध्ये,PP
भाग,NOUN
घेतला,PP
आणि,NOUN
तिथूनच,NOUN
वर्ल्ड,NOUN
चॅम्पियनशिपसाठी,PP
ती,PART
पात्र,NOUN
ठरली,VERB
रोया,NOUN
म्हणते,NOUN
मला,PP
खूप,NOUN
आनंद,NOUN
आणि,NOUN
अभिमान,NOUN
वाटतो,NOUN
असं,NOUN
वाटतं,NOUN
की,PART
माझा,NOUN
सन्मान,NOUN
आदर,NOUN
वाढला,PP
आहे,NOUN
हे,PART
वर्ष,NOUN
खूप,NOUN
कठीण,NOUN
होतं,NOUN
पण,PART
मी,PART
एक,PART
एक,PART
पाऊल,NOUN
टाकत,NOUN
सुवर्णपदक,NOUN
जिंकले,VERB
बॉडीबिल्डिंग,NOUN
स्पर्धांदरम्यान,NOUN
प्रेक्षकांमध्ये,PP
बसलेले,VERB
तिचे,NOUN
पती,NOUN
आणि,NOUN
मुलगा,NOUN
नेहमी,NOUN
तिला,PP
प्रोत्साहन,NOUN
देतात,VERB
रोयाचे,NOUN
पती,NOUN
कमाल,NOUN
म्हणतात,VERB
की,PART
स्टेजवर,PP
रोयाला,PP
पाहणं,NOUN
म्हणजे,NOUN
आम्ही,NOUN
एकत्र,NOUN
पाहिलेल्या,NOUN
स्वप्नांची,NOUN
पूर्तता,NOUN
होणं,NOUN
आहे,NOUN
पण,PART
रोयासाठी,PP
ही,PART
स्पर्धा,NOUN
फक्त,NOUN
स्वतःसाठी,PP
नाही,NOUN
ती,PART
म्हणते,NOUN
मला,PP
मानसिकदृष्ट्या,NOUN
खूप,NOUN
मजबूत,NOUN
वाटत,NOUN
आहे,NOUN
मी,PART
अफगाण,NOUN
मुली,VERB
आणि,NOUN
महिलांच्या,PP
नावावर,PP
इतिहास,NOUN
घडवण्यासाठी,PP
माझी,NOUN
पूर्ण,NOUN
ताकद,NOUN
लावायला,PP
तयार,NOUN
आहे,NOUN
केस,NOUN
गळू,NOUN
लागले,VERB
हृदयाचे,NOUN
ठोके,NOUN
वाढले,VERB
बॉडीबिल्डिंगमुळे,NOUN
माझी,NOUN
पाळी,NOUN
वेळेआधीच,NOUN
थांबली,VERB
का,PART
6,NUM
फेब्रुवारी,NOUN
2024,NUM
केस,NOUN
गळू,NOUN
लागले,VERB
हृदयाचे,NOUN
ठोके,NOUN
वाढले,VERB
बॉडीबिल्डिंगमुळे,NOUN
माझी,NOUN
पाळी,NOUN
वेळेआधीच,NOUN
थांबली,VERB
का,PART
गर्भवतींनी,NOUN
145,NUM
किलो,NOUN
वजन,NOUN
उचलणं,NOUN
सुरक्षित,NOUN
आहे,NOUN
का,PART
व्हायरल,NOUN
व्हीडिओमुळे,NOUN
वाद30,NOUN
ऑक्टोबर,NOUN
2025,NUM
गर्भवतींनी,NOUN
145,NUM
किलो,NOUN
वजन,NOUN
उचलणं,NOUN
सुरक्षित,NOUN
आहे,NOUN
का,PART
व्हायरल,NOUN
व्हीडिओमुळे,NOUN
वाद,NOUN
सात,NOUN
महिन्यांची,NOUN
गर्भवती,NOUN
ऑलिंपिकमध्ये,PP
खेळली,VERB
या,PART
तलवारबाज,NOUN
युवतीचं,NOUN
होतंय,NOUN
जगभरात,NOUN
कौतुक31,NOUN
जुलै,NOUN
2024,NUM
सात,NOUN
महिन्यांची,NOUN
गर्भवती,NOUN
ऑलिंपिकमध्ये,PP
खेळली,VERB
या,PART
तलवारबाज,NOUN
युवतीचं,NOUN
होतंय,NOUN
जगभरात,NOUN
कौतुक,NOUN
Author,NOUN
रुथ,NOUN
क्लेगRole,NOUN
हेल्थ,NOUN
अँड,NOUN
वेलबिईंग,NOUN
रिपोर्टर,NOUN
Role,NOUN
हेल्थ,NOUN
अँड,NOUN
वेलबिईंग,NOUN
रिपोर्टर,NOUN
कधी,NOUN
वाटतं,NOUN
का,PART
की,PART
सगळं,NOUN
बंद,NOUN
करून,NOUN
शांत,NOUN
बसावं,NOUN
तुमच्या,PP
शरीरातला,PP
एक,PART
मज्जातंतू,NOUN
Vagus,NOUN
Nerve,NOUN
यात,NOUN
मदत,NOUN
करू,NOUN
शकतो,NOUN
हा,PART
मज्जातंतू,NOUN
म्हणजे,NOUN
शरीरातला,PP
एक,PART
सुपरहायवे,NOUN
आहे,NOUN
तो,PART
मेंदूपासून,NOUN
तुमच्या,PP
महत्त्वाच्या,PP
अवयवांपर्यंत,NOUN
माहिती,NOUN
पोहोचवतो,NOUN
अनेकांना,NOUN
त्याचं,NOUN
अस्तित्वही,NOUN
माहीत,NOUN
नसतं,NOUN
आणि,NOUN
तो,PART
ट्रेन,NOUN
करावा,NOUN
लागतो,NOUN
हे,PART
तर,PART
आपल्यासाठी,PP
अजूनच,NOUN
नवं,NOUN
आहे,NOUN
सोशल,NOUN
मीडियावर,PP
Vagus,NOUN
Nerve,NOUN
वर,PART
अनेक,NOUN
टिप्स,NOUN
दिसतात,VERB
तो,PART
आपल्याला,PP
बरं,NOUN
करणे,NOUN
उत्तेजित,NOUN
करणे,NOUN
रीसेट,NOUN
करणे,NOUN
हे,PART
सगळं,NOUN
तणाव,NOUN
आणि,NOUN
चिंता,NOUN
कमी,NOUN
करण्यासाठी,PP
आहे,NOUN
असं,NOUN
सांगितलं,NOUN
जातं,NOUN
कानात,NOUN
रबरच्या,PP
ब्रशसारख्या,NOUN
वस्तूने,PP
चोळणे,NOUN
डोळ्यांची,NOUN
हालचाल,NOUN
शरीरावर,PP
टॅपिंग,NOUN
करणे,NOUN
किंवा,NOUN
वजनदार,NOUN
जाकीट,NOUN
घालून,NOUN
गुळण्या,NOUN
करणे,NOUN
अशा,NOUN
अनेक,NOUN
विचित्र,NOUN
वाटणाऱ्या,NOUN
पद्धती,NOUN
Vagus,NOUN
Nerve,NOUN
ट्रेन,NOUN
करण्यासाठी,PP
सुचवल्या,NOUN
जातात,VERB
तरुणांमध्ये,PP
तणाव,NOUN
आणि,NOUN
बर्नआउट,NOUN
वाढत,NOUN
असल्यामुळे,NOUN
अशा,NOUN
पोस्ट्सना,NOUN
लाखो,NOUN
व्ह्यूज,NOUN
मिळत,NOUN
आहेत,NOUN
हे,PART
उपाय,NOUN
विचित्र,NOUN
वाटू,NOUN
शकतात,VERB
पण,PART
खरंच,NOUN
हा,PART
मज्जातंतू,NOUN
ट्रेन,NOUN
करता,NOUN
येतो,NOUN
का,PART
आणि,NOUN
त्याने,PP
तणाव,NOUN
कमी,NOUN
होतो,NOUN
का,PART
हे,PART
जाणून,NOUN
घेण्यासाठी,PP
मी,PART
स्टॉकपोर्ट,NOUN
मधल्या,NOUN
एका,NOUN
छोट्या,NOUN
मेणबत्त्यांनी,NOUN
उजळलेल्या,NOUN
स्टुडिओत,NOUN
पोहोचले,VERB
तिथे,NOUN
आम्ही,NOUN
एकत्र,NOUN
बसून,NOUN
मोठ्याने,PP
हमिंग,NOUN
केलं,NOUN
हमिंग,NOUN
म्हणजे,NOUN
एका,NOUN
लयीत,NOUN
गुणगुणण्यासारखा,NOUN
आवाज,NOUN
या,PART
गुंजारवासारख्या,NOUN
आवाजाचा,NOUN
उपचारासाठी,PP
उपयोग,NOUN
केला,PP
जातो,NOUN
योगासनात,NOUN
भ्रामरी,NOUN
करताना,NOUN
जो,PART
आवाज,NOUN
निर्माण,NOUN
केला,PP
जातो,NOUN
तसाच,NOUN
हा,PART
आवाज,NOUN
काढला,PP
जातो,NOUN
हमिंग,NOUN
Vagus,NOUN
Nerve,NOUN
ला,PART
उत्तेजित,NOUN
करतं,NOUN
आणि,NOUN
हृदयाची,NOUN
गती,NOUN
कमी,NOUN
करतं,NOUN
असं,NOUN
सांगितलं,NOUN
गेलं,NOUN
आणि,NOUN
खरंच,NOUN
मला,PP
थोडं,NOUN
शांत,NOUN
वाटायला,PP
लागलं,NOUN
शरीरात,NOUN
कंपन,NOUN
जाणवत,NOUN
होतं,NOUN
आणि,NOUN
मेंदू,NOUN
थोडा,NOUN
शांत,NOUN
झाला,PP
होता,NOUN
या,PART
सोमॅटिक्स,NOUN
वर्गात,NOUN
योग,NOUN
प्रशिक्षक,NOUN
एरियन,NOUN
कोलाइन,NOUN
या,PART
सौम्य,NOUN
हालचाली,VERB
श्वसन,NOUN
झुलणे,NOUN
आणि,NOUN
डोलणे,NOUN
यांचा,NOUN
वापर,NOUN
करून,NOUN
मार्गदर्शन,NOUN
करत,NOUN
होत्या,NOUN
त्या,NOUN
सोशल,NOUN
मीडियावरच्या,PP
सगळ्या,NOUN
उपायांवर,PP
विश्वास,NOUN
ठेवत,NOUN
नाहीत,NOUN
पण,PART
त्यांच्या,PP
या,PART
पद्धतीत,NOUN
श्वसन,NOUN
डोळ्यांची,NOUN
हालचाल,NOUN
आणि,NOUN
टॅपिंग,NOUN
यांचा,NOUN
वापर,NOUN
केला,PP
जातो,NOUN
त्या,NOUN
सांगतात,VERB
ही,PART
एक,PART
प्रक्रिया,NOUN
आहे,NOUN
हा,PART
काही,NOUN
झटपट,NOUN
होणारा,NOUN
उपाय,NOUN
नाही,NOUN
शरीराशी,NOUN
जोडून,NOUN
घेऊन,NOUN
आपली,VERB
मज्जासंस्था,NOUN
शांत,NOUN
करता,NOUN
येते,NOUN
असा,NOUN
यामागचा,NOUN
सिद्धांत,NOUN
यात,NOUN
आहे,NOUN
काही,NOUN
वैज्ञानिकांना,NOUN
हे,PART
फारच,NOUN
सरधोपट,NOUN
वाटतं,NOUN
पण,PART
काहींना,NOUN
हे,PART
उपाय,NOUN
व्यग्र,NOUN
आणि,NOUN
तणावपूर्ण,NOUN
जगात,NOUN
थोडी,NOUN
शांतता,NOUN
देतात,VERB
असं,NOUN
वाटतं,NOUN
आता,NOUN
आपण,NOUN
साराबद्दल,NOUN
माहिती,NOUN
घेऊ,NOUN
ती,PART
माझ्याजवळच,NOUN
चटईवर,PP
पडून,NOUN
होती,NOUN
गेल्या,NOUN
वर्षभरापासून,NOUN
ती,PART
या,PART
वर्गात,NOUN
येते,NOUN
ती,PART
म्हणते,NOUN
पहिल्या,NOUN
सत्रानंतर,NOUN
मी,PART
रडले,VERB
असं,NOUN
वाटलं,NOUN
की,PART
पहिल्यांदाच,NOUN
माझा,NOUN
मेंदू,NOUN
बंद,NOUN
झाला,PP
ती,PART
मानसिक,NOUN
आरोग्याच्या,PP
समस्यांशी,NOUN
झगडते,NOUN
आणि,NOUN
म्हणते,NOUN
की,PART
हे,PART
सत्र,NOUN
म्हणजे,NOUN
मेंदूचं,NOUN
फ्लॉसिंगच,NOUN
आहे,NOUN
फ्लॉसिंग,NOUN
म्हणजे,NOUN
दातामधल्या,NOUN
फटीमधले,VERB
अन्नकण,NOUN
किंवा,NOUN
प्लाक,NOUN
काढून,NOUN
टाकणे,NOUN
इथं,NOUN
मेंदूमध्ये,PP
साचून,NOUN
राहिलेल्या,NOUN
रोगट,NOUN
भावना,NOUN
मळभ,NOUN
काढून,NOUN
टाकणे,NOUN
अशा,NOUN
अर्थी,NOUN
मेंदूचं,NOUN
फ्लॉसिंग,NOUN
हा,PART
शब्दप्रयोग,NOUN
वापरला,PP
गेला,PP
आहे,NOUN
तिचा,NOUN
जोडीदार,NOUN
झांडर,NOUN
म्हणतो,NOUN
की,PART
यामुळे,NOUN
त्याला,PP
स्वतःच्या,PP
भावना,NOUN
समजायला,PP
लागल्या,NOUN
पुरुष,NOUN
म्हणून,NOUN
आपल्याला,PP
भावना,NOUN
समजून,NOUN
घेण्याचं,NOUN
फारसं,NOUN
शिकवलं,NOUN
जात,NOUN
नाही,NOUN
तो,PART
म्हणतो,NOUN
मी,PART
दीर्घकाळ,NOUN
नैराश्याशी,NOUN
झगडलो,NOUN
पण,PART
आता,NOUN
विचारांना,NOUN
दुरुस्त,NOUN
करत,NOUN
बसण्याऐवजी,NOUN
मनात,NOUN
आलेल्या,NOUN
भावना,NOUN
स्वीकारतो,NOUN
तणाव,NOUN
वाढला,PP
की,PART
मी,PART
कामातून,NOUN
थोडी,NOUN
विश्रांती,NOUN
घेतो,NOUN
धावायला,PP
जातो,NOUN
डोंगरात,NOUN
फिरतो,NOUN
माझ्या,NOUN
मज्जासंस्थेचं,NOUN
काम,NOUN
कसं,NOUN
आहे,NOUN
हे,PART
समजून,NOUN
घेणं,NOUN
हे,PART
फार,NOUN
महत्त्वाचं,NOUN
आहे,NOUN
Vagus,NOUN
म्हणजे,NOUN
लॅटिनमध्ये,PP
विचारणारा,NOUN
हा,PART
मज्जातंतू,NOUN
मेंदूपासून,NOUN
सुरू,NOUN
होतो,NOUN
आणि,NOUN
शरीरातील,NOUN
प्रत्येक,NOUN
महत्त्वाच्या,PP
अवयवाशी,NOUN
जोडलेला,PP
असतो,NOUN
तो,PART
ऑटोनॉमिक,NOUN
नर्व्हस,NOUN
सिस्टम,NOUN
चा,PART
भाग,NOUN
आहे,NOUN
ती,PART
प्रणाली,VERB
श्वास,NOUN
हृदयाची,NOUN
गती,NOUN
पचन,NOUN
यासारख्या,NOUN
क्रिया,NOUN
नियंत्रित,NOUN
करते,NOUN
ही,PART
प्रणाली,VERB
दोन,NOUN
भागांत,NOUN
विभागलेली,VERB
आहे,NOUN
सिम्पॅथेटिक,NOUN
नर्व्हस,NOUN
सिस्टम,NOUN
जी,PART
फाईट,NOUN
ऑर,PART
फ्लाईट,NOUN
प्रतिक्रिया,NOUN
देते,NOUN
म्हणजे,NOUN
कोणत्याही,NOUN
स्थितीला,PP
तोंड,NOUN
देणं,NOUN
किंवा,NOUN
तिच्यापासून,NOUN
पळून,NOUN
जाणं,NOUN
यापैकी,NOUN
एक,PART
गोष्ट,NOUN
करणं,NOUN
पॅरासिम्पॅथेटिक,NOUN
नर्व्हस,NOUN
सिस्टम,NOUN
जी,PART
Vagus,NOUN
Nerve,NOUN
च्या,PP
मदतीने,PP
शरीर,NOUN
शांत,NOUN
करते,NOUN
जर,PART
हे,PART
संतुलन,NOUN
बिघडलं,NOUN
तर,PART
समस्या,NOUN
निर्माण,NOUN
होतात,VERB
पण,PART
आपण,NOUN
स्वतः,NOUN
Vagus,NOUN
Nerve,NOUN
सक्रिय,NOUN
करून,NOUN
हे,PART
संतुलन,NOUN
पुन्हा,NOUN
मिळवू,NOUN
शकतो,NOUN
का,PART
सायकायट्रिस्ट,NOUN
कन्सल्टंट,NOUN
प्रा,NOUN
हामिश,NOUN
मॅकअलिस्टर,NOUN
विल्यम्स,NOUN
यावर,PP
अधिक,NOUN
माहिती,NOUN
देतात,VERB
ते,PART
म्हणतात,VERB
आमच्याकडे,PP
पुरावे,NOUN
आहेत,NOUN
की,PART
vagus,NOUN
nerveचं,NOUN
उद्दिपन,NOUN
काही,NOUN
मानसिक,NOUN
आजारांवर,PP
उपयोगी,NOUN
पडते,NOUN
पण,PART
त्यासाठी,PP
शरीरात,NOUN
उपकरण,NOUN
बसवावं,NOUN
लागतं,NOUN
हे,PART
उपकरण,NOUN
Vagus,NOUN
Nerve,NOUN
ला,PART
विद्युत,NOUN
सिग्नल,NOUN
पाठवतं,NOUN
आणि,NOUN
मेंदूत,NOUN
सेरोटोनिन,NOUN
आणि,NOUN
डोपामिन,NOUN
सारखी,NOUN
रसायनं,NOUN
सोडली,VERB
जातात,VERB
ही,PART
रसायनं,NOUN
मूड,NOUN
नियंत्रित,NOUN
करतात,VERB
हे,PART
उपकरण,NOUN
युकेच्या,PP
राष्ट्रीय,NOUN
आरोग्य,NOUN
सेवा,NOUN
म्हणजे,NOUN
एनएचएसवर,PP
काही,NOUN
निवडक,NOUN
रुग्णांसाठी,PP
उपलब्ध,NOUN
आहे,NOUN
पण,PART
आता,NOUN
बाह्य,NOUN
उपकरणांची,NOUN
विक्री,NOUN
वाढत,NOUN
आहे,NOUN
ही,PART
उपकरणं,NOUN
कान,NOUN
मान,NOUN
किंवा,NOUN
छातीवर,PP
लावली,VERB
जातात,VERB
बाह्य,NOUN
उपकरणांबाबत,NOUN
काही,NOUN
अभ्यास,NOUN
आहेत,NOUN
पण,PART
पुरावे,NOUN
कमी,NOUN
आहेत,NOUN
असं,NOUN
प्रा,NOUN
मॅकअलिस्टर,NOUN
विल्यम्स,NOUN
सांगतात,VERB
बाह्य,NOUN
उपकरणांमधून,NOUN
विद्युत,NOUN
सिग्नल,NOUN
त्वचा,NOUN
स्नायू,NOUN
चरबी,NOUN
यातून,NOUN
जावं,NOUN
लागतं,NOUN
त्यामुळे,NOUN
त्याचा,NOUN
परिणाम,NOUN
थेट,NOUN
नसतो,NOUN
ल्युसी,NOUN
लॅम्बर्टने,PP
बर्नआऊट,NOUN
या,PART
समस्येला,PP
तोंड,NOUN
दिलंय,NOUN
हर्बर्ट,NOUN
फ्रॉइडेनबेर्गर,NOUN
यांनी,NOUN
1974,NUM
साली,VERB
एका,NOUN
शोधनिबंधात,NOUN
इमोशनल,NOUN
बर्नआऊट,NOUN
ही,PART
टर्म,NOUN
वापरली,VERB
सतत,NOUN
स्वतःला,PP
सिद्ध,NOUN
करण्यासारख्या,NOUN
अनेक,NOUN
कसोट्यांचा,NOUN
ताण,NOUN
असलेल्या,NOUN
व्यावसायिक,NOUN
जीवनामुळे,NOUN
एखाद्याला,PP
पराकोटीचा,NOUN
शारीरिक,NOUN
व,PART
मानसिक,NOUN
थकवा,NOUN
येणं,NOUN
म्हणजे,NOUN
इमोशनल,NOUN
बर्नआऊट,NOUN
अशी,NOUN
व्याख्या,NOUN
त्यांनी,NOUN
केली,VERB
होती,NOUN
आताच्या,PP
काळामध्ये,PP
भरपूर,NOUN
आणि,NOUN
दीर्घकाळ,NOUN
ताण,NOUN
आलेला,PP
असेल,NOUN
तर,PART
त्याला,PP
इमोशनल,NOUN
बर्नआऊट,NOUN
म्हटलं,NOUN
जातं,NOUN
यामुळे,NOUN
जीवनातील,NOUN
आव्हानांशी,NOUN
जुळवून,NOUN
घेता,NOUN
येत,NOUN
नाही,NOUN
अशी,NOUN
भावना,NOUN
मनात,NOUN
तयार,NOUN
होते,NOUN
हे,PART
ताण,NOUN
निर्माण,NOUN
करणारे,NOUN
घटक,NOUN
फक्त,NOUN
कामाच्या,PP
ठिकाणीच,NOUN
नाही,NOUN
तर,PART
आपल्याशी,NOUN
संबंधित,NOUN
प्रत्येक,NOUN
क्षेत्रातून,NOUN
येतात,VERB
आपल्याला,PP
या,PART
उपकरणांची,NOUN
मदत,NOUN
झा,PART
असं,NOUN
ल्युसी,NOUN
सांगते,NOUN
ती,PART
प्राथमिक,NOUN
शाळेत,NOUN
शिक्षिका,NOUN
होती,NOUN
मात्र,NOUN
तणावामुळे,NOUN
तिनं,NOUN
ते,PART
काम,NOUN
सोडलं,NOUN
मी,PART
इतकी,NOUN
थकले,VERB
होते,NOUN
की,PART
मला,PP
या,PART
स्थितीबद्दल,NOUN
काही,NOUN
जाणवलंच,NOUN
नाही,NOUN
असं,NOUN
ल्युसी,NOUN
म्हणते,NOUN
एक,PART
दिवस,NOUN
सगळं,NOUN
कोसळलं,NOUN
वैद्यकीय,NOUN
उपाय,NOUN
अपुरे,NOUN
पडल्यावर,PP
तिच्या,PP
भावाने,PP
एक,PART
उपकरण,NOUN
सुचवलं,NOUN
हे,PART
उपकरण,NOUN
मान,NOUN
किंवा,NOUN
कानातून,NOUN
Vagus,NOUN
Nerve,NOUN
ला,PART
सिग्नल,NOUN
पाठवतं,NOUN
तणाव,NOUN
वाढला,PP
की,PART
डोकं,NOUN
दुखायला,PP
लागायचं,NOUN
मग,PART
मी,PART
हे,PART
उपकरण,NOUN
वापरायचे,NOUN
10,NUM
मिनिटं,NOUN
दिवसातून,NOUN
दोनदा,NOUN
त्यामुळे,NOUN
डोकेदुखी,NOUN
कमी,NOUN
व्हायची,NOUN
आणि,NOUN
शरीर,NOUN
शांत,NOUN
व्हायचं,NOUN
ही,PART
कंपनं,NOUN
काहीतरी,NOUN
करतात,VERB
ती,PART
म्हणते,NOUN
हे,PART
उपकरण,NOUN
बर्नआऊट,NOUN
दूर,NOUN
करत,NOUN
नाही,NOUN
पण,PART
खऱ्या,NOUN
उपचारासाठी,PP
योग्य,NOUN
अशी,NOUN
पोषक,NOUN
परिस्थिती,NOUN
निर्माण,NOUN
करतं,NOUN
डॉ,PART
ख्रिस,NOUN
बार्कर,NOUN
म्हणतात,VERB
की,PART
ही,PART
वैद्यकीय,NOUN
शाखा,NOUN
अजून,NOUN
विकसित,NOUN
होत,NOUN
आहे,NOUN
ते,PART
म्हणतात,VERB
मज्जासंस्थेचं,NOUN
संतुलन,NOUN
बिघडलं,NOUN
की,PART
मानसिक,NOUN
आरोग्य,NOUN
हृदयाची,NOUN
गती,NOUN
पचन,NOUN
यावर,PP
परिणाम,NOUN
होतो,NOUN
पण,PART
त्यावर,PP
उपाय,NOUN
अजून,NOUN
स्पष्ट,NOUN
नाहीत,NOUN
आपण,NOUN
जे,PART
त्रास,NOUN
अनुभवतो,NOUN
ते,PART
एका,NOUN
मोठ्या,NOUN
प्रणालीतील,NOUN
असंतुलनाचं,NOUN
लक्षण,NOUN
असू,NOUN
शकतं,NOUN
त्यांचं,NOUN
म्हणणं,NOUN
आहे,NOUN
भरमसाठ,NOUN
उपाय,NOUN
न,PART
करता,NOUN
तुम्हाला,PP
नक्की,NOUN
काय,NOUN
उपयोगी,NOUN
पडतं,NOUN
ते,PART
शोधा,NOUN
जर,PART
हृदय,NOUN
किंवा,NOUN
श्वसनाचे,NOUN
आजार,NOUN
असतील,NOUN
तर,PART
अशा,NOUN
उपायांपूर्वी,NOUN
वैद्यकीय,NOUN
सल्ला,PP
घ्या,NOUN
आज,PART
ल्युसी,NOUN
स्वतःचा,NOUN
व्यवसाय,NOUN
सुरू,NOUN
करत,NOUN
आहे,NOUN
त्याचा,NOUN
उपयोग,NOUN
ती,PART
इतरांना,NOUN
भावनिक,NOUN
ताकद,NOUN
आणि,NOUN
आत्मविश्वास,NOUN
मिळवून,NOUN
देण्यासाठी,PP
मदत,NOUN
करणार,NOUN
आहे,NOUN
ती,PART
अजूनही,NOUN
ते,PART
उपकरण,NOUN
वापरते,NOUN
ध्यान,NOUN
करते,NOUN
आणि,NOUN
स्वतःच्या,PP
भावना,NOUN
तपासते,NOUN
हे,PART
उपकरण,NOUN
मला,PP
विश्रांती,NOUN
घेण्यास,NOUN
भाग,NOUN
पाडतं,NOUN
असं,NOUN
ती,PART
सांगते,NOUN
पण,PART
तिच्यात,NOUN
झालेला,PP
फरक,NOUN
उपकरणांमुळे,NOUN
झाला,PP
की,PART
विश्रांतीमुळे,NOUN
हे,PART
सांगणं,NOUN
कठीण,NOUN
आहे,NOUN
हे,PART
ती,PART
मान्य,NOUN
करते,NOUN
वैज्ञानिक,NOUN
पुरावे,NOUN
कमी,NOUN
आहेत,NOUN
पण,PART
ल्युसीसाठी,PP
हे,PART
उपकरण,NOUN
तिच्या,PP
स्वशोधासाठी,PP
उपयोगी,NOUN
पडलं,NOUN
ती,PART
म्हणते,NOUN
मला,PP
मानसिक,NOUN
आरोग्यावर,PP
नियंत्रण,NOUN
मिळवायला,PP
मदत,NOUN
झाली,VERB
आणि,NOUN
हे,PART
फार,NOUN
मोठं,NOUN
यश,PART
आहे,NOUN
मानसिक,NOUN
ताणः,NOUN
इमोशनल,NOUN
बर्नआऊट,NOUN
कसा,NOUN
टाळाल,NOUN
26,NUM
मार्च,NOUN
2023,NUM
मानसिक,NOUN
ताणः,NOUN
इमोशनल,NOUN
बर्नआऊट,NOUN
कसा,NOUN
टाळाल,NOUN
आपल्या,NOUN
कामाची,NOUN
कुणालाच,NOUN
किंमत,NOUN
नाही,NOUN
असं,NOUN
तुम्हाला,PP
वाटतं,NOUN
का,PART
29,NUM
जून,NOUN
2019,NUM
आपल्या,NOUN
कामाची,NOUN
कुणालाच,NOUN
किंमत,NOUN
नाही,NOUN
असं,NOUN
तुम्हाला,PP
वाटतं,NOUN
का,PART
आनंदी,NOUN
राहण्याचा,NOUN
मंत्र,NOUN
रोज,NOUN
फक्त,NOUN
10,NUM
मिनिटं,NOUN
करा,NOUN
हा,PART
व्यायाम3,NOUN
ऑक्टोबर,NOUN
2022,NUM
आनंदी,NOUN
राहण्याचा,NOUN
मंत्र,NOUN
रोज,NOUN
फक्त,NOUN
10,NUM
मिनिटं,NOUN
करा,NOUN
हा,PART
व्यायाम,NOUN
Author,NOUN
मॅडेलिन,NOUN
हॅलपर्टRole,NOUN
बीबीसी,NOUN
प्रतिनिधी,NOUN
न्यूयॉर्क,NOUN
शहराचा,NOUN
महापौर,NOUN
बनण्याची,NOUN
लढाई,NOUN
जिंकल्यानंतर,NOUN
अवघ्या,NOUN
काही,NOUN
क्षणांतच,NOUN
झोहरान,NOUN
ममदानी,NOUN
यांनी,NOUN
अमेरिकेचे,NOUN
राष्ट्राध्यक्ष,NOUN
डोनाल्ड,NOUN
ट्रम्प,NOUN
यांच्याशी,NOUN
थेट,NOUN
संघर्ष,NOUN
करण्याची,NOUN
आपली,VERB
पुढील,NOUN
लढाई,NOUN
ठरवली,VERB
आहे,NOUN
मंगळवारी,NOUN
4,NUM
नोव्हेंबर,NOUN
विजयानंतर,NOUN
केलेल्या,NOUN
भाषणात,NOUN
ममदानी,NOUN
यांनी,NOUN
कॅमेऱ्याकडे,PP
पाहून,NOUN
राष्ट्राध्यक्ष,NOUN
ट्रम्प,NOUN
यांना,NOUN
आव्हान,NOUN
दिलं,NOUN
त्यांनी,NOUN
म्हटलं,NOUN
आहे,NOUN
की,PART
डोनाल्ड,NOUN
ट्रम्प,NOUN
मला,PP
माहिती,NOUN
आहे,NOUN
की,PART
आपण,NOUN
बघत,NOUN
आहात,NOUN
माझ्याकडे,PP
तुमच्यासाठी,PP
चार,NOUN
शब्द,NOUN
आहेत,NOUN
टर्न,NOUN
द,PART
व्हॉल्यूम,NOUN
अप,PART
म्हणजेच,NOUN
आवाज,NOUN
वाढवा,NOUN
काही,NOUN
मिनिटांनंतर,NOUN
ट्रम्प,NOUN
यांनी,NOUN
त्यांच्या,PP
सोशल,NOUN
मीडिया,NOUN
प्लॅटफॉर्म,NOUN
ट्रुथ,NOUN
सोशल,NOUN
वर,PART
लिहिलं,NOUN
की,PART
आणि,NOUN
आता,NOUN
सुरू,NOUN
ट्रम्प,NOUN
यांनी,NOUN
34,NUM
वर्षीय,NOUN
ममदानी,NOUN
यांना,NOUN
डेमोक्रॅटिक,NOUN
पक्षाचं,NOUN
कम्युनिस्ट,NOUN
भविष्य,NOUN
म्हटलं,NOUN
आहे,NOUN
ट्रम्प,NOUN
यांनी,NOUN
माजी,NOUN
डेमोक्रॅटिक,NOUN
गव्हर्नर,NOUN
अँड्र्यू,NOUN
कुओमो,NOUN
जे,PART
यावेळी,NOUN
अपक्ष,NOUN
म्हणून,NOUN
निवडणूक,NOUN
लढवत,NOUN
होते,NOUN
यांना,NOUN
पाठिंबा,NOUN
दर्शविला,PP
आणि,NOUN
इशारा,NOUN
दिला,PP
की,PART
जर,PART
न्यूयॉर्कनं,NOUN
ममदानी,NOUN
यांना,NOUN
निवडून,NOUN
दिलं,NOUN
तर,PART
ते,PART
शहरासाठीचा,NOUN
निधी,NOUN
कमी,NOUN
करतील,NOUN
ममदानी,NOUN
यांच्या,PP
विजयाच्या,PP
दुसऱ्या,NOUN
दिवशी,NOUN
ट्रम्प,NOUN
म्हणाले,VERB
की,PART
लोक,NOUN
न्यूयॉर्क,NOUN
सोडून,NOUN
पळून,NOUN
जातील,NOUN
न्यूयॉर्कमध्ये,PP
जन्मलेल्या,NOUN
आणि,NOUN
वाढलेल्या,NOUN
ट्रम्प,NOUN
यांनी,NOUN
शहराच्या,PP
कारभारात,NOUN
हस्तक्षेप,NOUN
करण्याचा,NOUN
प्रयत्न,NOUN
करण्याची,NOUN
ही,PART
पहिलीच,NOUN
वेळ,NOUN
नाही,NOUN
यापूर्वी,NOUN
त्यांनी,NOUN
इमिग्रेशन,NOUN
विभागातील,NOUN
छापे,NOUN
वाढवण्याचा,NOUN
आणि,NOUN
कंजेशन,NOUN
प्रायसिंग,NOUN
साठीचा,NOUN
निधी,NOUN
थांबवण्याचा,NOUN
प्रयत्न,NOUN
केला,PP
आहे,NOUN
या,PART
धोरणाला,PP
ते,PART
विरोध,NOUN
करतात,VERB
कंजेशन,NOUN
प्रायसिंग,NOUN
म्हणजे,NOUN
वाहतूक,NOUN
कोंडी,NOUN
कमी,NOUN
करण्यासाठी,PP
गर्दीच्या,PP
वेळी,NOUN
काही,NOUN
रस्ते,NOUN
किंवा,NOUN
परिसर,NOUN
वापरण्यासाठी,PP
शुल्क,NOUN
आकारण्याचं,NOUN
धोरण,NOUN
ममदानी,NOUN
यांनी,NOUN
काहीच,NOUN
उत्तर,NOUN
दिलं,NOUN
नाही,NOUN
विजयानंतरच्या,PP
भाषणात,NOUN
ममदानी,NOUN
म्हणाले,VERB
डोनाल्ड,NOUN
ट्रम्प,NOUN
यांना,NOUN
कसं,NOUN
पराभूत,NOUN
केलं,NOUN
जाऊ,NOUN
शकतं,NOUN
हे,PART
जर,PART
कोणी,NOUN
देशाला,PP
दाखवू,NOUN
शकत,NOUN
असेल,NOUN
तर,PART
हे,PART
तेच,NOUN
शहर,NOUN
आहे,NOUN
ज्यानं,NOUN
त्यांना,NOUN
जन्म,NOUN
दिला,PP
आहे,NOUN
ट्रम्प,NOUN
यांच्या,PP
कार्यकाळात,NOUN
त्यांनी,NOUN
अनेक,NOUN
डेमोक्रॅटिक,NOUN
शासित,NOUN
शहरांवर,PP
आपल्या,NOUN
फेडरल,NOUN
म्हणजेच,NOUN
संघराज्यीय,NOUN
सत्तेचा,NOUN
वापर,NOUN
केला,PP
आहे,NOUN
यात,NOUN
नॅशनल,NOUN
गार्डच्या,PP
तैनातीपासून,NOUN
इमिग्रेशनवरील,NOUN
कठोरतेपर्यंतचा,NOUN
समावेश,NOUN
आहे,NOUN
1,NUM
ऑक्टोबर,NOUN
रोजी,NOUN
सरकारी,NOUN
शटडाऊन,NOUN
झाल्यानंतर,NOUN
त्यांनी,NOUN
कोट्यवधी,NOUN
डॉलर्सचा,NOUN
निधी,NOUN
थांबवला,PP
आहे,NOUN
ज्यात,NOUN
न्यूयॉर्कसाठी,PP
राखून,NOUN
ठेवलेल्या,NOUN
फेडरल,NOUN
फंडमधील,NOUN
18,NUM
अब्ज,NOUN
डॉलर्सचा,NOUN
समावेश,NOUN
आहे,NOUN
जो,PART
की,PART
मोठ्या,NOUN
पायाभूत,NOUN
सुविधांच्या,PP
प्रकल्पांसाठी,PP
होता,NOUN
राजकीय,NOUN
तज्ज्ञांचं,NOUN
म्हणणं,NOUN
आहे,NOUN
की,PART
ट्रम्प,NOUN
यात,NOUN
आणखी,NOUN
कपात,NOUN
करू,NOUN
शकतात,VERB
त्याचा,NOUN
परिणाम,NOUN
ममदानी,NOUN
यांच्या,PP
निवडणूक,NOUN
आश्वासनांवर,PP
होऊ,NOUN
शकतो,NOUN
ज्यामध्ये,PP
त्यांनी,NOUN
लोकांना,NOUN
दैनंदिन,NOUN
खर्च,NOUN
कमी,NOUN
करण्यास,NOUN
सांगितलंय,NOUN
स्वतःला,PP
लोकशाही,NOUN
समाजवादी,NOUN
म्हणवणाऱ्या,NOUN
ममदानी,NOUN
यांनी,NOUN
मोफत,NOUN
आणि,NOUN
जलद,NOUN
बस,PART
सेवा,NOUN
घरभाडेवाढीवर,PP
स्थगिती,NOUN
सर्वांसाठी,PP
बालसंगोपन,NOUN
आणि,NOUN
सरकारी,NOUN
किराणा,NOUN
दुकाने,PP
यासारख्या,NOUN
योजनांचे,NOUN
आश्वासन,NOUN
दिलं,NOUN
आहे,NOUN
वास्तविकता,NOUN
अशी,NOUN
आहे,NOUN
की,PART
नवनिर्वाचित,NOUN
महापौरांना,NOUN
ट्रम्प,NOUN
यांच्या,PP
न्यूयॉर्क,NOUN
विरोधातील,NOUN
निर्णयांचा,NOUN
सामना,NOUN
करण्यासाठी,PP
बरंच,NOUN
लक्ष,NOUN
द्यावं,NOUN
लागेल,NOUN
यामुळे,NOUN
शहराच्या,PP
समस्यांकडे,PP
त्यांचं,NOUN
लक्ष,NOUN
कमी,NOUN
होऊ,NOUN
शकतं,NOUN
असं,NOUN
प्रिन्स्टन,NOUN
विद्यापीठाचे,NOUN
इतिहासकार,NOUN
ज्युलियन,NOUN
झेलिझर,NOUN
म्हणतात,VERB
बीबीसीनं,NOUN
या,PART
मुद्द्यांवर,PP
भाष्य,NOUN
करण्यासाठी,PP
ममदानी,NOUN
यांच्याशी,NOUN
संपर्क,NOUN
साधला,PP
परंतु,NOUN
त्यांनी,NOUN
प्रतिसाद,NOUN
दिला,PP
नाही,NOUN
आठ,PART
अब्ज,NOUN
डॉलर्सच्या,PP
निधीचा,NOUN
तुटवडा,NOUN
तज्ज्ञांच्या,PP
मते,NOUN
ममदानी,NOUN
यांना,NOUN
त्यांच्या,PP
महत्त्वाकांक्षी,NOUN
उद्दिष्टांच्या,PP
पूर्ततेसाठी,PP
ट्रम्प,NOUN
यांच्या,PP
व्यतिरिक्त,NOUN
इतर,NOUN
अनेक,NOUN
आव्हानांचा,NOUN
सामना,NOUN
करावा,NOUN
लागेल,NOUN
तज्ज्ञांचा,NOUN
म्हणणं,NOUN
आहे,NOUN
की,PART
श्रीमंत,NOUN
कंपन्या,NOUN
उत्पन्नाच्या,PP
बाबतीत,NOUN
सर्वात,NOUN
वरच्या,PP
स्तरावरील,NOUN
व्यक्ती,NOUN
आणि,NOUN
श्रीमंत,NOUN
कॉर्पोरेशन्सवरील,NOUN
कर,PART
वाढवून,NOUN
ते,PART
10,NUM
अब्ज,NOUN
डॉलर्स,NOUN
उभारू,NOUN
शकतात,VERB
परंतु,NOUN
यासाठी,PP
राज्यपालांच्या,PP
मान्यतेची,NOUN
आवश्यकता,NOUN
भासेल,NOUN
डेमोक्रॅटिक,NOUN
गव्हर्नर,NOUN
कॅथी,NOUN
होचुल,NOUN
ज्यांना,NOUN
पुढील,NOUN
वर्षी,NOUN
पुन्हा,NOUN
निवडून,NOUN
येण्यासाठी,PP
निवडणुकीच्या,PP
कठीण,NOUN
लढाईचा,NOUN
सामना,NOUN
करावा,NOUN
लागत,NOUN
आहे,NOUN
त्या,NOUN
आतापर्यंत,NOUN
या,PART
कर,PART
योजनेला,PP
पाठिंबा,NOUN
देण्यास,NOUN
कचरत,NOUN
आहेत,NOUN
त्याचवेळी,NOUN
ट्रम्प,NOUN
समर्थक,NOUN
रिपब्लिकन,NOUN
नेत्या,NOUN
एलिस,NOUN
स्टेफनिक,NOUN
यांनी,NOUN
गव्हर्नरपदासाठी,PP
उमेदवारीची,NOUN
तयारी,NOUN
सुरू,NOUN
केली,VERB
आहे,NOUN
जर,PART
ट्रम्प,NOUN
यांनी,NOUN
निधीमध्ये,PP
आणखी,NOUN
कपात,NOUN
केली,VERB
तर,PART
शहराच्या,PP
बजेटमध्ये,PP
नवीन,NOUN
समस्या,NOUN
निर्माण,NOUN
होतील,NOUN
गेल्या,NOUN
वर्षी,NOUN
फेडरल,NOUN
फंडचा,NOUN
वाटा,NOUN
शहराच्या,PP
बजेटच्या,PP
सुमारे,NOUN
7,NUM
टक्के,NOUN
म्हणजेच,NOUN
8,NUM
5,NUM
अब्ज,NOUN
डॉलर्स,NOUN
इतका,NOUN
होता,NOUN
झेलिझर,NOUN
म्हणाले,VERB
कोणत्याही,NOUN
नवीन,NOUN
योजनेची,NOUN
अंमलबजावणी,NOUN
करताना,NOUN
शहराला,PP
आधीच,NOUN
निधीच्या,PP
समस्या,NOUN
येत,NOUN
आहेत,NOUN
परंतु,NOUN
जर,PART
फेडरल,NOUN
निधी,NOUN
कमी,NOUN
झाला,PP
तर,PART
परिस्थिती,NOUN
आणखी,NOUN
कठीण,NOUN
होईल,NOUN
न्यूयॉर्क,NOUN
सिटी,NOUN
इंडिपेंडेंट,NOUN
ऑफिसनुसार,NOUN
या,PART
पैशांचा,NOUN
वापर,NOUN
गृहनिर्माण,NOUN
आपत्ती,NOUN
निवारण,NOUN
बाल,NOUN
सेवा,NOUN
कमी,NOUN
उत्पन्न,NOUN
असलेल्या,NOUN
विद्यार्थ्यांसाठी,PP
शिक्षण,NOUN
आणि,NOUN
शालेय,NOUN
जेवण,NOUN
यासाठी,PP
केला,PP
जातो,NOUN
मात्र,NOUN
आपण,NOUN
कोणत्या,NOUN
निधी,NOUN
कपात,NOUN
करणार,NOUN
आहोत,NOUN
हे,PART
ट्रम्प,NOUN
यांनी,NOUN
अद्याप,NOUN
स्पष्ट,NOUN
केलेलं,NOUN
नाही,NOUN
न्यूयॉर्क,NOUN
सिटी,NOUN
इंडिपेंडंट,NOUN
बजेट,NOUN
ऑफिसच्या,PP
वरिष्ठ,NOUN
अधिकारी,NOUN
सारा,NOUN
पार्कर,NOUN
म्हणाल्या,NOUN
की,PART
शहर,NOUN
आणि,NOUN
प्रांतीय,NOUN
सरकारे,NOUN
अनेक,NOUN
संभाव्य,NOUN
परिस्थितींसाठी,PP
पर्यायी,NOUN
योजना,NOUN
तयार,NOUN
करत,NOUN
आहेत,NOUN
त्यांचं,NOUN
म्हणणं,NOUN
आहे,NOUN
की,PART
कायदेशीररित्या,NOUN
बेघरांना,NOUN
निवारा,NOUN
देण्यासारख्या,NOUN
काही,NOUN
सेवा,NOUN
देणं,NOUN
आवश्यक,NOUN
आहे,NOUN
जर,PART
फेडरल,NOUN
निधीत,NOUN
कपात,NOUN
केली,VERB
गेली,VERB
तर,PART
शहर,NOUN
आणि,NOUN
राज्याला,PP
स्वत,NOUN
याची,NOUN
कमतरता,NOUN
भरून,NOUN
काढावी,NOUN
लागेल,NOUN
ज्याचा,NOUN
परिणाम,NOUN
इतर,NOUN
योजनांवर,PP
होईल,NOUN
हार्वर्ड,NOUN
विद्यापीठाच्या,PP
केनेडी,NOUN
स्कूलचे,NOUN
प्राध्यापक,NOUN
जस्टिन,NOUN
डी,PART
बेनेडिक्टिस,NOUN
कासनर,NOUN
म्हणाले,VERB
की,PART
ट्रम्प,NOUN
यांना,NOUN
फेडरल,NOUN
फंड,NOUN
रोखण्याबाबत,NOUN
कायदेशीर,NOUN
आव्हानांचा,NOUN
सामना,NOUN
करावा,NOUN
लागू,NOUN
शकतो,NOUN
परंतु,NOUN
यामुळे,NOUN
पैसे,NOUN
मिळण्यास,NOUN
नक्कीच,NOUN
विलंब,NOUN
होईल,NOUN
नॅशनल,NOUN
गार्ड,NOUN
पाठवण्याची,NOUN
शक्यता,NOUN
ट्रम्प,NOUN
यांनी,NOUN
कायदा,NOUN
आणि,NOUN
सुव्यवस्थेच्या,PP
नावाखाली,VERB
डेमोक्रॅटिक,NOUN
शासित,NOUN
शहरांमध्ये,PP
नॅशनल,NOUN
गार्डला,PP
यापूर्वी,NOUN
देखील,NOUN
पाठवलं,NOUN
आहे,NOUN
यामध्ये,PP
लॉस,NOUN
एंजेलिस,NOUN
पोर्टलँड,NOUN
आणि,NOUN
वॉशिंग्टन,NOUN
डीसीचा,NOUN
समावेश,NOUN
आहे,NOUN
त्यांनी,NOUN
आतापर्यंत,NOUN
न्यूयॉर्कमध्ये,PP
असं,NOUN
काही,NOUN
केलं,NOUN
नाही,NOUN
परंतु,NOUN
तज्ज्ञांचं,NOUN
म्हणणं,NOUN
आहे,NOUN
की,PART
भविष्यात,NOUN
याची,NOUN
शक्यता,NOUN
आहे,NOUN
झेलिझर,NOUN
म्हणाले,VERB
त्यांच्याकडे,PP
हे,PART
मॉडेल,NOUN
आधीपासूनच,NOUN
आहे,NOUN
त्याला,PP
अंमलात,NOUN
आणणं,NOUN
कठीण,NOUN
असणार,NOUN
नाही,NOUN
ममदानी,NOUN
म्हणाले,VERB
आहेत,NOUN
की,PART
जर,PART
नॅशनल,NOUN
गार्डला,PP
न्यूयॉर्कला,PP
पाठवलं,NOUN
गेलं,NOUN
तर,PART
तेही,NOUN
इतर,NOUN
राज्यांप्रमाणे,NOUN
न्यायालयात,NOUN
याला,PP
आव्हान,NOUN
देतील,NOUN
इमिग्रेशनशी,NOUN
संबंधित,NOUN
छाप्यांमध्ये,PP
वाढ,NOUN
तज्ज्ञांचा,NOUN
असा,NOUN
अंदाज,NOUN
आहे,NOUN
की,PART
ट्रम्प,NOUN
न्यूयॉर्कमधील,NOUN
इमिग्रेशन,NOUN
विभागातील,NOUN
शिस्तही,NOUN
वाढवू,NOUN
शकतात,VERB
1980,NUM
च्या,PP
दशकापासून,NOUN
पासून,NOUN
न्यूयॉर्क,NOUN
हे,PART
सॅक्चुअरी,NOUN
शहर,NOUN
आहे,NOUN
म्हणजेच,NOUN
स्थानिक,NOUN
प्रशासन,NOUN
फेडरल,NOUN
इमिग्रेशन,NOUN
एजन्सींसोबत,NOUN
मर्यादित,NOUN
सहकार्य,NOUN
करत,NOUN
असतो,NOUN
ट्रम्प,NOUN
प्रशासनानं,NOUN
शहरातील,NOUN
इमिग्रेशन,NOUN
न्यायालयांवर,PP
आधीच,NOUN
छापे,NOUN
टाकले,VERB
आहेत,NOUN
जिथं,NOUN
इमिग्रेशन,NOUN
विभागातील,NOUN
एजंट्सनी,NOUN
खटल्यादरम्यान,NOUN
शेकडो,NOUN
लोकांना,NOUN
ताब्यात,NOUN
घेतलं,NOUN
आहे,NOUN
न्यूयॉर्क,NOUN
शहराचे,NOUN
सध्याचे,NOUN
महापौर,NOUN
एरिक,NOUN
अडम्स,NOUN
यांनी,NOUN
बऱ्याच,NOUN
बाबींवर,PP
ट्रम्प,NOUN
प्रशासनाला,PP
सहकार्य,NOUN
केलं,NOUN
होतं,NOUN
मात्र,NOUN
वयाच्या,PP
सातव्या,NOUN
वर्षी,NOUN
युगांडाहून,NOUN
अमेरिकेत,NOUN
आलेल्या,NOUN
ममदानी,NOUN
यांनी,NOUN
या,PART
प्रकरणावर,PP
आपण,NOUN
वेगळी,NOUN
भूमिका,NOUN
घेणार,NOUN
असल्याचं,NOUN
स्पष्ट,NOUN
केलं,NOUN
आहे,NOUN
ते,PART
म्हणालेत,NOUN
की,PART
न्यूयॉर्क,NOUN
हे,PART
स्थलांतरितांचं,NOUN
शहर,NOUN
राहील,NOUN
एक,PART
शहर,NOUN
जे,PART
स्थलांतरितांनी,NOUN
बांधलं,NOUN
आहे,NOUN
त्याला,PP
सामर्थ्य,NOUN
दिलं,NOUN
आहे,NOUN
आणि,NOUN
आता,NOUN
स्थलांतरित,NOUN
त्याचं,NOUN
नेतृत्व,NOUN
करतील,NOUN
त्यांनी,NOUN
निवडणुकीच्या,PP
रात्री,NOUN
इशारा,NOUN
दिला,PP
होता,NOUN
की,PART
मी,PART
हे,PART
सांगत,NOUN
असताना,NOUN
माझं,NOUN
ऐका,NOUN
राष्ट्राध्यक्ष,NOUN
ट्रम्प,NOUN
आमच्यापैकी,NOUN
कोणापर्यंतही,NOUN
पोहचण्यासाठी,PP
तुम्हाला,PP
आम्हा,NOUN
सर्वांचा,NOUN
सामना,NOUN
करावा,NOUN
लागेल,NOUN
न्यूयॉर्कला,PP
ट्रम्प,NOUN
प्रूफ,NOUN
बनवणार,NOUN
कोलंबिया,NOUN
विद्यापीठाचे,NOUN
प्राध्यापक,NOUN
बॉब,NOUN
शापिरो,NOUN
यांच्या,PP
मते,NOUN
जानेवारीमध्ये,PP
पदभार,NOUN
स्वीकारण्यापूर्वी,NOUN
ममदानी,NOUN
ट्रम्प,NOUN
यांच्या,PP
धोरणांना,NOUN
तोंड,NOUN
देण्यासाठी,PP
एक,PART
रणनीती,NOUN
तयार,NOUN
करतील,NOUN
डेमोक्रॅटिक,NOUN
पक्षाच्या,PP
इतर,NOUN
महापौरांप्रमाणे,NOUN
तेही,NOUN
वेगवेगळे,NOUN
मार्ग,NOUN
स्वीकारू,NOUN
शकतात,VERB
बोस्टनच्या,PP
महापौर,NOUN
मिशेल,NOUN
वू,PART
यांनी,NOUN
ट्रम्प,NOUN
यांच्या,PP
धोरणांना,NOUN
उघडपणे,NOUN
विरोध,NOUN
केला,PP
तर,PART
सॅन,NOUN
फ्रान्सिस्कोचे,NOUN
महापौर,NOUN
डॅनियल,NOUN
ल्युरी,NOUN
यांनी,NOUN
टेक,NOUN
कंपन्यांच्या,PP
मदतीनं,NOUN
ट्रम्प,NOUN
यांना,NOUN
नॅशनल,NOUN
गार्ड,NOUN
पाठवण्यापासून,NOUN
रोखण्याचा,NOUN
प्रयत्न,NOUN
केला,PP
प्राध्यापक,NOUN
शापिरो,NOUN
यांच्या,PP
मते,NOUN
जिथं,NOUN
ट्रम्प,NOUN
यांनी,NOUN
आपली,VERB
रिअल,NOUN
इस्टेटमधील,NOUN
कारकीर्द,NOUN
बनवली,VERB
होती,NOUN
त्या,NOUN
वॉल,NOUN
स्ट्रीटवरील,NOUN
प्रमुख,NOUN
चेहऱ्यांच्या,PP
मदतीनं,NOUN
ट्रम्प,NOUN
ममदानी,NOUN
यांच्या,PP
हस्तक्षेपाला,PP
रोखू,NOUN
शकतात,VERB
ट्रम्प,NOUN
प्रूफिंग,NOUN
न्यूयॉर्क,NOUN
सिटी,NOUN
नावाच्या,PP
या,PART
धोरणात्मक,NOUN
दस्तऐवजात,NOUN
ममदानी,NOUN
यांनी,NOUN
म्हटलं,NOUN
आहे,NOUN
की,PART
ट्रम्प,NOUN
प्रशासनाच्या,PP
हालचालींना,NOUN
प्रतिसाद,NOUN
देण्यासाठी,PP
ते,PART
शहराच्या,PP
कायदेशीर,NOUN
टीममध्ये,PP
200,NUM
नवीन,NOUN
वकिलांचा,NOUN
समावेश,NOUN
करतील,NOUN
हार्वर्डचे,NOUN
प्राध्यापक,NOUN
कासनर,NOUN
म्हणाले,VERB
ममदानी,NOUN
यांना,NOUN
त्यांचा,NOUN
अजेंडा,NOUN
राबविण्यासाठी,PP
मोठ्या,NOUN
आव्हानांना,NOUN
तोंड,NOUN
द्यावं,NOUN
लागेल,NOUN
त्यामुळेच,NOUN
न्यूयॉर्कमधील,NOUN
ट्रम्पविरोधी,NOUN
मतदारांचा,NOUN
पाठिंबा,NOUN
मिळवण्यासाठी,PP
ते,PART
ट्रम्प,NOUN
यांचा,NOUN
सामना,NOUN
कधी,NOUN
आणि,NOUN
कसा,NOUN
करायचा,NOUN
हे,PART
देखील,NOUN
ठरवतील,NOUN
ते,PART
म्हणाले,VERB
मला,PP
वाटतं,NOUN
की,PART
जर,PART
त्यांना,NOUN
असं,NOUN
वाटत,NOUN
असेल,NOUN
की,PART
ते,PART
त्यांच्या,PP
ध्येयाच्या,PP
दिशेनं,NOUN
जाऊ,NOUN
शकतात,VERB
तरच,NOUN
ते,PART
ट्रम्प,NOUN
यांचा,NOUN
सामना,NOUN
करतील,NOUN
ते,PART
हुशार,NOUN
राजकारणी,NOUN
आहेत,NOUN
विनाकारण,NOUN
ते,PART
असं,NOUN
करणार,NOUN
नाहीत,NOUN
झोहरान,NOUN
ममदानींच्या,PP
विजयी,NOUN
भाषणात,NOUN
नियतीशी,NOUN
करार,NOUN
नेहरूंचा,NOUN
उल्लेख,NOUN
करत,NOUN
काय,NOUN
म्हणाले,VERB
6,NUM
नोव्हेंबर,NOUN
2025,NUM
झोहरान,NOUN
ममदानींच्या,PP
विजयी,NOUN
भाषणात,NOUN
नियतीशी,NOUN
करार,NOUN
नेहरूंचा,NOUN
उल्लेख,NOUN
करत,NOUN
काय,NOUN
म्हणाले,VERB
झोहरान,NOUN
ममदानींसोबत,NOUN
त्यांच्या,PP
सीरियन,NOUN
वंशाच्या,PP
पत्नी,NOUN
रमा,NOUN
दुवाजींचीही,NOUN
का,PART
होतेय,NOUN
चर्चा,NOUN
6,NUM
नोव्हेंबर,NOUN
2025,NUM
झोहरान,NOUN
ममदानींसोबत,NOUN
त्यांच्या,PP
सीरियन,NOUN
वंशाच्या,PP
पत्नी,NOUN
रमा,NOUN
दुवाजींचीही,NOUN
का,PART
होतेय,NOUN
चर्चा,NOUN
झोहरान,NOUN
ममदानींचा,NOUN
डोनाल्ड,NOUN
ट्रम्प,NOUN
यांच्यासोबत,NOUN
राजकीय,NOUN
संघर्ष,NOUN
होईल,NOUN
त्यांच्यासमोर,NOUN
काय,NOUN
आव्हानं,NOUN
आहेत,NOUN
5,NUM
नोव्हेंबर,NOUN
2025,NUM
झोहरान,NOUN
ममदानींचा,NOUN
डोनाल्ड,NOUN
ट्रम्प,NOUN
यांच्यासोबत,NOUN
राजकीय,NOUN
संघर्ष,NOUN
होईल,NOUN
त्यांच्यासमोर,NOUN
काय,NOUN
आव्हानं,NOUN
आहेत,NOUN
मराठी,NOUN
अभिनेत्री,NOUN
मृण्मयी,NOUN
देशपांडेचा,NOUN
मराठी,NOUN
चित्रपट,NOUN
मनाचे,NOUN
श्लोक,NOUN
हा,PART
चित्रपट,NOUN
आता,NOUN
तू,PART
बोल,NOUN
ना,PART
नव्या,NOUN
नावाने,PP
प्रेक्षकांच्या,PP
भेटीस,NOUN
येत,NOUN
आहे,NOUN
या,PART
चित्रपटाला,PP
आधीच्या,PP
नावावरून,NOUN
बराच,NOUN
विरोध,NOUN
आणि,NOUN
वादाचा,NOUN
सामना,NOUN
करावा,NOUN
लागला,PP
होता,NOUN
या,PART
चित्रपटाचं,NOUN
नाव,NOUN
रामदास,NOUN
स्वामी,NOUN
यांच्या,PP
मनाचे,NOUN
श्लोक,NOUN
शी,PART
साधर्म्य,NOUN
साधणारं,NOUN
असून,NOUN
चित्रपटाचं,NOUN
नाव,NOUN
बदलून,NOUN
मगच,NOUN
तो,PART
प्रदर्शित,NOUN
करा,NOUN
अशी,NOUN
मागणी,NOUN
करत,NOUN
काही,NOUN
ठिकाणी,NOUN
चित्रपटाचं,NOUN
प्रदर्शन,NOUN
बंद,NOUN
पाडण्यात,NOUN
आलं,NOUN
होतं,NOUN
त्यानंतर,NOUN
चित्रपटाचं,NOUN
नाव,NOUN
बदलून,NOUN
तो,PART
पुन्हा,NOUN
प्रदर्शित,NOUN
करण्याचा,NOUN
निर्णय,NOUN
निर्मात्यांनी,NOUN
घेतला,PP
आणि,NOUN
आता,NOUN
हा,PART
चित्रपट,NOUN
नवीन,NOUN
तू,PART
बोल,NOUN
ना,PART
या,PART
नावाने,PP
प्रदर्शित,NOUN
होणार,NOUN
आहे,NOUN
काही,NOUN
दिवसांपूर्वी,NOUN
कान,NOUN
चित्रपट,NOUN
महोत्सवा,NOUN
मध्ये,PP
कौतुक,NOUN
झालेला,PP
मराठी,NOUN
चित्रपट,NOUN
खालिद,NOUN
का,PART
शिवाजी,NOUN
लाही,NOUN
अशाच,NOUN
विरोधाला,PP
सामोरं,NOUN
जावं,NOUN
लागलं,NOUN
आहे,NOUN
तोदेखील,NOUN
अद्याप,NOUN
प्रदर्शित,NOUN
होऊ,NOUN
शकलेला,PP
नाहीये,NOUN
एका,NOUN
बाजूला,PP
मराठी,NOUN
चित्रपटसृष्टीला,PP
उर्जितावस्था,NOUN
मिळण्याची,NOUN
गरज,NOUN
असताना,NOUN
अशाप्रकारे,NOUN
विरोध,NOUN
होणं,NOUN
कितपत,NOUN
योग्य,NOUN
आहे,NOUN
सेन्सॉरकडून,NOUN
संमत,NOUN
झालेले,VERB
सिनेमे,NOUN
झुंडशाहीने,PP
बंद,NOUN
का,PART
पाडले,VERB
जात,NOUN
आहेत,NOUN
अशी,NOUN
समांतर,NOUN
सत्ताकेंद्रं,NOUN
उभी,NOUN
राहणं,NOUN
कलेसाठी,PP
किती,NOUN
धोकादायक,NOUN
आहेत,NOUN
याचा,NOUN
घेतलेला,PP
हा,PART
धांडोळा,NOUN
मनाचे,NOUN
श्लोक,NOUN
हा,PART
मराठी,NOUN
सिनेमा,NOUN
10,NUM
ऑक्टोबरला,PP
प्रदर्शित,NOUN
झाला,PP
मात्र,NOUN
या,PART
चित्रपटाच्या,PP
शीर्षकाचे,NOUN
समर्थ,NOUN
रामदास,NOUN
स्वामी,NOUN
यांच्या,PP
मनाचे,NOUN
श्लोक,NOUN
या,PART
ग्रंथाशी,NOUN
साधर्म्य,NOUN
असल्याने,PP
आमच्या,PP
भावना,NOUN
दुखावल्या,NOUN
असल्याचं,NOUN
म्हणत,NOUN
काहींनी,NOUN
या,PART
चित्रपटाला,PP
विरोध,NOUN
केला,PP
त्यात,NOUN
प्रामुख्याने,PP
श्रीसमर्थ,NOUN
सेवा,NOUN
मंडळ,NOUN
सज्जनगड,NOUN
तसेच,NOUN
समस्त,NOUN
हिंदू,NOUN
आघाडी,NOUN
यांचा,NOUN
समावेश,NOUN
आहे,NOUN
श्रीसमर्थ,NOUN
सेवा,NOUN
मंडळाने,PP
प्रसिद्ध,NOUN
केलेल्या,NOUN
निवेदनात,NOUN
म्हटलं,NOUN
चित्रपटात,NOUN
जर,PART
या,PART
नावाचा,NOUN
उपयोग,NOUN
मनोरंजनाच्या,PP
अथवा,NOUN
काही,NOUN
काल्पनिक,NOUN
कथानकासाठी,PP
होत,NOUN
असेल,NOUN
आणि,NOUN
त्या,NOUN
कथेत,NOUN
संतपरंपरेशी,NOUN
विसंगत,NOUN
अश्लील,NOUN
अथवा,NOUN
विकृत,NOUN
काही,NOUN
दृश्ये,NOUN
संवाद,NOUN
किंवा,NOUN
सादरीकरण,NOUN
असेल,NOUN
तर,PART
तो,PART
सरळ,NOUN
सरळ,NOUN
राष्ट्रसंत,NOUN
श्रीसमर्थ,NOUN
रामदास,NOUN
स्वामींच्या,PP
कार्याचा,NOUN
आणि,NOUN
संत,NOUN
परंपरेचा,NOUN
अवमान,NOUN
ठरेल,NOUN
पुढे,NOUN
त्यांनी,NOUN
म्हटलं,NOUN
मनाचे,NOUN
श्लोक,NOUN
हे,PART
नाव,NOUN
त्वरित,NOUN
चित्रपटाच्या,PP
शिर्षकातून,NOUN
वगळण्यात,NOUN
यावे,NOUN
त्याला,PP
सुसंगत,NOUN
असे,NOUN
योग्य,NOUN
नाव,NOUN
देण्यात,NOUN
यावे,NOUN
जेणेकरून,NOUN
कोणाच्याच,NOUN
भावना,NOUN
दुखावणार,NOUN
नाहीत,NOUN
चित्रपट,NOUN
प्रदर्शित,NOUN
झाल्यानंतर,NOUN
खासकरून,NOUN
पुणे,NOUN
छत्रपती,NOUN
संभाजीनगर,NOUN
आणि,NOUN
पश्चिम,NOUN
महाराष्ट्रातील,NOUN
काही,NOUN
थिएटर्समध्ये,PP
तो,PART
प्रदर्शित,NOUN
होऊ,NOUN
दिला,PP
नाही,NOUN
पुणे,NOUN
भाजपच्या,PP
महिला,PP
मोर्चाच्या,PP
सरचिटणीस,NOUN
उज्वला,PP
गौड,NOUN
यांच्या,PP
नेतृत्वाखाली,VERB
समस्त,NOUN
हिंदू,NOUN
आघाडीने,PP
कोथरूडमधील,NOUN
सिटी,NOUN
प्राईड,NOUN
थिएटर,NOUN
मधील,NOUN
शो,PART
आरडाओरडा,NOUN
आणि,NOUN
गदारोळ,NOUN
घालत,NOUN
बंद,NOUN
पाडला,PP
यावेळी,NOUN
सिनेमा,NOUN
थिएटरच्या,PP
बाहेर,NOUN
लावण्यात,NOUN
आलेलं,NOUN
पोस्टरही,NOUN
फाडण्यात,NOUN
आलं,NOUN
त्यानंतर,NOUN
चित्रपटाच्या,PP
नावाला,PP
होत,NOUN
असलेला,PP
विरोध,NOUN
पाहता,NOUN
दिग्दर्शिका,NOUN
मृण्मयी,NOUN
देशपांडे,NOUN
आणि,NOUN
निर्मात्यांनी,NOUN
या,PART
चित्रपटाचं,NOUN
नाव,NOUN
बदलून,NOUN
तो,PART
16,NUM
ऑक्टोबरला,PP
प्रदर्शित,NOUN
करण्याचा,NOUN
निर्णय,NOUN
शनिवारी,NOUN
11,NUM
ऑक्टोबर,NOUN
घेतला,PP
आपल्या,NOUN
निवेदनात,NOUN
त्यांनी,NOUN
म्हटलं,NOUN
या,PART
आमच्या,PP
चित्रपटाच्या,PP
प्रदर्शनावरून,NOUN
2,NUM
दिवस,NOUN
पुणे,NOUN
संभाजीनगर,NOUN
आणि,NOUN
पश्चिम,NOUN
महाराष्ट्रात,NOUN
ज्या,NOUN
घटना,NOUN
घडल्या,NOUN
त्या,NOUN
अतिशय,NOUN
दुःखद,NOUN
आहेत,NOUN
हा,PART
संपूर्ण,NOUN
घटनाक्रम,NOUN
पाहता,NOUN
आम्ही,NOUN
या,PART
चित्रपटाचं,NOUN
प्रदर्शन,NOUN
संपूर्ण,NOUN
महाराष्ट्रात,NOUN
थांबवत,NOUN
आहोत,NOUN
आणि,NOUN
सिनेमाच्या,PP
नवीन,NOUN
नावासह,NOUN
हा,PART
चित्रपट,NOUN
प्रदर्शित,NOUN
करत,NOUN
आहोत,NOUN
आता,NOUN
उज्वला,PP
गौड,NOUN
यांच्याविरोधात,NOUN
रविवारी,NOUN
12,NUM
ऑक्टोबर,NOUN
सरकारी,NOUN
कामात,NOUN
अडथळा,NOUN
आणणं,NOUN
तसेच,NOUN
गोंधळ,NOUN
घालणं,NOUN
या,PART
प्रकरणी,NOUN
अलंकार,NOUN
पोलीस,NOUN
ठाण्यात,NOUN
गुन्हा,NOUN
दाखल,NOUN
करण्यात,NOUN
आला,PP
आहे,NOUN
कलेसाठी,PP
निकोप,NOUN
वातावरण,NOUN
उरलेलं,NOUN
नाही,NOUN
यासंदर्भात,NOUN
आम्ही,NOUN
महाराष्ट्राची,NOUN
हास्यजत्रा,NOUN
या,PART
सुप्रसिद्ध,NOUN
कार्यक्रमाचे,NOUN
दिग्दर्शक,NOUN
सचिन,NOUN
गोस्वामी,NOUN
यांच्याशी,NOUN
चर्चा,NOUN
केली,VERB
अशा,NOUN
घटना,NOUN
घडणं,NOUN
अतिशय,NOUN
दु,PART
खद,PART
असून,NOUN
एकूणच,NOUN
सामाजिक,NOUN
स्थिती,NOUN
आपल्याकडे,PP
फार,NOUN
काही,NOUN
निकोप,NOUN
राहिलेली,VERB
नाही,NOUN
असं,NOUN
ते,PART
सांगतात,VERB
बीबीसी,NOUN
मराठीशी,NOUN
बोलताना,NOUN
ते,PART
म्हणाले,VERB
प्रत्येकवेळी,NOUN
जर,PART
असं,NOUN
वेगवेगळ्या,NOUN
वर्गांचं,NOUN
गटांचं,NOUN
मत,PART
लक्षात,NOUN
घेऊन,NOUN
कला,PP
सादर,NOUN
करायचं,NOUN
ठरवलं,NOUN
तर,PART
फारच,NOUN
अवघड,NOUN
होईल,NOUN
त्यासाठी,PP
शासनाने,PP
सेन्सॉर,NOUN
बोर्ड,NOUN
ठेवलेला,PP
आहे,NOUN
त्यातल्या,NOUN
4,NUM
5,NUM
जणांच्या,PP
कमिटीत,NOUN
वेगवेगळ्या,NOUN
विचारसरणीचे,NOUN
लोक,NOUN
असतात,VERB
असं,NOUN
अपेक्षित,NOUN
आहे,NOUN
सेन्सॉर,NOUN
बोर्ड,NOUN
एकूण,NOUN
समाजाच्या,PP
सद्यस्थितीचा,NOUN
सभ्यतेचा,NOUN
सगळा,NOUN
एकूण,NOUN
विचार,NOUN
करून,NOUN
सेन्सॉर,NOUN
सर्टिफिकेट,NOUN
देतात,VERB
ज्यावेळी,NOUN
अशी,NOUN
सरकारी,NOUN
मान्यता,NOUN
मिळते,NOUN
याचा,NOUN
अर्थ,NOUN
त्याचा,NOUN
सगळाच,NOUN
विचार,NOUN
झालेला,PP
असतो,NOUN
अधिकृतपणे,NOUN
तो,PART
प्रदर्शित,NOUN
करण्याची,NOUN
परवानगी,NOUN
नकळत,NOUN
शासनाचीही,NOUN
असते,NOUN
अशावेळी,NOUN
जर,PART
असं,NOUN
वेगवेगळ्या,NOUN
गटांचा,NOUN
विचार,NOUN
लादला,PP
गेला,PP
तर,PART
कलाकृती,NOUN
कशी,NOUN
सादर,NOUN
करायची,NOUN
असा,NOUN
उद्विग्न,NOUN
प्रश्न,NOUN
सचिन,NOUN
गोस्वामी,NOUN
यांनी,NOUN
विचारला,PP
मराठी,NOUN
चित्रपटसृष्टीतील,NOUN
आघाडीचे,NOUN
निर्माते,NOUN
आणि,NOUN
राष्ट्र,NOUN
सेवा,NOUN
दलाचे,NOUN
माजी,NOUN
राष्ट्रीय,NOUN
अध्यक्ष,NOUN
नितीन,NOUN
वैद्यदेखील,NOUN
असाच,NOUN
प्रश्न,NOUN
उपस्थित,NOUN
करतात,VERB
चित्रपट,NOUN
सुरक्षित,NOUN
वातावरणात,NOUN
प्रदर्शित,NOUN
होऊ,NOUN
देण्याची,NOUN
जबाबदारी,NOUN
शासनाची,NOUN
असल्याचं,NOUN
मत,PART
ते,PART
मांडतात,VERB
बीबीसी,NOUN
मराठीसोबत,NOUN
बोलताना,NOUN
ते,PART
म्हणाले,VERB
तुम्ही,NOUN
सेन्सॉरसंमत,NOUN
केल्यानंतरही,NOUN
झुंडगिरी,NOUN
करणार,NOUN
असाल,NOUN
तर,PART
हे,PART
कायद्याचं,NOUN
राज्य,NOUN
आहे,NOUN
का,PART
त्याचं,NOUN
पालन,NOUN
करण्याची,NOUN
जबाबदारी,NOUN
शासनाची,NOUN
आहे,NOUN
त्यांनी,NOUN
अशा,NOUN
गोष्टींवर,PP
कारवाई,NOUN
केली,VERB
पाहिजे,NOUN
न्यायालयाने,PP
परवानगी,NOUN
दिल्यानंतर,NOUN
या,PART
सगळ्यात,NOUN
लक्ष,NOUN
घालण्याची,NOUN
जबाबदारी,NOUN
शासनाची,NOUN
होती,NOUN
असं,NOUN
मत,PART
सचिन,NOUN
गोस्वामीही,NOUN
व्यक्त,NOUN
करतात,VERB
प्रत्येक,NOUN
वर्ग,NOUN
आता,NOUN
आपापली,VERB
मते,NOUN
कलेवर,PP
लादू,NOUN
लागला,PP
तर,PART
कलावंत,NOUN
आपली,VERB
कला,PP
मोकळेपणाने,PP
कशी,NOUN
सादर,NOUN
करणार,NOUN
असा,NOUN
प्रश्नही,NOUN
त्यांनी,NOUN
उपस्थित,NOUN
केला,PP
नितीन,NOUN
वैद्य,NOUN
म्हणतात,VERB
झुंडशाहीविरोधात,NOUN
कारवाई,NOUN
होत,NOUN
नाही,NOUN
हा,PART
दुर्दैवाचा,NOUN
भाग,NOUN
आहे,NOUN
दुसऱ्या,NOUN
बाजूला,PP
काश्मीर,NOUN
फाईल्स,NOUN
वा,PART
केरळ,NOUN
स्टोरी,NOUN
सारखे,NOUN
द्वेष,NOUN
पसरवणारे,NOUN
सिनेमे,NOUN
आहेत,NOUN
असे,NOUN
सिनेमेदेखील,NOUN
सेन्सॉरसंमत,NOUN
कसे,NOUN
होतात,VERB
हादेखील,NOUN
त्यातला,PP
एक,PART
भाग,NOUN
आहे,NOUN
अशा,NOUN
कात्रीमध्ये,PP
सध्या,NOUN
भारत,NOUN
अडकलेला,PP
आहे,NOUN
नाव,NOUN
न,PART
बदलता,NOUN
ठाम,NOUN
भूमिका,NOUN
घ्यायला,PP
हवी,NOUN
होती,NOUN
या,PART
चित्रपटाचं,NOUN
नाव,NOUN
बदलण्याचा,NOUN
निर्णय,NOUN
घेणं,NOUN
हेदेखील,NOUN
चूक,NOUN
असून,NOUN
निर्मात्यांनी,NOUN
ठाम,NOUN
भूमिका,NOUN
घ्यायला,PP
हवी,NOUN
होती,NOUN
असं,NOUN
मत,PART
नितीन,NOUN
वैद्य,NOUN
व्यक्त,NOUN
करतात,VERB
ते,PART
म्हणतात,VERB
मी,PART
स्वत,NOUN
निर्माता,NOUN
म्हणून,NOUN
आर्थिक,NOUN
नुकसान,NOUN
होण्याचा,NOUN
मुद्दा,NOUN
नक्कीच,NOUN
समजू,NOUN
शकतो,NOUN
पण,PART
एकदा,NOUN
सेन्सॉरने,PP
संमत,NOUN
केल्यानंतर,NOUN
अशी,NOUN
समांतर,NOUN
सत्ताकेंद्रं,NOUN
उभी,NOUN
राहू,NOUN
देणं,NOUN
फारच,NOUN
चुकीचं,NOUN
आहे,NOUN
जे,PART
घाबरत,NOUN
आहेत,NOUN
किंवा,NOUN
जे,PART
त्या,NOUN
कृतीला,PP
पाठिंबा,NOUN
देत,NOUN
आहेत,NOUN
त्यांना,NOUN
हे,PART
लक्षात,NOUN
येत,NOUN
नाहीये,NOUN
की,PART
केव्हातरी,NOUN
हे,PART
आपल्याही,NOUN
दारापर्यंत,NOUN
येईल,NOUN
त्यामुळे,NOUN
ही,PART
भूमिका,NOUN
घेऊन,NOUN
उभं,NOUN
राहण्याची,NOUN
गरज,NOUN
आहे,NOUN
बंद,NOUN
पाडणं,NOUN
हेही,NOUN
चुकीचं,NOUN
आहे,NOUN
आणि,NOUN
नाव,NOUN
बदलणं,NOUN
हेदेखील,NOUN
चूक,NOUN
आहे,NOUN
काही,NOUN
दिवसांपूर्वी,NOUN
खालिद,NOUN
का,PART
शिवाजी,NOUN
या,PART
चित्रपटालाही,NOUN
अशाच,NOUN
घटनाक्रमांना,NOUN
सामोरं,NOUN
जावं,NOUN
लागलं,NOUN
आहे,NOUN
त्या,NOUN
चित्रपटावेळी,NOUN
जेव्हा,NOUN
असा,NOUN
विरोध,NOUN
झाला,PP
तेव्हा,NOUN
त्या,NOUN
चित्रपटाच्या,PP
बाजूने,PP
फारसं,NOUN
कुणी,NOUN
उभं,NOUN
राहिलं,NOUN
नाही,NOUN
असा,NOUN
टीकात्मक,NOUN
सूरही,NOUN
यानिमित्ताने,PP
उपस्थित,NOUN
होतो,NOUN
आहे,NOUN
अभिनेत्री,NOUN
रसिका,NOUN
आगाशे,NOUN
यांनी,NOUN
या,PART
मुद्द्यावर,PP
फेसबुक,NOUN
पोस्ट,NOUN
करत,NOUN
म्हटलं,NOUN
खालिद,NOUN
का,PART
शिवाजी,NOUN
साठी,PP
उभं,NOUN
राहीलं,NOUN
नाही,NOUN
तर,PART
कधीना,NOUN
कधी,NOUN
मनाचे,NOUN
श्लोक,NOUN
बंद,NOUN
होणारच,NOUN
आपला,PP
नंबर,NOUN
येणार,NOUN
नाही,NOUN
असं,NOUN
ज्यांना,NOUN
ज्यांना,NOUN
वाटतंय,NOUN
त्या,NOUN
सगळ्याचा,NOUN
नंबर,NOUN
येणारच,NOUN
आहे,NOUN
मनाचे,NOUN
श्लोक,NOUN
टीमच्या,PP
बरोबर,NOUN
आहोत,NOUN
पण,PART
मित्रांनो,NOUN
नाव,NOUN
बदलून,NOUN
हार,NOUN
मानू,NOUN
नका,NOUN
खालिद,NOUN
का,PART
शिवाजी,NOUN
लाही,NOUN
झाला,PP
होता,NOUN
विरोध,NOUN
खालिद,NOUN
का,PART
शिवाजी,NOUN
हा,PART
चित्रपट,NOUN
अद्याप,NOUN
प्रदर्शित,NOUN
झालेला,PP
नाहीये,NOUN
कान,NOUN
आंतरराष्ट्रीय,NOUN
चित्रपट,NOUN
महोत्सवातल्या,NOUN
प्रतिष्ठित,NOUN
समजल्या,NOUN
जाणाऱ्या,NOUN
मार्शे,NOUN
दु,PART
फिल्म,NOUN
March,NOUN
du,PART
Film,NOUN
या,PART
विभागासाठी,PP
खालिद,NOUN
का,PART
शिवाजी,NOUN
या,PART
चित्रपटाची,NOUN
निवड,NOUN
झाली,VERB
होती,NOUN
या,PART
चित्रपटाचा,NOUN
ट्रेलर,NOUN
प्रदर्शित,NOUN
झाल्यानंतर,NOUN
अगदी,NOUN
नावापासूनच,NOUN
काही,NOUN
हिंदुत्ववादी,NOUN
संघटनांनी,NOUN
सिनेमाला,PP
विरोध,NOUN
केला,PP
आहे,NOUN
हिंदू,NOUN
महासंघाने,PP
या,PART
चित्रपटातून,NOUN
छत्रपती,NOUN
शिवाजी,NOUN
महाराज,NOUN
यांचा,NOUN
इतिहास,NOUN
बदलण्याचा,NOUN
प्रयत्न,NOUN
सुरू,NOUN
असून,NOUN
त्याच्या,PP
प्रदर्शनावर,PP
बंदी,NOUN
घालण्याची,NOUN
मागणी,NOUN
केली,VERB
आहे,NOUN
आम्ही,NOUN
या,PART
चित्रपटाचे,NOUN
दिग्दर्शक,NOUN
राज,NOUN
मोरे,NOUN
यांच्याशी,NOUN
चर्चा,NOUN
केली,VERB
बीबीसी,NOUN
मराठीशी,NOUN
बोलताना,NOUN
ते,PART
म्हणाले,VERB
खालिद,NOUN
सिनेमाबाबत,NOUN
जे,PART
घडलं,NOUN
तेव्हा,NOUN
कुणी,NOUN
प्रतिक्रिया,NOUN
दिली,VERB
वा,PART
कुणी,NOUN
उभं,NOUN
राहिलं,NOUN
नाही,NOUN
या,PART
सगळ्यात,NOUN
मला,PP
पडायचं,NOUN
नाहीये,NOUN
आता,NOUN
पुन्हा,NOUN
मनाचे,NOUN
श्लोक,NOUN
बाबत,NOUN
तेच,NOUN
घडतंय,NOUN
खरं,NOUN
तर,PART
प्रत्येकवेळी,NOUN
भूमिका,NOUN
घेणं,NOUN
फार,NOUN
गरजेचं,NOUN
आहे,NOUN
जर,PART
नाही,NOUN
घेतली,VERB
तर,PART
हे,PART
असंच,NOUN
घडत,NOUN
राहिल,NOUN
कोणत्याही,NOUN
कलाकृतीबाबतचा,NOUN
निर्णय,NOUN
हा,PART
प्रेक्षकांनी,NOUN
घेतला,PP
पाहिजे,NOUN
ती,PART
सेन्सॉर,NOUN
झालेली,VERB
फिल्म,NOUN
आहे,NOUN
मी,PART
त्या,NOUN
सिनेमाला,PP
पाठिंबा,NOUN
देतो,NOUN
असं,NOUN
ते,PART
सांगतात,VERB
सध्या,NOUN
हा,PART
सिनेमा,NOUN
सेन्सॉर,NOUN
बोर्डसोबत,NOUN
चर्चा,NOUN
करत,NOUN
असून,NOUN
तो,PART
लवकरच,NOUN
प्रदर्शित,NOUN
होईल,NOUN
अशी,NOUN
माहिती,NOUN
त्यांनी,NOUN
दिली,VERB
मनाचे,NOUN
श्लोक,NOUN
या,PART
चित्रपटाचं,NOUN
नाव,NOUN
आता,NOUN
बदलण्यात,NOUN
येणार,NOUN
आहे,NOUN
काही,NOUN
जण,PART
या,PART
सिनेमाचं,NOUN
नाव,NOUN
बदलून,NOUN
एकप्रकारे,NOUN
झुंडशाहीला,PP
मूक,NOUN
समर्थन,NOUN
देऊ,NOUN
नका,NOUN
अशीही,NOUN
मागणी,NOUN
करत,NOUN
आहेत,NOUN
मात्र,NOUN
शीर्षक,NOUN
बदलण्याबद्दल,NOUN
सिने,PP
समीक्षक,NOUN
गणेश,NOUN
मतकरी,NOUN
म्हणतात,VERB
नाव,NOUN
बदललं,NOUN
जाऊ,NOUN
नये,NOUN
ही,PART
भूमिका,NOUN
तात्त्विकदृष्ट्या,NOUN
बरोबर,NOUN
आहे,NOUN
पण,PART
शेवटी,NOUN
हा,PART
व्यावसायिक,NOUN
सिनेमा,NOUN
आहे,NOUN
त्यात,NOUN
पैसे,NOUN
गुंतलेले,VERB
आहेत,NOUN
असा,NOUN
सिनेमा,NOUN
लावत,NOUN
राहून,NOUN
रोज,NOUN
त्यावर,PP
भांडणं,NOUN
निषेध,NOUN
सहन,NOUN
करून,NOUN
प्रेक्षकांची,NOUN
संख्या,NOUN
वाढण्याची,NOUN
शक्यता,NOUN
आहे,NOUN
का,PART
त्यामुळे,NOUN
नाईलाजाने,PP
असा,NOUN
निर्णय,NOUN
घेतला,PP
जातो,NOUN
ते,PART
टाळायचं,NOUN
तर,PART
राजकीय,NOUN
पक्ष,NOUN
कायदा,NOUN
सेन्सॅार,NOUN
चित्रपटसृष्टी,NOUN
या,PART
सर्वांच्या,PP
मदतीने,PP
संघटित,NOUN
विरोध,NOUN
आवश्यक,NOUN
होता,NOUN
एकटादुकटा,NOUN
निर्माता,NOUN
काय,NOUN
करणार,NOUN
पुढे,NOUN
ते,PART
म्हणतात,VERB
चित्रपटाचं,NOUN
शीर्षक,NOUN
हे,PART
त्यातल्या,NOUN
नायक,NOUN
नायिका,NOUN
यांची,NOUN
श्लोक,NOUN
आणि,NOUN
मनवा,NOUN
ही,PART
नावं,NOUN
आणि,NOUN
श्लोकचा,NOUN
आपल्या,NOUN
मनाशी,NOUN
चाललेला,PP
आंतरिक,NOUN
संवाद,NOUN
यांची,NOUN
सांगड,NOUN
घालून,NOUN
तयार,NOUN
केलंय,NOUN
मनाचे,NOUN
श्लोक,NOUN
हे,PART
परिचित,NOUN
शीर्षक,NOUN
त्यासाठी,PP
वापरलंय,NOUN
पण,PART
त्यात,NOUN
कुठेही,NOUN
रामदास,NOUN
स्वामी,NOUN
वा,PART
त्यांचे,NOUN
मनाचे,NOUN
श्लोक,NOUN
याबद्दल,NOUN
अवमानकारक,NOUN
शब्द,NOUN
नाही,NOUN
आपले,VERB
संत,NOUN
वा,PART
संस्कृती,NOUN
याबद्दल,NOUN
टीका,NOUN
नाही,NOUN
चित्रपट,NOUN
पाहिला,PP
तरीही,NOUN
हे,PART
लक्षात,NOUN
येईल,NOUN
तसं,NOUN
खरोखर,NOUN
असतं,NOUN
तर,PART
त्याला,PP
सेन्सॅारनेही,NOUN
संमती,NOUN
दिली,VERB
नसती,NOUN
एकदा,NOUN
सेन्सॅारसंमत,NOUN
झाल्यावर,PP
प्रदर्शन,NOUN
थांबवण्यासाठी,PP
बाह्यबळाचा,NOUN
वापर,NOUN
करणं,NOUN
गैर,NOUN
आहे,NOUN
व्यक्तीगतरित्या,NOUN
चित्रपट,NOUN
पटला,PP
नाही,NOUN
तर,PART
त्याबद्दल,NOUN
मत,PART
व्यक्त,NOUN
करावं,NOUN
लेख,NOUN
लिहावेत,NOUN
सोशल,NOUN
मीडियात,NOUN
बोलावं,NOUN
पण,PART
त्यापलीकडे,PP
नाही,NOUN
जे,PART
झुंडशाहीसमोर,NOUN
ताठ,NOUN
मानेनं,NOUN
उभं,NOUN
राहतात,VERB
तेच,NOUN
इतिहासात,NOUN
टिकून,NOUN
राहतात,VERB
असं,NOUN
मत,PART
नितीन,NOUN
वैद्य,NOUN
व्यक्त,NOUN
करतात,VERB
यासाठी,PP
ते,PART
चार्ली,VERB
चॅप्लीन,NOUN
आणि,NOUN
त्याच्या,PP
द,PART
ग्रेट,NOUN
डिक्टेटर,NOUN
या,PART
सिनेमाचंही,NOUN
उदाहरण,NOUN
देतात,VERB
ते,PART
म्हणतात,VERB
आपण,NOUN
क्रिएटीव्हीटीच्या,PP
क्षेत्रामध्ये,PP
आहोत,NOUN
याचा,NOUN
अर्थ,NOUN
आपल्याला,PP
काहीतरी,NOUN
वेगळं,NOUN
करायचं,NOUN
आहे,NOUN
म्हणूनच,NOUN
आपण,NOUN
या,PART
क्षेत्रात,NOUN
आहोत,NOUN
झुंडशाहीची,NOUN
कुठलीही,NOUN
सत्ता,NOUN
असो,NOUN
त्यासमोर,NOUN
उभं,NOUN
राहण्याचीच,NOUN
गरज,NOUN
आहे,NOUN
आणि,NOUN
जे,PART
असं,NOUN
उभं,NOUN
राहतात,VERB
तेच,NOUN
इतिहासात,NOUN
टिकून,NOUN
राहिलेले,VERB
आहेत,NOUN
असं,NOUN
घडणं,NOUN
अतिशय,NOUN
दुर्दैवी,NOUN
आम्ही,NOUN
मनाचे,NOUN
श्लोक,NOUN
या,PART
सिनेमाचे,NOUN
निर्माते,NOUN
संजय,NOUN
दावरा,NOUN
यांच्याशीही,NOUN
चर्चा,NOUN
केली,VERB
बीबीसी,NOUN
मराठीशी,NOUN
बोलताना,NOUN
ते,PART
म्हणाले,VERB
ज्या,NOUN
काही,NOUN
घटना,NOUN
घडल्या,NOUN
त्याचं,NOUN
आम्हाला,PP
अत्यंत,NOUN
दु,PART
ख,PART
आहे,NOUN
आणि,NOUN
असं,NOUN
घडणं,NOUN
अतिशय,NOUN
दुर्दैवी,NOUN
आहे,NOUN
आम्ही,NOUN
अतिशय,NOUN
कष्टानं,NOUN
प्रेमानं,NOUN
एक,PART
कलाकृती,NOUN
म्हणून,NOUN
तो,PART
चित्रपट,NOUN
मेहनतीनं,NOUN
साकार,NOUN
केलाय,NOUN
तो,PART
लोकांपर्यंत,NOUN
पोहोचावा,NOUN
त्याचं,NOUN
चीज,NOUN
व्हावं,NOUN
लोकांनी,NOUN
त्याचं,NOUN
परिक्षण,NOUN
करावं,NOUN
अशी,NOUN
आमची,NOUN
इच्छा,NOUN
आहे,NOUN
त्यासाठी,PP
जे,PART
जे,PART
करता,NOUN
येईल,NOUN
ते,PART
आम्ही,NOUN
करतो,NOUN
आहोत,NOUN
सध्या,NOUN
सिनेमाचं,NOUN
नाव,NOUN
बदलण्याची,NOUN
तांत्रिक,NOUN
प्रक्रिया,NOUN
आम्ही,NOUN
करतो,NOUN
आहोत,NOUN
अशी,NOUN
माहिती,NOUN
संजय,NOUN
दावरा,NOUN
यांनी,NOUN
दिली,VERB
सिनेमाच्या,PP
नावावरून,NOUN
असा,NOUN
विरोध,NOUN
होईल,NOUN
असं,NOUN
तुम्हाला,PP
वाटलं,NOUN
होतं,NOUN
का,PART
या,PART
प्रश्नावर,PP
ते,PART
म्हणाले,VERB
असं,NOUN
स्वप्नातदेखील,NOUN
वाटलं,NOUN
नव्हतं,NOUN
त्याचा,NOUN
काही,NOUN
संदर्भच,NOUN
नव्हता,NOUN
आणि,NOUN
त्याची,NOUN
काही,NOUN
शक्यताही,NOUN
नव्हती,NOUN
अगदी,NOUN
स्वप्नात,NOUN
देखील,NOUN
तसं,NOUN
वाटलं,NOUN
नव्हतं,NOUN
एक,PART
चांगला,PP
रॉमकॉम,NOUN
पारिवारिक,NOUN
सिनेमा,NOUN
जो,PART
निखळ,NOUN
करमणूक,NOUN
करतो,NOUN
तो,PART
लोकांपर्यंत,NOUN
पोहोचावा,NOUN
अशी,NOUN
आमची,NOUN
इच्छा,NOUN
होती,NOUN
हे,PART
अगदी,NOUN
रिलीजच्या,PP
2,NUM
3,NUM
दिवस,NOUN
आधी,NOUN
सुरू,NOUN
झालं,NOUN
सचिन,NOUN
गोस्वामी,NOUN
म्हणतात,VERB
गेले,VERB
4,NUM
5,NUM
महिने,PP
या,PART
चित्रपटाचं,NOUN
प्रमोशन,NOUN
सुरू,NOUN
आहे,NOUN
एखाद्याला,PP
एखाद्या,NOUN
गोष्टीवर,PP
आक्षेप,NOUN
असायला,PP
काहीच,NOUN
हरकत,NOUN
नाही,NOUN
मात्र,NOUN
त्यावर,PP
प्रतिक्रिया,NOUN
देण्याची,NOUN
वा,PART
प्रतिवाद,NOUN
करण्याची,NOUN
जी,PART
संवैधानिक,NOUN
पद्धत,NOUN
आहे,NOUN
त्या,NOUN
पद्धतीने,PP
तुम्ही,NOUN
करूच,NOUN
शकता,NOUN
गेल्या,NOUN
4,NUM
5,NUM
महिन्यांपासून,NOUN
प्रोसेस,NOUN
सुरू,NOUN
आहे,NOUN
आणि,NOUN
तुम्हाला,PP
माहिती,NOUN
आहे,NOUN
की,PART
तुमचा,NOUN
आक्षेप,NOUN
असलेलं,NOUN
नाव,NOUN
या,PART
चित्रपटाला,PP
देण्यात,NOUN
आलंय,NOUN
तर,PART
त्या,NOUN
संबंधित,NOUN
संस्थांनी,NOUN
त्या,NOUN
निर्मात्यांशी,NOUN
आधी,NOUN
बोलायला,PP
हवं,NOUN
होतं,NOUN
अगदी,NOUN
निर्मात्यांनी,NOUN
जुमानलं,NOUN
नाही,NOUN
तर,PART
न्यायालयंही,NOUN
आहेत,NOUN
न्यायालयात,NOUN
एक,PART
संस्था,NOUN
गेलीही,NOUN
होती,NOUN
आणि,NOUN
न्यायालयाने,PP
परवानगीही,NOUN
दिली,VERB
होती,NOUN
म्हणजे,NOUN
आपण,NOUN
संविधान,NOUN
आणि,NOUN
न्यायालयाला,PP
मानणार,NOUN
आहोत,NOUN
की,PART
नाही,NOUN
असा,NOUN
प्रश्न,NOUN
निर्माण,NOUN
होतो,NOUN
असा,NOUN
मुद्दा,NOUN
सचिन,NOUN
गोस्वामी,NOUN
उपस्थित,NOUN
करतात,VERB
सध्याच्या,PP
मराठी,NOUN
सिनेमाच्या,PP
परिस्थितीबद्दल,NOUN
गणेश,NOUN
मतकरी,NOUN
म्हणतात,VERB
मराठी,NOUN
सिनेमाची,NOUN
परिस्थिती,NOUN
आज,PART
फार,NOUN
उत्साहवर्धक,NOUN
नाहीये,NOUN
प्रेक्षक,NOUN
मोजके,NOUN
आहेत,NOUN
थिएटरमध्ये,PP
हवे,NOUN
तितके,NOUN
स्क्रीन,NOUN
मिळत,NOUN
नाहीत,NOUN
त्यात,NOUN
पुन्हा,NOUN
मेहनतीने,PP
केलेला,PP
सिनेमा,NOUN
बंद,NOUN
पडणं,NOUN
म्हणजे,NOUN
कलाकारांना,NOUN
नाउमेद,NOUN
करण्यासारखं,NOUN
आहे,NOUN
हे,PART
अत्यंत,NOUN
क्लेषकारक,NOUN
आहे,NOUN
याला,PP
दडपशाहीच,NOUN
म्हणावी,NOUN
लागेल,NOUN
नितीन,NOUN
वैद्यही,NOUN
मराठी,NOUN
सिनेमाच्या,PP
अवस्थेबाबत,NOUN
चिंता,NOUN
व्यक्त,NOUN
करतात,VERB
सध्या,NOUN
मराठी,NOUN
सिनेमाला,PP
रेव्हेन्यूही,NOUN
येत,NOUN
नाही,NOUN
इतकी,NOUN
वाईट,NOUN
परिस्थिती,NOUN
आहे,NOUN
अक्षरश,NOUN
तो,PART
बंदच,NOUN
झालेला,PP
आहे,NOUN
अशात,NOUN
अशा,NOUN
गोष्टी,NOUN
घडण्यामुळे,NOUN
मराठी,NOUN
सिनेमा,NOUN
आणि,NOUN
संस्कृती,NOUN
दोन्हीही,NOUN
धोक्यात,NOUN
जाणार,NOUN
आहे,NOUN
हे,PART
या,PART
झुंडींच्या,PP
लक्षात,NOUN
येत,NOUN
नाहीये,NOUN
असं,NOUN
मत,PART
ते,PART
व्यक्त,NOUN
करतात,VERB
खालिद,NOUN
का,PART
शिवाजी,NOUN
का,PART
असू,NOUN
शकत,NOUN
नाही,NOUN
सिनेमाचं,NOUN
प्रदर्शन,NOUN
एक,PART
महिना,NOUN
लांबणीवर,PP
नेमका,NOUN
वाद,NOUN
काय,NOUN
8,NUM
ऑगस्ट,NOUN
2025,NUM
खालिद,NOUN
का,PART
शिवाजी,NOUN
का,PART
असू,NOUN
शकत,NOUN
नाही,NOUN
सिनेमाचं,NOUN
प्रदर्शन,NOUN
एक,PART
महिना,NOUN
लांबणीवर,PP
नेमका,NOUN
वाद,NOUN
काय,NOUN
अथर्व,NOUN
सुदामे,NOUN
हिंदू,NOUN
मुस्लीम,NOUN
ऐक्याचा,NOUN
संदेश,NOUN
असलेली,VERB
रील,NOUN
बनवली,VERB
म्हणून,NOUN
व्हावे,NOUN
लागले,VERB
ट्रोल25,NOUN
ऑगस्ट,NOUN
2025,NUM
अथर्व,NOUN
सुदामे,NOUN
हिंदू,NOUN
मुस्लीम,NOUN
ऐक्याचा,NOUN
संदेश,NOUN
असलेली,VERB
रील,NOUN
बनवली,VERB
म्हणून,NOUN
व्हावे,NOUN
लागले,VERB
ट्रोल,NOUN
खालिद,NOUN
का,PART
शिवाजी,NOUN
ची,PART
देश,NOUN
परदेशातही,NOUN
चर्चा,NOUN
कान,NOUN
मध्ये,PP
कौतुक,NOUN
झालेल्या,NOUN
वऱ्हाडी,NOUN
सिनेमाची,NOUN
गोष्ट,NOUN
काय,NOUN
30,NUM
जुलै,NOUN
2025,NUM
खालिद,NOUN
का,PART
शिवाजी,NOUN
ची,PART
देश,NOUN
परदेशातही,NOUN
चर्चा,NOUN
कान,NOUN
मध्ये,PP
कौतुक,NOUN
झालेल्या,NOUN
वऱ्हाडी,NOUN
सिनेमाची,NOUN
गोष्ट,NOUN
काय,NOUN
शिवसेना,NOUN
उद्धव,NOUN
बाळासाहेब,NOUN
ठाकरे,NOUN
पक्ष,NOUN
प्रमुख,NOUN
उद्धव,NOUN
ठाकरे,NOUN
आणि,NOUN
मनसे,NOUN
प्रमुख,NOUN
राज,NOUN
ठाकरे,NOUN
यांच्यातील,NOUN
भेटीगाठी,NOUN
वाढत,NOUN
आहेत,NOUN
ऑक्टोबर,NOUN
मध्ये,PP
उद्धव,NOUN
ठाकरे,NOUN
आणि,NOUN
राज,NOUN
ठाकरे,NOUN
हे,PART
दोन,NOUN
वेळा,NOUN
भेटले,VERB
आहेत,NOUN
6,NUM
ऑक्टोबरला,PP
राज,NOUN
आणि,NOUN
उद्धव,NOUN
यांची,NOUN
भेट,NOUN
झाली,VERB
होती,NOUN
त्यानंतर,NOUN
काल,NOUN
12,NUM
ऑक्टोबरला,PP
राज,NOUN
ठाकरे,NOUN
यांनी,NOUN
मातोश्री,NOUN
वर,PART
उद्धव,NOUN
ठाकरेंची,NOUN
भेट,NOUN
घेतली,VERB
ही,PART
भेट,NOUN
स्नेहभोजनासाठी,PP
असल्याचं,NOUN
सांगितलं,NOUN
जात,NOUN
आहे,NOUN
गेल्या,NOUN
तीन,NOUN
महिन्यांत,NOUN
दोन्ही,NOUN
नेत्यांमध्ये,PP
झालेली,VERB
ही,PART
जवळपास,NOUN
सहावी,NOUN
भेट,NOUN
आहे,NOUN
जुलै,NOUN
महिन्यात,NOUN
पहिल्यांदा,NOUN
राज,NOUN
ठाकरे,NOUN
आणि,NOUN
उद्धव,NOUN
ठाकरे,NOUN
हे,PART
मराठीच्या,PP
मुद्द्यावर,PP
एकाच,NOUN
व्यासपीठावर,PP
आले,VERB
होते,NOUN
हिंदी,NOUN
सक्तीच्या,PP
निर्णयाच्या,PP
विरोधाच्या,PP
निमित्तानं,NOUN
राज,NOUN
ठाकरे,NOUN
आणि,NOUN
उद्धव,NOUN
ठाकरे,NOUN
एकत्र,NOUN
दिसले,VERB
होते,NOUN
हिंदीसक्तीविरोधात,NOUN
राज,NOUN
ठाकरे,NOUN
आणि,NOUN
उद्धव,NOUN
ठाकरे,NOUN
एकत्र,NOUN
मोर्चा,NOUN
काढणार,NOUN
होते,NOUN
पण,PART
निर्णय,NOUN
रद्द,NOUN
झाल्यानंतर,NOUN
मोर्चाऐवजी,NOUN
विजयी,NOUN
मेळावा,NOUN
पार,NOUN
पडला,PP
मुंबईतल्या,NOUN
वरळी,NOUN
डोममध्ये,PP
राज,NOUN
उद्धव,NOUN
एकत्र,NOUN
दिसले,VERB
यावेळी,NOUN
व्यासपीठावर,PP
कुठल्याही,NOUN
पक्षाचा,NOUN
झेंडा,NOUN
नव्हता,NOUN
मात्र,NOUN
ठाकरे,NOUN
बंधूच,NOUN
केवळ,NOUN
व्यासपीठावर,PP
असल्यानं,NOUN
राजकीय,NOUN
आडाखे,NOUN
सुद्धा,NOUN
बांधण्यास,NOUN
सुरुवात,NOUN
झाली,VERB
यावेळी,NOUN
उद्धव,NOUN
ठाकरे,NOUN
आपल्या,NOUN
भाषणातही,NOUN
म्हणाले,VERB
होते,NOUN
की,PART
एकत्र,NOUN
आलोय,NOUN
एकत्र,NOUN
राहण्यासाठी,PP
त्यानंतर,NOUN
जुलैमध्येच,NOUN
राज,NOUN
यांनी,NOUN
उद्धव,NOUN
ठाकरेंच्या,PP
वाढदिवसानिमित्त,NOUN
मातोश्रीवर,PP
जाऊन,NOUN
त्यांची,NOUN
भेट,NOUN
घेत,NOUN
शुभेच्छा,NOUN
दिल्या,NOUN
होत्या,NOUN
सप्टेंबर,NOUN
महिन्यात,NOUN
उद्धव,NOUN
ठाकरे,NOUN
पत्नी,NOUN
रश्मी,NOUN
ठाकरे,NOUN
आणि,NOUN
पुत्र,NOUN
आदित्य,NOUN
ठाकरे,NOUN
यांच्यासह,NOUN
राज,NOUN
ठाकरे,NOUN
यांच्या,PP
दादरमधील,NOUN
शिवतीर्थ,NOUN
या,PART
निवासस्थानी,NOUN
गणपतीच्या,PP
दर्शनाला,PP
गेले,VERB
होते,NOUN
आणि,NOUN
आता,NOUN
पुन्हा,NOUN
या,PART
महिन्यांतही,NOUN
दोन्ही,NOUN
नेत्यांच्या,PP
भेटीगाठी,NOUN
सुरू,NOUN
आहेत,NOUN
स्थानिक,NOUN
स्वराज्य,NOUN
संस्थांच्या,PP
निवडणुकांच्या,PP
पार्श्वभूमीवर,PP
या,PART
भेटींना,NOUN
राजकीय,NOUN
महत्त्व,NOUN
आलं,NOUN
आहे,NOUN
विशेषतः,NOUN
मुंबई,NOUN
महापालिकांच्या,PP
निवडणुकांमध्ये,PP
दोन्ही,NOUN
पक्ष,NOUN
एकत्र,NOUN
येणार,NOUN
का,PART
याची,NOUN
चर्चा,NOUN
या,PART
भेटींमुळे,NOUN
सुरू,NOUN
झाली,VERB
आहे,NOUN
बीबीसी,NOUN
मराठीनं,NOUN
ठाकरे,NOUN
बंधू,NOUN
एकत्र,NOUN
आल्यास,NOUN
राजकीय,NOUN
समीकरणं,NOUN
कशी,NOUN
असतील,NOUN
याबाबत,NOUN
सविस्तर,NOUN
विश्लेषणात्मक,NOUN
बातमी,NOUN
प्रसिद्ध,NOUN
केली,VERB
होती,NOUN
ती,PART
इथे,NOUN
पुन्हा,NOUN
देत,NOUN
आहोत,NOUN
उद्धव,NOUN
ठाकरेंचं,NOUN
हे,PART
सूचक,NOUN
वक्तव्य,NOUN
आहे,NOUN
राज,NOUN
ठाकरेंच्या,PP
मनसे,NOUN
पक्षासोबतच्या,PP
युतीबद्दलचं,NOUN
गेल्या,NOUN
अनेक,NOUN
वर्षांपासून,NOUN
राज,NOUN
ठाकरे,NOUN
आणि,NOUN
उद्धव,NOUN
ठाकरे,NOUN
एकत्र,NOUN
येतील,NOUN
असं,NOUN
बोललं,NOUN
जातं,NOUN
तशा,NOUN
चर्चाही,NOUN
रंगतात,VERB
गेल्या,NOUN
काही,NOUN
दिवसांपासून,NOUN
महापालिका,NOUN
निवडणुकीच्या,PP
तोंडावर,PP
पुन्हा,NOUN
हे,PART
दोन्ही,NOUN
भाऊ,NOUN
एकत्र,NOUN
येतील,NOUN
या,PART
चर्चांनी,NOUN
जोर,NOUN
धरला,PP
आहे,NOUN
कारण,NOUN
दुसरं,NOUN
तिसरं,NOUN
कोणी,NOUN
नाही,NOUN
तर,PART
थेट,NOUN
राज,NOUN
आणि,NOUN
उद्धव,NOUN
या,PART
दोन्ही,NOUN
भावांनी,NOUN
तसे,NOUN
संकेत,NOUN
दिले,VERB
आहेत,NOUN
त्यामुळे,NOUN
हे,PART
दोन,NOUN
भाऊ,NOUN
एकत्र,NOUN
येतील,NOUN
का,PART
यावर,PP
चर्चा,NOUN
करण्यापेक्षा,NOUN
दोघंही,NOUN
एकत्र,NOUN
आले,VERB
तर,PART
नेमकं,NOUN
काय,NOUN
होऊ,NOUN
शकतं,NOUN
मुंबई,NOUN
महापालिका,NOUN
निवडणुकीत,NOUN
राजकीय,NOUN
समीकरणं,NOUN
कसे,NOUN
बदलू,NOUN
शकतात,VERB
राजकारणावर,PP
त्याचे,NOUN
काय,NOUN
परिणाम,NOUN
होऊ,NOUN
शकतात,VERB
याची,NOUN
चर्चा,NOUN
करुयात,NOUN
याआधी,NOUN
या,PART
दोन,NOUN
भावांची,NOUN
नेमकी,NOUN
वक्तव्ये,NOUN
काय,NOUN
आहेत,NOUN
त्यावर,PP
एक,PART
नजर,NOUN
टाकुयात,NOUN
महापालिका,NOUN
निवडणुका,NOUN
लागतील,NOUN
अशी,NOUN
चर्चा,NOUN
सुरू,NOUN
असतानाच,NOUN
उद्धव,NOUN
आणि,NOUN
राज,NOUN
हे,PART
दोन्ही,NOUN
भाऊ,NOUN
एकत्र,NOUN
येतील,NOUN
अशी,NOUN
चर्चा,NOUN
सुरू,NOUN
झाली,VERB
या,PART
दोन्ही,NOUN
भावांनी,NOUN
19,NUM
एप्रिलला,PP
काही,NOUN
वक्तव्य,NOUN
केली,VERB
तेव्हापासून,NOUN
ही,PART
चर्चा,NOUN
पुन्हा,NOUN
सुरू,NOUN
झाली,VERB
राज,NOUN
ठाकरे,NOUN
यांनी,NOUN
सिनेदिग्दर्शक,NOUN
महेश,NOUN
मांजरेकर,NOUN
यांच्या,PP
युट्यूब,NOUN
चॅनलला,PP
एक,PART
मुलाखत,NOUN
दिली,VERB
होती,NOUN
या,PART
मुलाखतीत,NOUN
राज,NOUN
ठाकरे,NOUN
यांनी,NOUN
याबाबत,NOUN
सकारात्मक,NOUN
वक्तव्य,NOUN
केलं,NOUN
राज,NOUN
ठाकरे,NOUN
म्हणाले,VERB
कोणत्याही,NOUN
मोठ्या,NOUN
गोष्टीसाठी,PP
आमच्यातले,VERB
वाद,NOUN
भांडणं,NOUN
अत्यंत,NOUN
किरकोळ,NOUN
आणि,NOUN
लहान,NOUN
आहेत,NOUN
महाराष्ट्र,NOUN
फार,NOUN
मोठा,NOUN
आहे,NOUN
या,PART
महाराष्ट्राच्या,PP
अस्तित्वासाठी,PP
मराठी,NOUN
माणसाच्या,PP
अस्तित्वासाठी,PP
ही,PART
भांडणं,NOUN
आणि,NOUN
वाद,NOUN
अत्यंत,NOUN
क्षुल्लक,NOUN
आहेत,NOUN
त्याच्यामुळे,NOUN
एकत्र,NOUN
येणं,NOUN
एकत्र,NOUN
राहणं,NOUN
यात,NOUN
फार,NOUN
काही,NOUN
कठीण,NOUN
गोष्ट,NOUN
आहे,NOUN
असं,NOUN
मला,PP
वाटत,NOUN
नाही,NOUN
परंतु,NOUN
हा,PART
विषय,NOUN
इच्छेचा,NOUN
आहे,NOUN
हा,PART
माझ्या,NOUN
एकट्याच्या,PP
इच्छेचा,NOUN
विषय,NOUN
नाही,NOUN
आपण,NOUN
महाराष्ट्राच्या,PP
एकूण,NOUN
चित्राकडे,PP
पाहिलं,NOUN
पाहिजे,NOUN
मला,PP
तर,PART
वाटतं,NOUN
सगळ्या,NOUN
पक्षातल्या,NOUN
मराठी,NOUN
लोकांनी,NOUN
एकत्र,NOUN
येऊन,NOUN
एकच,NOUN
पक्ष,NOUN
काढावा,NOUN
असं,NOUN
राज,NOUN
ठाकरे,NOUN
म्हणाले,VERB
राज,NOUN
ठाकरे,NOUN
यांच्या,PP
या,PART
वक्तव्यावर,PP
उद्धव,NOUN
ठाकरे,NOUN
यांनी,NOUN
तत्काळ,NOUN
उत्तर,NOUN
दिलं,NOUN
होतं,NOUN
किरकोळ,NOUN
भांडणं,NOUN
बाजूला,PP
ठेवायला,PP
मीही,NOUN
तयार,NOUN
आहे,NOUN
महाराष्ट्राच्या,PP
हितासाठी,PP
सर्व,NOUN
मराठी,NOUN
माणसांना,NOUN
एकत्र,NOUN
येण्याचं,NOUN
आवाहन,NOUN
करतो,NOUN
परंतु,NOUN
एकीकडे,PP
त्यांना,NOUN
भाजपाला,PP
पाठिंबा,NOUN
द्यायचा,NOUN
आणि,NOUN
नंतर,NOUN
तडजोड,NOUN
विरोध,NOUN
करणं,NOUN
असं,NOUN
चालणार,NOUN
नाही,NOUN
महाराष्ट्राच्या,PP
आड,PART
जो,PART
कोणी,NOUN
येईल,NOUN
त्याचं,NOUN
आगत,NOUN
स्वागत,NOUN
करणार,NOUN
नाही,NOUN
त्याच्या,PP
पंगतीला,PP
बसणार,NOUN
नाही,NOUN
हे,PART
आधी,NOUN
ठरवा,NOUN
मी,PART
माझ्याकडून,NOUN
भांडणं,NOUN
मिटवून,NOUN
टाकली,VERB
पण,PART
आधी,NOUN
हे,PART
ठरवलं,NOUN
पाहिजे,NOUN
माझ्याबरोबर,NOUN
हिंदुत्वाचं,NOUN
हित,NOUN
होणार,NOUN
की,PART
भाजपाबरोबर,NOUN
हे,PART
मराठी,NOUN
माणसांनी,NOUN
ठरवलं,NOUN
पाहिजे,NOUN
चोरांना,NOUN
गाठीभेटी,NOUN
कळत,NOUN
नकळत,NOUN
त्यांचा,NOUN
प्रचार,NOUN
करायचा,NOUN
नाही,NOUN
ही,PART
पहिली,VERB
शपथ,NOUN
छत्रपती,NOUN
शिवरायांसमोर,NOUN
घ्यायची,NOUN
मग,PART
टाळी,NOUN
दिल्याची,NOUN
हाळी,NOUN
द्यायची,NOUN
असं,NOUN
ते,PART
म्हणाले,VERB
होते,NOUN
आता,NOUN
पुन्हा,NOUN
उद्धव,NOUN
ठाकरे,NOUN
यांनी,NOUN
संदेश,NOUN
कशाला,PP
आम्ही,NOUN
जी,PART
काही,NOUN
द्यायची,NOUN
ती,PART
थेट,NOUN
बातमीच,NOUN
देऊ,NOUN
असं,NOUN
म्हणून,NOUN
पुन्हा,NOUN
एकदा,NOUN
दोघांच्या,PP
एकत्र,NOUN
येण्याबद्दल,NOUN
सूचक,NOUN
वक्तव्य,NOUN
केलंय,NOUN
एकत्र,NOUN
येण्याचा,NOUN
फायदा,NOUN
तोटा,NOUN
किती,NOUN
महापालिका,NOUN
निवडणुका,NOUN
तोंडावर,PP
असताना,NOUN
दोन्ही,NOUN
भावांकडून,NOUN
सकारात्मक,NOUN
वक्तव्य,NOUN
येत,NOUN
आहेत,NOUN
त्यामुळे,NOUN
हे,PART
दोघं,NOUN
एकत्र,NOUN
येतील,NOUN
अशी,NOUN
चर्चा,NOUN
आहे,NOUN
पण,PART
एकत्र,NOUN
आले,VERB
तर,PART
पुढे,NOUN
काय,NOUN
घडू,NOUN
शकतं,NOUN
याचा,NOUN
दोघांनाही,NOUN
किती,NOUN
फायदा,NOUN
तोटा,NOUN
होईल,NOUN
दोघांना,NOUN
आपल्या,NOUN
पक्षाचं,NOUN
अस्तित्व,NOUN
टिकवायचं,NOUN
असेल,NOUN
तर,PART
दोघांनाही,NOUN
एकत्र,NOUN
येण्याशिवाय,NOUN
पर्याय,NOUN
नाही,NOUN
विधानसभा,NOUN
निवडणुकीतल्या,NOUN
पराभवामुळे,NOUN
दोन्ही,NOUN
पक्षातील,NOUN
कार्यकर्त्यांमध्ये,PP
निराशा,NOUN
आहे,NOUN
या,PART
दोघांच्या,PP
एकत्र,NOUN
येण्यामुळे,NOUN
दोन्ही,NOUN
पक्षांतील,NOUN
कार्यकर्त्यांचा,NOUN
थोडा,NOUN
तरी,NOUN
आत्मविश्वास,NOUN
वाढेल,NOUN
असं,NOUN
राजकीय,NOUN
विश्लेषकांचं,NOUN
मत,PART
आहे,NOUN
याशिवाय,NOUN
मुंबई,NOUN
महापालिकेत,NOUN
देखील,NOUN
मराठी,NOUN
मतांचं,NOUN
होणारं,NOUN
विभाजन,NOUN
टळू,NOUN
शकतं,NOUN
या,PART
मतांचा,NOUN
दोघांना,NOUN
एकत्रितपणे,NOUN
फायदा,NOUN
होऊ,NOUN
शकतो,NOUN
दोघांचं,NOUN
एकत्र,NOUN
येणं,NOUN
दोघांसाठी,PP
फायद्याचं,NOUN
ठरेल,NOUN
मात्र,NOUN
त्याचे,NOUN
काही,NOUN
तोटे,NOUN
देखील,NOUN
असतील,NOUN
कारण,NOUN
काही,NOUN
बाबतीत,NOUN
राज,NOUN
ठाकरे,NOUN
आणि,NOUN
उद्धव,NOUN
ठाकरे,NOUN
दोघांच्या,PP
भूमिका,NOUN
परस्परविरोधी,NOUN
आहेत,NOUN
त्यामुळे,NOUN
या,PART
दोघांच्या,PP
परस्परविरोधी,NOUN
भूमिकेविरोधात,NOUN
एकमेकांकडे,PP
गेलेला,PP
मतदार,NOUN
दोघं,NOUN
एकत्र,NOUN
आले,VERB
तर,PART
मतं,NOUN
एकमेकांकडे,PP
ट्रान्सफर,NOUN
होतील,NOUN
का,PART
हा,PART
प्रश्न,NOUN
आहे,NOUN
किंतु,NOUN
परंतु,NOUN
न,PART
ठेवता,NOUN
एकत्र,NOUN
आले,VERB
तर,PART
फायदा,NOUN
याबद्दल,NOUN
ज्येष्ठ,NOUN
राजकीय,NOUN
विश्लेषक,NOUN
अभय,NOUN
देशपांडे,NOUN
म्हणतात,VERB
उद्धव,NOUN
ठाकरेंच्या,PP
बदललेल्या,NOUN
भूमिकेमुळे,NOUN
मधल्या,NOUN
काळात,NOUN
त्यांच्यासोबत,NOUN
काही,NOUN
लोक,NOUN
जोडली,VERB
गेली,VERB
आहेत,NOUN
त्या,NOUN
लोकांना,NOUN
या,PART
दोघांचं,NOUN
एकत्र,NOUN
येणं,NOUN
कितपत,NOUN
रुचेल,NOUN
हा,PART
प्रश्न,NOUN
आहे,NOUN
राज,NOUN
ठाकरेंनी,NOUN
मशिदीवरील,NOUN
भोंग्याविरोधात,NOUN
जी,PART
भूमिका,NOUN
घेतली,VERB
त्याचा,NOUN
फटका,NOUN
बसू,NOUN
शकतो,NOUN
काँग्रेस,NOUN
उद्धव,NOUN
ठाकरेंसोबत,NOUN
नसेल,NOUN
तर,PART
काँग्रेसमुळे,NOUN
जी,PART
मतं,NOUN
जोडली,VERB
गेली,VERB
ती,PART
त्यांच्याकडे,PP
परत,NOUN
जाऊ,NOUN
शकतात,VERB
राज,NOUN
ठाकरेंसोबत,NOUN
जशी,NOUN
मतं,NOUN
येतील,NOUN
तशी,NOUN
काही,NOUN
मतं,NOUN
जातील,NOUN
सुद्धा,NOUN
त्यामुळे,NOUN
कशासाठी,PP
किती,NOUN
गमवायचं,NOUN
याचा,NOUN
विचार,NOUN
त्यांना,NOUN
करावा,NOUN
लागेल,NOUN
असं,NOUN
असलं,NOUN
तरी,NOUN
राज,NOUN
ठाकरेंनी,NOUN
त्यांची,NOUN
भूमिका,NOUN
वेगळ्या,NOUN
पद्धतीनं,NOUN
मुस्लीम,NOUN
मतदारांना,NOUN
पटवून,NOUN
दिली,VERB
तर,PART
त्या,NOUN
मतांचा,NOUN
सुद्धा,NOUN
फायदा,NOUN
होऊ,NOUN
शकतो,NOUN
असं,NOUN
राजकीय,NOUN
विश्लेषक,NOUN
हेमंत,NOUN
देसाई,NOUN
यांना,NOUN
वाटतं,NOUN
हेमंत,NOUN
देसाई,NOUN
म्हणतात,VERB
राज,NOUN
ठाकरेंनी,NOUN
मुस्लिमांविरोधात,NOUN
घेतलेली,VERB
भूमिका,NOUN
ही,PART
बाळासाहेबांसारखी,NOUN
होती,NOUN
ती,PART
फक्त,NOUN
पाकिस्तानातल्या,NOUN
मुस्लिमांना,NOUN
विरोध,NOUN
करणारी,NOUN
होती,NOUN
हे,PART
राज,NOUN
ठाकरे,NOUN
मतदारांना,NOUN
पटवून,NOUN
देऊ,NOUN
शकले,VERB
विरोध,NOUN
करायचा,NOUN
तर,PART
फक्त,NOUN
भोंग्यांच्या,PP
आवाजाला,PP
कशाला,PP
सगळेच,NOUN
आवाज,NOUN
बंद,NOUN
करा,NOUN
असा,NOUN
नरेटीव्ह,NOUN
राज,NOUN
ठाकरेंनी,NOUN
मांडला,PP
तर,PART
या,PART
युतीचा,NOUN
नक्कीच,NOUN
मुंबईत,NOUN
फायदा,NOUN
होईल,NOUN
कारण,NOUN
मुस्लीम,NOUN
मतदारांना,NOUN
सुद्धा,NOUN
कुठे,NOUN
जायला,PP
पर्याय,NOUN
उरणार,NOUN
नाही,NOUN
काँग्रेसची,NOUN
ताकद,NOUN
उरलेली,VERB
नाही,NOUN
आता,NOUN
काँग्रेस,NOUN
फारशी,NOUN
सक्रीय,NOUN
दिसत,NOUN
नाही,NOUN
दोघंही,NOUN
किंतु,NOUN
परंतु,NOUN
न,PART
ठेवता,NOUN
एकत्र,NOUN
आले,VERB
तर,PART
फायदा,NOUN
होईल,NOUN
पण,PART
तो,PART
निर्णायक,NOUN
असेल,NOUN
का,PART
अशी,NOUN
शंका,NOUN
राजकीय,NOUN
विश्लेषक,NOUN
राजेंद्र,NOUN
साठे,NOUN
यांना,NOUN
वाटते,NOUN
त्याचं,NOUN
कारण,NOUN
सांगताना,NOUN
ते,PART
म्हणाले,VERB
राज,NOUN
ठाकरे,NOUN
यांच्याविषयी,NOUN
बोलणारे,NOUN
नेते,NOUN
म्हणून,NOUN
अनेकांना,NOUN
आकर्षण,NOUN
वाटतं,NOUN
पण,PART
नेता,NOUN
म्हणून,NOUN
भरोसा,NOUN
वाटत,NOUN
नाही,NOUN
तो,PART
एकाएकी,NOUN
होऊ,NOUN
शकेल,NOUN
की,PART
नाही,NOUN
हे,PART
कठीण,NOUN
आहे,NOUN
दोघांची,NOUN
विश्वासार्हता,NOUN
आणि,NOUN
दोघांचं,NOUN
मतदारांना,NOUN
होणारं,NOUN
अपील,NOUN
हे,PART
खूप,NOUN
कमी,NOUN
झालं,NOUN
आहे,NOUN
यामुळे,NOUN
एक,PART
अधिक,NOUN
एक,PART
दोन,NOUN
अशी,NOUN
बेरीज,NOUN
होईल,NOUN
का,PART
अशी,NOUN
शंका,NOUN
आहे,NOUN
मुंबईतील,NOUN
समीकरणं,NOUN
कशी,NOUN
बदलतील,NOUN
मुंबई,NOUN
वगळता,NOUN
इतर,NOUN
महापालिकांमध्ये,PP
ठाकरे,NOUN
बंधूंची,NOUN
इतकी,NOUN
ताकद,NOUN
दिसत,NOUN
नाही,NOUN
त्यामुळे,NOUN
ही,PART
युतीची,NOUN
चर्चा,NOUN
चाललीय,NOUN
ती,PART
फक्त,NOUN
मुंबई,NOUN
महापालिकेतील,NOUN
आपलं,NOUN
अस्तित्व,NOUN
टिकवण्यासाठी,PP
चाललेली,VERB
आहे,NOUN
असं,NOUN
बोललं,NOUN
जातंय,NOUN
कारण,NOUN
मुंबई,NOUN
हा,PART
ठाकरेंच्या,PP
शिवसेनेचा,NOUN
आत्मा,NOUN
आहे,NOUN
आणि,NOUN
शिवसेनेनं,NOUN
मुंबईवर,PP
इतकी,NOUN
वर्षं,NOUN
सत्ता,NOUN
गाजवली,VERB
आहे,NOUN
त्यामुळे,NOUN
कुठल्याही,NOUN
परिस्थितीत,NOUN
मुंबई,NOUN
आपल्या,NOUN
हातून,NOUN
निसटू,NOUN
द्यायची,NOUN
नाही,NOUN
यासाठी,PP
उद्धव,NOUN
ठाकरे,NOUN
यांचे,NOUN
प्रयत्न,NOUN
सुरू,NOUN
असल्याचं,NOUN
बोललं,NOUN
जातंय,NOUN
त्याचाच,NOUN
भाग,NOUN
म्हणून,NOUN
या,PART
युतीकडे,PP
बघितलं,NOUN
जात,NOUN
आहे,NOUN
मात्र,NOUN
हे,PART
दोन्ही,NOUN
ठाकरे,NOUN
बंधू,NOUN
एकत्र,NOUN
आले,VERB
तर,PART
मुंबईतलं,NOUN
राजकीय,NOUN
समीकरण,NOUN
कसं,NOUN
बदलेल,NOUN
मराठी,NOUN
आणि,NOUN
मुस्लीम,NOUN
मतं,NOUN
एकत्र,NOUN
कशी,NOUN
ठेवायची,NOUN
यासाठी,PP
या,PART
दोघांनी,NOUN
एकत्र,NOUN
येऊन,NOUN
व्यवस्थित,NOUN
अजेंडा,NOUN
जनतेसमोर,NOUN
मांडला,PP
तर,PART
ही,PART
सगळी,NOUN
मतं,NOUN
मिळून,NOUN
फायदा,NOUN
होईल,NOUN
असं,NOUN
हेमंत,NOUN
देसाई,NOUN
यांना,NOUN
वाटतं,NOUN
बीबीसी,NOUN
मराठीसोबत,NOUN
बोलताना,NOUN
ते,PART
म्हणाले,VERB
मुंबईत,NOUN
मनसेचे,NOUN
नगरसेवक,NOUN
नाहीत,NOUN
एखादा,NOUN
असेल,NOUN
तर,PART
तो,PART
इतर,NOUN
कोणीतरी,NOUN
पळवला,PP
असेल,NOUN
मात्र,NOUN
मनसेकडे,PP
सामान्य,NOUN
कार्यकर्ता,NOUN
आहे,NOUN
विधानसभेत,NOUN
त्यांच्या,PP
उमेदवारामुळे,NOUN
काही,NOUN
ठिकाणी,NOUN
शिंदेंच्या,PP
उमेदवाराचं,NOUN
नुकसान,NOUN
झालं,NOUN
आणि,NOUN
उद्धव,NOUN
ठाकरेंच्या,PP
उमेदवाराला,PP
फायदा,NOUN
झाला,PP
दुसरीकडे,PP
शिवसेनेकडे,PP
केडर,NOUN
आहे,NOUN
जर,PART
राज,NOUN
ठाकरेंनी,NOUN
विरोधात,NOUN
लढायचं,NOUN
ठरवलं,NOUN
तर,PART
उद्धव,NOUN
त्यांना,NOUN
दोन,NOUN
आघाड्यांवर,PP
लक्ष्य,NOUN
करतील,NOUN
राज,NOUN
यांनी,NOUN
मुस्लिमांविरोधात,NOUN
घेतलेली,VERB
भूमिका,NOUN
आणि,NOUN
परप्रांतीय,NOUN
लोकांना,NOUN
केलेली,VERB
मारहाण,NOUN
ते,PART
राज,NOUN
यांना,NOUN
अडचणीचं,NOUN
ठरू,NOUN
शकतं,NOUN
दोन्ही,NOUN
पक्ष,NOUN
एकत्र,NOUN
आले,VERB
तर,PART
100,NUM
टक्के,NOUN
दोघांनाही,NOUN
फायदा,NOUN
होईल,NOUN
यश,PART
मिळेल,NOUN
का,PART
याची,NOUN
खात्री,NOUN
नाही,NOUN
पण,PART
एकटं,NOUN
लढण्यापेक्षा,NOUN
एकत्र,NOUN
लढलेलं,NOUN
कधीही,NOUN
चांगलं,NOUN
मनसे,NOUN
स्वतंत्र,NOUN
लढली,VERB
तर,PART
त्याचा,NOUN
फायदा,NOUN
महायुतीला,PP
होऊ,NOUN
शकतो,NOUN
या,PART
दोघांना,NOUN
अस्तित्व,NOUN
टिकवायचं,NOUN
असेल,NOUN
तर,PART
एकत्र,NOUN
यायलाच,NOUN
लागेल,NOUN
हे,PART
दोघेही,NOUN
एकत्र,NOUN
आले,VERB
तर,PART
महायुतीपुढचं,NOUN
आव्हान,NOUN
गडद,NOUN
होईल,NOUN
असं,NOUN
मत,PART
हेमंत,NOUN
देसाई,NOUN
व्यक्त,NOUN
करतात,VERB
पण,PART
हे,PART
दोघं,NOUN
एकत्र,NOUN
आले,VERB
तर,PART
मुंबई,NOUN
महापालिकेत,NOUN
किती,NOUN
यश,PART
मिळेल,NOUN
याबाबत,NOUN
राजेंद्र,NOUN
साठे,NOUN
यांना,NOUN
शंका,NOUN
वाटते,NOUN
ते,PART
म्हणतात,VERB
मुंबईत,NOUN
भाजपचा,NOUN
प्रभाव,NOUN
वाढलेला,PP
आहे,NOUN
मुंबईत,NOUN
मराठी,NOUN
जनता,NOUN
जी,PART
काही,NOUN
आहे,NOUN
ती,PART
25,NUM
ते,PART
30,NUM
टक्के,NOUN
राहिलेली,VERB
आहे,NOUN
ती,PART
सुद्धा,NOUN
विखुरलेली,VERB
आहे,NOUN
मराठी,NOUN
सोडून,NOUN
हिंदी,NOUN
गुजराती,NOUN
भाजपच्या,PP
बाजूनं,NOUN
आहे,NOUN
शिवसेनेचा,NOUN
पारंपरिक,NOUN
मतदार,NOUN
होता,NOUN
तो,PART
आता,NOUN
शिंदे,NOUN
गटात,NOUN
गेला,PP
आहे,NOUN
हे,PART
कोकणातल्या,NOUN
निकालावरून,NOUN
दिसलं,NOUN
कोकण,NOUN
आणि,NOUN
मुंबईचे,NOUN
घनिष्ठ,NOUN
संबंध,NOUN
आहेत,NOUN
मुंबईत,NOUN
शाखा,NOUN
प्रमुखांमध्ये,PP
खालीपर्यंत,NOUN
फूट,NOUN
पडलेली,VERB
आहे,NOUN
ठाकरे,NOUN
गटाची,NOUN
ताकद,NOUN
कमी,NOUN
झालेली,VERB
आहे,NOUN
त्यात,NOUN
अजिबात,NOUN
शंका,NOUN
नाही,NOUN
सध्या,NOUN
सत्तेचा,NOUN
फायदा,NOUN
शिंदे,NOUN
गटातील,NOUN
लोकांना,NOUN
मिळतोय,NOUN
असलेली,VERB
सत्ता,NOUN
सोडायची,NOUN
का,PART
हा,PART
प्रश्न,NOUN
शिवसेनेच्या,PP
कार्यकर्त्यांना,NOUN
आहे,NOUN
त्यामुळे,NOUN
या,PART
दोघांच्या,PP
एकत्र,NOUN
येण्यानं,NOUN
इतका,NOUN
फायदा,NOUN
होईल,NOUN
का,PART
अशी,NOUN
शंका,NOUN
राजेंद्र,NOUN
साठे,NOUN
व्यक्त,NOUN
करतात,VERB
मतविभाजन,NOUN
टाळण्यासाठी,PP
या,PART
दोघांच्या,PP
युतीचा,NOUN
फायदा,NOUN
होईल,NOUN
असं,NOUN
प्रमोद,NOUN
चुंचुवार,NOUN
यांना,NOUN
वाटतं,NOUN
ते,PART
म्हणतात,VERB
शिवसेनेचं,NOUN
मराठी,NOUN
मतांचं,NOUN
विभाजन,NOUN
राज,NOUN
ठाकरेंमुळे,NOUN
होतं,NOUN
या,PART
दोघांच्या,PP
एकत्र,NOUN
येण्यामुळे,NOUN
ते,PART
मतविभाजन,NOUN
टळेल,NOUN
तसेच,NOUN
या,PART
दोन्ही,NOUN
ठाकरे,NOUN
बंधूंनी,NOUN
एकत्र,NOUN
यावं,NOUN
हे,PART
अनेक,NOUN
शिवसैनिकांच्या,PP
मनातील,NOUN
इच्छा,NOUN
आहे,NOUN
राज,NOUN
ठाकरे,NOUN
उद्धवसोबत,NOUN
येऊन,NOUN
सध्याच्या,PP
महायुती,NOUN
सरकारवर,PP
तुटून,NOUN
पडले,VERB
जागावाटप,NOUN
आणि,NOUN
मतविभाजन,NOUN
यावर,PP
समाधानकारक,NOUN
तोडगा,NOUN
निघाला,PP
तर,PART
एक,PART
चांगला,PP
परिणाम,NOUN
दिसू,NOUN
शकतो,NOUN
पण,PART
हे,PART
दोन्ही,NOUN
बंधू,NOUN
एकत्र,NOUN
आल्यानं,NOUN
एकमेकांचा,NOUN
मतदार,NOUN
शिफ्ट,NOUN
होईल,NOUN
का,PART
ही,PART
शंका,NOUN
सचिन,NOUN
परब,NOUN
यांना,NOUN
आहे,NOUN
ते,PART
म्हणतात,VERB
शिवसेनेचा,NOUN
पारंपरिक,NOUN
मतदार,NOUN
आहे,NOUN
त्यांची,NOUN
मत,PART
ट्रान्सफर,NOUN
होतील,NOUN
पण,PART
नवीन,NOUN
मतदार,NOUN
ठाकरेंच्या,PP
शिवसेनेविरोधात,NOUN
राज,NOUN
ठाकरेंकडे,PP
गेलेला,PP
आहे,NOUN
त्यांची,NOUN
मतं,NOUN
ट्रान्सफर,NOUN
होतील,NOUN
का,PART
ही,PART
शंका,NOUN
आहे,NOUN
सध्याच्या,PP
परिस्थितीत,NOUN
महायुतीसमोर,NOUN
एकट्यानं,NOUN
उभं,NOUN
राहून,NOUN
लढणं,NOUN
कठीण,NOUN
आहे,NOUN
त्यामुळे,NOUN
दोघांनी,NOUN
एकत्र,NOUN
येणं,NOUN
गरजेचं,NOUN
आहे,NOUN
पण,PART
दोघंही,NOUN
एकत्र,NOUN
येतील,NOUN
का,PART
याबद्दलही,NOUN
शंका,NOUN
वाटते,NOUN
दोघं,NOUN
एकत्र,NOUN
आले,VERB
तर,PART
महापालिकेच्या,PP
निवडणुकीत,NOUN
फायदा,NOUN
होऊ,NOUN
शकतो,NOUN
कारण,NOUN
उद्धव,NOUN
ठाकरेंकडे,PP
संघटना,NOUN
आहे,NOUN
राज,NOUN
यांच्याकडे,PP
नरेटीव्ह,NOUN
उभं,NOUN
करण्याची,NOUN
ताकद,NOUN
आहे,NOUN
दोघांना,NOUN
महापालिका,NOUN
निवडणूक,NOUN
कशी,NOUN
लढायची,NOUN
हे,PART
उत्तम,NOUN
माहिती,NOUN
आहे,NOUN
त्यामुळे,NOUN
एक,PART
आणि,NOUN
एक,PART
दोन,NOUN
नाहीतर,NOUN
किमान,NOUN
दीड,NOUN
तरी,NOUN
होतीलच,NOUN
तसेच,NOUN
आदित्य,NOUN
आणि,NOUN
अमित,NOUN
एकत्र,NOUN
आले,VERB
तर,PART
त्यांना,NOUN
तरुणांमधून,NOUN
चांगला,PP
प्रतिसाद,NOUN
मिळू,NOUN
शकतो,NOUN
दोघंही,NOUN
एकत्र,NOUN
येऊन,NOUN
महायुतीसमोर,NOUN
आव्हान,NOUN
उभं,NOUN
करू,NOUN
शकतात,VERB
राज,NOUN
ठाकरे,NOUN
आणि,NOUN
उद्धव,NOUN
ठाकरे,NOUN
खरंच,NOUN
एकत्र,NOUN
येतील,NOUN
ठाकरे,NOUN
बंधूंची,NOUN
20,NUM
वर्षांनंतर,NOUN
जोडी,NOUN
जमेल,NOUN
का,PART
19,NUM
एप्रिल,NOUN
2025,NUM
राज,NOUN
ठाकरे,NOUN
आणि,NOUN
उद्धव,NOUN
ठाकरे,NOUN
खरंच,NOUN
एकत्र,NOUN
येतील,NOUN
ठाकरे,NOUN
बंधूंची,NOUN
20,NUM
वर्षांनंतर,NOUN
जोडी,NOUN
जमेल,NOUN
का,PART
राज,NOUN
ठाकरेंना,NOUN
पक्षाच्या,PP
स्थापनेच्या,PP
19,NUM
वर्षांनंतरही,NOUN
सत्तेचा,NOUN
सूर,NOUN
का,PART
गवसत,NOUN
नाहीय,NOUN
9,NUM
मार्च,NOUN
2025,NUM
राज,NOUN
ठाकरेंना,NOUN
पक्षाच्या,PP
स्थापनेच्या,PP
19,NUM
वर्षांनंतरही,NOUN
सत्तेचा,NOUN
सूर,NOUN
का,PART
गवसत,NOUN
नाहीय,NOUN
राज,NOUN
ठाकरे,NOUN
आणि,NOUN
देवेंद्र,NOUN
फडणवीस,NOUN
यांची,NOUN
अचानक,NOUN
भेट,NOUN
भाजपला,PP
नेमकं,NOUN
काय,NOUN
हवंय,NOUN
10,NUM
फेब्रुवारी,NOUN
2025,NUM
राज,NOUN
ठाकरे,NOUN
आणि,NOUN
देवेंद्र,NOUN
फडणवीस,NOUN
यांची,NOUN
अचानक,NOUN
भेट,NOUN
भाजपला,PP
नेमकं,NOUN
काय,NOUN
हवंय,NOUN
आज,PART
4,NUM
नोव्हेंबर,NOUN
गणितज्ज्ञ,NOUN
शकुंतला,PP
देवी,NOUN
यांचा,NOUN
जन्मदिन,NOUN
आहे,NOUN
त्यानिमित्ताने,PP
त्यांच्या,PP
कारकिर्दीचा,NOUN
आढावा,NOUN
घेणारा,NOUN
लेख,NOUN
पुन्हा,NOUN
प्रसिद्ध,NOUN
करत,NOUN
आहोत,NOUN
1929,NUM
सालच्या,PP
नोव्हेंबर,NOUN
महिन्यातील,NOUN
4,NUM
तारखेला,PP
कन्नड,NOUN
कुटुंबात,NOUN
एका,NOUN
मुलीनं,NOUN
जन्म,NOUN
घेतला,PP
या,PART
मुलीला,PP
ईश्वरी,NOUN
वरदान,NOUN
लाभल्याचं,NOUN
तिच्या,PP
हस्तरेषा,NOUN
पाहून,NOUN
घरातीलच,NOUN
एका,NOUN
वृद्धानं,NOUN
म्हटलं,NOUN
होतं,NOUN
शकुंतला,PP
देवी,NOUN
असं,NOUN
त्या,NOUN
मुलीचं,NOUN
नाव,NOUN
ही,PART
मुलगी,NOUN
पुढे,NOUN
जाऊन,NOUN
गायिका,NOUN
किंवा,NOUN
नृत्यांगणा,NOUN
होईल,NOUN
असं,NOUN
कुटुंबीयांना,NOUN
वाटलं,NOUN
मात्र,NOUN
मोठी,NOUN
झाल्यावर,PP
ही,PART
मुलगी,NOUN
केवळ,NOUN
कुटुंबाचंच,NOUN
नव्हे,NOUN
तर,PART
देशाचं,NOUN
नावही,NOUN
अभिमानाने,PP
उंचावेल,NOUN
आणि,NOUN
तेही,NOUN
अशा,NOUN
विषयात,NOUN
जो,PART
विषय,NOUN
अनेकांना,NOUN
कठीण,NOUN
वाटलं,NOUN
नव्हतं,NOUN
एक,PART
गणितज्ज्ञ,NOUN
ज्योतिषी,NOUN
लेखिका,NOUN
बासरी,NOUN
वादक,NOUN
अशा,NOUN
अनेक,NOUN
कला,PP
विलक्षण,NOUN
प्रतिभा,NOUN
असलेल्या,NOUN
व्यक्तीतच,NOUN
असू,NOUN
शकतात,VERB
त्या,NOUN
शकुंतला,PP
देवी,NOUN
नावाच्या,PP
व्यक्तीत,NOUN
होत्या,NOUN
1982,NUM
साली,VERB
शकुंतला,PP
यांनी,NOUN
13,NUM
अंकांचा,NOUN
गुणाकार,NOUN
केवळ,NOUN
28,NUM
सेकंदात,NOUN
सांगून,NOUN
गिनीज,NOUN
बुक,NOUN
ऑफ,PART
वर्ल्ड,NOUN
रेकॉर्डमध्ये,PP
नोंद,NOUN
केली,VERB
शकुंतला,PP
यांच्या,PP
ज्योतिषविद्येतून,NOUN
आपलं,NOUN
भविष्य,NOUN
जाणून,NOUN
घेण्यासाठी,PP
मोठ,NOUN
मोठे,NOUN
नेते,NOUN
त्यांच्याकडे,PP
रांगा,NOUN
लावून,NOUN
बसत,NOUN
त्यांच्या,PP
अद्भुत,NOUN
प्रतिभेला,PP
समजून,NOUN
घेण्यासाठी,PP
शास्त्रज्ञ,NOUN
हजारो,NOUN
प्रश्नांसह,NOUN
विचार,NOUN
करत,NOUN
बसत,NOUN
शकुंतला,PP
या,PART
तीन,NOUN
वर्षे,NOUN
वयाच्या,PP
असतानाच,NOUN
एकदा,NOUN
पत्ते,NOUN
खेळत,NOUN
होत्या,NOUN
त्यावेळीच,NOUN
गणितातील,NOUN
त्यांची,NOUN
विलक्षण,NOUN
प्रतिभा,NOUN
त्यांच्या,PP
वडिलांनी,NOUN
हेरली,VERB
होती,NOUN
वयानं,NOUN
लहान,NOUN
असतानाही,NOUN
शकुंतला,PP
ज्या,NOUN
वेगानं,NOUN
अंक,NOUN
लक्षात,NOUN
ठेवत,NOUN
असत,NOUN
ते,PART
पाहून,NOUN
त्यांचे,NOUN
वडील,NOUN
आश्चर्यचकित,NOUN
होत,NOUN
असत,NOUN
पाच,NOUN
वर्षांच्या,PP
झाल्यानंतर,NOUN
त्यांनी,NOUN
गणितातील,NOUN
प्रश्नही,NOUN
सहज,NOUN
सोडवण्यास,NOUN
सुरुवात,NOUN
केली,VERB
गणितातले,VERB
प्रश्न,NOUN
सोडवण्यासाठी,PP
शेजारची,NOUN
मुलंही,NOUN
शकुंतला,PP
यांच्याकडेच,NOUN
येत,NOUN
हळूहळू,NOUN
गणितातील,NOUN
त्यांची,NOUN
कुशलता,NOUN
सर्वत्र,NOUN
पसरू,NOUN
लागली,VERB
शकुंतला,PP
यांच्या,PP
माहितीनुसार,NOUN
त्यांनी,NOUN
चार,NOUN
वर्षांच्या,PP
असतानाच,NOUN
म्हैसूर,NOUN
विद्यापीठाच्या,PP
एका,NOUN
मोठ्या,NOUN
कार्यक्रमात,NOUN
सहभाग,NOUN
घेतला,PP
होता,NOUN
भारतासह,NOUN
जगभरात,NOUN
त्यांच्या,PP
गणितीय,NOUN
ज्ञानाबद्दल,NOUN
माहिती,NOUN
होण्याचं,NOUN
हे,PART
पहिलं,NOUN
पाऊल,NOUN
होतं,NOUN
शकुंतला,PP
देवी,NOUN
यांचे,NOUN
वडील,NOUN
सर्कसमध्ये,PP
काम,NOUN
करत,NOUN
शकुंतला,PP
यांनी,NOUN
शिक्षण,NOUN
घेतलं,NOUN
नव्हतं,NOUN
त्यावेळी,NOUN
बीबीसीने,PP
त्यांची,NOUN
मुलाखत,NOUN
घेतली,VERB
होती,NOUN
तेव्हा,NOUN
प्रश्न,NOUN
विचारला,PP
गेला,PP
होता,NOUN
की,PART
लंडनमध्ये,PP
तुम्ही,NOUN
गणिताच्या,PP
प्रश्नांना,NOUN
व्यवस्थित,NOUN
सोडवलंत,NOUN
पण,PART
तुम्ही,NOUN
शालेय,NOUN
शिक्षण,NOUN
तर,PART
घेतलं,NOUN
नाहीय,NOUN
मग,PART
हे,PART
कसं,NOUN
शक्य,NOUN
झालं,NOUN
त्यावेळी,NOUN
शकुंतला,PP
यांनी,NOUN
उत्तर,NOUN
दिलं,NOUN
मी,PART
इंग्रजीचंही,NOUN
शिक्षण,NOUN
घेतलं,NOUN
नाही,NOUN
पण,PART
चांगलं,NOUN
इंग्रजी,NOUN
बोलते,NOUN
शालेय,NOUN
शिक्षण,NOUN
मी,PART
घेतलं,NOUN
नहीय,NOUN
इंग्रजीतून,NOUN
कादंबऱ्याही,NOUN
मी,PART
लिहिल्या,NOUN
आहेत,NOUN
तामिळमध्ये,PP
कुठलाच,NOUN
सराव,NOUN
न,PART
करताही,NOUN
कथा,NOUN
लिहिल्यात,NOUN
भाषा,NOUN
तर,PART
इतरांशी,NOUN
बोलता,NOUN
बोलता,NOUN
शिकत,NOUN
गेले,VERB
हिंदी,NOUN
मला,PP
लिहिता,NOUN
वाचता,NOUN
येत,NOUN
नाही,NOUN
मात्र,NOUN
हिंदी,NOUN
उत्तम,NOUN
बोलते,NOUN
मी,PART
शिक्षण,NOUN
घेतलं,NOUN
नाही,NOUN
पण,PART
मला,PP
हे,PART
सर्व,NOUN
अभ्यासातून,NOUN
येत,NOUN
गेलं,NOUN
असं,NOUN
शकुंतला,PP
यांनी,NOUN
बीबीसीला,PP
सांगितलं,NOUN
होतं,NOUN
आपल्या,NOUN
प्रतिभेला,PP
ईश्वराची,NOUN
देणगी,NOUN
म्हणणाऱ्या,NOUN
शकुंतला,PP
देवी,NOUN
या,PART
गणिताला,PP
केवळ,NOUN
कॉन्सेप्ट,NOUN
आणि,NOUN
लॉजिक,NOUN
मानत,NOUN
असत,NOUN
गणिताबद्दलचं,NOUN
आपल्या,NOUN
ज्ञानाची,NOUN
चमक,NOUN
त्यांनी,NOUN
जगभरातील,NOUN
असंख्य,NOUN
कॉलेज,NOUN
विद्यापीठं,NOUN
थिएटर,NOUN
रेडिओ,NOUN
आणि,NOUN
टेलिव्हिजन,NOUN
कार्यक्रमातही,NOUN
दाखवली,VERB
1977,NUM
मध्ये,PP
अमेरिकेत,NOUN
तर,PART
शकुंतला,PP
यांनी,NOUN
कॉम्प्युटरच्या,PP
क्षमतेशी,NOUN
स्पर्धा,NOUN
करून,NOUN
दाखवली,VERB
त्यावेळी,NOUN
188132517,NUM
या,PART
संख्येचं,NOUN
घनमूळ,NOUN
सांगितलं,NOUN
होतं,NOUN
1980,NUM
साली,VERB
लंडनमध्ये,PP
एम्पेरियल,NOUN
कॉलेजमध्ये,PP
7,NUM
686,NUM
369,NUM
774,NUM
870,NUM
आणि,NOUN
2,NUM
465,NUM
099,NUM
745,NUM
779,NUM
या,PART
13,NUM
अंकांच्या,PP
दोन,NOUN
संख्या,NOUN
निवडल्या,NOUN
गेल्या,NOUN
या,PART
दोन,NOUN
संख्येचा,NOUN
गुणाकार,NOUN
करून,NOUN
उत्तर,NOUN
शोधायचं,NOUN
होतं,NOUN
शकुंतला,PP
देवी,NOUN
यांनी,NOUN
अवघ्या,NOUN
काही,NOUN
सेकंदात,NOUN
उत्तर,NOUN
सांगितलं,NOUN
अशाच,NOUN
मोठ,NOUN
मोठ्या,NOUN
संख्यांची,NOUN
गणितं,NOUN
काही,NOUN
सेकंदात,NOUN
सोडवणाऱ्या,NOUN
शकुंतला,PP
यांच्यावर,PP
1988,NUM
साली,VERB
कॅलिफोर्निया,NOUN
विद्यापीठातील,NOUN
मानसशास्त्रज्ञ,NOUN
प्रा,NOUN
आर्थर,NOUN
जेन्सन,NOUN
यांनी,NOUN
अभ्यास,NOUN
केला,PP
होता,NOUN
प्रा,NOUN
जेन्सन,NOUN
यांनी,NOUN
त्यांच्या,PP
अहवालात,NOUN
म्हटलंय,NOUN
की,PART
एखाद्या,NOUN
गणिताचं,NOUN
उत्तर,NOUN
वहीत,NOUN
लिहिण्याआधीच,NOUN
शकुंतला,PP
उत्तर,NOUN
सांगत,NOUN
असत,NOUN
असाच,NOUN
एक,PART
अनुभव,NOUN
त्यांनी,NOUN
बीबीसीलाही,NOUN
सांगितला,PP
एका,NOUN
पत्रकारानं,NOUN
मला,PP
अंक,NOUN
दिला,PP
आणि,NOUN
गुणाकार,NOUN
करण्यास,NOUN
सांगतिला,PP
मी,PART
उत्तर,NOUN
दिलं,NOUN
तर,PART
पत्रकार,NOUN
म्हणाला,PP
हे,PART
चूक,NOUN
आहे,NOUN
मात्र,NOUN
आम्ही,NOUN
त्याच,NOUN
कार्यालयातील,NOUN
अकाऊंट,NOUN
विभागात,NOUN
जाऊन,NOUN
तपासलं,NOUN
तर,PART
माझं,NOUN
उत्तर,NOUN
बरोबर,NOUN
होतं,NOUN
शकुंतला,PP
यांचं,NOUN
ज्योतिषविषयक,NOUN
ज्ञानही,NOUN
प्रसिद्ध,NOUN
होतं,NOUN
रशिया,NOUN
आणि,NOUN
चीन,NOUN
वगळता,NOUN
त्या,NOUN
जगातील,NOUN
बहुतांश,NOUN
देशांमध्ये,PP
फिरल्या,NOUN
होत्या,NOUN
ईश्वरावर,PP
पूर्ण,NOUN
श्रद्धा,NOUN
असलेल्या,NOUN
शकुंतला,PP
म्हणायच्या,PP
ईश्वराच्या,PP
देणगीला,PP
कम्युनिस्ट,NOUN
देशांमध्ये,PP
कसा,NOUN
घेऊन,NOUN
जाणार,NOUN
एटीएन,NOUN
कॅनडाला,PP
दिलेल्या,NOUN
एका,NOUN
मुलाखतीत,NOUN
शकुंतला,PP
यांनी,NOUN
सतारवादनबाबत,NOUN
एक,PART
किस्सा,NOUN
सांगितला,PP
होता,NOUN
मुंबई,NOUN
विमानतळावर,PP
बसली,VERB
होती,NOUN
मी,PART
खूप,NOUN
थकली,VERB
होती,NOUN
माझं,NOUN
फ्लाईट,NOUN
रात्री,NOUN
उशिराचं,NOUN
होतं,NOUN
माझ्या,NOUN
बाजूला,PP
बसलेल्या,NOUN
व्यक्तीकडे,PP
सतार,NOUN
होतं,NOUN
मी,PART
विचारलं,NOUN
हे,PART
काय,NOUN
आहे,NOUN
तर,PART
त्या,NOUN
व्यक्तीनं,NOUN
उत्तर,NOUN
दिलं,NOUN
सतार,NOUN
आहे,NOUN
मी,PART
म्हटलं,NOUN
मलाही,NOUN
सतारवादन,NOUN
खूप,NOUN
आवडतं,NOUN
आणि,NOUN
तुम्हालाही,NOUN
सतार,NOUN
इतकं,NOUN
आवडत,NOUN
असेल,NOUN
तर,PART
रवी,NOUN
शंकर,NOUN
यांच्याकडून,NOUN
तुम्ही,NOUN
शिकलं,NOUN
पाहिजे,NOUN
त्यावर,PP
त्या,NOUN
व्यक्तीनं,NOUN
उत्तर,NOUN
दिलं,NOUN
माझंही,NOUN
नाव,NOUN
रवी,NOUN
शंकर,NOUN
आहे,NOUN
त्यानंतर,NOUN
आम्ही,NOUN
दोघेही,NOUN
हसलो,NOUN
ज्यावेळी,NOUN
विमानाच्या,PP
दिशेनं,NOUN
जाण्यास,NOUN
निघाले,VERB
त्यावेळी,NOUN
त्या,NOUN
व्यक्तीनं,NOUN
मला,PP
विचारलं,NOUN
मे,PART
आय,PART
नो,PART
युअर,NOUN
नेम,NOUN
प्लीज,NOUN
ह्युमन,NOUN
कॉम्प्युटर,NOUN
म्हटल्या,NOUN
जाणाऱ्या,NOUN
शकुंतला,PP
देवी,NOUN
यांनी,NOUN
गणितासह,NOUN
पाककलेवरही,NOUN
पुस्तकं,NOUN
लिहिली,VERB
आहेत,NOUN
1977,NUM
मध्ये,PP
शकुंतला,PP
देवी,NOUN
यांनी,NOUN
वर्ल्ड,NOUN
ऑफ,PART
होमोसेक्शुअल,NOUN
हे,PART
पुस्तक,NOUN
लिहिलं,NOUN
आहे,NOUN
भारतात,VERB
समलैंगिकतेवर,PP
हे,PART
पहिलं,NOUN
पुस्तक,NOUN
मानलं,NOUN
जातं,NOUN
21,NUM
एप्रिल,NOUN
2013,NUM
मध्ये,PP
त्यांचं,NOUN
बंगळुरूमध्ये,PP
निधन,NOUN
झालं,NOUN
शाळा,NOUN
कॉलेजात,NOUN
पहिल्या,NOUN
येणाऱ्या,NOUN
मुली,VERB
भरपूर,NOUN
पण,PART
महिला,PP
गणितज्ञ,NOUN
शास्त्रज्ञ,NOUN
नगण्य,NOUN
का,PART
31,NUM
जुलै,NOUN
2020,NUM
शाळा,NOUN
कॉलेजात,NOUN
पहिल्या,NOUN
येणाऱ्या,NOUN
मुली,VERB
भरपूर,NOUN
पण,PART
महिला,PP
गणितज्ञ,NOUN
शास्त्रज्ञ,NOUN
नगण्य,NOUN
का,PART
गणित,NOUN
सोपं,NOUN
करण्यासाठी,PP
भाषेत,NOUN
बदल,NOUN
करणं,NOUN
किती,NOUN
योग्य,NOUN
20,NUM
जून,NOUN
2019,NUM
गणित,NOUN
सोपं,NOUN
करण्यासाठी,PP
भाषेत,NOUN
बदल,NOUN
करणं,NOUN
किती,NOUN
योग्य,NOUN
6174,NUM
हा,PART
अनोखा,NOUN
आकडा,NOUN
जगाला,PP
देणारे,NOUN
गणिताचे,NOUN
मराठी,NOUN
मास्तर5,NOUN
सप्टेंबर,NOUN
2024,NUM
6174,NUM
हा,PART
अनोखा,NOUN
आकडा,NOUN
जगाला,PP
देणारे,NOUN
गणिताचे,NOUN
मराठी,NOUN
मास्तर,NOUN
बहरीनमध्ये,PP
झालेल्या,NOUN
तिसऱ्या,NOUN
आशियाई,NOUN
युवा,NOUN
क्रीडा,NOUN
स्पर्धेत,NOUN
17,NUM
वर्षीय,NOUN
सनी,NOUN
फुलमाळीने,PP
कुस्तीमध्ये,PP
सुवर्णपदक,NOUN
जिंकून,NOUN
भारताचं,NOUN
नाव,NOUN
उज्ज्वल,NOUN
केलं,NOUN
आहे,NOUN
गरिबी,NOUN
घरी,NOUN
वीज,NOUN
पाण्याचा,NOUN
अभाव,NOUN
आणि,NOUN
झोपडपट्टीतील,NOUN
जीवन,NOUN
अशा,NOUN
कठीण,NOUN
परिस्थितीतून,NOUN
सनीने,PP
आपला,PP
मार्ग,NOUN
स्वतः,NOUN
घडवला,PP
सनीचे,NOUN
वडील,NOUN
दारोदारी,NOUN
फिरून,NOUN
बेंटेक्सचे,NOUN
दागिने,PP
विकत,NOUN
होते,NOUN
आणि,NOUN
त्याच,NOUN
पैशांतून,NOUN
मुलाला,PP
कुस्तीचं,NOUN
प्रशिक्षण,NOUN
दिलं,NOUN
तसंच,NOUN
एका,NOUN
वस्तादांनी,NOUN
सनीचं,NOUN
कौशल्य,NOUN
पाहून,NOUN
त्याला,PP
दत्तक,NOUN
घेतलं,NOUN
व्हीडिओ,NOUN
रिपोर्ट,NOUN
गणेश,NOUN
पोळ,NOUN
बिहारमधली,VERB
दारूबंदी,NOUN
खरंच,NOUN
किती,NOUN
यशस्वी,NOUN
झाली,VERB
ग्राऊंड,NOUN
रिपोर्ट9,NOUN
नोव्हेंबर,NOUN
2025,NUM
बिहारमधली,VERB
दारूबंदी,NOUN
खरंच,NOUN
किती,NOUN
यशस्वी,NOUN
झाली,VERB
ग्राऊंड,NOUN
रिपोर्ट,NOUN
दातांमधल्या,NOUN
कॅव्हिटी,NOUN
आता,NOUN
कायमस्वरुपी,NOUN
टाळता,NOUN
येणार,NOUN
नवं,NOUN
संशोधन,NOUN
काय,NOUN
सांगतं,NOUN
6,NUM
नोव्हेंबर,NOUN
2025,NUM
दातांमधल्या,NOUN
कॅव्हिटी,NOUN
आता,NOUN
कायमस्वरुपी,NOUN
टाळता,NOUN
येणार,NOUN
नवं,NOUN
संशोधन,NOUN
काय,NOUN
सांगतं,NOUN
आम्ही,NOUN
शाळेत,NOUN
जात,NOUN
नव्हतो,NOUN
दिवसभर,NOUN
इकडे,PP
तिकडे,PP
फिरत,NOUN
होतो,NOUN
खर्रा,NOUN
खात,NOUN
होतो,NOUN
नाल्याकडे,PP
असलेल्या,NOUN
झाडांवर,PP
चढत,NOUN
होतो,NOUN
कोणी,NOUN
कोणी,NOUN
नाल्यातही,NOUN
पडत,NOUN
होतं,NOUN
जुगार,NOUN
पण,PART
खेळत,NOUN
होतो,NOUN
रस्त्यावर,PP
फिरायचं,NOUN
कधी,NOUN
कोणाच्या,PP
घरी,NOUN
चोरी,NOUN
करायची,NOUN
तर,PART
कधी,NOUN
लोखंड,NOUN
वेचायला,PP
जायचं,NOUN
आणि,NOUN
त्यातून,NOUN
मिळणाऱ्या,NOUN
पैशांतून,NOUN
खाऊ,NOUN
खायचा,NOUN
पण,PART
आता,NOUN
सगळं,NOUN
बदललं,NOUN
निशा,NOUN
मरकाम,NOUN
ही,PART
15,NUM
वर्षीय,NOUN
मुलगी,NOUN
आपण,NOUN
कसे,NOUN
बदललो,NOUN
हे,PART
तिच्या,PP
हातात,VERB
असलेल्या,NOUN
चेंडूकडे,PP
बघून,NOUN
सांगत,NOUN
होती,NOUN
कारण,NOUN
याच,NOUN
चेंडूमुळे,NOUN
तिचं,NOUN
आयुष्य,NOUN
बदलतंय,NOUN
निशा,NOUN
घराजवळच्या,PP
मैदानावर,PP
दररोज,NOUN
क्रिकेटचा,NOUN
सराव,NOUN
करते,NOUN
आणि,NOUN
झुलन,NOUN
गोस्वामीसारखं,NOUN
बॉलर,NOUN
बनायचं,NOUN
स्वप्न,NOUN
बघते,NOUN
तिच्यासारख्या,NOUN
आणखी,NOUN
20,NUM
आदिवासी,NOUN
मुली,VERB
दररोज,NOUN
सकाळी,NOUN
आणि,NOUN
दुपारी,NOUN
आपल्या,NOUN
वस्तीजवळच्या,PP
मैदानावर,PP
सराव,NOUN
करतात,VERB
आणि,NOUN
मोठ्या,NOUN
मैदानावर,PP
क्रिकेट,NOUN
खेळण्याचं,NOUN
स्वप्न,NOUN
बघतात,VERB
त्यांनी,NOUN
स्वतःच्या,PP
ताकदीवर,PP
नागपुरातल्या,NOUN
एका,NOUN
मोठ्या,NOUN
क्रिकेट,NOUN
टूर्नामेंटच्या,PP
विजेते,NOUN
संघालाही,NOUN
हरवलं,NOUN
कुठलंही,NOUN
प्रशिक्षण,NOUN
नसताना,NOUN
त्यांना,NOUN
स्वतःच्या,PP
ताकदीवर,PP
मिळालेलं,NOUN
हे,PART
पहिलं,NOUN
यश,PART
आहे,NOUN
वडिलांना,NOUN
काम,NOUN
मिळालं,NOUN
नाही,NOUN
तर,PART
त्या,NOUN
दिवशी,NOUN
उपाशीच,NOUN
झोपतो,NOUN
या,PART
सगळ्या,NOUN
मुली,VERB
कुठल्याही,NOUN
मोठ्या,NOUN
क्रिकेट,NOUN
क्लबच्या,PP
खेळाडू,NOUN
नाहीत,NOUN
त्या,NOUN
नागपूर,NOUN
शहारातल्या,NOUN
मानेवाडा,NOUN
भागातल्या,NOUN
सिद्धेश्वरी,NOUN
आदिवासी,NOUN
गोंड,NOUN
वस्तीतल्या,NOUN
मुली,VERB
आहेत,NOUN
पिढ्यान्,NOUN
पिढ्या,NOUN
त्यांचं,NOUN
आयुष्य,NOUN
झोपडपट्टीतच,NOUN
गेलंय,NOUN
या,PART
वस्तीत,NOUN
मुलभूत,NOUN
सुविधा,NOUN
तर,PART
सोडाच,NOUN
पण,PART
कधी,NOUN
घरात,NOUN
खायला,PP
अन्नही,NOUN
मिळत,NOUN
नाही,NOUN
मराठीला,PP
बळकट,NOUN
करण्याच्या,PP
प्रयत्नात,NOUN
महाराष्ट्रातील,NOUN
आदिवासी,NOUN
भाषांवर,PP
तर,PART
अन्याय,NOUN
होत,NOUN
नाहीये,NOUN
ना,PART
26,NUM
फेब्रुवारी,NOUN
2025,NUM
महाराष्ट्रातल्या,NOUN
पहिल्या,NOUN
गोंडी,NOUN
शाळेला,PP
आपल्या,NOUN
अस्तित्वासाठी,PP
संघर्ष,NOUN
का,PART
करावा,NOUN
लागतोय,NOUN
7,NUM
फेब्रुवारी,NOUN
2025,NUM
महाराष्ट्रातल्या,NOUN
या,PART
गावानं,NOUN
हायकोर्टाला,PP
पत्र,NOUN
लिहून,NOUN
38,NUM
कोटींचा,NOUN
निधी,NOUN
कसा,NOUN
खेचून,NOUN
आणला,PP
29,NUM
मे,PART
2024,NUM
ज्या,NOUN
दिवशी,NOUN
वडिलांना,NOUN
काम,NOUN
मिळालं,NOUN
नाही,NOUN
त्यादिवशी,NOUN
भातात,VERB
मीठाचं,NOUN
पाणी,NOUN
टाकायचं,NOUN
आणि,NOUN
ते,PART
खायचं,NOUN
अशी,NOUN
यांची,NOUN
परिस्थिती,NOUN
या,PART
वस्तीतल्या,NOUN
महिला,PP
शौचासही,NOUN
उघड्यावर,PP
बाहेर,NOUN
जातात,VERB
वस्तीत,NOUN
टॉयलेट,NOUN
बांधून,NOUN
दिलेत,NOUN
पण,PART
पाणी,NOUN
नसल्यानं,NOUN
बाहेर,NOUN
जात,NOUN
असल्याचं,NOUN
याच,NOUN
वस्तीतली,VERB
क्रिकेट,NOUN
खेळणारी,NOUN
मुलगी,NOUN
राशी,NOUN
मरकाम,NOUN
सांगतेय,NOUN
ती,PART
म्हणतेय,NOUN
माझे,NOUN
बाबा,NOUN
लाकूड,NOUN
तोडायला,PP
नाले,VERB
साफ,NOUN
करायला,PP
मिळेल,NOUN
ते,PART
काम,NOUN
करायला,PP
जातात,VERB
ज्या,NOUN
दिवशी,NOUN
काम,NOUN
मिळालं,NOUN
नाही,NOUN
त्या,NOUN
दिवशी,NOUN
आम्ही,NOUN
उपाशीच,NOUN
झोपतो,NOUN
आमच्या,PP
वस्तीत,NOUN
पाणी,NOUN
नाही,NOUN
बोरवेल,NOUN
आहे,NOUN
पण,PART
त्यालाही,NOUN
पाणी,NOUN
येत,NOUN
नाही,NOUN
कधी,NOUN
टँकर,NOUN
आलं,NOUN
नाहीतर,NOUN
शेष,NOUN
नगरला,PP
जाऊन,NOUN
उन्हात,NOUN
पाणी,NOUN
भरतो,NOUN
रात्री,NOUN
बाहेर,NOUN
शौचास,NOUN
जातो,NOUN
तेव्हा,NOUN
भीती,NOUN
वाटते,NOUN
राशीच्या,PP
क्रिकेट,NOUN
संघाची,NOUN
कॅप्टन,NOUN
आणि,NOUN
तिची,NOUN
बहीण,NOUN
राधाला,PP
स्मृती,NOUN
मंदानासारखं,NOUN
बनायचं,NOUN
आहे,NOUN
तर,PART
याच,NOUN
क्रिकेट,NOUN
संघातली,VERB
कुमूद,NOUN
विराट,NOUN
कोहली,VERB
बनायचं,NOUN
स्वप्न,NOUN
बघतेय,NOUN
पण,PART
आपल्या,NOUN
वस्तीची,NOUN
परिस्थिती,NOUN
मांडणारी,NOUN
राशी,NOUN
क्रिकेटच्या,PP
माध्यमातून,NOUN
वस्तीचं,NOUN
चित्र,NOUN
बदलवण्याचं,NOUN
स्वप्न,NOUN
बघतेय,NOUN
ती,PART
म्हणतेय,NOUN
की,PART
मला,PP
कोणासारखं,NOUN
बनायचं,NOUN
नसून,NOUN
लोकांनी,NOUN
माझ्यासारखं,NOUN
बनावं,NOUN
इतकं,NOUN
मोठं,NOUN
व्हायचं,NOUN
आहे,NOUN
मला,PP
मोठ्या,NOUN
मैदानावर,PP
खेळून,NOUN
देशासाठी,PP
खेळून,NOUN
या,PART
वस्तीतल्या,NOUN
लोकांना,NOUN
बाहेर,NOUN
काढायचं,NOUN
आहे,NOUN
राशी,NOUN
तीन,NOUN
बहिणी,NOUN
आहेत,NOUN
आणि,NOUN
या,PART
तिन्ही,NOUN
बहिणी,NOUN
क्रिकेट,NOUN
खेळतात,VERB
राशीची,NOUN
बहीण,NOUN
राधा,NOUN
त्यांच्या,PP
संघाची,NOUN
कॅप्टन,NOUN
आहे,NOUN
मुलींचं,NOUN
स्वप्न,NOUN
आणि,NOUN
त्यांची,NOUN
क्रिकेटसाठीची,NOUN
मेहनत,NOUN
बघून,NOUN
वडिल,NOUN
किरण,NOUN
मरकाम,NOUN
यांना,NOUN
अभिमान,NOUN
वाटतो,NOUN
ते,PART
म्हणतात,VERB
माझ्या,NOUN
मुली,VERB
क्रिकेटची,NOUN
कुठलीच,NOUN
मॅच,NOUN
सोडत,NOUN
नाही,NOUN
आयपीएल,NOUN
बघतात,VERB
आता,NOUN
झालेली,VERB
चॅम्पियन,NOUN
ट्रॉफी,NOUN
बघितली,VERB
आता,NOUN
त्यांना,NOUN
प्रत्यक्ष,NOUN
मैदानावर,PP
बघून,NOUN
आनंद,NOUN
वाटतो,NOUN
आमच्या,PP
मुलींची,NOUN
चांगली,VERB
प्रगती,NOUN
झाली,VERB
पाहिजे,NOUN
आम्ही,NOUN
जे,PART
झोपडपट्टीत,NOUN
भोगतोय,NOUN
ते,PART
त्यांच्या,PP
वाट्याला,PP
येऊ,NOUN
नये,NOUN
शाळाबाह्य,NOUN
मुली,VERB
इंग्रजी,NOUN
शब्द,NOUN
आणि,NOUN
जपानी,NOUN
भाषा,NOUN
कशा,NOUN
बोलू,NOUN
लागल्या,NOUN
किरण,NOUN
मरकाम,NOUN
यांच्या,PP
तिन्ही,NOUN
मुली,VERB
क्रिकेट,NOUN
खेळतात,VERB
पण,PART
शाळेत,NOUN
नाव,NOUN
असूनही,NOUN
त्या,NOUN
शाळेत,NOUN
जात,NOUN
नाहीत,NOUN
फक्त,NOUN
या,PART
तीनच,NOUN
मुली,VERB
नाहीतर,NOUN
या,PART
वस्तीतल्या,NOUN
5,NUM
6,NUM
मुली,VERB
सोडल्या,NOUN
जवळपास,NOUN
30,NUM
मुली,VERB
शाळाबाह्य,NOUN
आहेत,NOUN
कारण,NOUN
घरापासून,NOUN
शाळा,NOUN
10,NUM
12,NUM
किलोमीटर,NOUN
दूर,NOUN
आहे,NOUN
आणि,NOUN
रिक्षाही,NOUN
येत,NOUN
नाही,NOUN
शिवाय,NOUN
गोंडी,NOUN
आणि,NOUN
हिंदी,NOUN
या,PART
दोनच,NOUN
भाषा,NOUN
येत,NOUN
असल्यानं,NOUN
मराठी,NOUN
शाळेत,NOUN
मनही,NOUN
रमत,NOUN
नाही,NOUN
त्यामुळे,NOUN
या,PART
मुली,VERB
शाळेत,NOUN
जात,NOUN
नाहीत,NOUN
पण,PART
सरकारी,NOUN
शाळेकडे,PP
पाठ,NOUN
फिरवलेल्या,NOUN
या,PART
मुली,VERB
आता,NOUN
इंग्रजीचे,NOUN
शब्द,NOUN
आणि,NOUN
जपानी,NOUN
भाषा,NOUN
बोलायला,PP
लागल्यात,NOUN
सॉरी,NOUN
थँक्यू,NOUN
वेलकम,NOUN
अशा,NOUN
अनेक,NOUN
इंग्रजी,NOUN
शब्दांना,NOUN
जपानी,NOUN
भाषेत,NOUN
काय,NOUN
म्हणतात,VERB
हे,PART
या,PART
मुली,VERB
अगदी,NOUN
पटापट,NOUN
सांगतात,VERB
तसेच,NOUN
त्यांना,NOUN
हिंदीतून,NOUN
वाक्य,NOUN
सांगितलं,NOUN
ते,PART
इंग्रजीत,NOUN
काय,NOUN
म्हणतात,VERB
हे,PART
देखील,NOUN
या,PART
मुली,VERB
सांगतात,VERB
पण,PART
शाळाबाह्य,NOUN
असताना,NOUN
या,PART
मुली,VERB
हे,PART
सगळं,NOUN
कसं,NOUN
शिकल्या,NOUN
तर,PART
हे,PART
शक्य,NOUN
झालं,NOUN
फक्त,NOUN
सेवा,NOUN
सर्वदा,NOUN
या,PART
सामाजिक,NOUN
संस्थेमुळे,NOUN
कारण,NOUN
सामाजिक,NOUN
कार्यकर्ते,NOUN
खुशाल,NOUN
ढाक,NOUN
यांनी,NOUN
या,PART
वस्तीत,NOUN
दोन,NOUN
वर्षांपूर्वी,NOUN
पत्र्याची,NOUN
शाळा,NOUN
उभारली,VERB
खुशाल,NOUN
ढाक,NOUN
हे,PART
नागपुरातल्या,NOUN
झोपडपट्ट्यांमधल्या,NOUN
मुलांना,NOUN
शिक्षण,NOUN
देतात,VERB
ज्या,NOUN
भटक्या,NOUN
लोकांच्या,PP
वस्त्या,NOUN
आहेत,NOUN
त्या,NOUN
वस्त्यांमध्येही,NOUN
ते,PART
गेल्या,NOUN
19,NUM
वर्षांपासून,NOUN
शिक्षण,NOUN
देण्याचं,NOUN
काम,NOUN
करतात,VERB
त्याप्रमाणे,NOUN
त्यांनी,NOUN
या,PART
वस्तीतही,NOUN
पत्र्याची,NOUN
शाळा,NOUN
उभारून,NOUN
या,PART
मुलींना,NOUN
शिक्षण,NOUN
द्यायला,PP
सुरुवात,NOUN
केली,VERB
ते,PART
सांगतात,VERB
मी,PART
या,PART
वस्तीत,NOUN
आलो,NOUN
तेव्हा,NOUN
इथं,NOUN
शिक्षण,NOUN
शून्य,NOUN
प्रमाणात,NOUN
असल्याचं,NOUN
जाणवलं,NOUN
मग,PART
मी,PART
19,NUM
वर्षांपासून,NOUN
ज्या,NOUN
वस्त्यांमध्ये,PP
शिक्षण,NOUN
द्यायचं,NOUN
काम,NOUN
करतो,NOUN
त्याला,PP
ही,PART
वस्तीही,NOUN
जोडायची,NOUN
ठरवली,VERB
आम्ही,NOUN
कसंतरी,NOUN
पत्र्याचं,NOUN
शेड,NOUN
उभारून,NOUN
एका,NOUN
मुलीपासून,NOUN
ही,PART
शाळा,NOUN
सुरू,NOUN
आहे,NOUN
सुरुवातीला,PP
विद्यार्थी,NOUN
कमी,NOUN
होते,NOUN
पण,PART
हळूहळू,NOUN
त्यांची,NOUN
संख्या,NOUN
वाढली,VERB
सिद्धेश्वरी,NOUN
गोंड,NOUN
वस्तीत,NOUN
दररोज,NOUN
सायंकाळी,NOUN
5,NUM
वाजता,NOUN
ही,PART
शाळा,NOUN
भरते,NOUN
यामध्ये,PP
मुलांना,NOUN
काळाच्या,PP
गरजेनुसार,NOUN
बेसिक,NOUN
शिक्षण,NOUN
वाचण,NOUN
लिखाण,NOUN
बोलायचं,NOUN
कसं,NOUN
वागायचं,NOUN
कसं,NOUN
अशा,NOUN
सगळ्या,NOUN
गोष्टी,NOUN
शिकवल्या,NOUN
जातात,VERB
त्यांच्या,PP
या,PART
पत्र्याच्या,PP
शाळेत,NOUN
मुलांपेक्षा,NOUN
मुलींची,NOUN
संख्या,NOUN
जास्त,NOUN
आहे,NOUN
हे,PART
विशेष,NOUN
वस्तीपासून,NOUN
शाळा,NOUN
जवळ,NOUN
असलेल्या,NOUN
मुली,VERB
दिवसभर,NOUN
सरकारी,NOUN
शाळेत,NOUN
जातात,VERB
आणि,NOUN
सायंकाळी,NOUN
पुन्हा,NOUN
या,PART
शाळेत,NOUN
शिकतात,VERB
पण,PART
या,PART
मुली,VERB
अगदी,NOUN
बोटावर,PP
मोजण्याइतक्या,NOUN
आहेत,NOUN
वस्तीतल्या,NOUN
5,NUM
6,NUM
मुली,VERB
सोडल्या,NOUN
तर,PART
इतर,NOUN
मुली,VERB
शाळेतच,NOUN
जात,NOUN
नव्हत्या,NOUN
शाळा,NOUN
दूर,NOUN
आहे,NOUN
म्हणून,NOUN
शाळेत,NOUN
न,PART
जाणाऱ्या,NOUN
मुली,VERB
या,PART
वस्तीतल्या,NOUN
शाळेत,NOUN
मात्र,NOUN
आवडीनं,NOUN
येतात,VERB
या,PART
शाळेत,NOUN
त्यांना,NOUN
समजेल,NOUN
अशा,NOUN
भाषेत,NOUN
त्यांना,NOUN
शिकवलं,NOUN
जातं,NOUN
या,PART
मुलांना,NOUN
शिकवण्यासाठी,PP
खुशाल,NOUN
ढाक,NOUN
यांनी,NOUN
वस्तीतजवळच्या,PP
एका,NOUN
महिलेची,NOUN
शिक्षिका,NOUN
म्हणून,NOUN
नेमणूक,NOUN
केली,VERB
त्या,NOUN
दररोज,NOUN
सायंकाळी,NOUN
मुलांना,NOUN
खेळीमेळीच्या,PP
वातावरणात,NOUN
शिकवतात,VERB
गेल्या,NOUN
3,NUM
महिन्यांपासून,NOUN
मुलांना,NOUN
जपानी,NOUN
भाषा,NOUN
बोलायलाही,NOUN
शिकवलं,NOUN
जातंय,NOUN
या,PART
शाळाबाह्य,NOUN
मुली,VERB
क्रिकेटमुळे,NOUN
शिक्षणात,NOUN
कशा,NOUN
रमल्या,NOUN
पण,PART
गेल्या,NOUN
काही,NOUN
वर्षांपासून,NOUN
शाळाबाह्य,NOUN
असणाऱ्या,NOUN
मुली,VERB
शिक्षणात,NOUN
सहज,NOUN
रमतील,NOUN
असं,NOUN
नव्हतं,NOUN
मग,PART
त्यासाठी,PP
खुशाल,NOUN
ढाक,NOUN
यांनी,NOUN
मुलांना,NOUN
खेळ,NOUN
खेळवणं,NOUN
सुरू,NOUN
केलं,NOUN
मुलांना,NOUN
आवडेल,NOUN
ते,PART
खेळ,NOUN
मुलं,NOUN
खेळत,NOUN
होती,NOUN
या,PART
माध्यमातूनच,NOUN
त्यांना,NOUN
शिक्षणही,NOUN
देणं,NOUN
सुरू,NOUN
ठेवलं,NOUN
ढाक,NOUN
सांगतात,VERB
पहिल्यांदा,NOUN
धावणं,NOUN
कबड्डी,NOUN
आणि,NOUN
फूटबॉल,NOUN
सुरू,NOUN
केला,PP
पण,PART
यामध्ये,PP
मुलींचा,NOUN
रस,PART
दिसला,PP
नाही,NOUN
मग,PART
त्यांना,NOUN
आवडेल,NOUN
ते,PART
खेळ,NOUN
खेळायला,PP
लावले,VERB
तर,PART
मुली,VERB
विटी,NOUN
दांडू,NOUN
उत्तम,NOUN
खेळत,NOUN
होत्या,NOUN
पण,PART
या,PART
खेळाच्या,PP
कुठेही,NOUN
टूर्नामेंट,NOUN
होत,NOUN
नाहीत,NOUN
त्यामुळे,NOUN
आपण,NOUN
गिल्ली,VERB
दांडू,NOUN
खेळणाऱ्या,NOUN
मुलींच्या,PP
हातात,VERB
क्रिकेटची,NOUN
बॅट,NOUN
दिली,VERB
तर,PART
असा,NOUN
विचार,NOUN
डोक्यात,NOUN
आला,PP
सुरुवातीला,PP
त्यांच्याकडे,PP
बॉल,NOUN
फेकला,PP
तर,PART
त्यांची,NOUN
पकड,NOUN
जबरदस्त,NOUN
होती,NOUN
मग,PART
त्यांचा,NOUN
क्रिकेटचा,NOUN
सराव,NOUN
सुरू,NOUN
केला,PP
पुढे,NOUN
ते,PART
म्हणतात,VERB
शिक्षणात,NOUN
मागासलेपणा,NOUN
होताच,NOUN
त्यामुळे,NOUN
फक्त,NOUN
खेळ,NOUN
खेळून,NOUN
भागणार,NOUN
नव्हतं,NOUN
त्यांचं,NOUN
शिक्षणातही,NOUN
मन,PART
रमणं,NOUN
गरजेचं,NOUN
होतं,NOUN
मग,PART
त्यासाठी,PP
बॉल,NOUN
पकडून,NOUN
बे,PART
एक,PART
बे,PART
एक,PART
बे,PART
दुणे,NOUN
चार,NOUN
बॅटच्या,PP
माध्यमातून,NOUN
ए,PART
फॉर,NOUN
ॲपल,NOUN
बी,PART
फॉर,NOUN
बॉल,NOUN
असं,NOUN
शिकवलं,NOUN
त्यांना,NOUN
क्रिकेटच्या,PP
माध्यमातून,NOUN
शिक्षणात,NOUN
गोडी,NOUN
निर्माण,NOUN
झाली,VERB
आता,NOUN
क्रिकेटच्या,PP
माध्यमातून,NOUN
शिक्षणातला,PP
मागासलेपणा,NOUN
दूर,NOUN
करत,NOUN
या,PART
शाळाबाह्य,NOUN
मुली,VERB
शिक्षणात,NOUN
रमताना,NOUN
दिसतात,VERB
त्यामुळे,NOUN
आधी,NOUN
वस्ती,NOUN
आणि,NOUN
वस्तीच्या,PP
शेजारच्या,PP
लोकांना,NOUN
बघण्याचा,NOUN
जो,PART
दृष्टीकोन,NOUN
होता,NOUN
तो,PART
आता,NOUN
पूर्णपणे,NOUN
बदलल्याचं,NOUN
राशी,NOUN
सांगतेय,NOUN
ती,PART
म्हणतेय,NOUN
मी,PART
क्रिकेट,NOUN
खेळते,NOUN
आणि,NOUN
अभ्यासही,NOUN
करतेय,NOUN
आधी,NOUN
आम्ही,NOUN
इकडे,PP
तिकडे,PP
भटकत,NOUN
होतो,NOUN
तर,PART
आम्हाला,PP
लोक,NOUN
काहीही,NOUN
बोलायचे,NOUN
पण,PART
आता,NOUN
आम्ही,NOUN
जापानी,NOUN
भाषा,NOUN
बोलतोय,NOUN
क्रिकेट,NOUN
खेळून,NOUN
जिंकून,NOUN
येतो,NOUN
तेव्हा,NOUN
वस्तीतल्या,NOUN
लोकांना,NOUN
आनंद,NOUN
होतो,NOUN
बाहेरचे,NOUN
लोकही,NOUN
म्हणतात,VERB
आता,NOUN
या,PART
मुलींमध्ये,PP
बदल,NOUN
झालाय,NOUN
युनिसेफच्या,PP
आकडेवारीनुसार,NOUN
जगभरात,NOUN
12,NUM
कोटी,NOUN
20,NUM
लाख,NOUN
मुली,VERB
शाळाबाह्य,NOUN
आहेत,NOUN
त्यापैकी,NOUN
साधारण,NOUN
साडेतीन,NOUN
कोटी,NOUN
मुली,VERB
प्राथमिक,NOUN
शाळेपर्यंतही,NOUN
पोहोचू,NOUN
शकत,NOUN
नाही,NOUN
क्रिकेटसारखे,NOUN
खेळ,NOUN
त्यांना,NOUN
शेाळेपर्यंत,NOUN
पोहचवण्यासाठी,PP
मदत,NOUN
करतायत,NOUN
पण,PART
अजूनही,NOUN
त्यांना,NOUN
सरकारी,NOUN
शाळेपर्यंत,NOUN
पोहचण्याचा,NOUN
पल्ला,PP
गाठायचा,NOUN
आहे,NOUN
त्यासाठी,PP
प्रयत्न,NOUN
होण्याची,NOUN
गरज,NOUN
आहे,NOUN
महाराष्ट्राच्या,PP
घनदाट,NOUN
जंगलातली,VERB
एक,PART
अशी,NOUN
जत्रा,NOUN
जिथं,NOUN
निसर्गाच्या,PP
पूजेसोबत,NOUN
संविधानाचा,NOUN
जागर,NOUN
होतो8,NOUN
जानेवारी,NOUN
2025,NUM
महाराष्ट्राच्या,PP
घनदाट,NOUN
जंगलातली,VERB
एक,PART
अशी,NOUN
जत्रा,NOUN
जिथं,NOUN
निसर्गाच्या,PP
पूजेसोबत,NOUN
संविधानाचा,NOUN
जागर,NOUN
होतो,NOUN
झुंडमध्ये,PP
रिंकू,NOUN
राजगुरू,NOUN
जी,PART
भाषा,NOUN
बोलते,NOUN
ती,PART
कोणती,NOUN
आहे,NOUN
ही,PART
भाषा,NOUN
शिकवणारी,NOUN
शाळा,NOUN
माहितीये,NOUN
15,NUM
मार्च,NOUN
2022,NUM
झुंडमध्ये,PP
रिंकू,NOUN
राजगुरू,NOUN
जी,PART
भाषा,NOUN
बोलते,NOUN
ती,PART
कोणती,NOUN
आहे,NOUN
ही,PART
भाषा,NOUN
शिकवणारी,NOUN
शाळा,NOUN
माहितीये,NOUN
प्रजासत्ताक,NOUN
दिन,NOUN
आदिवासींना,NOUN
संविधानाची,NOUN
ओळख,NOUN
व्हावी,NOUN
म्हणून,NOUN
बनवली,VERB
माडिया,NOUN
कोलाम,NOUN
भाषेत,NOUN
उद्देशिका,NOUN
26,NUM
जानेवारी,NOUN
2024,NUM
प्रजासत्ताक,NOUN
दिन,NOUN
आदिवासींना,NOUN
संविधानाची,NOUN
ओळख,NOUN
व्हावी,NOUN
म्हणून,NOUN
बनवली,VERB
माडिया,NOUN
कोलाम,NOUN
भाषेत,NOUN
उद्देशिका,NOUN
Role,NOUN
संपादक,NOUN
बीबीसी,NOUN
मराठी,NOUN
6,NUM
फेब्रुवारी,NOUN
2025अपडेटेड,NOUN
14,NUM
ऑक्टोबर,NOUN
2025,NUM
महाराष्ट्राला,PP
परिवर्तनाच्या,PP
चळवळीची,NOUN
आणि,NOUN
प्रबोधनाची,NOUN
दीर्घ,NOUN
परंपरा,NOUN
राहिली,VERB
आहे,NOUN
त्यातल्या,NOUN
महत्त्वाच्या,PP
नावांपैकी,NOUN
एक,PART
नाव,NOUN
म्हणजे,NOUN
ज्येष्ठ,NOUN
संशोधक,NOUN
विचारवंत,NOUN
डॉ,PART
आ,PART
ह,PART
साळुंखे,NOUN
डॉ,PART
साळुंखेंनी,NOUN
विविध,NOUN
सामाजिक,NOUN
विषयांवर,PP
व्यासंगी,NOUN
लेखन,NOUN
केलं,NOUN
असून,NOUN
त्यांची,NOUN
60,NUM
हून,NOUN
अधिक,NOUN
पुस्तकं,NOUN
प्रकाशित,NOUN
झाली,VERB
आहेत,NOUN
बीबीसी,NOUN
मराठीवरील,NOUN
महाराष्ट्राची,NOUN
गोष्ट,NOUN
या,PART
मुलाखतींच्या,PP
मालिकेत,NOUN
डॉ,PART
साळुंखे,NOUN
यांची,NOUN
बीबीसी,NOUN
मराठीचे,NOUN
संपादक,NOUN
अभिजीत,NOUN
कांबळे,NOUN
यांनी,NOUN
मुलाखत,NOUN
घेतली,VERB
आहे,NOUN
महाराष्ट्र,NOUN
खरंच,NOUN
पुरोगामी,NOUN
आहे,NOUN
का,PART
महिलांची,NOUN
स्थिती,NOUN
गेल्या,NOUN
अर्धशतकात,NOUN
किती,NOUN
बदलली,VERB
सर्वात,NOUN
पहिलं,NOUN
संशोधन,NOUN
चार्वाकावर,PP
का,PART
तुकोबांना,NOUN
विद्रोही,NOUN
का,PART
म्हटलं,NOUN
पुरोगामी,NOUN
चळवळीतील,NOUN
मतभेदांचा,NOUN
काय,NOUN
परिणाम,NOUN
होतोय,NOUN
शत्रू,NOUN
मित्र,NOUN
विवेक,NOUN
म्हणजे,NOUN
काय,NOUN
अशा,NOUN
प्रश्नांची,NOUN
उत्तरं,NOUN
डॉ,PART
आ,PART
ह,PART
साळुंखे,NOUN
यांनी,NOUN
दिली,VERB
तसंच,NOUN
महाराष्ट्रातील,NOUN
प्रबोधनाची,NOUN
परंपरा,NOUN
स्त्रियांच्या,PP
स्वातंत्र्याची,NOUN
वाटचाल,NOUN
पुरोगामी,NOUN
चळवळीची,NOUN
दिशा,NOUN
याबाबत,NOUN
सविस्तर,NOUN
भूमिका,NOUN
मांडली,VERB
त्यांच्या,PP
मुलाखतीचा,NOUN
संपादित,NOUN
भाग,NOUN
ग्रामीण,NOUN
महाराष्ट्रातली,VERB
आर्थिक,NOUN
विषमता,NOUN
गरीब,NOUN
राज्यांपेक्षाही,NOUN
जास्त,NOUN
आहे,NOUN
का,PART
विश्लेषण18,NOUN
नोव्हेंबर,NOUN
2024,NUM
संत,NOUN
तुकारामांचा,NOUN
खून,NOUN
झाला,PP
होता,NOUN
की,PART
ते,PART
सदेह,NOUN
वैकुंठाला,PP
गेले,VERB
27,NUM
मार्च,NOUN
2024,NUM
धार्मिक,NOUN
उन्मादाचा,NOUN
मुकाबला,PP
करण्याचं,NOUN
सामर्थ्य,NOUN
वारकरी,NOUN
चळवळीत,NOUN
29,NUM
जुलै,NOUN
2018,NUM
डॉ,PART
आ,PART
ह,PART
साळुंखे,NOUN
चार्वाक,NOUN
कुठल्याही,NOUN
गोष्टीला,PP
अंधळ्यापणाने,PP
सामोरं,NOUN
जाणाऱ्यांपैकी,NOUN
नव्हता,NOUN
म्हणजे,NOUN
प्रत्येक,NOUN
गोष्टीकडे,PP
आपण,NOUN
डोळसपणे,NOUN
पाहिलं,NOUN
पाहिजे,NOUN
एखाद्याने,PP
एखादी,NOUN
गोष्ट,NOUN
आपल्याला,PP
सांगितली,VERB
तर,PART
सांगणाऱ्याचा,NOUN
हेतू,NOUN
काय,NOUN
आहे,NOUN
त्याचे,NOUN
हितसंबंध,NOUN
काय,NOUN
आहेत,NOUN
त्याचा,NOUN
दृष्टिकोन,NOUN
काय,NOUN
आहे,NOUN
त्याचे,NOUN
संस्कार,NOUN
काय,NOUN
आहेत,NOUN
तो,PART
खरंच,NOUN
आपल्याला,PP
आपल्या,NOUN
हिताचं,NOUN
काही,NOUN
देऊ,NOUN
पाहतोय,NOUN
की,PART
आपल्या,NOUN
हिताचं,NOUN
नसलेलं,NOUN
आपल्यावर,PP
लादण्याचा,NOUN
प्रयत्न,NOUN
करतो,NOUN
आहे,NOUN
याचा,NOUN
विचार,NOUN
करावा,NOUN
हा,PART
डोळसपणाने,PP
चार्वाकाने,PP
दिला,PP
हा,PART
डोळसपणा,NOUN
मला,PP
फार,NOUN
महत्त्वाचा,NOUN
वाटला,PP
सगळी,NOUN
माणसं,NOUN
समान,NOUN
आहेत,NOUN
त्यामुळे,NOUN
त्यांच्यात,NOUN
जातीच्या,PP
आधारे,NOUN
किंवा,NOUN
कुठल्याही,NOUN
आधारे,NOUN
भेदभाव,NOUN
करण्याला,PP
वाव,NOUN
नाही,NOUN
असा,NOUN
त्याचं,NOUN
म्हणणं,NOUN
होतं,NOUN
हाही,NOUN
समतेचा,NOUN
मुद्दा,NOUN
मला,PP
भावला,PP
बाह्य,NOUN
कर्मकांडापेक्षा,NOUN
माणसाचं,NOUN
आचरण,NOUN
चांगलं,NOUN
असणं,NOUN
त्याची,NOUN
भावना,NOUN
चांगली,VERB
असणं,NOUN
विचार,NOUN
चांगले,VERB
असणं,NOUN
हे,PART
चांगलं,NOUN
आहे,NOUN
हा,PART
चार्वाक,NOUN
दर्शनातील,NOUN
दृष्टिकोन,NOUN
होता,NOUN
या,PART
सगळ्या,NOUN
गोष्टी,NOUN
मनाला,PP
भावत,NOUN
गेल्या,NOUN
आवडत,NOUN
गेल्या,NOUN
म्हणून,NOUN
मी,PART
चार्वाकाच्या,PP
अभ्यासात,NOUN
अधिकाधिक,NOUN
खोल,NOUN
गेलो,NOUN
बीबीसी,NOUN
मराठीच्या,PP
बातम्यांसाठी,PP
व्हॉट्सअॅप,NOUN
चॅनल,NOUN
जॉईन,NOUN
करा,NOUN
संत,NOUN
तुकारामांसाठी,PP
विद्रोही,NOUN
हा,PART
शब्द,NOUN
का,PART
वापरावा,NOUN
वाटला,PP
डॉ,PART
आ,PART
ह,PART
साळुंखे,NOUN
चार्वाकाने,PP
डोळसपणा,NOUN
आणि,NOUN
चिकित्सक,NOUN
दृष्टिकोन,NOUN
दिलेला,PP
होता,NOUN
त्यामुळे,NOUN
संत,NOUN
तुकाराम,NOUN
यांच्या,PP
चरित्राकडे,PP
पाहताना,NOUN
मला,PP
त्यांच्या,PP
मूळ,NOUN
अभंगांना,NOUN
आपण,NOUN
भिडलं,NOUN
पाहिजे,NOUN
असं,NOUN
वाटलं,NOUN
इतरांनी,NOUN
काय,NOUN
म्हटलं,NOUN
आहे,NOUN
तुकारामांची,NOUN
आजपर्यंत,NOUN
कोणत्या,NOUN
प्रकारची,NOUN
प्रतिमा,NOUN
आपल्यापुढे,NOUN
आणली,VERB
गेली,VERB
आहे,NOUN
हे,PART
जरूर,NOUN
पाहावं,NOUN
वाचावं,NOUN
मात्र,NOUN
त्याआधी,NOUN
संत,NOUN
तुकारामांनी,NOUN
स्वतः,NOUN
त्यांच्या,PP
अभंगातून,NOUN
काय,NOUN
म्हटलं,NOUN
ते,PART
आपण,NOUN
डोळसपणानं,NOUN
पहावं,NOUN
असं,NOUN
वाटलं,NOUN
जेव्हा,NOUN
मी,PART
तुकाराम,NOUN
गाथा,NOUN
वाचायला,PP
लागलो,NOUN
तेव्हा,NOUN
माझ्या,NOUN
ध्यानात,NOUN
आलं,NOUN
की,PART
तुकाराम,NOUN
महाराज,NOUN
महान,NOUN
भक्त,NOUN
होते,NOUN
श्रेष्ठ,NOUN
कवी,NOUN
होते,NOUN
यात,NOUN
काही,NOUN
शंका,NOUN
नाही,NOUN
मात्र,NOUN
त्यांच्या,PP
या,PART
दोन,NOUN
पैलूंवर,PP
जितकं,NOUN
लिहिलं,NOUN
गेलं,NOUN
त्यावर,PP
जितकी,NOUN
चर्चा,NOUN
करण्यात,NOUN
आली,VERB
तितकी,NOUN
चर्चा,NOUN
त्यांच्या,PP
एका,NOUN
महत्त्वाच्या,PP
अंगावर,PP
झालेली,VERB
नाही,NOUN
ते,PART
अंग,NOUN
म्हणजे,NOUN
त्यांनी,NOUN
प्रस्थापित,NOUN
व्यवस्थेविरुद्ध,NOUN
केलेला,PP
विद्रोह,NOUN
त्यांनी,NOUN
प्रस्थापित,NOUN
व्यवस्थेविरुद्ध,NOUN
विद्रोह,NOUN
करण्याआधी,NOUN
स्वतःविरुद्ध,NOUN
विद्रोह,NOUN
केला,PP
असं,NOUN
माझं,NOUN
म्हणणं,NOUN
आहे,NOUN
डॉ,PART
आ,PART
ह,PART
साळुंखे,NOUN
तुकाराम,NOUN
महाराज,NOUN
काही,NOUN
फार,NOUN
गरीब,NOUN
कुटुंबातील,NOUN
नव्हते,NOUN
त्यांच्या,PP
कुटुंबात,NOUN
हलाखीची,NOUN
परिस्थिती,NOUN
नव्हती,NOUN
त्यांचे,NOUN
वाडवडील,NOUN
सावकारी,NOUN
करत,NOUN
असत,NOUN
त्यामुळे,NOUN
त्यांच्या,PP
घरी,NOUN
अनेक,NOUN
कागदपत्रं,NOUN
कर्जखतं,NOUN
होती,NOUN
एकदा,NOUN
त्यांनी,NOUN
भामनाथाच्या,PP
डोंगरावर,PP
त्यांनी,NOUN
चिंतन,NOUN
केलं,NOUN
तेव्हा,NOUN
त्यांना,NOUN
साक्षात्कार,NOUN
झाला,PP
असं,NOUN
म्हटलं,NOUN
जातं,NOUN
मात्र,NOUN
तो,PART
साक्षात्कार,NOUN
अध्यात्मिक,NOUN
स्वरूपाचा,NOUN
म्हणण्यापेक्षा,NOUN
सामाजिक,NOUN
स्वरुपाचा,NOUN
होता,NOUN
असं,NOUN
मला,PP
वाटायला,PP
लागलं,NOUN
या,PART
साक्षात्कारानंतर,NOUN
त्यांनी,NOUN
डोंगरावरून,NOUN
खाली,VERB
येऊन,NOUN
त्यांचे,NOUN
बंधू,NOUN
कान्होबा,NOUN
यांच्याबरोबर,NOUN
चर्चा,NOUN
करून,NOUN
आपल्या,NOUN
वाटणीला,PP
येणारी,NOUN
कर्जखतं,NOUN
घेतली,VERB
आणि,NOUN
इंद्रायणीच्या,PP
डोहात,NOUN
बुडवली,VERB
यातून,NOUN
त्यांनी,NOUN
लोकांना,NOUN
कर्जमुक्त,NOUN
केलं,NOUN
म्हणजे,NOUN
त्यांना,NOUN
असं,NOUN
वाटलं,NOUN
की,PART
मला,PP
जर,PART
प्रस्थापित,NOUN
व्यवस्था,NOUN
धर्माच्या,PP
नावावर,PP
आपली,VERB
फसवणूक,NOUN
करते,NOUN
हे,PART
समाजाला,PP
सांगायचं,NOUN
असेल,NOUN
तर,PART
त्याआधी,NOUN
माझ्याकडून,NOUN
कुणाची,NOUN
फसवणूक,NOUN
होता,NOUN
कामा,NOUN
नये,NOUN
गोरगरिबांची,NOUN
कुटुंबं,NOUN
मोडून,NOUN
व्याजावर,PP
व्याज,NOUN
चढवून,NOUN
त्यांच्याकडून,NOUN
पैसा,NOUN
वसूल,NOUN
करून,NOUN
माझा,NOUN
संसार,NOUN
करणं,NOUN
हेही,NOUN
शोषण,NOUN
आहे,NOUN
म्हणून,NOUN
त्यांनी,NOUN
लोकांना,NOUN
दिलेल्या,NOUN
कर्जाची,NOUN
कागदपत्रे,NOUN
बुडवली,VERB
आणि,NOUN
असंख्या,NOUN
लोकांना,NOUN
कर्जातून,NOUN
मुक्त,NOUN
केलं,NOUN
यानंतर,NOUN
त्यांनी,NOUN
समाजाला,PP
उपदेश,NOUN
करायला,PP
सुरुवात,NOUN
केली,VERB
हा,PART
संत,NOUN
तुकाराम,NOUN
यांचा,NOUN
पहिला,PP
विद्रोह,NOUN
आहे,NOUN
असं,NOUN
मला,PP
वाटलं,NOUN
विद्रोह,NOUN
या,PART
शब्दाविषयी,NOUN
कोणते,NOUN
गैरसमज,NOUN
पसरवण्यात,NOUN
आले,VERB
आहेत,NOUN
डॉ,PART
आ,PART
ह,PART
साळुंखे,NOUN
विद्रोह,NOUN
आणि,NOUN
विद्रोही,NOUN
या,PART
शब्दांविषयी,NOUN
खूप,NOUN
गैरसमज,NOUN
पसरवण्यात,NOUN
आले,VERB
त्यामुळे,NOUN
अनेक,NOUN
लोकांना,NOUN
असं,NOUN
वाटलं,NOUN
की,PART
तुकारामांविषयी,NOUN
काहीतरी,NOUN
नकारात्मक,NOUN
किंवा,NOUN
निंदावाचक,NOUN
शब्द,NOUN
वापरला,PP
आहे,NOUN
वास्तविक,NOUN
मी,PART
हा,PART
शब्द,NOUN
अन्यायाच्या,PP
विरोधात,NOUN
लढा,NOUN
देणारा,NOUN
या,PART
अर्थाने,PP
वापरलेला,PP
आहे,NOUN
हा,PART
विद्रोह,NOUN
त्यांच्या,PP
आयुष्यात,NOUN
सुरुवातीपासून,NOUN
दिसला,PP
आहे,NOUN
20,NUM
22,NUM
वर्षांच्या,PP
मुलानं,NOUN
ही,PART
कर्जखतं,NOUN
बुडवली,VERB
आणि,NOUN
एवढा,NOUN
मोठा,NOUN
निर्णय,NOUN
घेतला,PP
मग,PART
पुढची,NOUN
20,NUM
22,NUM
वर्षे,NOUN
त्यांनी,NOUN
लोकांना,NOUN
विचार,NOUN
करण्याचा,NOUN
स्वतःची,NOUN
बुद्धी,NOUN
वापरण्याचा,NOUN
भेदभाव,NOUN
न,PART
करण्याचा,NOUN
सगळे,NOUN
लोक,NOUN
समान,NOUN
आहेत,NOUN
आणि,NOUN
आचरण,NOUN
शुद्ध,NOUN
ठेवा,NOUN
हा,PART
उपदेश,NOUN
करत,NOUN
राहिले,VERB
धर्मात,NOUN
चुकीची,NOUN
तत्त्व,NOUN
सांगितली,VERB
जात,NOUN
होती,NOUN
त्याविरोधातही,NOUN
संत,NOUN
तुकारामांनी,NOUN
विद्रोह,NOUN
केला,PP
त्यांनी,NOUN
आधी,NOUN
स्वतःविरुद्ध,NOUN
आणि,NOUN
नंतर,NOUN
समाजातील,NOUN
अनिष्ट,NOUN
गोष्टींविरुद्ध,NOUN
विद्रोह,NOUN
केला,PP
म्हणून,NOUN
मी,PART
त्यांना,NOUN
विद्रोही,NOUN
म्हटलं,NOUN
महाराष्ट्र,NOUN
खरंच,NOUN
पुरोगामी,NOUN
आहे,NOUN
का,PART
महिलांची,NOUN
स्थिती,NOUN
गेल्या,NOUN
अर्धशतकात,NOUN
किती,NOUN
बदलली,VERB
डॉ,PART
आ,PART
ह,PART
साळुंखे,NOUN
हिंदू,NOUN
संस्कृती,NOUN
आणि,NOUN
स्त्री,NOUN
हे,PART
पुस्तक,NOUN
लिहिलं,NOUN
तेव्हा,NOUN
स्त्रियांविषयी,NOUN
सामाजिक,NOUN
काम,NOUN
करणाऱ्या,NOUN
छाया,NOUN
दातार,NOUN
आणि,NOUN
त्यांच्या,PP
20,NUM
मैत्रिणींच्या,PP
एका,NOUN
गटाने,PP
एकत्रित,NOUN
येत,NOUN
वर्गणी,NOUN
काढून,NOUN
प्रकाशित,NOUN
केलं,NOUN
होतं,NOUN
त्यावेळी,NOUN
मी,PART
ऋग्वेदापासून,NOUN
19,NUM
व्या,NOUN
शतकापर्यंत,NOUN
स्त्रियांबाबत,NOUN
आपल्या,NOUN
समाजव्यवस्थेनं,NOUN
धर्मव्यवस्थेनं,NOUN
धर्मग्रथांनी,NOUN
धर्मशास्त्रानं,NOUN
काय,NOUN
काय,NOUN
मतं,NOUN
मांडली,VERB
आहेत,NOUN
ती,PART
नोंदवण्याचा,NOUN
त्याची,NOUN
डोळसपणे,NOUN
मांडणी,NOUN
करण्याचा,NOUN
प्रयत्न,NOUN
केला,PP
त्यात,NOUN
आपल्या,NOUN
या,PART
व्यवस्थेमुळं,NOUN
स्त्री,NOUN
अगदी,NOUN
गर्भात,NOUN
असल्यापासून,NOUN
अगदी,NOUN
अंत्यसंस्कार,NOUN
होईपर्यंत,NOUN
कोणकोणत्या,NOUN
अवस्थेतून,NOUN
जाते,NOUN
ते,PART
मांडण्याचा,NOUN
प्रयत्न,NOUN
केला,PP
त्याचं,NOUN
अत्यंत,NOUN
उत्तमरीत्या,NOUN
स्वागत,NOUN
झालं,NOUN
डॉ,PART
आ,PART
ह,PART
साळुंखे,NOUN
महात्मा,NOUN
फुले,VERB
सावित्रीबाई,NOUN
फुले,VERB
यांच्यापासून,NOUN
परिवर्तनाची,NOUN
सुरुवात,NOUN
झाली,VERB
पुढे,NOUN
ही,PART
परिवर्तनाची,NOUN
परंपरा,NOUN
शाहू,NOUN
आंबेडकर,NOUN
गाडगेबाबा,NOUN
आणि,NOUN
इतरांमुळं,NOUN
आणखी,NOUN
पुढे,NOUN
गेली,VERB
तेव्हापासूनच,NOUN
एका,NOUN
परिवर्तनाला,PP
सुरुवात,NOUN
झालेली,VERB
आहे,NOUN
हिंदू,NOUN
संस्कृती,NOUN
आणि,NOUN
स्त्री,NOUN
या,PART
पुस्तकानंतर,NOUN
घडलेल्या,NOUN
गोष्टींमध्ये,PP
काही,NOUN
चांगल्या,NOUN
गोष्टीही,NOUN
आहेत,NOUN
स्त्रिया,NOUN
वेगवेगळ्या,NOUN
क्षेत्रात,NOUN
चमकताना,NOUN
दिसतात,VERB
ऑलिंपिक,NOUN
खेळात,NOUN
अगदी,NOUN
कुस्ती,NOUN
खेळ,NOUN
जो,PART
पुरुषांचा,NOUN
समजला,PP
जातो,NOUN
त्यातही,NOUN
मुली,VERB
आता,NOUN
चमकताना,NOUN
दिसतात,VERB
त्याच,NOUN
पद्धतीने,PP
ज्ञानाच्या,PP
क्षेत्रातही,NOUN
मुली,VERB
चमकत,NOUN
आहेत,NOUN
याच,NOUN
मुली,VERB
विमान,NOUN
रेल्वे,NOUN
चालवताना,NOUN
दिसतात,VERB
लष्करात,NOUN
मुली,VERB
मोठ्या,NOUN
पदावर,PP
जात,NOUN
आहेत,NOUN
असं,NOUN
असलं,NOUN
तरी,NOUN
एक,PART
नकारात्मक,NOUN
गोष्ट,NOUN
घडली,VERB
आहे,NOUN
या,PART
गोष्टीविषयी,NOUN
35,NUM
वर्षांपूर्वी,NOUN
हिंदू,NOUN
संस्कृती,NOUN
आणि,NOUN
स्त्री,NOUN
या,PART
पुस्तकाच्या,PP
मनोगतात,VERB
मी,PART
भीती,NOUN
व्यक्त,NOUN
केली,VERB
होती,NOUN
तेव्हा,NOUN
असलेलं,NOUN
100,NUM
पुरुषांच्या,PP
मागे,NOUN
93,NUM
स्त्रिया,NOUN
हे,PART
प्रमाण,NOUN
धोकादायक,NOUN
आहे,NOUN
आणि,NOUN
याचे,NOUN
पुढे,NOUN
फार,NOUN
दुष्परिणाम,NOUN
होतील,NOUN
असं,NOUN
मी,PART
म्हटलं,NOUN
होतं,NOUN
मात्र,NOUN
तंत्रज्ञानाचा,NOUN
वापर,NOUN
करून,NOUN
प्रचंड,NOUN
वाईट,NOUN
गोष्टी,NOUN
घडल्या,NOUN
100,NUM
मागे,NOUN
93,NUM
वरून,NOUN
हे,PART
प्रमाण,NOUN
80,NUM
वर,PART
आणि,NOUN
काही,NOUN
ठिकाणी,NOUN
80,NUM
पेक्षा,NOUN
खाली,VERB
आले,VERB
याचे,NOUN
खूप,NOUN
दुष्परिणाम,NOUN
समाजावर,PP
होणं,NOUN
हे,PART
स्वाभाविक,NOUN
आहे,NOUN
याची,NOUN
चाहूल,NOUN
मला,PP
त्यावेळी,NOUN
लागलेली,VERB
होती,NOUN
म्हणून,NOUN
त्यावेळी,NOUN
मी,PART
याची,NOUN
गंभीरपणे,NOUN
नोंद,NOUN
केली,VERB
होती,NOUN
समाजात,NOUN
चांगले,VERB
बदलही,NOUN
झालेत,NOUN
या,PART
समाजात,NOUN
विधवा,NOUN
विवाह,NOUN
पुनर्विवाह,NOUN
होत,NOUN
नव्हते,NOUN
आता,NOUN
तुरळक,NOUN
स्वरुपात,NOUN
का,PART
होईना,NOUN
विधवा,NOUN
पुनर्विवाह,NOUN
होत,NOUN
आहेत,NOUN
मुली,VERB
शिकू,NOUN
लागल्या,NOUN
आहेत,NOUN
शिक्षणाचं,NOUN
प्रमाण,NOUN
आता,NOUN
मोठ्या,NOUN
प्रमाणावर,PP
वाढलं,NOUN
आहे,NOUN
बदलाला,PP
ज्या,NOUN
चांगल्या,NOUN
आणि,NOUN
वाईट,NOUN
अशा,NOUN
दोन्ही,NOUN
बाजू,NOUN
आहेत,NOUN
परंपरेने,PP
स्त्रियांच्या,PP
पायात,NOUN
घातलेल्या,NOUN
बेड्या,NOUN
सैल,NOUN
झाल्यात,NOUN
का,PART
डॉ,PART
आ,PART
ह,PART
साळुंखे,NOUN
स्त्रिया,NOUN
मुक्त,NOUN
होत,NOUN
आहेत,NOUN
का,PART
हे,PART
व्यक्तिगणिक,NOUN
बदलतं,NOUN
काही,NOUN
व्यक्ती,NOUN
सर्व,NOUN
बेड्या,NOUN
तोडून,NOUN
पुढे,NOUN
जातात,VERB
प्राचीन,NOUN
काळात,NOUN
देखील,NOUN
गार्गी,NOUN
ही,PART
उपनिषदात,NOUN
येणारी,NOUN
स्त्री,NOUN
अशीच,NOUN
मुसंडी,NOUN
मारून,NOUN
पुढे,NOUN
गेलेली,VERB
अपवादात्मक,NOUN
स्त्री,NOUN
होती,NOUN
तो,PART
काही,NOUN
नियम,NOUN
नव्हता,NOUN
त्याचप्रमाणे,NOUN
आजही,NOUN
काही,NOUN
तुरळक,NOUN
मुली,VERB
ही,PART
बंधनं,NOUN
तोडून,NOUN
पुढे,NOUN
जात,NOUN
आहेत,NOUN
परंतु,NOUN
तरी,NOUN
देखील,NOUN
आपल्या,NOUN
मुलींना,NOUN
लहानपणीच,NOUN
वैज्ञानिक,NOUN
दृष्टिकोन,NOUN
देणं,NOUN
ज्या,NOUN
प्रमाणात,NOUN
घडायला,PP
हवं,NOUN
त्या,NOUN
प्रमाणात,NOUN
घडत,NOUN
नाही,NOUN
त्यामुळे,NOUN
आपल्या,NOUN
समाजासमोर,NOUN
खूप,NOUN
अडचणी,NOUN
येत,NOUN
आहेत,NOUN
असं,NOUN
मला,PP
वाटतं,NOUN
महाराष्ट्रातील,NOUN
परिवर्तनाची,NOUN
दीर्घ,NOUN
परंपरा,NOUN
काय,NOUN
आहे,NOUN
डॉ,PART
आ,PART
ह,PART
साळुंखे,NOUN
महाराष्ट्राला,PP
अगदी,NOUN
मध्ययुगापासून,NOUN
परिवर्तनाची,NOUN
फार,NOUN
मोठी,NOUN
परंपरा,NOUN
आहे,NOUN
त्यातलं,NOUN
एक,PART
नाव,NOUN
बसवेश्वरांचं,NOUN
घेता,NOUN
येईल,NOUN
गेल्या,NOUN
सहस्रकातील,NOUN
पहिले,VERB
महान,NOUN
सामाजिक,NOUN
क्रांतिकारक,NOUN
बसवेश्वर,PP
किंवा,NOUN
बसवाण्णा,NOUN
आहेत,NOUN
अर्थात,NOUN
त्यांचं,NOUN
जास्त,NOUN
कार्य,NOUN
कर्नाटकात,NOUN
झालं,NOUN
पण,PART
त्यांच्या,PP
कामाची,NOUN
सुरुवात,NOUN
महाराष्ट्रातील,NOUN
मंगळवेढा,NOUN
येथे,NOUN
झाली,VERB
यानंतर,NOUN
चक्रधरस्वामी,NOUN
फार,NOUN
मोठे,NOUN
सामाजिक,NOUN
क्रांतिकारक,NOUN
होते,NOUN
त्यांनी,NOUN
जातीभेद,NOUN
नाकारले,VERB
त्यांनी,NOUN
अस्पृश्य,NOUN
मानल्या,NOUN
गेलेल्या,NOUN
लोकांना,NOUN
जवळ,NOUN
केलं,NOUN
आणि,NOUN
त्यांच्या,PP
हातचा,NOUN
प्रसाद,NOUN
घेऊन,NOUN
आपल्या,NOUN
उच्चवर्णीय,NOUN
शिष्यांना,NOUN
खायला,PP
दिला,PP
त्यांच्यामुळे,NOUN
स्त्रिया,NOUN
खूप,NOUN
मोठ्या,NOUN
प्रमाणात,NOUN
सार्वजनिक,NOUN
जीवनात,NOUN
सहभाग,NOUN
घ्यायला,PP
लागल्या,NOUN
म्हणून,NOUN
महदंबा,NOUN
ही,PART
मराठीतील,NOUN
पहिली,VERB
कवयित्री,NOUN
आहे,NOUN
त्यांनी,NOUN
ढवळे,NOUN
लिहिलेले,VERB
आहेत,NOUN
ते,PART
मराठीतील,NOUN
पहिले,VERB
आहेत,NOUN
हे,PART
स्वातंत्र्य,NOUN
त्यांना,NOUN
त्या,NOUN
काळात,NOUN
मिळालं,NOUN
पुढे,NOUN
नामदेव,NOUN
चोखामेळा,NOUN
यांचं,NOUN
संपूर्ण,NOUN
कुटुंब,NOUN
अभंग,NOUN
लिहायचे,NOUN
त्यांची,NOUN
पत्नी,NOUN
त्यांची,NOUN
बहीण,NOUN
त्यांचा,NOUN
मुलगा,NOUN
बहिणीचा,NOUN
नवरा,NOUN
हे,PART
सगळे,NOUN
अभंग,NOUN
लिहीत,NOUN
आणि,NOUN
तेही,NOUN
त्यावेळी,NOUN
अस्पृश्य,NOUN
मानल्या,NOUN
गेलेल्या,NOUN
जातीतील,NOUN
एका,NOUN
कुटुंबात,NOUN
हे,PART
महाराष्ट्रात,NOUN
घडलं,NOUN
आहे,NOUN
संत,NOUN
नामदेव,NOUN
संत,NOUN
ज्ञानेश्वर,PP
संत,NOUN
तुकाराम,NOUN
यांच्यापर्यंत,NOUN
वारकरी,NOUN
संतांची,NOUN
एक,PART
मोठी,NOUN
परंपरा,NOUN
आहे,NOUN
डॉ,PART
आ,PART
ह,PART
साळुंखे,NOUN
छत्रपती,NOUN
शिवाजी,NOUN
महाराज,NOUN
यांनी,NOUN
देखील,NOUN
सामाजिकदृष्ट्या,NOUN
सलोखा,NOUN
असावा,NOUN
आणि,NOUN
आपले,VERB
मावळे,NOUN
सर्व,NOUN
जाती,NOUN
धर्माचे,NOUN
असावे,NOUN
ही,PART
दक्षता,NOUN
घेतली,VERB
यानंतर,NOUN
आधुनिक,NOUN
काळात,NOUN
महात्मा,NOUN
फुले,VERB
सावित्रीबाई,NOUN
फुले,VERB
यांच्यापासून,NOUN
सुरुवात,NOUN
होते,NOUN
या,PART
परंपरेत,NOUN
स्वातंत्र्य,NOUN
समता,NOUN
आणि,NOUN
माणुसकी,NOUN
याला,PP
अत्यंतिक,NOUN
महत्त्व,NOUN
आहे,NOUN
प्राचीन,NOUN
काळात,NOUN
बुद्धांपासून,NOUN
चार्वाकांपासून,NOUN
ही,PART
सगळी,NOUN
परंपरा,NOUN
आली,VERB
आहे,NOUN
ही,PART
सर्व,NOUN
परंपरा,NOUN
महाराष्ट्रालाही,NOUN
लाभली,VERB
आहे,NOUN
यामुळेच,NOUN
आपल्या,NOUN
देशातील,NOUN
इतर,NOUN
प्रांतांच्या,PP
तुलनेत,NOUN
महाराष्ट्राला,PP
सामाजिकदृष्ट्या,NOUN
हा,PART
गौरवशाली,VERB
इतिहास,NOUN
मिळाला,PP
आहे,NOUN
त्यामुळे,NOUN
महाराष्ट्राच्या,PP
जीवनात,NOUN
परिवर्तनाच्या,PP
चळवळी,NOUN
फार,NOUN
मोठ्या,NOUN
प्रमाणात,NOUN
निर्माण,NOUN
झालेल्या,NOUN
दिसतात,VERB
सध्या,NOUN
महाराष्ट्रातील,NOUN
चळवळींची,NOUN
परिवर्तनाची,NOUN
स्थिती,NOUN
काय,NOUN
आहे,NOUN
डॉ,PART
आ,PART
ह,PART
साळुंखे,NOUN
मी,PART
गेल्या,NOUN
50,NUM
वर्षात,NOUN
बहुसंख्या,NOUN
परिवर्तनवादी,NOUN
चळवळींबरोबर,NOUN
काम,NOUN
केलं,NOUN
आहे,NOUN
या,PART
चळवळीचे,NOUN
कार्यकर्ते,NOUN
मोठ्या,NOUN
निष्ठेनं,NOUN
काम,NOUN
करत,NOUN
राहतात,VERB
आत्ता,NOUN
त्यांच्यात,NOUN
काहीशी,NOUN
विस्कळीत,NOUN
अवस्था,NOUN
आलेली,VERB
दिसते,NOUN
काहिशी,NOUN
पिछेहाट,NOUN
झालेली,VERB
दिसते,NOUN
परंतु,NOUN
म्हणून,NOUN
निराश,NOUN
होण्याचं,NOUN
काही,NOUN
कारण,NOUN
नाही,NOUN
असं,NOUN
मला,PP
वाटतं,NOUN
समाजात,NOUN
चढउतार,NOUN
येत,NOUN
राहतात,VERB
लाटा,NOUN
येतात,VERB
जातात,VERB
त्या,NOUN
पद्धतीने,PP
सामाजिक,NOUN
जीवनातही,NOUN
चढउतार,NOUN
येत,NOUN
राहतात,VERB
त्यामुळे,NOUN
परिवर्तनवादी,NOUN
चळवळींनी,NOUN
एकोप्यानं,NOUN
काम,NOUN
केलं,NOUN
पाहिजे,NOUN
आपआपलं,NOUN
काम,NOUN
स्वतंत्रपणे,NOUN
करत,NOUN
असतानाही,NOUN
काही,NOUN
मुद्द्यांवर,PP
काही,NOUN
तत्त्वांच्याबाबत,NOUN
काही,NOUN
सिद्धांतांच्या,PP
बाबतीत,NOUN
एकत्र,NOUN
यायला,PP
हवं,NOUN
या,PART
पद्धतीनं,NOUN
परिवर्तनवादी,NOUN
चळवळीनं,NOUN
काम,NOUN
केलं,NOUN
तर,PART
ते,PART
अधिक,NOUN
यशस्वी,NOUN
होतील,NOUN
आणि,NOUN
आपल्या,NOUN
समाजाचं,NOUN
अधिक,NOUN
हित,NOUN
होईल,NOUN
असं,NOUN
मला,PP
वाटतं,NOUN
परिवर्तनाच्या,PP
चळवळीत,NOUN
मतभेद,NOUN
होऊ,NOUN
नये,NOUN
म्हणून,NOUN
कशाचं,NOUN
भान,NOUN
बाळगलं,NOUN
पाहिजे,NOUN
डॉ,PART
आ,PART
ह,PART
साळुंखे,NOUN
परिवर्तनवादी,NOUN
चळवळीत,NOUN
अत्यंत,NOUN
निष्ठेनं,NOUN
काम,NOUN
करणारे,NOUN
अत्यंत,NOUN
प्रामाणिक,NOUN
बांधिलकी,NOUN
मानणारे,NOUN
असे,NOUN
जे,PART
कार्यकर्ते,NOUN
असतात,VERB
ते,PART
अर्थातच,NOUN
डोळसपणानं,NOUN
जायचं,NOUN
चिकित्सा,NOUN
करायची,NOUN
हा,PART
दृष्टिकोन,NOUN
घेऊन,NOUN
वावरत,NOUN
असतात,VERB
मात्र,NOUN
याचा,NOUN
कधी,NOUN
कधी,NOUN
विपरीत,NOUN
परिणाम,NOUN
होतो,NOUN
चिकित्सेची,NOUN
सवय,NOUN
लागली,VERB
की,PART
ही,PART
चिकित्सा,NOUN
कुठे,NOUN
करायची,NOUN
कोणत्या,NOUN
स्वरुपात,NOUN
करायची,NOUN
आणि,NOUN
तिला,PP
अत्यंतिक,NOUN
नकारात्मक,NOUN
होऊ,NOUN
द्यायचं,NOUN
नाही,NOUN
हे,PART
पथ्य,NOUN
कसं,NOUN
पाळायचं,NOUN
याचं,NOUN
भान,NOUN
चळवळीतील,NOUN
कार्यकर्त्यांनी,NOUN
ठेवणं,NOUN
आवश्यक,NOUN
असतं,NOUN
काही,NOUN
कार्यकर्त्यांकडून,NOUN
काही,NOUN
वेळा,NOUN
टीका,NOUN
करता,NOUN
करता,NOUN
निंदा,NOUN
करता,NOUN
करता,NOUN
आपल्या,NOUN
समविचारी,NOUN
चळवळीतील,NOUN
कार्यकर्त्यांच्या,PP
विरोधात,NOUN
हेच,NOUN
शस्त्र,NOUN
वापरलं,NOUN
जातं,NOUN
जे,PART
समविचारी,NOUN
आहेत,NOUN
ज्यांना,NOUN
भवभुतीने,PP
समान,NOUN
धर्म,NOUN
म्हटलं,NOUN
होतं,NOUN
इथं,NOUN
धर्म,NOUN
म्हणजे,NOUN
विशिष्ट,NOUN
प्रकारचा,NOUN
धर्म,NOUN
नव्हे,NOUN
तर,PART
एक,PART
विचार,NOUN
अशा,NOUN
समविचारी,NOUN
लोकांशी,NOUN
मतभेद,NOUN
होऊ,NOUN
शकतात,VERB
मात्र,NOUN
मतभेदांच्या,PP
पलिकडे,PP
आपल्याला,PP
मैत्री,NOUN
टिकवता,NOUN
आली,VERB
पाहिजे,NOUN
ज्या,NOUN
विचारांनी,NOUN
समाज,NOUN
बांधला,PP
जातो,NOUN
आहे,NOUN
आणि,NOUN
त्याबाबत,NOUN
आपला,PP
मतभेद,NOUN
नसेल,NOUN
तर,PART
त्या,NOUN
विचाराला,PP
पुढे,NOUN
करून,NOUN
त्यांच्याशी,NOUN
एकत्रितपणे,NOUN
काम,NOUN
करता,NOUN
आलं,NOUN
पाहिजे,NOUN
मात्र,NOUN
आपल्याच,NOUN
समविचारी,NOUN
लोकांबाबत,NOUN
टोकाचा,NOUN
मतभेद,NOUN
ठेवला,PP
तर,PART
मैत्री,NOUN
तुटते,NOUN
चळवळीची,NOUN
हानी,NOUN
होते,NOUN
जे,PART
मित्र,NOUN
आहेत,NOUN
त्यांनाच,NOUN
विनाकारण,NOUN
अनेकदा,NOUN
शत्रू,NOUN
बनवलं,NOUN
जातं,NOUN
त्यामुळे,NOUN
शत्रू,NOUN
बाजुला,PP
राहतो,NOUN
शत्रू,NOUN
म्हणजे,NOUN
सामाजिकदृष्ट्या,NOUN
विरोधक,NOUN
म्हणूनच,NOUN
मला,PP
या,PART
प्रकारची,NOUN
आणखीही,NOUN
बरीच,NOUN
पुस्तकं,NOUN
लिहावी,NOUN
लागली,VERB
डॉ,PART
आ,PART
ह,PART
साळुंखे,NOUN
परिवर्तन,NOUN
शास्त्रही,NOUN
कलाही,NOUN
हे,PART
त्यातीलच,NOUN
एक,PART
पुस्तक,NOUN
आपल्याला,PP
भौतिकशास्त्र,NOUN
शिकवायचं,NOUN
असेल,NOUN
तर,PART
आपण,NOUN
आधी,NOUN
भौतिकशास्त्र,NOUN
शिकतो,NOUN
मग,PART
एखाद्या,NOUN
कार्यकर्त्याला,PP
समाजात,NOUN
परिवर्तन,NOUN
करायचं,NOUN
असेल,NOUN
तर,PART
परिवर्तन,NOUN
म्हणजे,NOUN
काय,NOUN
ते,PART
कसं,NOUN
होतं,NOUN
त्याला,PP
अनुकूल,NOUN
घटक,NOUN
कोणते,NOUN
असतात,VERB
त्याला,PP
विरोध,NOUN
करणारे,NOUN
घटक,NOUN
कोणते,NOUN
असतात,VERB
माणसं,NOUN
परिवर्तन,NOUN
स्वीकारायला,PP
तयार,NOUN
न,PART
होण्याची,NOUN
कारणं,NOUN
काय,NOUN
काय,NOUN
असतात,VERB
हे,PART
एखादं,NOUN
शास्त्र,NOUN
समजून,NOUN
घ्यावं,NOUN
या,PART
पद्धतीने,PP
समजून,NOUN
घेणं,NOUN
हे,PART
गरजेचं,NOUN
असतं,NOUN
कित्येकदा,NOUN
मांडणी,NOUN
करताना,NOUN
भावनेच्या,PP
भरात,NOUN
येऊन,NOUN
आपण,NOUN
एक,PART
मांडणी,NOUN
केली,VERB
जाते,NOUN
10,NUM
20,NUM
वर्षे,NOUN
गेल्यानंतर,NOUN
काही,NOUN
नवं,NOUN
संशोधन,NOUN
येतं,NOUN
आणि,NOUN
त्यात,NOUN
आपलं,NOUN
मत,PART
चुकीचं,NOUN
आहे,NOUN
असं,NOUN
दिसायला,PP
लागतं,NOUN
आपण,NOUN
इतरांच्या,PP
बाबतीत,NOUN
त्यांनी,NOUN
बदललं,NOUN
पाहिजे,NOUN
असं,NOUN
म्हणतो,NOUN
मात्र,NOUN
कार्यकर्त्यांची,NOUN
अशी,NOUN
अडचण,NOUN
होते,NOUN
की,PART
आपण,NOUN
इतकी,NOUN
10,NUM
20,NUM
वर्षे,NOUN
काहीतरी,NOUN
मांडत,NOUN
आलो,NOUN
आहोत,NOUN
आणि,NOUN
आता,NOUN
काही,NOUN
तरी,NOUN
वेगळं,NOUN
सत्य,NOUN
समोर,NOUN
आलं,NOUN
आहे,NOUN
आता,NOUN
माघार,NOUN
कशी,NOUN
घ्यायची,NOUN
त्यावेळी,NOUN
आपल्याच,NOUN
मताला,PP
हट्टानं,NOUN
चिकटून,NOUN
राहिलं,NOUN
जातं,NOUN
तिथं,NOUN
आपण,NOUN
लवचिकपणा,NOUN
स्विकारला,PP
पाहिजे,NOUN
मुळात,NOUN
ज्या,NOUN
गोष्टीचं,NOUN
संशोधन,NOUN
पूर्ण,NOUN
झालेलं,NOUN
नाही,NOUN
किंवा,NOUN
ज्या,NOUN
गोष्टीची,NOUN
आपल्याला,PP
पूर्ण,NOUN
माहिती,NOUN
नाही,NOUN
त्या,NOUN
गोष्टीविषयी,NOUN
मतं,NOUN
मांडताना,NOUN
अगोदरच,NOUN
आपण,NOUN
दक्षता,NOUN
घ्यावी,NOUN
संयमानं,NOUN
मांडणी,NOUN
करावी,NOUN
टोकाची,NOUN
भूमिका,NOUN
आधीच,NOUN
घेतलेल्या,NOUN
नसतील,NOUN
तर,PART
नंतर,NOUN
लवचिकपणानं,NOUN
नवं,NOUN
संशोधन,NOUN
स्विकारण्यात,NOUN
काही,NOUN
अडचण,NOUN
येत,NOUN
नाही,NOUN
कार्यकर्त्याने,PP
अशा,NOUN
अनेक,NOUN
गोष्टी,NOUN
शिकणं,NOUN
महत्त्वाचं,NOUN
असतं,NOUN
कार्यकर्ता,NOUN
होण्याआधी,NOUN
चांगला,PP
माणूस,NOUN
होणं,NOUN
गरजेचं,NOUN
आहे,NOUN
असं,NOUN
मी,PART
मानतो,NOUN
दुसरं,NOUN
एक,PART
तत्व,NOUN
मी,PART
वारंवार,NOUN
सांगितलं,NOUN
आहे,NOUN
ते,PART
म्हणजे,NOUN
परिवर्तन,NOUN
मस्तकाकडून,NOUN
हृदयाकडे,PP
नाही,NOUN
तर,PART
हृदयाकडून,NOUN
मस्तकाकडे,PP
होत,NOUN
असतं,NOUN
याचा,NOUN
अर्थ,NOUN
असा,NOUN
की,PART
तुम्ही,NOUN
मस्तकानं,NOUN
केवळ,NOUN
खूप,NOUN
चांगले,VERB
तर्क,NOUN
केले,VERB
आणि,NOUN
दुसऱ्याला,PP
समजाऊन,NOUN
सांगण्याचा,NOUN
प्रयत्न,NOUN
केला,PP
पण,PART
त्याच्या,PP
सुखदुःखात,NOUN
आपण,NOUN
सहभागी,NOUN
झालेलो,NOUN
नसू,NOUN
त्याच्याविषयी,NOUN
काही,NOUN
काम,NOUN
केलेलं,NOUN
नसेल,NOUN
तर,PART
त्याने,PP
आपलं,NOUN
का,PART
ऐकावं,NOUN
म्हणून,NOUN
आधी,NOUN
त्याच्या,PP
हृदयात,NOUN
स्थान,NOUN
प्राप्त,NOUN
केलं,NOUN
पाहिजे,NOUN
हे,PART
केलं,NOUN
तर,PART
मग,PART
तर्क,NOUN
नंतरची,NOUN
गोष्ट,NOUN
आहे,NOUN
डॉ,PART
आ,PART
ह,PART
साळुंखे,NOUN
दुसरं,NOUN
असं,NOUN
की,PART
चळवळीत,NOUN
वेगवेगळ्या,NOUN
संघटना,NOUN
काम,NOUN
करतात,VERB
मात्र,NOUN
स्वातंत्र्य,NOUN
समता,NOUN
बंधुता,NOUN
यासारखी,NOUN
मुल्ये,NOUN
सर्वजण,NOUN
मानत,NOUN
असतात,VERB
असं,NOUN
असताना,NOUN
काही,NOUN
व्यक्तिगत,NOUN
कारणांनी,NOUN
किंवा,NOUN
कुठल्यातरी,NOUN
कारणांनी,NOUN
त्यांच्यात,NOUN
एकोपा,NOUN
राहत,NOUN
नाही,NOUN
हा,PART
एकोपा,NOUN
राहिला,PP
नाही,NOUN
की,PART
मग,PART
चळवळींचा,NOUN
प्रभाव,NOUN
कमी,NOUN
होतो,NOUN
अशावेळी,NOUN
बुद्धांचं,NOUN
एक,PART
वचन,NOUN
मला,PP
आठवतं,NOUN
आणि,NOUN
ते,PART
आजच्या,PP
परिवर्तनवादी,NOUN
चळवळीच्या,PP
कार्यकर्त्यांना,NOUN
देखील,NOUN
तंतोतंत,NOUN
लागू,NOUN
पडतं,NOUN
असं,NOUN
मला,PP
वाटतं,NOUN
एकदा,NOUN
बुद्ध,NOUN
कौशंबीच्या,PP
जवळ,NOUN
एका,NOUN
विहारात,NOUN
असताना,NOUN
भिक्खूमध्ये,PP
कोण,NOUN
श्रेष्ठ,NOUN
यावरून,NOUN
वाद,NOUN
सुरू,NOUN
झाला,PP
त्यावेळी,NOUN
बुद्धांनी,NOUN
या,PART
भिक्खूंना,NOUN
सांगितलं,NOUN
की,PART
जे,PART
एकमेकांचा,NOUN
प्राण,NOUN
घेऊ,NOUN
पाहतात,VERB
एकमेकांना,NOUN
लुबाडू,NOUN
पाहतात,VERB
राष्ट्राला,PP
लुबाडू,NOUN
पाहतात,VERB
संपत्ती,NOUN
लुटतात,VERB
त्यांचा,NOUN
देखील,NOUN
मेळ,NOUN
बसतो,NOUN
म्हणजे,NOUN
जे,PART
वाईट,NOUN
काम,NOUN
करत,NOUN
असतात,VERB
ते,PART
देखील,NOUN
स्वार्थासाठी,PP
येऊ,NOUN
शकतात,VERB
मग,PART
तुम्ही,NOUN
चांगलं,NOUN
काम,NOUN
करायला,PP
निघालेले,VERB
असताना,NOUN
तुमच्यात,NOUN
मेळ,NOUN
का,PART
बसत,NOUN
नाही,NOUN
आपण,NOUN
जर,PART
स्वातंत्र्य,NOUN
समता,NOUN
बंधुता,NOUN
यासारख्या,NOUN
मुल्यांसाठी,PP
सर्वजणच,NOUN
झटत,NOUN
असू,NOUN
तर,PART
मग,PART
आपल्यात,NOUN
मेळ,NOUN
बसला,PP
पाहिजे,NOUN
म्हणजे,NOUN
इथेही,NOUN
मित्रांना,NOUN
शत्रू,NOUN
करू,NOUN
नका,NOUN
हे,PART
पायाभूत,NOUN
तत्त्व,NOUN
आहेच,NOUN
माणसं,NOUN
जोडत,NOUN
जाणं,NOUN
महत्त्वाचं,NOUN
आहे,NOUN
तोडणं,NOUN
सोपं,NOUN
आहे,NOUN
जोडणं,NOUN
अवघड,NOUN
आहे,NOUN
परिवर्तन,NOUN
पटकन,NOUN
होत,NOUN
नाही,NOUN
त्यासाठी,PP
वेळ,NOUN
लागतो,NOUN
मी,PART
अनेकदा,NOUN
उदाहरण,NOUN
देतो,NOUN
की,PART
चिखल,NOUN
हाताला,PP
लागला,PP
तर,PART
पटकन,NOUN
निघतो,NOUN
मेहंदी,NOUN
15,NUM
20,NUM
दिवसात,NOUN
फिकी,NOUN
होत,NOUN
जाते,NOUN
मात्र,NOUN
गोंदलेलं,NOUN
असलं,NOUN
तर,PART
ते,PART
पटकन,NOUN
निघत,NOUN
नाही,NOUN
तसं,NOUN
अनेक,NOUN
गोष्टी,NOUN
माणसांच्या,PP
मेंदूवर,PP
गोंदल्यासारख्या,NOUN
असतात,VERB
त्या,NOUN
गोष्टी,NOUN
बाहेरून,NOUN
लादलेल्या,NOUN
आहेत,NOUN
म्हणून,NOUN
काढण्याचा,NOUN
प्रयत्न,NOUN
केला,PP
तर,PART
त्या,NOUN
माणसाला,PP
तो,PART
आपल्यावरचा,NOUN
हल्ला,PP
वाटतो,NOUN
म्हणून,NOUN
हजारो,NOUN
संस्कारांनी,NOUN
घट्ट,NOUN
बनलेलं,NOUN
त्याचं,NOUN
मन,PART
बदलण्यासाठी,PP
त्याला,PP
वेळ,NOUN
देणं,NOUN
हळुवारपणे,NOUN
शस्त्रक्रिया,NOUN
केल्यासारखं,NOUN
गोंदलेलं,NOUN
काढणं,NOUN
गरजेचं,NOUN
असतं,NOUN
परिवर्तनाबाबत,NOUN
अशी,NOUN
अनेक,NOUN
तत्त्व,NOUN
ध्यानात,NOUN
घेऊन,NOUN
परिवर्तनवादी,NOUN
कार्यकर्त्यांनी,NOUN
काम,NOUN
केलं,NOUN
तर,PART
सर्वच,NOUN
चळवळी,NOUN
एकाच,NOUN
उद्देशानं,NOUN
चाललेल्या,NOUN
आहेत,NOUN
हे,PART
ध्यानात,NOUN
घेऊन,NOUN
त्या,NOUN
अधिक,NOUN
प्रभावी,NOUN
कशा,NOUN
होतील,NOUN
हे,PART
पहावं,NOUN
व्यक्तिगत,NOUN
अहंकारासारख्या,NOUN
गोष्टी,NOUN
अशा,NOUN
प्रसंगी,NOUN
बाजुला,PP
ठेवल्या,NOUN
पाहिजेत,NOUN
व्यक्तीपेक्षा,NOUN
चळवळ,NOUN
मोठी,NOUN
आणि,NOUN
चळवळीपेक्षा,NOUN
समाज,NOUN
मोठा,NOUN
हा,PART
दृष्टिकोन,NOUN
असला,PP
पाहिजे,NOUN
महाराष्ट्रात,NOUN
सध्या,NOUN
जातीय,NOUN
अस्मिता,NOUN
टोकदार,NOUN
झाल्या,NOUN
आहेत,NOUN
का,PART
डॉ,PART
आ,PART
ह,PART
साळुंखे,NOUN
सध्याची,NOUN
परिस्थिती,NOUN
पाहून,NOUN
काळजी,NOUN
वाटते,NOUN
आहे,NOUN
हे,PART
अगदी,NOUN
खरं,NOUN
आहे,NOUN
आम्ही,NOUN
लहान,NOUN
होतो,NOUN
तरुण,NOUN
होतो,NOUN
त्या,NOUN
काळातही,NOUN
आपल्या,NOUN
समाजात,NOUN
जाती,NOUN
होत्याच,NOUN
किंबहुना,NOUN
त्यावेळी,NOUN
अस्पृश्यता,NOUN
जेवढ्या,NOUN
प्रमाणात,NOUN
होती,NOUN
तेवढ्या,NOUN
प्रमाणात,NOUN
आत्ता,NOUN
अस्पृश्यता,NOUN
राहिलेली,VERB
नाही,NOUN
हा,PART
बदल,NOUN
झाला,PP
परंतु,NOUN
जातीय,NOUN
अस्मितांबाबत,NOUN
माझं,NOUN
म्हणणं,NOUN
असं,NOUN
आहे,NOUN
की,PART
आपल्या,NOUN
जातीतील,NOUN
लोकांना,NOUN
वैज्ञानिक,NOUN
दृष्टिकोन,NOUN
देणं,NOUN
त्यांच्या,PP
हक्कांची,NOUN
जाणीव,NOUN
करून,NOUN
देणं,NOUN
त्यांचे,NOUN
शिक्षण,NOUN
आरोग्य,NOUN
याबाबतीतील,NOUN
त्यांचे,NOUN
हक्क,NOUN
त्यांना,NOUN
समजावून,NOUN
सांगणं,NOUN
आणि,NOUN
त्यांची,NOUN
प्रगती,NOUN
घडण्यासाठी,PP
आवश्यक,NOUN
गोष्टींसाठी,PP
त्यांचं,NOUN
प्रबोधन,NOUN
करणं,NOUN
या,PART
अंगानं,NOUN
काम,NOUN
करणं,NOUN
हे,PART
योग्य,NOUN
आहे,NOUN
त्याचवेळी,NOUN
हे,PART
ध्यानात,NOUN
ठेवलं,NOUN
पाहिजे,NOUN
की,PART
दुसऱ्या,NOUN
कुणाचा,NOUN
द्वेष,NOUN
करणं,NOUN
दुसऱ्या,NOUN
कुणाला,PP
त्रास,NOUN
देणं,NOUN
छळणं,NOUN
अन्याय,NOUN
करणं,NOUN
हे,PART
आपण,NOUN
मान्य,NOUN
करू,NOUN
शकत,NOUN
नाही,NOUN
समतेचा,NOUN
अर्थ,NOUN
काय,NOUN
तर,PART
वेगवेगळ्या,NOUN
कारणांनी,NOUN
आपल्यापेक्षा,NOUN
जे,PART
अधिक,NOUN
चांगल्या,NOUN
अवस्थेत,NOUN
आहेत,NOUN
त्यांच्याशी,NOUN
आपल्याला,PP
समता,NOUN
हवी,NOUN
असेल,NOUN
तर,PART
आपण,NOUN
आपल्यापेक्षा,NOUN
अधिक,NOUN
दबलेले,VERB
आहेत,NOUN
त्यांना,NOUN
आपल्या,NOUN
बरोबरीने,PP
येण्याची,NOUN
संधी,NOUN
दिली,VERB
पाहिजे,NOUN
डॉ,PART
आ,PART
ह,PART
साळुंखे,NOUN
आपण,NOUN
कुणाचा,NOUN
अन्याय,NOUN
सहन,NOUN
करायचा,NOUN
नाही,NOUN
पण,PART
आपणही,NOUN
कुणावर,PP
अन्याय,NOUN
करायचा,NOUN
नाही,NOUN
या,PART
जाणिवा,NOUN
सर्वांना,NOUN
प्रगल्भपणे,NOUN
स्वीकारल्या,NOUN
तर,PART
आज,PART
जातीजातीत,NOUN
जे,PART
तणाव,NOUN
निर्माण,NOUN
व्हायला,PP
लागले,VERB
आहेत,NOUN
ते,PART
होणार,NOUN
नाहीत,NOUN
असं,NOUN
मला,PP
वाटतं,NOUN
एकमेकांना,NOUN
समजून,NOUN
घेणं,NOUN
त्यांच्या,PP
अडचणी,NOUN
काय,NOUN
आहेत,NOUN
एकमेकांची,NOUN
अवस्था,NOUN
काय,NOUN
आहे,NOUN
हे,PART
समजून,NOUN
घेतलं,NOUN
पाहिजे,NOUN
आपण,NOUN
सर्वजण,NOUN
शेवटी,NOUN
भावंडं,NOUN
आहोत,NOUN
एकाच,NOUN
समाजाचं,NOUN
अंग,NOUN
आहोत,NOUN
आणि,NOUN
सगळ्यांचाच,NOUN
विकास,NOUN
झाला,PP
पाहिजे,NOUN
माझ्या,NOUN
आदर्श,NOUN
समाजाची,NOUN
संकल्पना,NOUN
अशी,NOUN
आहे,NOUN
की,PART
ज्या,NOUN
समाजात,NOUN
100,NUM
टक्के,NOUN
लोकांना,NOUN
आपली,VERB
100,NUM
टक्के,NOUN
प्रतिभा,NOUN
फुलवण्याची,NOUN
संधी,NOUN
मिळते,NOUN
तो,PART
समाज,NOUN
आदर्श,NOUN
असं,NOUN
मला,PP
वाटतं,NOUN
म्हणून,NOUN
सर्वांना,NOUN
संधी,NOUN
मिळेल,NOUN
अशा,NOUN
पद्धतीने,PP
आपण,NOUN
काम,NOUN
केलं,NOUN
पाहिजे,NOUN
जाति,NOUN
व्यवस्था,NOUN
हे,PART
आपल्या,NOUN
समाजाचं,NOUN
वास्तव,NOUN
आहे,NOUN
ते,PART
वास्तव,NOUN
आपण,NOUN
नाकारू,NOUN
शकत,NOUN
नाही,NOUN
हळूहळू,NOUN
ते,PART
गळून,NOUN
पडावं,NOUN
स्वतः,NOUN
डॉ,PART
बाबासाहेब,NOUN
आंबेडकरांनी,NOUN
जातिव्यवस्था,NOUN
नष्ट,NOUN
झाली,VERB
पाहिजे,NOUN
असं,NOUN
म्हटलं,NOUN
याच,NOUN
अंगांनी,NOUN
या,PART
सर्व,NOUN
महामानवांनी,NOUN
काम,NOUN
केलं,NOUN
आहे,NOUN
आयुष्यात,NOUN
जेव्हा,NOUN
जेव्हा,NOUN
वाद,NOUN
झाले,VERB
तेव्हा,NOUN
दबाव,NOUN
आला,PP
का,PART
निराशा,NOUN
आली,VERB
का,PART
अनुभव,NOUN
कसा,NOUN
होता,NOUN
डॉ,PART
आ,PART
ह,PART
साळुंखे,NOUN
हिंदू,NOUN
संस्कृती,NOUN
आणि,NOUN
स्त्री,NOUN
या,PART
माझ्या,NOUN
पहिल्या,NOUN
पुस्तकापासून,NOUN
वाद,NOUN
झाले,VERB
चार्वाका,NOUN
वर,PART
तर,PART
खूप,NOUN
मोठा,NOUN
वाद,NOUN
झालेला,PP
आहे,NOUN
विद्रोही,NOUN
तुकाराम,NOUN
वरही,NOUN
वाद,NOUN
झालेला,PP
आहे,NOUN
त्यामुळे,NOUN
या,PART
मला,PP
केवळ,NOUN
वादांची,NOUN
वादळे,NOUN
हे,PART
एकच,NOUN
नाही,NOUN
तर,PART
अशी,NOUN
चार,NOUN
पाच,NOUN
पुस्तके,NOUN
लिहावी,NOUN
लागली,VERB
आहेत,NOUN
आमच्या,PP
धडावर,PP
आमचेच,NOUN
डोके,NOUN
असेल,NOUN
हे,PART
पुस्तक,NOUN
देखील,NOUN
एका,NOUN
वादालाच,NOUN
दिलेलं,NOUN
उत्तर,NOUN
आहे,NOUN
माझ्यावर,PP
खूप,NOUN
टीका,NOUN
झाली,VERB
खूप,NOUN
प्रकारचे,NOUN
हल्ले,VERB
झाले,VERB
मी,PART
त्यांचा,NOUN
उल्लेख,NOUN
करू,NOUN
इच्छित,NOUN
नाही,NOUN
त्याचं,NOUN
भांडवल,NOUN
करण्याचाही,NOUN
मी,PART
कधी,NOUN
प्रयत्न,NOUN
केला,PP
नाही,NOUN
आपण,NOUN
एक,PART
भूमिका,NOUN
घेतल्यावर,PP
ते,PART
सर्व,NOUN
आलंच,NOUN
असंच,NOUN
मी,PART
मानलं,NOUN
खूप,NOUN
वादविवाद,NOUN
वैचारिक,NOUN
संघर्ष,NOUN
झाले,VERB
टीकाही,NOUN
झाल्या,NOUN
मात्र,NOUN
प्रामाणिकपणे,NOUN
सांगतो,NOUN
की,PART
याचा,NOUN
माझ्या,NOUN
भूमिकेवर,PP
कधीही,NOUN
दबाव,NOUN
आला,PP
नाही,NOUN
मी,PART
कधीही,NOUN
वैफल्यग्रस्त,NOUN
झालो,NOUN
नाही,NOUN
कारण,NOUN
मी,PART
चार्वाकाच्या,PP
संशोधनापासून,NOUN
जी,PART
भूमिका,NOUN
घेतलेली,VERB
होती,NOUN
ती,PART
जाणीवपूर्वक,NOUN
घेतलेली,VERB
होती,NOUN
एकदा,NOUN
एका,NOUN
व्याख्यानात,NOUN
अडथळा,NOUN
आणण्याचा,NOUN
प्रयत्न,NOUN
झाला,PP
तेव्हा,NOUN
मी,PART
असं,NOUN
म्हणालो,NOUN
होतो,NOUN
की,PART
चार्वाक,NOUN
शब्दातील,NOUN
पहिल्यांदा,NOUN
मी,PART
च,PART
उच्चारला,PP
त्याचवेळी,NOUN
मी,PART
माझा,NOUN
शेवटचा,NOUN
श्वास,NOUN
अनुभवला,PP
आहे,NOUN
त्यामुळे,NOUN
मी,PART
कुठल्याही,NOUN
दडपणाला,PP
बळी,NOUN
पडणार,NOUN
नाही,NOUN
मी,PART
तसाच,NOUN
वागलो,NOUN
माझ्या,NOUN
मनात,NOUN
कधीही,NOUN
निराशा,NOUN
आली,VERB
नाही,NOUN
हा,PART
मार्ग,NOUN
सोडावा,NOUN
असं,NOUN
कधीही,NOUN
वाटलं,NOUN
नाही,NOUN
हे,PART
बोलायचं,NOUN
म्हणून,NOUN
बोलत,NOUN
नाही,NOUN
हीच,NOUN
वस्तूस्थिती,NOUN
आहे,NOUN
भारतातला,PP
मध्यमवर्ग,NOUN
खरंच,NOUN
गरीब,NOUN
आहे,NOUN
का,PART
19,NUM
नोव्हेंबर,NOUN
2017,NUM
भारतातला,PP
मध्यमवर्ग,NOUN
खरंच,NOUN
गरीब,NOUN
आहे,NOUN
का,PART
ताजोद्दीन,NOUN
महाराज,NOUN
विठ्ठलाला,PP
आयुष्य,NOUN
समर्पित,NOUN
करणारा,NOUN
मुस्लीम,NOUN
कीर्तनकार5,NOUN
मे,PART
2022,NUM
ताजोद्दीन,NOUN
महाराज,NOUN
विठ्ठलाला,PP
आयुष्य,NOUN
समर्पित,NOUN
करणारा,NOUN
मुस्लीम,NOUN
कीर्तनकार,NOUN
तुकाराम,NOUN
महाराज,NOUN
आणि,NOUN
बाबा,NOUN
अनगडशाह,NOUN
यांच्या,PP
मैत्रीची,NOUN
गोष्ट8,NOUN
जुलै,NOUN
2018,NUM
तुकाराम,NOUN
महाराज,NOUN
आणि,NOUN
बाबा,NOUN
अनगडशाह,NOUN
यांच्या,PP
मैत्रीची,NOUN
गोष्ट,NOUN
जीतनराम,NOUN
मांझी,NOUN
यांचा,NOUN
कालखंड,NOUN
सोडला,PP
तर,PART
नितीश,NOUN
कुमार,NOUN
जवळपास,NOUN
सलग,NOUN
17,NUM
वर्षं,NOUN
बिहारचे,NOUN
मुख्यमंत्री,NOUN
राहिले,VERB
आहेत,NOUN
2014च्या,PP
लोकसभा,NOUN
निवडणुकीच्या,PP
आधी,NOUN
भाजपशी,NOUN
युती,NOUN
तोडून,NOUN
नितीश,NOUN
कुमार,NOUN
यांनी,NOUN
लोकसभेची,NOUN
निवडणूक,NOUN
स्वतंत्रपणे,NOUN
लढवली,VERB
आणि,NOUN
त्यांना,NOUN
पराभवाला,PP
सामोरं,NOUN
जावं,NOUN
लागलं,NOUN
मे,PART
2014,NUM
मध्ये,PP
मुख्यमंत्रिपद,NOUN
सोडणाऱ्या,NOUN
नितीश,NOUN
कुमार,NOUN
यांनी,NOUN
फेब्रुवारी,NOUN
2015मध्ये,PP
जीतनराम,NOUN
मांझी,NOUN
यांना,NOUN
पक्षातून,NOUN
काढून,NOUN
टाकलं,NOUN
आणि,NOUN
स्वतः,NOUN
130,NUM
आमदारांसोबत,NOUN
राज,NOUN
भवनात,NOUN
पोहोचले,VERB
त्यांनी,NOUN
सरकार,NOUN
स्थापनेचा,NOUN
दावा,NOUN
केला,PP
लालूप्रसाद,NOUN
यादव,NOUN
यांच्या,PP
15,NUM
वर्षांच्या,PP
कार्यकाळाविरोधात,NOUN
लढून,NOUN
सत्तेवर,PP
येणाऱ्या,NOUN
नितीश,NOUN
कुमारांना,NOUN
नंतर,NOUN
विधानसभा,NOUN
निवडणुकीच्या,PP
वेळेस,NOUN
लक्षात,NOUN
आलं,NOUN
की,PART
बिहारमध्ये,PP
कोणाच्यातरी,NOUN
सोबत,NOUN
गेल्याशिवाय,NOUN
सरकार,NOUN
बनवणं,NOUN
शक्य,NOUN
नाहीये,NOUN
त्यामुळेच,NOUN
जेपी,NOUN
आणि,NOUN
कर्पूरी,NOUN
ठाकूर,NOUN
यांच्या,PP
हाताखाली,VERB
राजकारणाचे,NOUN
धडे,NOUN
गिरवलेले,VERB
लालू,NOUN
प्रसाद,NOUN
यादव,NOUN
आणि,NOUN
नितीश,NOUN
कुमार,NOUN
एकत्र,NOUN
आले,VERB
2013,NUM
मध्ये,PP
साली,VERB
नितीश,NOUN
कुमार,NOUN
यांनी,NOUN
एनडीए,NOUN
सोडली,VERB
ती,PART
नरेंद्र,NOUN
मोदी,NOUN
यांच्यामुळेच,NOUN
त्यावेळी,NOUN
भाजपने,PP
नरेंद्र,NOUN
मोदींना,NOUN
आपल्या,NOUN
निवडणूक,NOUN
प्रचाराचे,NOUN
प्रमुख,NOUN
बनवलं,NOUN
होतं,NOUN
भाजप,NOUN
त्यांना,NOUN
पंतप्रधानपदाचा,NOUN
उमेदवार,NOUN
करेल,NOUN
याची,NOUN
कल्पना,NOUN
नितीश,NOUN
यांना,NOUN
नव्हती,NOUN
नितीशकुमारांना,NOUN
हे,PART
अजिबात,NOUN
आवडलं,NOUN
नाही,NOUN
मोदींच्या,PP
नेतृत्वाखाली,VERB
एनडीएमध्ये,PP
राहिलो,NOUN
तर,PART
आपले,VERB
मुस्लीम,NOUN
मतदार,NOUN
दुरावतील,NOUN
असं,NOUN
नितीशकुमारांना,NOUN
वाटत,NOUN
होतं,NOUN
2013,NUM
च्या,PP
आधी,NOUN
म्हणजेच,NOUN
2010,NUM
च्या,PP
बिहार,NOUN
विधानसभा,NOUN
निवडणुकीच्या,PP
आधी,NOUN
नितीश,NOUN
कुमार,NOUN
यांनी,NOUN
नरेंद्र,NOUN
मोदींना,NOUN
बिहारमध्ये,PP
प्रचार,NOUN
करू,NOUN
दिला,PP
नव्हता,NOUN
2005,NUM
च्या,PP
बिहार,NOUN
विधानसभा,NOUN
निवडणुकीतही,NOUN
नितीश,NOUN
यांनी,NOUN
असंच,NOUN
केलं,NOUN
होतं,NOUN
2014,NUM
च्या,PP
लोकसभा,NOUN
निवडणुकीत,NOUN
नितीश,NOUN
कुमार,NOUN
यांच्या,PP
पक्षाने,PP
बिहारमध्ये,PP
स्वबळावर,PP
निवडणूक,NOUN
लढवली,VERB
होती,NOUN
पण,PART
दोन,NOUN
जागाच,NOUN
निवडून,NOUN
आल्या,NOUN
2015,NUM
च्या,PP
बिहार,NOUN
विधानसभा,NOUN
निवडणुकीत,NOUN
नितीश,NOUN
यांनी,NOUN
आरजेडीसोबत,NOUN
निवडणूक,NOUN
लढवण्याचा,NOUN
निर्णय,NOUN
घेतला,PP
आणि,NOUN
मोठा,NOUN
विजय,NOUN
मिळवला,PP
दोन,NOUN
वर्षांनंतर,NOUN
नितीश,NOUN
पुन्हा,NOUN
एनडीएमध्ये,PP
सामील,NOUN
झाले,VERB
आणि,NOUN
2019,NUM
च्या,PP
लोकसभा,NOUN
निवडणुकीत,NOUN
एनडीएने,PP
बिहारमध्ये,PP
40,NUM
पैकी,NOUN
39,NUM
जागा,NOUN
जिंकल्या,NOUN
2020,NUM
च्या,PP
बिहार,NOUN
विधानसभा,NOUN
निवडणुकीत,NOUN
नितीश,NOUN
कुमार,NOUN
यांचा,NOUN
जेडीयू,NOUN
पक्ष,NOUN
बिहारमध्ये,PP
तिसरा,NOUN
पक्ष,NOUN
बनला,PP
होता,NOUN
पण,PART
एनडीए,NOUN
सरकारमध्ये,PP
ते,PART
मुख्यमंत्री,NOUN
बनले,VERB
त्यानंतर,NOUN
2022,NUM
मध्ये,PP
नितीश,NOUN
परत,NOUN
एकदा,NOUN
राजदसोबत,NOUN
आले,VERB
मात्र,NOUN
2024,NUM
साली,VERB
जानेवारीत,NOUN
ते,PART
पुन्हा,NOUN
भाजपसोबत,NOUN
गेले,VERB
नितीश,NOUN
कुमार,NOUN
यांचं,NOUN
एकूणच,NOUN
राजकीय,NOUN
करिअर,NOUN
चढ,PART
उतारांनी,NOUN
भरलेलं,NOUN
आहे,NOUN
बिहार,NOUN
विधानसभा,NOUN
निवडणूक,NOUN
निकाल,NOUN
2025,NUM
हा,PART
मजकूर,NOUN
पाहण्यासाठी,PP
जावा,NOUN
स्क्रिप्ट,NOUN
आणि,NOUN
स्थिर,NOUN
इंटरनेट,NOUN
असणं,NOUN
आवश्यक,NOUN
आहे,NOUN
इंजिनिअर,NOUN
बाबू,NOUN
ते,PART
सुशासन,NOUN
बाबूपर्यंतचा,NOUN
प्रवास,NOUN
पटना,NOUN
शहराला,PP
लागून,NOUN
असलेल्या,NOUN
बख्तियारपूरमध्ये,PP
1,NUM
मार्च,NOUN
1951,NUM
ला,PART
नितीश,NOUN
कुमार,NOUN
यांचा,NOUN
जन्म,NOUN
झाला,PP
त्यांनी,NOUN
बिहारच्या,PP
इंजिनिअरिंग,NOUN
कॉलेजमधून,NOUN
इलेक्ट्रिकल,NOUN
इंजिनिअरिंगचं,NOUN
शिक्षण,NOUN
घेतलं,NOUN
या,PART
काळात,NOUN
ते,PART
इंजिनिअर,NOUN
बाबू,NOUN
म्हणून,NOUN
ओळखले,VERB
जात,NOUN
होते,NOUN
जयप्रकाश,NOUN
नारायण,NOUN
यांच्या,PP
संपूर्ण,NOUN
क्रांती,NOUN
आंदोलना,NOUN
च्या,PP
मुशीतून,NOUN
निघालेले,VERB
नितीश,NOUN
कुमार,NOUN
बिहारच्या,PP
सत्ताकारणात,NOUN
जवळपास,NOUN
दीड,NOUN
दशक,NOUN
केंद्रस्थानी,NOUN
होते,NOUN
इंजिनिअरिंग,NOUN
कॉलेजमध्ये,PP
त्यांचे,NOUN
मित्र,NOUN
आणि,NOUN
क्लासमेट,NOUN
असलेल्या,NOUN
अरुण,NOUN
सिन्हा,NOUN
यांनी,NOUN
आपल्या,NOUN
नितीश,NOUN
कुमारः,NOUN
द,PART
राइज,NOUN
ऑफ,PART
बिहार,NOUN
या,PART
पुस्तकात,NOUN
लिहिलं,NOUN
आहे,NOUN
की,PART
कॉलेजच्या,PP
दिवसात,NOUN
नितीश,NOUN
राज,NOUN
कपूरच्या,PP
चित्रपटांचे,NOUN
फॅन,NOUN
होते,NOUN
या,PART
विषयावर,PP
मित्रांनी,NOUN
केलेली,VERB
चेष्टा,NOUN
मस्करीही,NOUN
त्यांना,NOUN
सहन,NOUN
व्हायची,NOUN
नाही,NOUN
नितीश,NOUN
कुमार,NOUN
यांना,NOUN
150,NUM
रुपये,NOUN
स्कॉलरशिप,NOUN
मिळायची,NOUN
त्यातून,NOUN
ते,PART
दर,PART
महिन्याला,PP
पुस्तकं,NOUN
आणि,NOUN
मासिकं,NOUN
खरेदी,NOUN
करायचे,NOUN
त्याकाळातल्या,NOUN
इतर,NOUN
बिहारी,NOUN
विद्यार्थ्यांसाठी,PP
या,PART
गोष्टी,NOUN
स्वप्नवत,NOUN
होत्या,NOUN
मात्र,NOUN
एका,NOUN
स्वातंत्र्यसैनिकाचा,NOUN
मुलगा,NOUN
असलेल्या,NOUN
नितीश,NOUN
यांचा,NOUN
कल,PART
कायमच,NOUN
राजकारणाकडे,PP
होता,NOUN
सुरुवातीला,PP
लालू,NOUN
प्रसाद,NOUN
यादव,NOUN
आणि,NOUN
जॉर्ज,NOUN
फर्नांडिस,NOUN
यांच्या,PP
छत्रछायेत,NOUN
राजकारणाची,NOUN
सुरूवात,NOUN
करणाऱ्या,NOUN
नितीश,NOUN
कुमार,NOUN
यांचा,NOUN
राजकीय,NOUN
प्रवास,NOUN
46,NUM
वर्षांचा,NOUN
आहे,NOUN
1995,NUM
साली,VERB
समता,NOUN
पार्टीला,PP
केवळ,NOUN
सात,NOUN
जागा,NOUN
जिंकता,NOUN
आल्या,NOUN
तेव्हा,NOUN
नितीश,NOUN
कुमार,NOUN
यांच्या,PP
लक्षात,NOUN
आलं,NOUN
की,PART
राज्यात,NOUN
तीन,NOUN
पक्ष,NOUN
वेगवेगळं,NOUN
लढू,NOUN
शकत,NOUN
नाहीत,NOUN
त्यानंतर,NOUN
मग,PART
1996,NUM
साली,VERB
त्यांनी,NOUN
भाजपसोबत,NOUN
युती,NOUN
केली,VERB
हा,PART
तो,PART
काळ,NOUN
होता,NOUN
जेव्हा,NOUN
भाजपचं,NOUN
नेतृत्व,NOUN
अटल,NOUN
बिहारी,NOUN
वाजपेयी,NOUN
आणि,NOUN
लालकृष्ण,NOUN
अडवाणी,NOUN
यांच्याकडे,PP
होतं,NOUN
या,PART
युतीचा,NOUN
नितीश,NOUN
कुमार,NOUN
यांना,NOUN
फायदा,NOUN
झाला,PP
आणि,NOUN
2000,NUM
साली,VERB
के,PART
पहिल्यांदा,NOUN
बिहारचे,NOUN
मुख्यमंत्री,NOUN
बनले,VERB
त्यांना,NOUN
हे,PART
पद,PART
केवळ,NOUN
सात,NOUN
दिवसांसाठी,PP
मिळालं,NOUN
मात्र,NOUN
त्यांनी,NOUN
स्वतःला,PP
लालू,NOUN
प्रसाद,NOUN
यादव,NOUN
यांना,NOUN
सक्षम,NOUN
पर्याय,NOUN
म्हणून,NOUN
सिद्ध,NOUN
केलं,NOUN
2007,NUM
मध्ये,PP
नितीश,NOUN
कुमार,NOUN
यांनी,NOUN
दलितांमध्येही,NOUN
सर्वांत,NOUN
मागास,NOUN
राहिलेल्या,NOUN
जातींसाठी,PP
महादलित,NOUN
असा,NOUN
वर्ग,NOUN
बनवला,PP
त्यांच्यासाठी,PP
विविध,NOUN
सरकारी,NOUN
योजना,NOUN
राबविण्यात,NOUN
आल्या,NOUN
2010,NUM
साली,VERB
घर,PART
शिक्षणासाठी,PP
कर्ज,NOUN
आणि,NOUN
शाळेचा,NOUN
युनिफॉर्म,NOUN
देण्यासाठीही,NOUN
योजना,NOUN
राबविल्या,NOUN
गेल्या,NOUN
आज,PART
बिहारमध्ये,PP
सर्वच,NOUN
दलित,NOUN
जातींचा,NOUN
समावेश,NOUN
महादलित,NOUN
या,PART
वर्गात,NOUN
करण्यात,NOUN
आला,PP
आहे,NOUN
2018,NUM
साली,VERB
पासवानांनाही,NOUN
महादलित,NOUN
दर्जा,NOUN
देण्यात,NOUN
आला,PP
खरंतर,NOUN
बिहारमध्ये,PP
दलितांचे,NOUN
सर्वांत,NOUN
मोठे,NOUN
नेते,NOUN
होते,NOUN
रामविलास,NOUN
पासवान,NOUN
मात्र,NOUN
तज्ज्ञ,NOUN
सांगतात,VERB
की,PART
दलितांसाठी,PP
ठोस,NOUN
काम,NOUN
हे,PART
नितीश,NOUN
कुमारांनी,NOUN
केलं,NOUN
होतं,NOUN
नितीश,NOUN
कुमार,NOUN
हे,PART
4,NUM
टक्के,NOUN
लोकसंख्या,NOUN
असलेल्या,NOUN
कुर्मी,NOUN
समाजातून,NOUN
येतात,VERB
मात्र,NOUN
सत्तेत,NOUN
असताना,NOUN
त्यांनी,NOUN
नेहमीच,NOUN
अशा,NOUN
पक्षांसोबत,NOUN
युती,NOUN
केली,VERB
ज्यांच्याकडे,PP
एका,NOUN
विशिष्ट,NOUN
जातीची,NOUN
व्होट,NOUN
बँक,NOUN
असेल,NOUN
मग,PART
जेव्हा,NOUN
त्यांनी,NOUN
भाजपसोबत,NOUN
निवडणूक,NOUN
लढवली,VERB
तेव्हा,NOUN
त्यांना,NOUN
भाजप,NOUN
समर्थक,NOUN
मानल्या,NOUN
जाणाऱ्या,NOUN
सवर्ण,NOUN
मतदारांची,NOUN
साथ,NOUN
मिळाली,VERB
त्यानंतर,NOUN
2015,NUM
मध्ये,PP
यादव,NOUN
मुस्लिम,NOUN
अशी,NOUN
व्होट,NOUN
बँक,NOUN
असलेल्या,NOUN
आरजेडीसोबत,NOUN
त्यांनी,NOUN
निवडणूक,NOUN
लढवली,VERB
नितीश,NOUN
कुमार,NOUN
यांची,NOUN
प्रतिमा,NOUN
भलेही,NOUN
विनम्र,NOUN
आणि,NOUN
सौम्य,NOUN
असेल,NOUN
पण,PART
जेव्हा,NOUN
राजकारण,NOUN
करायची,NOUN
वेळ,NOUN
येते,NOUN
तेव्हा,NOUN
इतर,NOUN
अनेक,NOUN
राजकारण्यांप्रमाणेच,NOUN
तेही,NOUN
कठोर,NOUN
होऊ,NOUN
शकतात,VERB
याबाबत,NOUN
बोलताना,NOUN
मणिकांत,NOUN
ठाकूर,NOUN
सांगतात,VERB
की,PART
त्यांनी,NOUN
शरद,NOUN
यादव,NOUN
आणि,NOUN
जॉर्ज,NOUN
फर्नांडिस,NOUN
यांच्यासोबत,NOUN
काय,NOUN
केलं,NOUN
हे,PART
सगळ्यांना,NOUN
माहीत,NOUN
आहे,NOUN
जॉर्ज,NOUN
यांचे,NOUN
शेवटचे,NOUN
दिवस,NOUN
कसे,NOUN
गेले,VERB
हे,PART
कोणापासून,NOUN
लपून,NOUN
राहिलं,NOUN
नाही,NOUN
गांधींजींचा,NOUN
बिहारमधील,NOUN
हा,PART
सत्याग्रह,NOUN
ज्यामुळे,NOUN
देशाच्या,PP
स्वातंत्र्य,NOUN
चळवळीला,PP
मिळालं,NOUN
नवं,NOUN
नेतृत्व8,NOUN
ऑक्टोबर,NOUN
2025,NUM
गांधींजींचा,NOUN
बिहारमधील,NOUN
हा,PART
सत्याग्रह,NOUN
ज्यामुळे,NOUN
देशाच्या,PP
स्वातंत्र्य,NOUN
चळवळीला,PP
मिळालं,NOUN
नवं,NOUN
नेतृत्व,NOUN
बिहारमध्ये,PP
दुसऱ्या,NOUN
टप्प्यात,NOUN
दुपारी,NOUN
1,NUM
वाजेपर्यंत,NOUN
47,NUM
62,NUM
मतदान11,NOUN
नोव्हेंबर,NOUN
2025,NUM
बिहारमध्ये,PP
दुसऱ्या,NOUN
टप्प्यात,NOUN
दुपारी,NOUN
1,NUM
वाजेपर्यंत,NOUN
47,NUM
62,NUM
मतदान,NOUN
बिहारमध्ये,PP
प्रचार,NOUN
करतानाच,NOUN
बाहुबली,VERB
नेत्याची,NOUN
हत्या,NOUN
जेडीयू,NOUN
उमेदवाराला,PP
अटक,NOUN
भर,PART
रस्त्यात,NOUN
नेमका,NOUN
काय,NOUN
थरार,NOUN
घडला,PP
2,NUM
नोव्हेंबर,NOUN
2025,NUM
बिहारमध्ये,PP
प्रचार,NOUN
करतानाच,NOUN
बाहुबली,VERB
नेत्याची,NOUN
हत्या,NOUN
जेडीयू,NOUN
उमेदवाराला,PP
अटक,NOUN
भर,PART
रस्त्यात,NOUN
नेमका,NOUN
काय,NOUN
थरार,NOUN
घडला,PP
सूचना,NOUN
या,PART
बातमीतील,NOUN
काही,NOUN
माहिती,NOUN
तुम्हाला,PP
विचलित,NOUN
करू,NOUN
शकते,NOUN
सुनेनं,NOUN
तिच्या,PP
सासूला,PP
जिवंत,NOUN
जाळल्याच्या,PP
घटनेनं,NOUN
आंध्र,NOUN
प्रदेशात,NOUN
खळबळ,NOUN
उडालीय,NOUN
विशाखापट्टणम,NOUN
इथं,NOUN
ही,PART
घटना,NOUN
घडली,VERB
सासू,NOUN
नातवांसोबत,NOUN
चोर,NOUN
पोलीस,NOUN
खेळ,NOUN
खेळत,NOUN
असताना,NOUN
सुनेने,PP
ही,PART
हत्या,NOUN
केल्याची,NOUN
माहिती,NOUN
पोलिसांनी,NOUN
दिली,VERB
पोलिसांनी,NOUN
दिलेल्या,NOUN
माहितीनुसार,NOUN
महिलेने,PP
आधी,NOUN
ही,PART
हत्या,NOUN
नसून,NOUN
अपघात,NOUN
असल्याचं,NOUN
दाखवण्याचा,NOUN
प्रयत्न,NOUN
केला,PP
नंतर,NOUN
चौकशीदरम्यान,NOUN
तिने,PP
हत्येची,NOUN
कबुली,VERB
दिली,VERB
जयंती,NOUN
ललिता,NOUN
असं,NOUN
या,PART
आरोपी,NOUN
सूनेचं,NOUN
नाव,NOUN
आहे,NOUN
पोलिसांनी,NOUN
तिला,PP
अटक,NOUN
केली,VERB
आहे,NOUN
जयंती,NOUN
ललितानं,NOUN
पोलिसांना,NOUN
सांगितलं,NOUN
की,PART
युट्यूबवर,PP
तिनं,NOUN
वृद्ध,NOUN
महिलेला,PP
कसं,NOUN
मारायचं,NOUN
असं,NOUN
सर्च,NOUN
करून,NOUN
काही,NOUN
व्हीडिओ,NOUN
पाहिले,VERB
होते,NOUN
त्यानंतर,NOUN
तिनं,NOUN
ही,PART
हे,PART
केलं,NOUN
जयंती,NOUN
ललिताने,PP
सासू,NOUN
जयंती,NOUN
कनकमहालक्ष्मी,NOUN
यांची,NOUN
हत्या,NOUN
का,PART
केली,VERB
पोलीस,NOUN
चौकशीत,NOUN
तिने,PP
काय,NOUN
सांगितलं,NOUN
याबाबत,NOUN
विशाखापट्टणाममधील,NOUN
पेंडुर्थी,NOUN
पोलीस,NOUN
ठाण्याचे,NOUN
अधिकारी,NOUN
आणि,NOUN
पश्चिम,NOUN
विभागाचे,NOUN
एसीपी,NOUN
पृथ्वी,NOUN
तेज,NOUN
यांनी,NOUN
बीबीसीसोबत,NOUN
संवाद,NOUN
साधला,PP
पोलिसांच्या,PP
माहितीनुसार,NOUN
शुक्रवारी,NOUN
7,NUM
नोव्हेंबर,NOUN
सकाळच्या,PP
सुमारास,NOUN
पोलीस,NOUN
ठाण्यात,NOUN
अप्पणापलेथ,NOUN
येथून,NOUN
एक,PART
फोन,NOUN
आला,PP
यात,NOUN
एका,NOUN
व्यक्तीने,PP
वर्षिणी,NOUN
होम्स,NOUN
या,PART
अपार्टमेंटमधील,NOUN
एका,NOUN
घरात,NOUN
आग,PART
लागून,NOUN
त्यात,NOUN
एका,NOUN
वृद्ध,NOUN
महिलेचा,NOUN
होरपळून,NOUN
मृत्यू,NOUN
झाल्याची,NOUN
माहिती,NOUN
पोलिसांना,NOUN
दिली,VERB
पेंडुर्थी,NOUN
सर्कल,NOUN
इन्स्पेक्टर,NOUN
सतीश,NOUN
कुमार,NOUN
यांनी,NOUN
पोलिसांसह,NOUN
तत्काळ,NOUN
घटनास्थळी,NOUN
धाव,NOUN
घेतली,VERB
घटनास्थळी,NOUN
त्यांना,NOUN
63,NUM
वर्षीय,NOUN
जयंती,NOUN
कणगमलक्ष्मी,NOUN
खुर्चीवर,PP
मृतावस्थेत,NOUN
आढळून,NOUN
आल्या,NOUN
त्यांच्या,PP
हाता,NOUN
पायावर,PP
बांधल्याच्या,PP
खुणा,NOUN
होत्या,NOUN
तसंच,NOUN
डोळेदेखील,NOUN
पट्टीने,PP
झाकल्याचं,NOUN
दिसून,NOUN
येत,NOUN
होतं,NOUN
यावेळी,NOUN
प्राथमिक,NOUN
चौकशीत,NOUN
सून,NOUN
ललितानं,NOUN
सांगितलं,NOUN
की,PART
शॉर्ट,NOUN
सर्किटमुळं,NOUN
अचानक,NOUN
आग,PART
लागली,VERB
आणि,NOUN
त्यात,NOUN
सासू,NOUN
कनकमहालक्ष्मी,NOUN
यांचा,NOUN
होरपळून,NOUN
मृत्यू,NOUN
झाला,PP
एसीपी,NOUN
पृथ्वी,NOUN
तेज,NOUN
म्हणाले,VERB
की,PART
आम्ही,NOUN
घटनास्थळी,NOUN
पोहोचलो,NOUN
तेव्हा,NOUN
घरात,NOUN
सून,NOUN
ललिता,NOUN
आणि,NOUN
दोन,NOUN
मुलं,NOUN
उपस्थित,NOUN
होती,NOUN
ललिता,NOUN
यांनी,NOUN
टीव्हीच्या,PP
वायरमध्ये,PP
शॉर्ट,NOUN
सर्किट,NOUN
होऊन,NOUN
आग,PART
लागल्याचं,NOUN
सांगितलं,NOUN
परंतु,NOUN
आम्हाला,PP
घटनास्थळी,NOUN
शॉर्ट,NOUN
सर्किटचा,NOUN
कोणताही,NOUN
ठोस,NOUN
पुरावा,NOUN
मिळाला,PP
नाही,NOUN
ललिताने,PP
पोलिसांना,NOUN
सांगितलं,NOUN
की,PART
सासू,NOUN
कनकमहालक्ष्मी,NOUN
आणि,NOUN
माझी,NOUN
मुलं,NOUN
चोर,NOUN
पोलीस,NOUN
खेळत,NOUN
होते,NOUN
खेळा,NOUN
खेळात,NOUN
त्यांनी,NOUN
खुर्चीवर,PP
बसलेल्या,NOUN
कनकमहालक्ष्मी,NOUN
यांचे,NOUN
हात,NOUN
पाय,NOUN
बांधले,VERB
आणि,NOUN
डोळ्यांनाही,NOUN
पट्टी,NOUN
बांधली,VERB
दरम्यान,NOUN
त्याचवेळी,NOUN
टीव्हीचा,NOUN
शॉर्ट,NOUN
सर्किट,NOUN
झाला,PP
या,PART
अपघातात,VERB
ललिताच्या,PP
मुलीला,PP
किरकोळ,NOUN
दुखापत,NOUN
झाल्याचंही,NOUN
एसीपी,NOUN
पृथ्वी,NOUN
तेज,NOUN
यांनी,NOUN
सांगितलं,NOUN
पुढं,NOUN
बोलताना,NOUN
ते,PART
म्हणाले,VERB
की,PART
ललिता,NOUN
यांचा,NOUN
नवरा,NOUN
पुजारी,NOUN
आहे,NOUN
अपघाताची,NOUN
माहिती,NOUN
मिळताच,NOUN
तो,PART
घरात,NOUN
आला,PP
त्याच्याशी,NOUN
बोलल्यानंतर,NOUN
आम्हाला,PP
ललितावर,PP
संशय,NOUN
आला,PP
त्यामुळं,NOUN
आम्ही,NOUN
तिच्या,PP
मोबाईल,NOUN
फोनची,NOUN
तपासणी,NOUN
केली,VERB
तेव्हा,NOUN
असता,NOUN
इंटरनेट,NOUN
हिस्ट्रीमध्ये,PP
तिनं,NOUN
युट्यूबवर,PP
पाहिलेल्या,NOUN
व्हीडिओची,NOUN
माहिती,NOUN
समोर,NOUN
आली,VERB
त्यानंतर,NOUN
आम्ही,NOUN
कसून,NOUN
चौकशी,NOUN
केली,VERB
युट्यूबवरून,NOUN
शोधला,PP
सासूला,PP
मारण्याचा,NOUN
प्लॅन,NOUN
पोलिसांनी,NOUN
सांगितलं,NOUN
की,PART
ललिताच्या,PP
इंटरनेटची,NOUN
हिस्ट्री,NOUN
तपासली,VERB
तेव्हा,NOUN
तिनं,NOUN
अनेकदा,NOUN
वृद्ध,NOUN
महिलेला,PP
कसे,NOUN
मारायचे,NOUN
याबाबत,NOUN
सर्च,NOUN
केल्याचं,NOUN
आढळून,NOUN
आलं,NOUN
यामुळे,NOUN
पोलिसांचा,NOUN
तिच्यावरील,NOUN
संशय,NOUN
बळावला,PP
आम्ही,NOUN
तिची,NOUN
पुन्हा,NOUN
कसून,NOUN
चौकशी,NOUN
केली,VERB
तेव्हा,NOUN
तिनं,NOUN
गुन्ह्याची,NOUN
कबुली,VERB
दिली,VERB
लग्न,NOUN
होऊन,NOUN
घरात,NOUN
आल्यापासून,NOUN
सून,NOUN
ललिता,NOUN
आणि,NOUN
सासू,NOUN
कनकमहालक्ष्मी,NOUN
यांचं,NOUN
आपसांत,NOUN
पटत,NOUN
नव्हतं,NOUN
सासू,NOUN
अगदी,NOUN
छोट्या,NOUN
छोट्या,NOUN
कारणांसाठी,PP
बोलायची,NOUN
असं,NOUN
सून,NOUN
ललितानं,NOUN
पोलिसांना,NOUN
सांगितलं,NOUN
या,PART
रोजच्या,PP
त्रासाला,PP
कंटाळून,NOUN
अखेर,NOUN
सासूला,PP
संपवण्याचा,NOUN
निर्णय,NOUN
घेतला,PP
असंही,NOUN
तिनं,NOUN
सांगितलं,NOUN
एसीपी,NOUN
पृथ्वी,NOUN
तेज,NOUN
म्हणाले,VERB
की,PART
6,NUM
नोव्हेंबरला,PP
ललितानं,NOUN
सिंहचलमजवळील,NOUN
एका,NOUN
पेट्रोल,NOUN
पंपावर,PP
जाऊन,NOUN
100,NUM
रुपयांचं,NOUN
पेट्रोल,NOUN
विकत,NOUN
आणत,NOUN
घरी,NOUN
लपवून,NOUN
ठेवलं,NOUN
होतं,NOUN
ललिताने,PP
पोलिसांना,NOUN
सांगितलं,NOUN
की,PART
घटनेच्या,PP
दिवशी,NOUN
तिने,PP
मुलांना,NOUN
आजीसोबत,NOUN
चोर,NOUN
पोलीस,NOUN
खेळायला,PP
सांगितलं,NOUN
या,PART
खेळादरम्यान,NOUN
तिनं,NOUN
सासू,NOUN
कनक,NOUN
महालक्ष्मीचे,NOUN
हात,NOUN
पाय,NOUN
खुर्चीला,PP
बांधले,VERB
आणि,NOUN
डोळ्यावर,PP
पट्टीही,NOUN
बांधली,VERB
हा,PART
सर्व,NOUN
खेळाचा,NOUN
भाग,NOUN
असल्याचं,NOUN
सांगितल्यानं,NOUN
सासूनंही,NOUN
काही,NOUN
विरोध,NOUN
केला,PP
नाही,NOUN
त्यानंतर,NOUN
ललितानं,NOUN
ठरवल्याप्रमाणं,NOUN
सासूला,PP
पेटवून,NOUN
दिलं,NOUN
तसंच,NOUN
हा,PART
सर्व,NOUN
प्रकार,NOUN
एक,PART
अपघात,NOUN
असल्याचं,NOUN
भासवण्याचा,NOUN
प्रयत्नही,NOUN
केला,PP
आगीच्या,PP
चटक्यांमुळं,NOUN
कनक,NOUN
महालक्ष्मी,NOUN
वेदनेने,PP
जोर,NOUN
जोरात,NOUN
ओरडू,NOUN
लागल्या,NOUN
त्यावेळी,NOUN
कोणालाही,NOUN
सासूच्या,PP
ओरडण्याचा,NOUN
आवाज,NOUN
जाऊ,NOUN
नये,NOUN
म्हणून,NOUN
ललिता,NOUN
यांनी,NOUN
टीव्ही,NOUN
सुरू,NOUN
करून,NOUN
आवाज,NOUN
वाढवला,PP
थोड्या,NOUN
वेळानं,NOUN
ललिता,NOUN
जोरा,NOUN
जोरात,NOUN
शेजाऱ्यांना,NOUN
हाका,NOUN
मारू,NOUN
लागल्या,NOUN
माझ्या,NOUN
सासुला,PP
वाचवा,NOUN
ती,PART
जळत,NOUN
आहे,NOUN
असे,NOUN
म्हणत,NOUN
ओरडू,NOUN
लागल्या,NOUN
असं,NOUN
त्यांनी,NOUN
पोलिसांना,NOUN
सांगितलं,NOUN
ललिताचं,NOUN
ऐकून,NOUN
पोलिसांनाही,NOUN
धक्का,NOUN
बसला,PP
सासूच्या,PP
रोजच्या,PP
जाचाला,PP
आणि,NOUN
मानसिक,NOUN
छळाला,PP
कंटाळून,NOUN
आपण,NOUN
पाऊल,NOUN
उचलल्यांचं,NOUN
ललितानं,NOUN
पोलिसांना,NOUN
चौकशीदरम्यान,NOUN
सांगितलं,NOUN
या,PART
प्रकरणी,NOUN
जंयती,NOUN
ललिताच्या,PP
पतीने,PP
दाखल,NOUN
केलेल्या,NOUN
तक्रारीवरून,NOUN
पोलिसांनी,NOUN
ललिताला,PP
अटक,NOUN
केली,VERB
अतिसंवेदनशीलतेमुळं,NOUN
टोकाचा,NOUN
निर्णय,NOUN
या,PART
घटनेबाबत,NOUN
विशाखापट्टणमचे,NOUN
मानसशास्त्रज्ञ,NOUN
डॉ,PART
पूजा,NOUN
जोस्युला,PP
बीबीसीसोबत,NOUN
बोलताना,NOUN
म्हणाल्या,NOUN
की,PART
मानवी,NOUN
भावना,NOUN
अत्यंत,NOUN
संवेदनशील,NOUN
असतात,VERB
कुटुंबातील,NOUN
ताण,NOUN
तणाव,NOUN
रिती,NOUN
प्रथा,NOUN
कठोर,NOUN
सामाजिक,NOUN
आणि,NOUN
सांस्कृतिक,NOUN
नियम,NOUN
माणसाला,PP
एका,NOUN
पातळीनंतर,NOUN
सहनशीलतेपलिकडे,PP
घेऊन,NOUN
जातात,VERB
सातत्यानं,NOUN
अपमानास्पद,NOUN
वागणूक,NOUN
धाकात,NOUN
ठेवणं,NOUN
कमी,NOUN
लेखणं,NOUN
यामुळं,NOUN
व्यक्ती,NOUN
खोलवर,PP
दुखावली,VERB
जाऊ,NOUN
शकते,NOUN
याचा,NOUN
मनावर,PP
दीर्घ,NOUN
परिणाम,NOUN
होऊ,NOUN
शकतो,NOUN
आणि,NOUN
ते,PART
धोकादायक,NOUN
परिणामांना,NOUN
कारणीभूत,NOUN
ठरू,NOUN
शकतं,NOUN
काही,NOUN
लोकांना,NOUN
व्यक्तीमत्त्वाची,NOUN
Type,NOUN
B,PART
आणि,NOUN
Type,NOUN
C,PART
समस्या,NOUN
असू,NOUN
शकतात,VERB
असे,NOUN
लोक,NOUN
खूप,NOUN
भावनिक,NOUN
आणि,NOUN
प्रतिक्रियाशील,NOUN
असतात,VERB
ते,PART
नेहमी,NOUN
स्वतःबद्दलच,NOUN
विचार,NOUN
करत,NOUN
असतात,VERB
आणि,NOUN
इतरांच्या,PP
भावनांना,NOUN
महत्व,NOUN
देत,NOUN
नाहीत,NOUN
अशा,NOUN
लोकांमध्ये,PP
भावनिक,NOUN
चढ,PART
उतार,NOUN
जास्त,NOUN
पाहायला,PP
मिळतात,VERB
अशा,NOUN
परिस्थितीत,NOUN
लोक,NOUN
त्यांच्या,PP
भावना,NOUN
नियंत्रित,NOUN
करण्यात,NOUN
असमर्थ,NOUN
ठरतात,VERB
आणि,NOUN
धोकादायक,NOUN
कृतींचा,NOUN
अवलंब,NOUN
करतात,VERB
असं,NOUN
डॉ,PART
पूजा,NOUN
जोस्युला,PP
यांनी,NOUN
सांगितलं,NOUN
श्री,NOUN
मी,PART
या,PART
मुंग्यांसोबत,NOUN
राहू,NOUN
शकत,NOUN
नाही,NOUN
बाळाची,NOUN
काळजी,NOUN
घे,PART
विवाहितेनं,NOUN
पत्र,NOUN
लिहून,NOUN
केली,VERB
आत्महत्या8,NOUN
नोव्हेंबर,NOUN
2025,NUM
श्री,NOUN
मी,PART
या,PART
मुंग्यांसोबत,NOUN
राहू,NOUN
शकत,NOUN
नाही,NOUN
बाळाची,NOUN
काळजी,NOUN
घे,PART
विवाहितेनं,NOUN
पत्र,NOUN
लिहून,NOUN
केली,VERB
आत्महत्या,NOUN
इंग्लंडहून,NOUN
परतलेल्या,NOUN
उच्चशिक्षित,NOUN
दांपत्याला,PP
14,NUM
कोटींचा,NOUN
गंडा,NOUN
घालणाऱ्या,NOUN
तिघांना,NOUN
अटक,NOUN
काय,NOUN
घडलं,NOUN
7,NUM
नोव्हेंबर,NOUN
2025,NUM
इंग्लंडहून,NOUN
परतलेल्या,NOUN
उच्चशिक्षित,NOUN
दांपत्याला,PP
14,NUM
कोटींचा,NOUN
गंडा,NOUN
घालणाऱ्या,NOUN
तिघांना,NOUN
अटक,NOUN
काय,NOUN
घडलं,NOUN
बिहार,NOUN
विधानसभेचा,NOUN
निकाल,NOUN
आज,PART
स्पष्ट,NOUN
होत,NOUN
आहे,NOUN
निकालानंतर,NOUN
बिहारमध्ये,PP
विद्यमान,NOUN
मुख्यमंत्री,NOUN
नितीश,NOUN
कुमार,NOUN
सत्ता,NOUN
राखतात,VERB
की,PART
तेजस्वी,NOUN
यादव,NOUN
मुसंडी,NOUN
मारतात,VERB
हे,PART
ठरेल,NOUN
तेजस्वी,NOUN
यादव,NOUN
हे,PART
वयाने,PP
तरुण,NOUN
अनुभवाने,PP
नवखे,NOUN
असले,VERB
तरी,NOUN
राजकारणाचं,NOUN
बाळकडू,NOUN
त्यांना,NOUN
घरातूनच,NOUN
मिळालंय,NOUN
माजी,NOUN
केंद्रीय,NOUN
रेल्वेमंत्री,NOUN
आणि,NOUN
बिहारचे,NOUN
माजी,NOUN
मुख्यमंत्री,NOUN
लालू,NOUN
प्रसाद,NOUN
यादव,NOUN
हे,PART
त्यांचे,NOUN
वडील,NOUN
मात्र,NOUN
तेजस्वी,NOUN
यांना,NOUN
काही,NOUN
राजकारणात,NOUN
यायचं,NOUN
नव्हतं,NOUN
त्यांची,NOUN
पहिली,VERB
पसंती,NOUN
होती,NOUN
क्रिकेट,NOUN
या,PART
खेळाला,PP
नुसती,NOUN
पसंतीच,NOUN
नव्हे,NOUN
तर,PART
त्यांनी,NOUN
क्रिकेटच्या,PP
मैदानात,NOUN
नशीबही,NOUN
अजमावलं,NOUN
जे,PART
यशस्वी,NOUN
ठरत,NOUN
असतानाच,NOUN
ते,PART
राजकारणाकडे,PP
वळले,VERB
आपल्याला,PP
क्रिकेट,NOUN
खेळण्याची,NOUN
आवड,NOUN
एवढी,NOUN
होती,NOUN
की,PART
नववीनंतर,NOUN
आपण,NOUN
शिक्षणच,NOUN
सोडलं,NOUN
असं,NOUN
तेजस्वी,NOUN
सांगतात,VERB
तेजस्वी,NOUN
यादव,NOUN
यांच्या,PP
क्रिकेटर,NOUN
ते,PART
बिहारच्या,PP
राजकारणातील,NOUN
तरुण,NOUN
चेहरा,NOUN
हा,PART
प्रवास,NOUN
आपण,NOUN
या,PART
लेखातून,NOUN
जाणून,NOUN
घेणार,NOUN
आहोत,NOUN
तेजस्वी,NOUN
यांचं,NOUN
क्रिकेट,NOUN
प्रेम,NOUN
सबा,NOUN
करीम,NOUN
यांनी,NOUN
तेव्हा,NOUN
आंतरराष्ट्रीय,NOUN
क्रिकेटमधून,NOUN
निवृत्ती,NOUN
घेतली,VERB
होती,NOUN
वर्षं,NOUN
होतं,NOUN
2001,NUM
लालू,NOUN
प्रसाद,NOUN
यादव,NOUN
बिहार,NOUN
क्रिकेट,NOUN
असोसिएशनचे,NOUN
अध्यक्ष,NOUN
होते,NOUN
सबा,NOUN
करीम,NOUN
आणि,NOUN
राम,NOUN
कुमार,NOUN
क्रिक्रेटसंबंधी,NOUN
काही,NOUN
चर्चा,NOUN
करण्यासाठी,PP
लालू,NOUN
यादव,NOUN
यांच्या,PP
घरी,NOUN
गेले,VERB
होते,NOUN
सबा,NOUN
करीम,NOUN
आणि,NOUN
राम,NOUN
कुमार,NOUN
यांनी,NOUN
बिहारमधील,NOUN
प्रतिभावान,NOUN
क्रिकेटपटूंना,NOUN
राष्ट्रीय,NOUN
आंतरराष्ट्रीय,NOUN
स्तरावर,PP
स्थान,NOUN
मिळावं,NOUN
या,PART
दृष्टीनं,NOUN
लालू,NOUN
यादव,NOUN
यांच्यासमोर,NOUN
काही,NOUN
प्रस्ताव,NOUN
ठेवले,VERB
सबा,NOUN
करीम,NOUN
सांगतात,VERB
लालूजींनी,NOUN
आमचं,NOUN
म्हणणं,NOUN
लक्ष,NOUN
देऊन,NOUN
ऐकलं,NOUN
आमच्या,PP
प्रस्तावांना,NOUN
त्यांनी,NOUN
सकारात्मक,NOUN
प्रतिसाद,NOUN
दिला,PP
गप्पांदरम्यान,NOUN
त्यांनी,NOUN
आपल्या,NOUN
मुलाची,NOUN
तेजस्वीची,NOUN
ओळख,NOUN
करून,NOUN
दिली,VERB
तेव्हा,NOUN
तेजस्वी,NOUN
10,NUM
12,NUM
वर्षांचे,NOUN
असतील,NOUN
लालूजींनी,NOUN
म्हटलं,NOUN
की,PART
हा,PART
माझा,NOUN
धाकटा,NOUN
मुलगा,NOUN
आहे,NOUN
त्याला,PP
क्रिकेटची,NOUN
खूप,NOUN
आवड,NOUN
आहे,NOUN
त्याच्याकडेही,NOUN
जरा,NOUN
लक्ष,NOUN
द्या,NOUN
आम्ही,NOUN
2002,NUM
साली,VERB
पाटणामध्ये,PP
एक,PART
कँप,NOUN
आयोजित,NOUN
केला,PP
होता,NOUN
या,PART
कँपसाठी,PP
100,NUM
मुलांची,NOUN
निवड,NOUN
करण्यात,NOUN
आली,VERB
होती,NOUN
या,PART
100,NUM
जणांमध्ये,PP
तेजस्वी,NOUN
यादवही,NOUN
होते,NOUN
लालू,NOUN
यादव,NOUN
यांनी,NOUN
आम्हाला,PP
त्याला,PP
मदत,NOUN
करायला,PP
सांगितलं,NOUN
होतं,NOUN
लालू,NOUN
तेजस्वीच्या,PP
क्रिकेटच्या,PP
आवडीकडे,PP
गांभीर्यानं,NOUN
पाहत,NOUN
होते,NOUN
सबा,NOUN
करीम,NOUN
सांगतात,VERB
की,PART
तेजस्वीकडे,PP
क्रिकेटचा,NOUN
वारसा,NOUN
नव्हता,NOUN
पण,PART
खेळण्याची,NOUN
त्यांची,NOUN
इच्छा,NOUN
होती,NOUN
मात्र,NOUN
त्यांना,NOUN
फार,NOUN
काळ,NOUN
खेळता,NOUN
आलं,NOUN
नाही,NOUN
आणि,NOUN
राजकारणाकडेच,NOUN
त्यांना,NOUN
परतावं,NOUN
लागलं,NOUN
सबा,NOUN
सांगतात,VERB
की,PART
लालूंनी,NOUN
त्यावेळी,NOUN
आपल्याला,PP
तेजस्वीची,NOUN
बॅट,NOUN
दाखवली,VERB
होती,NOUN
आणि,NOUN
कोणत्या,NOUN
बॅटनं,NOUN
खेळलेलं,NOUN
चांगलं,NOUN
याबद्दल,NOUN
सल्लाही,NOUN
विचारला,PP
होता,NOUN
लालू,NOUN
प्रसाद,NOUN
यादव,NOUN
यांच्या,PP
या,PART
भेटीबद्दल,NOUN
राम,NOUN
कुमार,NOUN
सांगतात,VERB
तेजस्वी,NOUN
तेव्हा,NOUN
शाळकरी,NOUN
मुलगाच,NOUN
होता,NOUN
मात्र,NOUN
त्याचा,NOUN
क्रिकेटबद्दलचा,NOUN
सेन्स,NOUN
खूप,NOUN
चांगला,PP
होता,NOUN
आम्ही,NOUN
दोघंही,NOUN
तेजस्वीशी,NOUN
बोललो,NOUN
क्रिकेटबद्दल,NOUN
त्याच्याशी,NOUN
गप्पा,NOUN
मारल्या,NOUN
लालूजींनी,NOUN
आम्हाला,PP
त्याला,PP
क्रिकेट,NOUN
शिकवण्याबद्दल,NOUN
सांगितलं,NOUN
होतं,NOUN
वीरेंद्र,NOUN
सेहवागसारखी,NOUN
बॅटिंग,NOUN
राम,NOUN
कुमार,NOUN
सांगतात,VERB
सुरुवातीला,PP
आम्ही,NOUN
पाटण्यात,NOUN
क्रिकेट,NOUN
शिकवायला,PP
सुरुवात,NOUN
केली,VERB
एका,NOUN
अरुंद,NOUN
गल्लीत,NOUN
ट्रेनिंग,NOUN
सुरू,NOUN
केलं,NOUN
तिथंच,NOUN
नेट,NOUN
लावलं,NOUN
पण,PART
नंतर,NOUN
लक्षात,NOUN
आलं,NOUN
की,PART
मुलामध्ये,PP
क्षमता,NOUN
आहे,NOUN
त्याला,PP
खेळाची,NOUN
चांगली,VERB
समज,NOUN
आहे,NOUN
बॅटिंग,NOUN
आणि,NOUN
बॉलिंगसाठी,PP
आम्ही,NOUN
जे,PART
तंत्र,NOUN
सांगायचो,NOUN
तो,PART
ते,PART
चटकन,NOUN
शिकायचा,NOUN
त्याच्यात,NOUN
एक,PART
चमक,NOUN
होती,NOUN
तेजस्वीमध्ये,PP
वेगानं,NOUN
सुधारणा,NOUN
होत,NOUN
होती,NOUN
तेव्हा,NOUN
आम्हाला,PP
वाटलं,NOUN
की,PART
आता,NOUN
खुल्या,NOUN
मैदानात,NOUN
खेळायला,PP
हवं,NOUN
त्यामुळे,NOUN
आम्ही,NOUN
त्याला,PP
बाहेरच्या,PP
इतर,NOUN
क्रिकेटपटूंसोबत,NOUN
मिक्स,NOUN
अप,PART
करायला,PP
लागलो,NOUN
त्यानंतर,NOUN
लोकांनी,NOUN
गर्दी,NOUN
करायला,PP
सुरुवात,NOUN
केली,VERB
कारण,NOUN
लोकांना,NOUN
कळलं,NOUN
होतं,NOUN
की,PART
तेजस्वी,NOUN
मुख्यमंत्र्यांचा,NOUN
मुलगा,NOUN
आहे,NOUN
राम,NOUN
कुमार,NOUN
सांगतात,VERB
की,PART
2003,NUM
साली,VERB
तेजस्वी,NOUN
दिल्लीला,PP
शिफ्ट,NOUN
झाला,PP
तिथे,NOUN
नॅशनल,NOUN
स्टेडिअममध्ये,PP
प्रॅक्टिसला,PP
सुरुवात,NOUN
केली,VERB
दिल्लीला,PP
गेल्यानंतर,NOUN
त्याला,PP
अजून,NOUN
एक्सपोजर,NOUN
मिळालं,NOUN
तेजस्वीला,PP
वीरेंद्र,NOUN
सेहवागसारखी,NOUN
बॅटिंग,NOUN
करण्याची,NOUN
इच्छा,NOUN
होती,NOUN
तेजस्वी,NOUN
यादव,NOUN
यांचे,NOUN
अजून,NOUN
एक,PART
कोच,NOUN
अशोक,NOUN
कुमार,NOUN
सांगतात,VERB
तेजस्वी,NOUN
टीम,NOUN
प्लेअर,NOUN
होते,NOUN
वैयक्तिक,NOUN
खेळ,NOUN
करून,NOUN
दाखवण्यासाठी,PP
उतावीळपणा,NOUN
करायचे,NOUN
नाही,NOUN
दिल्ली,VERB
डेअरडेव्हिल्समध्ये,PP
खेळण्याची,NOUN
संधी,NOUN
त्यांना,NOUN
दोन,NOUN
वेळा,NOUN
मिळाली,VERB
ते,PART
उत्तम,NOUN
खेळाडू,NOUN
होते,NOUN
पण,PART
सगळं,NOUN
काही,NOUN
लवकर,NOUN
होत,NOUN
नाही,NOUN
तेजस्वींची,NOUN
लालू,NOUN
प्रसादांसोबत,NOUN
तुलना,NOUN
संध्याकाळची,NOUN
वेळ,NOUN
विपिन,NOUN
राम,NOUN
पाटण्यातल्या,NOUN
स्टेट,NOUN
गेस्ट,NOUN
हाऊसमध्ये,PP
एका,NOUN
खुर्चीवर,PP
बसून,NOUN
लालू,NOUN
प्रसाद,NOUN
यादव,NOUN
यांचे,NOUN
जुने,PP
व्हीडिओ,NOUN
पाहत,NOUN
आहेत,NOUN
व्हीडिओ,NOUN
पाहताना,NOUN
ते,PART
हसताहेत,NOUN
त्याचवेळी,NOUN
बिहारच्या,PP
एका,NOUN
वरिष्ठ,NOUN
पत्रकारासोबत,NOUN
आम्हीही,NOUN
तिथे,NOUN
पोहोचतो,NOUN
व्हीडिओमध्ये,PP
लालूंचा,NOUN
आवाज,NOUN
ऐकून,NOUN
आमच्यासोबत,NOUN
आलेल्या,NOUN
एका,NOUN
ज्येष्ठ,NOUN
पत्रकारानं,NOUN
हसत,NOUN
हसत,NOUN
म्हटलं,NOUN
का,PART
जी,PART
तुम्हाला,PP
नोकरी,NOUN
नितीश,NOUN
कुमारांनी,NOUN
दिली,VERB
आणि,NOUN
व्हीडिओ,NOUN
लालू,NOUN
यादवांचा,NOUN
पाहत,NOUN
आहात,NOUN
हे,PART
ऐकल्यानंतर,NOUN
विपिन,NOUN
राम,NOUN
मोबाईलवर,PP
सुरू,NOUN
असलेला,PP
व्हीडिओ,NOUN
बंद,NOUN
करतात,VERB
सर,PART
लालूजींना,NOUN
पाहून,NOUN
जुन्या,NOUN
गोष्टी,NOUN
आठवल्या,NOUN
खूप,NOUN
हसू,NOUN
येतं,NOUN
नोकरी,NOUN
नितीश,NOUN
कुमारांनी,NOUN
दिली,VERB
पण,PART
हसू,NOUN
तर,PART
लालूजींचं,NOUN
भाषण,NOUN
ऐकूनच,NOUN
येतं,NOUN
विपिन,NOUN
राम,NOUN
स्टेट,NOUN
गेस्ट,NOUN
हाऊसमध्ये,PP
नितीश,NOUN
कुमार,NOUN
मुख्यमंत्री,NOUN
बनण्याच्या,PP
आधीपासूनच,NOUN
रूम,NOUN
सर्व्हिसचं,NOUN
काम,NOUN
करत,NOUN
होते,NOUN
पण,PART
तेव्हा,NOUN
त्यांची,NOUN
नोकरी,NOUN
कायम,NOUN
नव्हती,NOUN
आणि,NOUN
त्यांचा,NOUN
पगार,NOUN
1700,NUM
रुपये,NOUN
होता,NOUN
नितीश,NOUN
कुमार,NOUN
मुख्यमंत्री,NOUN
झाल्यानंतर,NOUN
विपिन,NOUN
नोकरीत,NOUN
कायमस्वरुपी,NOUN
झाले,VERB
आणि,NOUN
त्यांना,NOUN
दर,PART
महिन्याला,PP
26,NUM
हजार,NOUN
रुपये,NOUN
पगार,NOUN
सुरू,NOUN
झाला,PP
विपिनशी,NOUN
जेव्हा,NOUN
एकट्यानं,NOUN
गप्पा,NOUN
मारल्या,NOUN
तेव्हा,NOUN
त्यांनी,NOUN
म्हटलं,NOUN
सर,PART
मी,PART
लालूजींसाठी,PP
खूप,NOUN
काम,NOUN
केलंय,NOUN
अगदी,NOUN
त्यांचे,NOUN
हात,NOUN
पाय,NOUN
पण,PART
दाबले,VERB
आहेत,NOUN
लालूजी,NOUN
म्हणायचे,NOUN
अरे,NOUN
विपिनवा,NOUN
हाथ,NOUN
पैर,NOUN
दबाओ,NOUN
खरंतर,NOUN
नोकरी,NOUN
नितीश,NOUN
कुमारांनीच,NOUN
दिली,VERB
जर,PART
लालूजींनी,NOUN
दिली,VERB
असती,NOUN
तर,PART
माझ्या,NOUN
कुटुंबाची,NOUN
परिस्थिती,NOUN
अजून,NOUN
चांगली,VERB
झाली,VERB
असती,NOUN
बराच,NOUN
काळ,NOUN
1700,NUM
रुपयांमध्येच,NOUN
भागवायचो,NOUN
विपिन,NOUN
सांगतात,VERB
तो,PART
लालूजींचा,NOUN
काळ,NOUN
होता,NOUN
त्यांच्या,PP
घराचा,NOUN
दरवाजा,NOUN
गरीबांसाठी,PP
कधीच,NOUN
बंद,NOUN
झाला,PP
नाही,NOUN
त्यांची,NOUN
मुलं,NOUN
क्रिकेट,NOUN
खेळायची,NOUN
तेव्हा,NOUN
आम्ही,NOUN
बॉलिंग,NOUN
करायचो,NOUN
पण,PART
आम्हाला,PP
ते,PART
कधी,NOUN
बॅटिंग,NOUN
द्यायचे,NOUN
नाहीत,NOUN
आजही,NOUN
आम्ही,NOUN
कधी,NOUN
त्यांच्या,PP
घरी,NOUN
गेलो,NOUN
तर,PART
तेजप्रताप,NOUN
ओळखतात,VERB
पण,PART
तेजस्वी,NOUN
ओळखत,NOUN
नाहीत,NOUN
लालू,NOUN
यादव,NOUN
यांनी,NOUN
भलेही,NOUN
विपिन,NOUN
राम,NOUN
यांना,NOUN
नोकरी,NOUN
दिली,VERB
नसेल,NOUN
पण,PART
जुन्या,NOUN
आठवणींनी,NOUN
ते,PART
आजही,NOUN
भावूक,NOUN
होतात,VERB
पण,PART
लालू,NOUN
यादव,NOUN
यांची,NOUN
मुलं,NOUN
त्यांच्यासारखी,NOUN
नाहीत,NOUN
अशी,NOUN
तक्रारही,NOUN
ते,PART
करतात,VERB
अनेक,NOUN
लोक,NOUN
तेजस्वी,NOUN
यादवांमध्ये,PP
त्यांच्या,PP
वडिलांची,NOUN
लालू,NOUN
यादव,NOUN
यांची,NOUN
प्रतिमा,NOUN
शोधण्याचा,NOUN
प्रयत्न,NOUN
करतात,VERB
पण,PART
असं,NOUN
करणाऱ्यांना,NOUN
निराशेलाच,NOUN
सामोरं,NOUN
जावं,NOUN
लागतं,NOUN
आणि,NOUN
मग,PART
ते,PART
लोक,NOUN
म्हणतात,VERB
की,PART
लालू,NOUN
यादवांसारखं,NOUN
दुसरं,NOUN
कोणी,NOUN
असू,NOUN
शकत,NOUN
नाही,NOUN
पण,PART
मुलामध्ये,PP
वडिलांचं,NOUN
व्यक्तिमत्त्व,NOUN
शोधणं,NOUN
कितपत,NOUN
योग्य,NOUN
आहे,NOUN
याबद्दल,NOUN
बोलताना,NOUN
आरजेडीचे,NOUN
ज्येष्ठ,NOUN
नेते,NOUN
शिवानंद,NOUN
तिवारी,NOUN
सांगतात,VERB
की,PART
मुलाची,NOUN
वडिलांशी,NOUN
तुलना,NOUN
करणं,NOUN
हे,PART
फारसं,NOUN
न्याय्य,NOUN
नाहीये,NOUN
ते,PART
म्हणतात,VERB
कोणी,NOUN
माझी,NOUN
तुलना,NOUN
माझ्या,NOUN
वडिलांबरोबर,NOUN
रामानंद,NOUN
तिवारी,NOUN
यांच्यासोबत,NOUN
केली,VERB
तर,PART
मी,PART
म्हणेन,NOUN
की,PART
मी,PART
त्यांच्या,PP
पायाच्या,PP
धुळीसमानही,NOUN
नाहीये,NOUN
माझा,NOUN
मुलगा,NOUN
माझ्याहून,NOUN
वेगळा,NOUN
आहे,NOUN
गांधींच्या,PP
मुलाची,NOUN
तुलना,NOUN
त्यांच्यासोबत,NOUN
करता,NOUN
येणार,NOUN
नाही,NOUN
त्यामुळे,NOUN
तुम्ही,NOUN
तुमच्या,PP
मुलांचं,NOUN
संगोपन,NOUN
कसं,NOUN
करता,NOUN
हे,PART
जास्त,NOUN
महत्त्वाचं,NOUN
आहे,NOUN
त्याचा,NOUN
जास्त,NOUN
परिणाम,NOUN
मुलांवर,PP
होतो,NOUN
तेजस्वीचं,NOUN
व्यक्तिमत्त्व,NOUN
वेगळं,NOUN
आहे,NOUN
आणि,NOUN
त्याची,NOUN
राजकीय,NOUN
जडणघडण,NOUN
अजून,NOUN
सुरू,NOUN
आहे,NOUN
त्यामुळे,NOUN
त्यांची,NOUN
लालूप्रसाद,NOUN
यादव,NOUN
यांच्यासोबत,NOUN
तुलना,NOUN
कशी,NOUN
होऊ,NOUN
शकते,NOUN
विपिन,NOUN
राम,NOUN
म्हणतात,VERB
की,PART
लालूंच्या,PP
काळात,NOUN
त्यांच्या,PP
घराचा,NOUN
दरवाजा,NOUN
कधी,NOUN
बंद,NOUN
व्हायचा,NOUN
नाही,NOUN
तर,PART
दुसरीकडे,PP
तेजस्वींना,NOUN
भेटणं,NOUN
इतकं,NOUN
सोपं,NOUN
नसल्याचंही,NOUN
ते,PART
सांगतात,VERB
पूर्वी,NOUN
आरजेडीमध्ये,PP
आणि,NOUN
सद्यस्थितीत,NOUN
भाजपचे,NOUN
खासदार,NOUN
रामकृपाल,NOUN
यादव,NOUN
यांचे,NOUN
पुत्र,NOUN
अभिमन्यु,NOUN
दिल्लीत,NOUN
दोन,NOUN
वर्षं,NOUN
तेजस्वी,NOUN
यांच्यासोबत,NOUN
बिहार,NOUN
सदनात,NOUN
राहीले,VERB
त्यावेळी,NOUN
राबडी,NOUN
देवी,NOUN
बिहारच्या,PP
मुख्यमंत्री,NOUN
होत्या,NOUN
अभिमन्यु,NOUN
आणि,NOUN
तेजस्वी,NOUN
2002,NUM
ते,PART
2004,NUM
एकत्र,NOUN
होते,NOUN
लालू,NOUN
यादव,NOUN
रेल्वेमंत्री,NOUN
झाल्यानंतर,NOUN
तेजस्वी,NOUN
आपल्या,NOUN
वडिलांसोबत,NOUN
सरकारी,NOUN
घरात,NOUN
रहाण्यासाठी,PP
गेले,VERB
तेजस्वी,NOUN
यांच्याबाबत,NOUN
त्यांचा,NOUN
अनुभव,NOUN
काय,NOUN
तेजस्वी,NOUN
यांनी,NOUN
शिक्षण,NOUN
अर्धवट,NOUN
का,PART
सोडलं,NOUN
तेजस्वी,NOUN
एक,PART
नेता,NOUN
म्हणून,NOUN
परिपक्व,NOUN
आहेत,NOUN
हे,PART
प्रश्न,NOUN
आम्ही,NOUN
अभिमन्यु,NOUN
यांना,NOUN
विचारले,VERB
अभिमन्यु,NOUN
म्हणतात,VERB
तेजस्वी,NOUN
माझ्या,NOUN
मोठ्या,NOUN
भावासारखे,NOUN
आहेत,NOUN
त्यांच्यासोबत,NOUN
असताना,NOUN
त्यांनी,NOUN
त्याच,NOUN
प्रकारे,NOUN
माझ्याकडे,PP
लक्ष,NOUN
दिलं,NOUN
जीवनातील,NOUN
अनेक,NOUN
चांगले,VERB
क्षण,NOUN
आम्ही,NOUN
एकत्र,NOUN
जगलो,NOUN
एकत्र,NOUN
पिच्चर,NOUN
रेस्टॉरंट,NOUN
ट्रिप,NOUN
आणि,NOUN
क्रिकेट,NOUN
येणाऱ्या,NOUN
काळात,NOUN
परिस्थिती,NOUN
अशी,NOUN
बदलेल,NOUN
की,PART
आमच्यातील,NOUN
संवाद,NOUN
कायमचा,NOUN
बंद,NOUN
होईल,NOUN
असं,NOUN
वाटलं,NOUN
नव्हतं,NOUN
अभिमन्यु,NOUN
पुढे,NOUN
म्हणतात,VERB
त्यांच,NOUN
पूर्ण,NOUN
लक्ष,NOUN
क्रिकेटवर,PP
होतं,NOUN
त्यामुळे,NOUN
त्यांनी,NOUN
शिक्षण,NOUN
घेतलं,NOUN
नाही,NOUN
क्रिकेटसाठी,PP
ते,PART
सर्वांत,NOUN
जास्त,NOUN
वेळ,NOUN
देत,NOUN
असत,NOUN
एक,PART
नेता,NOUN
म्हणून,NOUN
त्यांना,NOUN
अजून,NOUN
खूप,NOUN
काही,NOUN
करायचं,NOUN
आहे,NOUN
लालू,NOUN
यादव,NOUN
स्वत,NOUN
संघर्ष,NOUN
करून,NOUN
नेता,NOUN
बनले,VERB
होते,NOUN
मात्र,NOUN
तेजस्वी,NOUN
यांना,NOUN
केलेलं,NOUN
बरच,NOUN
काही,NOUN
मिळालं,NOUN
आहे,NOUN
लालूजी,NOUN
संघर्ष,NOUN
करून,NOUN
लोकनेते,NOUN
बनले,VERB
दुसरीकडे,PP
तेजस्वी,NOUN
त्यांच्या,PP
आसपासच्या,PP
लोकांनी,NOUN
घेरून,NOUN
गेले,VERB
आहेत,NOUN
तेजस्वी,NOUN
यांनी,NOUN
शिक्षण,NOUN
पूर्ण,NOUN
केलं,NOUN
असतं,NOUN
तर,PART
ते,PART
जास्त,NOUN
चांगले,VERB
नेते,NOUN
बनले,VERB
असते,NOUN
अभिमन्यु,NOUN
आणि,NOUN
तेजस्वी,NOUN
यांचे,NOUN
अत्यंत,NOUN
चांगले,VERB
असलेले,VERB
संबंध,NOUN
आता,NOUN
खूप,NOUN
खराब,NOUN
झाले,VERB
आहेत,NOUN
रामकृपाल,NOUN
यादव,NOUN
हे,PART
लालू,NOUN
यादव,NOUN
यांचे,NOUN
अत्यंत,NOUN
निष्ठावान,NOUN
होते,NOUN
2014,NUM
च्या,PP
लोकसभा,NOUN
निवडणुकीत,NOUN
पाटलीपुत्र,NOUN
लोकसभेच,NOUN
त्यांना,NOUN
आरजेडीकडून,NOUN
तिकीट,NOUN
हवं,NOUN
होतं,NOUN
मात्र,NOUN
लालू,NOUN
यादव,NOUN
यांची,NOUN
मुलगी,NOUN
मीसा,NOUN
भारती,NOUN
यांना,NOUN
तिकीट,NOUN
मिळालं,NOUN
अभिमन्यु,NOUN
म्हणतात,VERB
माझ्या,NOUN
वडिलांसाठी,PP
हा,PART
खूप,NOUN
मोठा,NOUN
धक्का,NOUN
होता,NOUN
अभिमन्यु,NOUN
म्हणतात,VERB
ही,PART
गोष्ट,NOUN
फक्त,NOUN
लोकसभेच्या,PP
तिकीटाची,NOUN
नव्हती,NOUN
तर,PART
सन्मानाची,NOUN
होती,NOUN
राबडीदेवी,NOUN
या,PART
ठिकाणी,NOUN
निवडणूक,NOUN
लढवण्यासाठी,PP
इच्छुक,NOUN
असतील,NOUN
तर,PART
मला,PP
काहीच,NOUN
हरकत,NOUN
नाही,NOUN
असं,NOUN
माझ्या,NOUN
वडिलांनी,NOUN
सांगितलं,NOUN
होतं,NOUN
आरजेडीसाठी,PP
माझ्या,NOUN
वडिलांनी,NOUN
स्वत,NOUN
ला,PART
झोकून,NOUN
दिलं,NOUN
होतं,NOUN
लालू,NOUN
यादव,NOUN
यांच्या,PP
कुटुंबीयांसाठी,PP
त्यांनी,NOUN
आपलं,NOUN
जीवन,NOUN
समर्पित,NOUN
केलं,NOUN
होतं,NOUN
मग,PART
खासदार,NOUN
बनण्याची,NOUN
इच्छा,NOUN
का,PART
नसावी,NOUN
माझ्या,NOUN
वडिलांनी,NOUN
भाजपमध्ये,PP
प्रवेश,NOUN
घेण्यामागे,NOUN
फक्त,NOUN
तिकीट,NOUN
एक,PART
कारण,NOUN
नाही,NOUN
त्यांचा,NOUN
अपमान,NOUN
झाला,PP
आणि,NOUN
ही,PART
गोष्ट,NOUN
सहन,NOUN
करण्यापलीकडे,PP
होती,NOUN
मी,PART
वडिलांना,NOUN
सांगितलं,NOUN
होतं,NOUN
ज्याठिकाणी,NOUN
सन्मान,NOUN
मिळत,NOUN
नाही,NOUN
त्याठिकाणी,NOUN
राहण्याचा,NOUN
काहीच,NOUN
अर्थ,NOUN
नाही,NOUN
अभिमन्यु,NOUN
यांचं,NOUN
लग्न,NOUN
2017,NUM
मध्ये,PP
झालं,NOUN
या,PART
लग्नासाठी,PP
लालू,NOUN
यादव,NOUN
यांना,NOUN
आमंत्रण,NOUN
पाठवण्यात,NOUN
आलं,NOUN
होतं,NOUN
पण,PART
ते,PART
आले,VERB
नाहीत,NOUN
अभिमन्यु,NOUN
सांगतात,VERB
मी,PART
तेजस्वी,NOUN
यांना,NOUN
आमंत्रण,NOUN
पाठवलं,NOUN
नव्हतं,NOUN
याआधी,NOUN
सुद्धा,NOUN
माझ्या,NOUN
बहिणीच्या,PP
लग्नात,NOUN
ते,PART
आले,VERB
नव्हते,NOUN
त्यानंतर,NOUN
त्यांना,NOUN
आमंत्रण,NOUN
पाठवण्याचा,NOUN
काहीच,NOUN
संबंध,NOUN
नव्हता,NOUN
तेजस्वी,NOUN
यांनी,NOUN
रामकृपाल,NOUN
यादव,NOUN
यांच,NOUN
मन,PART
वळवण्याचा,NOUN
प्रयत्न,NOUN
केला,PP
नाही,NOUN
यावर,PP
बोलताना,NOUN
अभिमन्यु,NOUN
म्हणतात,VERB
त्याकाळी,NOUN
तेजस्वी,NOUN
पक्षात,NOUN
फार,NOUN
सक्रीय,NOUN
नव्हते,NOUN
सर्वकाही,NOUN
लालू,NOUN
यादव,NOUN
यांच्या,PP
हातात,VERB
होतं,NOUN
अभिमन्यु,NOUN
आजही,NOUN
यादव,NOUN
कुटुंबीयांशी,NOUN
त्यांचे,NOUN
असलेले,VERB
संबंध,NOUN
आठवतात,VERB
पण,PART
काही,NOUN
गोष्टी,NOUN
न,PART
बोलताच,NOUN
राहून,NOUN
जातात,VERB
2019,NUM
च्या,PP
एप्रिल,NOUN
महिन्यात,NOUN
आम्ही,NOUN
रामकृपाल,NOUN
यादव,NOUN
यांच्या,PP
इंटरव्हू,NOUN
केला,PP
आम्ही,NOUN
त्यांच्या,PP
बेडरूममध्ये,PP
होतो,NOUN
पलंगाच्या,PP
समोर,NOUN
भिंतीवर,PP
लालू,NOUN
आणि,NOUN
राबडी,NOUN
यांचा,NOUN
फोटो,NOUN
टांगण्यात,NOUN
आला,PP
होता,NOUN
तुम्ही,NOUN
फक्त,NOUN
यांचा,NOUN
फोटो,NOUN
का,PART
लावलाय,NOUN
या,PART
प्रश्नाचं,NOUN
उत्तर,NOUN
देताना,NOUN
रामकृपाल,NOUN
यादव,NOUN
भावूक,NOUN
झाले,VERB
ते,PART
म्हणाले,VERB
माझ्या,NOUN
हृदयात,NOUN
त्यांची,NOUN
जागा,NOUN
कायम,NOUN
आहे,NOUN
आणि,NOUN
पुढेही,NOUN
राहणार,NOUN
2015,NUM
साली,VERB
राघोपूरमधून,NOUN
तेजस्वी,NOUN
यादव,NOUN
विधानसभेची,NOUN
निवडणूक,NOUN
जिंकून,NOUN
आमदार,NOUN
झाले,VERB
ही,PART
त्यांची,NOUN
पहिली,VERB
निवडणूक,NOUN
होती,NOUN
त्यावेळी,NOUN
नीतीश,NOUN
कुमार,NOUN
आणि,NOUN
लालू,NOUN
यादव,NOUN
यांनी,NOUN
एकत्र,NOUN
निवडणुका,NOUN
लढवल्या,NOUN
होत्या,NOUN
निवडणुकीत,NOUN
त्यांच्या,PP
युतीचा,NOUN
विजय,NOUN
झाला,PP
आणि,NOUN
पहिल्यांदा,NOUN
आमदार,NOUN
बनलेले,VERB
तेजस्वी,NOUN
थेट,NOUN
राज्याचे,NOUN
उपमुख्यमंत्री,NOUN
झाले,VERB
दोन,NOUN
वर्षंही,NOUN
उलटली,VERB
नसतील,NOUN
नीतीश,NOUN
कुमार,NOUN
यांनी,NOUN
पुन्हा,NOUN
भाजपसोबत,NOUN
हातमिळवणी,NOUN
केली,VERB
आणि,NOUN
16,NUM
महिन्यातच,NOUN
तेजस्वी,NOUN
यांना,NOUN
उपमुख्यमंत्रिपदाची,NOUN
खुर्ची,NOUN
सोडावी,NOUN
लागली,VERB
त्यानंतर,NOUN
विधानसभेत,NOUN
ते,PART
विरोधीपक्षनेते,NOUN
बनले,VERB
काही,NOUN
महिन्यांच्या,PP
या,PART
राजकीय,NOUN
वाटचालीत,NOUN
त्यांच्यावर,PP
भ्रष्टाचाराचे,NOUN
आरोप,NOUN
लागले,VERB
आयआरसीटीसी,NOUN
जमीन,NOUN
घोटाळ्यात,NOUN
त्यांना,NOUN
ऑगस्ट,NOUN
2018,NUM
मध्ये,PP
जामीन,NOUN
मिळाला,PP
हे,PART
प्रकरण,NOUN
पाटण्यातील,NOUN
तीन,NOUN
एकर,NOUN
जमीनीचं,NOUN
आहे,NOUN
या,PART
ठिकाणी,NOUN
मॉल,NOUN
प्रस्तावित,NOUN
होता,NOUN
लालू,NOUN
यादव,NOUN
यांच्यावर,PP
आरोप,NOUN
आहे,NOUN
की,PART
त्यांनी,NOUN
2006,NUM
साली,VERB
रेल्वेमंत्री,NOUN
असताना,NOUN
एका,NOUN
खासगी,NOUN
कंपनीला,PP
हॉटेल,NOUN
चालवण्यासाठी,PP
कॉन्ट्रॅक्ट,NOUN
दिलं,NOUN
आणि,NOUN
त्याबदल्यात,NOUN
त्यांना,NOUN
महागडा,NOUN
प्लॉट,NOUN
मिळाला,PP
सीबीआयच्या,PP
माहितीनुसार,NOUN
ही,PART
जमीन,NOUN
पहिल्यांना,NOUN
एका,NOUN
आरजेडी,NOUN
नेत्याच्या,PP
पत्नीच्या,PP
नावावर,PP
करण्यात,NOUN
आली,VERB
त्यानंतर,NOUN
अत्यंत,NOUN
कमी,NOUN
किंमतीत,NOUN
राबडी,NOUN
देवी,NOUN
आणि,NOUN
तेजस्वी,NOUN
यादव,NOUN
यांना,NOUN
ही,PART
जमीन,NOUN
देण्यात,NOUN
आली,VERB
नीतीन,NOUN
कुमार,NOUN
यांनी,NOUN
या,PART
प्रकरणी,NOUN
तेजस्वी,NOUN
यादव,NOUN
यांना,NOUN
स्पष्टीकरण,NOUN
देण्याची,NOUN
सूचना,NOUN
केली,VERB
मात्र,NOUN
त्यांनी,NOUN
असं,NOUN
केलं,NOUN
नाही,NOUN
लालू,NOUN
यादव,NOUN
यांनी,NOUN
भाजपवर,PP
त्यांना,NOUN
फसवण्याचा,NOUN
आरोप,NOUN
केला,PP
होता,NOUN
या,PART
पूर्ण,NOUN
प्रकरणात,NOUN
तेजस्वी,NOUN
यादव,NOUN
यांचं,NOUN
नाव,NOUN
षडयंत्र,NOUN
रचणारा,NOUN
म्हणून,NOUN
आहे,NOUN
तेजस्वी,NOUN
यांच्या,PP
म्हणण्यानुसार,NOUN
ते,PART
खूप,NOUN
लहान,NOUN
असताना,NOUN
त्यांना,NOUN
जमीन,NOUN
मिळाली,VERB
होती,NOUN
नीतीश,NOUN
कुमार,NOUN
यांनी,NOUN
याच,NOUN
आरोपांचा,NOUN
आधार,NOUN
घेत,NOUN
आरजेडीसोबतची,NOUN
युती,NOUN
तोडून,NOUN
टाकली,VERB
होती,NOUN
2018,NUM
मध्ये,PP
एका,NOUN
मुलाखती,NOUN
दरम्यान,NOUN
आम्ही,NOUN
तेजस्वी,NOUN
यादव,NOUN
यांना,NOUN
तुम्ही,NOUN
आंतरजातीय,NOUN
विवाह,NOUN
करणार,NOUN
का,PART
असा,NOUN
प्रश्न,NOUN
विचारला,PP
होता,NOUN
तेव्हा,NOUN
ते,PART
म्हणाले,VERB
लग्न,NOUN
आई,PART
वडिलांच्या,PP
मनाप्रमाणे,NOUN
होते,NOUN
ते,PART
जिथे,NOUN
सांगतील,NOUN
तिथेच,NOUN
लग्न,NOUN
होईल,NOUN
नंतर,NOUN
पुढे,NOUN
मात्र,NOUN
2021,NUM
मध्ये,PP
तेजस्वी,NOUN
यांनी,NOUN
रेचल,NOUN
गोडिनो,NOUN
यांच्याशी,NOUN
प्रेमविवाह,NOUN
केला,PP
अनेकवेळा,NOUN
मुलायम,NOUN
सिंह,NOUN
यादव,NOUN
यांचे,NOUN
पुत्र,NOUN
अखिलेश,NOUN
यादव,NOUN
यांच्यासोबत,NOUN
तेजस्वी,NOUN
यांची,NOUN
तुलना,NOUN
केली,VERB
जाते,NOUN
काही,NOUN
लोक,NOUN
मानतात,VERB
की,PART
अखिलेश,NOUN
त्यांच्या,PP
वडिलांपेक्षा,NOUN
जास्त,NOUN
समजदार,NOUN
आणि,NOUN
हिंमतवान,NOUN
आहेत,NOUN
अखिलेश,NOUN
यांनी,NOUN
आपल्या,NOUN
वडिलांना,NOUN
राजकारणात,NOUN
आव्हान,NOUN
दिलं,NOUN
अखिलेश,NOUN
यादव,NOUN
यांचं,NOUN
राजकारण,NOUN
वडिलांच्या,PP
सावलीतून,NOUN
बाहेर,NOUN
आलं,NOUN
आहे,NOUN
मात्र,NOUN
तेजस्वी,NOUN
यादव,NOUN
यांचं,NOUN
असं,NOUN
नाही,NOUN
समाजवादी,NOUN
पक्षाचे,NOUN
प्रवक्ते,NOUN
घनश्याम,NOUN
तिवारी,NOUN
म्हणतात,VERB
अखिलेश,NOUN
यादव,NOUN
हिंमतवान,NOUN
आहेत,NOUN
त्यांच्या,PP
खासगी,NOUN
आयुष्यात,NOUN
त्यांनी,NOUN
ज्या,NOUN
प्रकारचे,NOUN
निर्णय,NOUN
घेतले,VERB
त्याचप्रकारचे,NOUN
निर्णय,NOUN
त्यांनी,NOUN
राजकारणात,NOUN
घेतले,VERB
अखिलेश,NOUN
यादव,NOUN
यांनी,NOUN
90,NUM
च्या,PP
दशकातील,NOUN
पक्षाला,PP
21व्या,NOUN
शतकातील,NOUN
बनवला,PP
ते,PART
धर्म,NOUN
जात,NOUN
यांचं,NOUN
राजकारण,NOUN
करत,NOUN
नाहीत,NOUN
म्हणूनच,NOUN
अखिलेश,NOUN
यांची,NOUN
टीम,NOUN
पाहिली,VERB
तर,PART
त्यात,NOUN
विविध,NOUN
चेहरे,NOUN
असतात,VERB
तेजस्वी,NOUN
यांच्यात,NOUN
लोक,NOUN
लालू,NOUN
यादव,NOUN
यांना,NOUN
शोधत,NOUN
आहेत,NOUN
मात्र,NOUN
अखिलेश,NOUN
यादव,NOUN
यांच्यात,NOUN
मुलायम,NOUN
सिंहांना,NOUN
का,PART
शोधत,NOUN
नाहीत,NOUN
यावर,PP
बोलताना,NOUN
वरिष्ठ,NOUN
पत्रकार,NOUN
सुनीता,NOUN
एरॉन,NOUN
म्हणतात,VERB
अखिलेश,NOUN
यादव,NOUN
5,NUM
वर्षं,NOUN
राज्याचे,NOUN
मुख्यमंत्री,NOUN
राहीले,VERB
आहेत,NOUN
त्यांनी,NOUN
आल्यानंतर,NOUN
काळानुरूप,NOUN
राजकारण,NOUN
केलं,NOUN
मेट्रो,NOUN
बांधली,VERB
लॅपटॉप,NOUN
दिले,VERB
एक्स्प्रेस,NOUN
वे,PART
तयार,NOUN
केला,PP
इंग्रजीच्या,PP
विषयावर,PP
वडिलांपेक्षा,NOUN
वेगळा,NOUN
विचार,NOUN
घेतला,PP
तेजस्वी,NOUN
16,NUM
महिने,PP
उपमुख्यमंत्री,NOUN
राहिले,VERB
पण,PART
पक्षात,NOUN
अजूनही,NOUN
लालू,NOUN
यादव,NOUN
दखल,NOUN
देतात,VERB
मला,PP
तेजस्वी,NOUN
यादव,NOUN
यांच्यात,NOUN
एक,PART
स्पार्क,NOUN
दिसतो,NOUN
तेजस्वी,NOUN
यांना,NOUN
संधी,NOUN
मिळाली,VERB
तर,PART
ते,PART
स्वत,NOUN
ला,PART
सिद्ध,NOUN
करून,NOUN
दाखवतील,NOUN
अखिलेश,NOUN
यादव,NOUN
यांनादेखील,NOUN
मुलायम,NOUN
सिंह,NOUN
यांच्या,PP
सावलीतून,NOUN
बाहेर,NOUN
पडण्यासाठी,PP
वेळ,NOUN
लागला,PP
होता,NOUN
या,PART
निवडणुकीत,NOUN
तेजस्वी,NOUN
यांनी,NOUN
दबंग,NOUN
अनंत,NOUN
सिंह,NOUN
रामा,NOUN
सिंह,NOUN
यांची,NOUN
पत्नी,NOUN
वीणा,NOUN
सिंह,NOUN
आणि,NOUN
आनंद,NOUN
मोहन,NOUN
यांचे,NOUN
पुत्र,NOUN
चेतन,NOUN
आनंद,NOUN
यांना,NOUN
उमेदवार,NOUN
बनवलं,NOUN
आहे,NOUN
रघुवंश,NOUN
प्रसाद,NOUN
सिंह,NOUN
जिवंत,NOUN
होते,NOUN
तो,PART
पर्यंत,NOUN
रामा,NOUN
सिंह,NOUN
यांना,NOUN
पक्षात,NOUN
येण्याला,PP
विरोध,NOUN
केला,PP
मात्र,NOUN
आता,NOUN
रामा,NOUN
सिंह,NOUN
आणि,NOUN
त्यांची,NOUN
पत्नी,NOUN
दोघंही,NOUN
आरजेडीमध्ये,PP
आहेत,NOUN
नेतृत्व,NOUN
तेजस्वी,NOUN
यांना,NOUN
का,PART
मिळालं,NOUN
सुनीता,NOUN
एरॉन,NOUN
म्हणतात,VERB
तिकीट,NOUN
वाटपाकडे,PP
त्यावेळी,NOUN
निवडणुकीसाठी,PP
केलेली,VERB
व्यूहरचना,NOUN
म्हणून,NOUN
पाहिलं,NOUN
पाहिजे,NOUN
डीपी,NOUN
यादव,NOUN
यांना,NOUN
अखिलेश,NOUN
यांनी,NOUN
तिकीट,NOUN
नाकारलं,NOUN
मात्र,NOUN
नुकसान,NOUN
झालं,NOUN
नाही,NOUN
मात्र,NOUN
बिहारमध्ये,PP
यादव,NOUN
कुटुंब,NOUN
आपलं,NOUN
निसटलेलं,NOUN
राजकीय,NOUN
वर्चस्व,NOUN
पुन्हा,NOUN
प्रस्थापित,NOUN
करण्याचा,NOUN
प्रयत्न,NOUN
करत,NOUN
आहेत,NOUN
अखिलेश,NOUN
यादव,NOUN
यांच्या,PP
समाजवादी,NOUN
पक्षात,NOUN
त्यांच्या,PP
नेतृत्वाला,PP
आव्हान,NOUN
देणारं,NOUN
कोणीच,NOUN
नाही,NOUN
मात्र,NOUN
तेजस्वी,NOUN
यांच्यासमोर,NOUN
त्यांचा,NOUN
भाऊ,NOUN
तेजप्रताप,NOUN
यादव,NOUN
आहे,NOUN
गेल्यावर्षी,NOUN
लोकसभा,NOUN
निवडणुकीत,NOUN
आपल्या,NOUN
समर्थकांना,NOUN
तिकीट,NOUN
नाकारल्यानंतर,NOUN
त्यांनी,NOUN
लालू,NOUN
आणि,NOUN
राबडी,NOUN
यांच्याविरोधात,NOUN
मोहीम,NOUN
उघडली,VERB
होती,NOUN
लालू,NOUN
प्रसाद,NOUN
यादव,NOUN
यांना,NOUN
9,NUM
मुलं,NOUN
मुली,VERB
आहेत,NOUN
मीसा,NOUN
भारती,NOUN
सर्वांत,NOUN
मोठी,NOUN
मुलगी,NOUN
तर,PART
तेजप्रताप,NOUN
सर्वांत,NOUN
मोठा,NOUN
मुलगा,NOUN
आहे,NOUN
मात्र,NOUN
आरजेडीचं,NOUN
नेतृत्व,NOUN
तेजस्वी,NOUN
यांना,NOUN
का,PART
मिळालं,NOUN
या,PART
प्रश्नाचं,NOUN
उत्तर,NOUN
देताना,NOUN
आरजेडी,NOUN
नेते,NOUN
प्रेमकुमार,NOUN
मणि,NOUN
सांगतात,VERB
तेजस्वी,NOUN
लालू,NOUN
यादव,NOUN
यांच्या,PP
आपत्यांपैकी,NOUN
सर्वांत,NOUN
जास्त,NOUN
समजदार,NOUN
आहेत,NOUN
ते,PART
म्हणतात,VERB
लोकांचं,NOUN
मत,PART
आहे,NOUN
की,PART
राहुल,NOUN
गांधींपेक्षा,NOUN
प्रियांका,NOUN
गांधी,NOUN
जास्त,NOUN
समजूद्दार,NOUN
आहेत,NOUN
मात्र,NOUN
सोनिया,NOUN
गांधी,NOUN
यांनी,NOUN
राहुल,NOUN
मागे,NOUN
पडतील,NOUN
या,PART
भितीने,PP
प्रियांका,NOUN
यांना,NOUN
जाणून,NOUN
बूजून,NOUN
मागे,NOUN
ठेवलं,NOUN
आहे,NOUN
मात्र,NOUN
लालू,NOUN
प्रसाद,NOUN
यादव,NOUN
यांच्याबाबतीत,NOUN
असं,NOUN
नाही,NOUN
मीसा,NOUN
भारती,NOUN
यांनादेखील,NOUN
त्यांनी,NOUN
संधी,NOUN
दिली,VERB
दोन,NOUN
वेळा,NOUN
त्या,NOUN
निवडणुकीत,NOUN
पराभूत,NOUN
झाल्या,NOUN
आता,NOUN
राज्यसभेच्या,PP
खासदार,NOUN
आहेत,NOUN
तेजप्रताप,NOUN
यांचं,NOUN
वागणं,NOUN
लोकांना,NOUN
माहीत,NOUN
आहेच,NOUN
त्यामुळे,NOUN
तेजस्वी,NOUN
यांची,NOUN
निवड,NOUN
स्वाभाविक,NOUN
होती,NOUN
असंही,NOUN
प्रेमकुमार,NOUN
नमूद,NOUN
करतात,VERB
बिहार,NOUN
एक्झिट,NOUN
पोलनुसार,NOUN
नवीन,NOUN
सरकार,NOUN
कोण,NOUN
स्थापन,NOUN
करतंय,NOUN
11,NUM
नोव्हेंबर,NOUN
2025,NUM
बिहार,NOUN
एक्झिट,NOUN
पोलनुसार,NOUN
नवीन,NOUN
सरकार,NOUN
कोण,NOUN
स्थापन,NOUN
करतंय,NOUN
या,PART
चळवळींमधून,NOUN
बिहारने,PP
भारतीय,NOUN
राजकारणाला,PP
दिशा,NOUN
दिली1,NOUN
नोव्हेंबर,NOUN
2020,NUM
या,PART
चळवळींमधून,NOUN
बिहारने,PP
भारतीय,NOUN
राजकारणाला,PP
दिशा,NOUN
दिली,VERB
चिराग,NOUN
पासवानांचा,NOUN
नितिश,NOUN
कुमारांवर,PP
निशाणा,NOUN
पण,PART
त्यांच्या,PP
खांद्यावरची,NOUN
बंदूक,NOUN
कोणाची,NOUN
6,NUM
ऑक्टोबर,NOUN
2020,NUM
चिराग,NOUN
पासवानांचा,NOUN
नितिश,NOUN
कुमारांवर,PP
निशाणा,NOUN
पण,PART
त्यांच्या,PP
खांद्यावरची,NOUN
बंदूक,NOUN
कोणाची,NOUN
Author,NOUN
नामदेव,NOUN
काटकर,NOUN
आणि,NOUN
अल्पेश,NOUN
करकरेRole,NOUN
बीबीसी,NOUN
मराठी,NOUN
प्रतिनिधी,NOUN
Author,NOUN
नामदेव,NOUN
काटकर,NOUN
आणि,NOUN
अल्पेश,NOUN
करकरे,NOUN
प्रबोधनकार,NOUN
ठाकरे,NOUN
यांच्या,PP
देवळांचा,NOUN
धर्म,NOUN
आणि,NOUN
धर्माची,NOUN
देवळे,NOUN
या,PART
पुस्तकामुळे,NOUN
वादाला,PP
सुरुवात,NOUN
झालीय,NOUN
आपल्या,NOUN
सेवानिवृत्तीच्या,PP
निमित्तानं,NOUN
एका,NOUN
कर्मचाऱ्यानं,NOUN
सहकाऱ्यांना,NOUN
भेट,NOUN
म्हणून,NOUN
दिलेलं,NOUN
प्रबोधनकार,NOUN
ठाकरेंचं,NOUN
पुस्तक,NOUN
महिला,PP
कर्मचाऱ्यानं,NOUN
अंगावर,PP
फेकत,NOUN
या,PART
पुस्तकाला,PP
हातही,NOUN
लावणार,NOUN
नाही,NOUN
म्हटलं,NOUN
हा,PART
प्रकार,NOUN
मुंबई,NOUN
महापालिकेच्या,PP
कस्तुरबा,NOUN
रुग्णालयात,NOUN
घडला,PP
या,PART
घटनेचा,NOUN
व्हीडिओ,NOUN
समोर,NOUN
आल्यानंतर,NOUN
वादाला,PP
तोंड,NOUN
फुटलंय,NOUN
राज,NOUN
ठाकरे,NOUN
यांची,NOUN
महाराष्ट्र,NOUN
नवनिर्माण,NOUN
सेनाही,NOUN
या,PART
प्रकरणात,NOUN
आक्रमक,NOUN
झाली,VERB
आहे,NOUN
रुग्णालय,NOUN
प्रशासनाला,PP
आमचे,NOUN
कार्यकर्ते,NOUN
जाब,NOUN
विचारतील,NOUN
असे,NOUN
मनसेचे,NOUN
नेते,NOUN
संदीप,NOUN
देशपांडे,NOUN
यांनी,NOUN
म्हटलं,NOUN
आहे,NOUN
कस्तुरबा,NOUN
रुग्णालयात,NOUN
त्या,NOUN
दिवशी,NOUN
नेमकं,NOUN
काय,NOUN
घडलं,NOUN
राजेंद्र,NOUN
कदम,NOUN
हे,PART
कस्तुरबा,NOUN
रुग्णालयातील,NOUN
कक्ष,NOUN
अधिकारी,NOUN
म्हणून,NOUN
कार्यरत,NOUN
होते,NOUN
31,NUM
जुलै,NOUN
2025,NUM
रोजी,NOUN
त्यांच्या,PP
सेवानिवृत्तीचा,NOUN
कार्यक्रम,NOUN
होता,NOUN
त्यापूर्वी,NOUN
सेवानिवृत्तीवेळी,NOUN
रुग्णालयातील,NOUN
सहकाऱ्यांना,NOUN
काही,NOUN
एक,PART
भेटवस्तू,NOUN
देण्याची,NOUN
परंपरा,NOUN
आहे,NOUN
राजेंद्र,NOUN
कदम,NOUN
हे,PART
आंबेडकरी,NOUN
विचारांचे,NOUN
असून,NOUN
कामगार,NOUN
युनियनमध्येही,NOUN
गेली,VERB
एक,PART
दीड,NOUN
दशक,NOUN
सक्रिय,NOUN
आहेत,NOUN
त्यामुळे,NOUN
भेटवस्तू,NOUN
म्हणून,NOUN
राजेंद्र,NOUN
कदम,NOUN
यांनी,NOUN
समाजप्रबोधनपर,NOUN
पुस्तकं,NOUN
देण्याचं,NOUN
ठरवलं,NOUN
त्यानुसार,NOUN
28,NUM
जुलै,NOUN
रोजी,NOUN
राजेंद्र,NOUN
कदम,NOUN
यांनी,NOUN
प्रबोधनकार,NOUN
ठाकरे,NOUN
यांचं,NOUN
देवळांचा,NOUN
धर्म,NOUN
आणि,NOUN
धर्माची,NOUN
देवळे,NOUN
आणि,NOUN
दिनकरराव,NOUN
जवळकर,NOUN
यांचं,NOUN
देशाचे,NOUN
दुश्मन,NOUN
ही,PART
पुस्तकं,NOUN
आपल्या,NOUN
सहकाऱ्यांना,NOUN
भेट,NOUN
म्हणून,NOUN
दिली,VERB
इथूनच,NOUN
वादाला,PP
सुरुवात,NOUN
झाली,VERB
प्रबोधनकार,NOUN
आणि,NOUN
दिनकरराव,NOUN
जवळकरांची,NOUN
पुस्तकं,NOUN
भेट,NOUN
म्हणून,NOUN
का,PART
दिली,VERB
असा,NOUN
प्रश्न,NOUN
उपस्थित,NOUN
करत,NOUN
राजेंद्र,NOUN
कदम,NOUN
यांना,NOUN
निशाणा,NOUN
बनवण्यात,NOUN
आलं,NOUN
राजेंद्र,NOUN
कदम,NOUN
यांच्या,PP
माहितीनुसार,NOUN
29,NUM
जुलै,NOUN
रोजी,NOUN
कस्तुरबा,NOUN
रुग्णालयाच्या,PP
सहायक,NOUN
अधिसेविका,NOUN
माया,NOUN
गिरी,NOUN
यांच्या,PP
कार्यालयात,NOUN
राजेंद्र,NOUN
कदम,NOUN
यांना,NOUN
बोलावण्यात,NOUN
आलं,NOUN
तिथं,NOUN
परिचारिका,NOUN
श्रीजा,NOUN
सावंत,NOUN
ईश्वरी,NOUN
बुरांबे,NOUN
आणि,NOUN
इतर,NOUN
कर्मचारी,NOUN
होते,NOUN
तिथं,NOUN
राजेंद्र,NOUN
कदम,NOUN
यांना,NOUN
प्रबोधनकार,NOUN
ठाकरेंची,NOUN
पुस्तकं,NOUN
भेट,NOUN
देण्याबाबत,NOUN
जाब,NOUN
विचारण्यात,NOUN
आला,PP
विशेष,NOUN
म्हणजे,NOUN
या,PART
प्रकाराचा,NOUN
ईश्वरी,NOUN
बुरांबे,NOUN
यांनी,NOUN
व्हीडिओ,NOUN
तयार,NOUN
केला,PP
आणि,NOUN
नंतर,NOUN
तो,PART
सोशल,NOUN
मीडियावर,PP
पोस्ट,NOUN
करण्यात,NOUN
आला,PP
अशीही,NOUN
माहिती,NOUN
राजेंद्र,NOUN
कदम,NOUN
यांनी,NOUN
दिली,VERB
परिचारिकेनं,NOUN
काय,NOUN
आक्षेप,NOUN
घेतला,PP
राजेंद्र,NOUN
कदम,NOUN
यांना,NOUN
जेव्हा,NOUN
सहायक,NOUN
अधिसेविका,NOUN
माया,NOUN
गिरी,NOUN
यांच्या,PP
कार्यालयात,NOUN
बोलावून,NOUN
जाब,NOUN
विचारला,PP
गेला,PP
तेव्हा,NOUN
श्रीजा,NOUN
सावंत,NOUN
या,PART
आक्रमक,NOUN
आवाजात,NOUN
बोलताना,NOUN
व्हीडिओतून,NOUN
ऐकू,NOUN
येत,NOUN
आहे,NOUN
या,PART
व्हीडिओतून,NOUN
आवाज,NOUN
श्रीजा,NOUN
सावंत,NOUN
यांचा,NOUN
असल्याचं,NOUN
राजेंद्र,NOUN
कदम,NOUN
यांनीच,NOUN
बीबीसी,NOUN
मराठीशी,NOUN
बोलताना,NOUN
सांगितलं,NOUN
हे,PART
पुस्तक,NOUN
देण्याचा,NOUN
उद्देश,NOUN
काय,NOUN
आहे,NOUN
असा,NOUN
प्रश्न,NOUN
विचारताच,NOUN
राजेंद्र,NOUN
कदम,NOUN
यांनी,NOUN
स्पष्ट,NOUN
करण्यास,NOUN
सुरुवात,NOUN
केली,VERB
तेवढ्यात,NOUN
श्रीजा,NOUN
सावंत,NOUN
यांनी,NOUN
त्यांना,NOUN
अडवत,NOUN
पुढे,NOUN
म्हटलं,NOUN
की,PART
ते,PART
काहीही,NOUN
असो,NOUN
हे,PART
पुस्तक,NOUN
तुम्ही,NOUN
तुमच्या,PP
हाताने,PP
वाटण्याचं,NOUN
कारण,NOUN
काय,NOUN
तुम्ही,NOUN
तुमचं,NOUN
नाव,NOUN
टाकून,NOUN
आम्हाला,PP
गिफ्ट,NOUN
देताय,NOUN
अशा,NOUN
पुस्तकाला,PP
आम्ही,NOUN
हातही,NOUN
लावणार,NOUN
नाही,NOUN
तुम्हाला,PP
हिंदू,NOUN
धर्माबद्दल,NOUN
इतकं,NOUN
का,PART
वाईट,NOUN
वाटतं,NOUN
प्रबोधनकार,NOUN
ठाकरे,NOUN
आम्हाला,PP
द्यायला,PP
आले,VERB
का,PART
हे,PART
पुस्तक,NOUN
मग,PART
तुम्ही,NOUN
का,PART
दिले,VERB
आमच्या,PP
लोकांना,NOUN
हे,PART
पुस्तक,NOUN
का,PART
दिलं,NOUN
तुमच्याकडे,PP
दुसरी,NOUN
वस्तू,NOUN
नव्हती,NOUN
का,PART
वाटायला,PP
शिवाय,NOUN
हिंदू,NOUN
धर्माबद्दल,NOUN
तुम्हाला,PP
इतकं,NOUN
वाटतं,NOUN
ना,PART
मग,PART
हिंदू,NOUN
धर्माकडून,NOUN
तुम्ही,NOUN
सेंडऑफ,NOUN
घेऊही,NOUN
नका,NOUN
असंही,NOUN
श्रीजा,NOUN
सावंत,NOUN
म्हणाल्या,NOUN
या,PART
दरम्यान,NOUN
राजेंद्र,NOUN
कदम,NOUN
यांनी,NOUN
माफीही,NOUN
मागितली,VERB
बीबीसी,NOUN
मराठीशी,NOUN
बोलताना,NOUN
राजेंद्र,NOUN
कदम,NOUN
म्हणाले,VERB
की,PART
मी,PART
तिथे,NOUN
माफी,NOUN
मागितली,VERB
ते,PART
प्रबोधनकारांची,NOUN
पुस्तकं,NOUN
वाटली,VERB
म्हणून,NOUN
नाही,NOUN
तिथे,NOUN
माझेच,NOUN
सहकारी,NOUN
होते,NOUN
त्यांच्या,PP
भावना,NOUN
दुखावल्या,NOUN
असतील,NOUN
म्हणून,NOUN
आपलीच,NOUN
माणसं,NOUN
समजून,NOUN
माफी,NOUN
मागितली,VERB
अन्यथा,NOUN
मी,PART
माझ्या,NOUN
विचारांशी,NOUN
अजूनही,NOUN
ठाम,NOUN
आहे,NOUN
यानंतर,NOUN
बीबीसी,NOUN
मराठीने,PP
श्रीजा,NOUN
सावंत,NOUN
यांची,NOUN
बाजू,NOUN
जाणून,NOUN
घेतली,VERB
श्रीजा,NOUN
सावंत,NOUN
म्हणाल्या,NOUN
की,PART
माझ्यावर,PP
जे,PART
आरोप,NOUN
करण्यात,NOUN
आलेले,VERB
आहेत,NOUN
त्यात,NOUN
काही,NOUN
तथ्य,NOUN
नाही,NOUN
तसंच,NOUN
या,PART
घटनेसंदर्भात,NOUN
आणि,NOUN
होणाऱ्या,NOUN
आरोपासंदर्भात,NOUN
लवकरच,NOUN
आम्ही,NOUN
आमची,NOUN
भूमिका,NOUN
पत्रकार,NOUN
परिषदेत,NOUN
घेऊन,NOUN
स्पष्ट,NOUN
करू,NOUN
असंही,NOUN
श्रीजा,NOUN
सावंत,NOUN
यांनी,NOUN
म्हटलंय,NOUN
सेवानिवृत्तीच्या,PP
कार्यक्रमावर,PP
बहिष्कार,NOUN
पुस्तक,NOUN
भेट,NOUN
देण्याचा,NOUN
कार्यक्रम,NOUN
28,NUM
जुलैला,PP
झाला,PP
त्यानंतर,NOUN
माया,NOUN
गिरी,NOUN
यांच्या,PP
कार्यालयात,NOUN
बोलावून,NOUN
राजेंद्र,NOUN
कदम,NOUN
यांना,NOUN
जाब,NOUN
विचारण्याचा,NOUN
प्रकार,NOUN
29,NUM
जुलैला,PP
झाला,PP
30,NUM
जुलै,NOUN
रोजी,NOUN
राजेंद्र,NOUN
कदम,NOUN
यांच्या,PP
सेवानिवृत्तीचा,NOUN
कार्यक्रम,NOUN
होता,NOUN
मात्र,NOUN
या,PART
कार्यक्रमावर,PP
रुग्णालयात,NOUN
बहिष्कार,NOUN
टाकण्यात,NOUN
आल्याची,NOUN
माहिती,NOUN
राजेंद्र,NOUN
कदम,NOUN
यांनी,NOUN
बीबीसी,NOUN
मराठीशी,NOUN
बोलताना,NOUN
सांगितलं,NOUN
राजेंद्र,NOUN
कदम,NOUN
हे,PART
गेली,VERB
एक,PART
दीड,NOUN
दशकं,NOUN
कामगार,NOUN
युनियनमध्येही,NOUN
काम,NOUN
करत,NOUN
आहेत,NOUN
त्यांनी,NOUN
रुग्णालय,NOUN
कर्मचाऱ्यांच्या,PP
अनेक,NOUN
समस्यांवर,PP
आवाज,NOUN
उठवला,PP
असताना,NOUN
त्यांच्याबाबतच,NOUN
असा,NOUN
प्रकार,NOUN
घडल्यानं,NOUN
संताप,NOUN
व्यक्त,NOUN
केला,PP
जात,NOUN
आहे,NOUN
दरम्यान,NOUN
या,PART
सगळ्या,NOUN
प्रकारानंतर,NOUN
ऑगस्ट,NOUN
2025,NUM
च्या,PP
पहिल्या,NOUN
आठवड्यातच,NOUN
राजेंद्र,NOUN
कदम,NOUN
यांनी,NOUN
रुग्णालय,NOUN
प्रशासनाकडे,PP
याबाबत,NOUN
तक्रार,NOUN
केली,VERB
मात्र,NOUN
वैद्यकीय,NOUN
अधीक्षकांनी,NOUN
सहायक,NOUN
सुरक्षा,NOUN
अधिकाऱ्याचा,NOUN
अभिप्राय,NOUN
जोडून,NOUN
पोलिसात,NOUN
जा,PART
असं,NOUN
म्हणत,NOUN
आपले,VERB
हात,NOUN
झटकल्याचा,NOUN
आरोप,NOUN
राजेंद्र,NOUN
कदम,NOUN
यांनी,NOUN
केलाय,NOUN
या,PART
प्रकरणाबाबत,NOUN
राजेंद्र,NOUN
कदम,NOUN
यांनी,NOUN
भायखळ्यातील,NOUN
आग्रीपाडा,NOUN
पोलीस,NOUN
ठाण्यात,NOUN
तक्रार,NOUN
दाखल,NOUN
केली,VERB
पोलिसांनी,NOUN
गुन्हा,NOUN
दाखल,NOUN
न,PART
करता,NOUN
केवळ,NOUN
एनसी,NOUN
दाखल,NOUN
करून,NOUN
घेतली,VERB
राजेंद्र,NOUN
कदम,NOUN
यांनीही,NOUN
श्रीजा,NOUN
सावंत,NOUN
यांच्यावर,PP
निलंबनाची,NOUN
कारवाई,NOUN
करून,NOUN
चौकशी,NOUN
करण्याची,NOUN
मागणी,NOUN
केलीय,NOUN
मनसेनं,NOUN
घेतली,VERB
रुग्णालय,NOUN
प्रशासनाची,NOUN
भेट,NOUN
राज,NOUN
ठाकरेंच्या,PP
महाराष्ट्र,NOUN
नवनिर्माण,NOUN
सेनेच्या,PP
पदाधिकाऱ्यांनी,NOUN
कस्तुरबा,NOUN
रुग्णालयाच्या,PP
प्रशासनाची,NOUN
भेट,NOUN
घेतली,VERB
त्यानंतर,NOUN
मनसेचे,NOUN
पदाधिकारी,NOUN
उत्तम,NOUN
सांडव,NOUN
म्हणाले,VERB
की,PART
आम्ही,NOUN
व्हीडिओबद्दल,NOUN
माहिती,NOUN
घेतली,VERB
आणि,NOUN
प्रबोधनकार,NOUN
ठाकरे,NOUN
यांचा,NOUN
अवमान,NOUN
करणाऱ्यांवर,PP
कारवाई,NOUN
करावी,NOUN
ही,PART
मागणी,NOUN
केलेली,VERB
आहे,NOUN
आमचा,NOUN
विषय,NOUN
बाकी,NOUN
कोणताही,NOUN
नाही,NOUN
व्हीडिओमध्ये,PP
एक,PART
महिला,PP
वारंवार,NOUN
प्रबोधनकार,NOUN
ठाकरे,NOUN
यांचं,NOUN
नाव,NOUN
घेताना,NOUN
पाहायला,PP
मिळत,NOUN
आहे,NOUN
प्रबोधनकार,NOUN
ठाकरे,NOUN
यांच्याबद्दल,NOUN
असं,NOUN
बोलणाऱ्या,NOUN
व्यक्तींवर,PP
कारवाई,NOUN
व्हावी,NOUN
यासाठी,PP
अधिकाऱ्यांना,NOUN
आम्ही,NOUN
भेटलो,NOUN
आहोत,NOUN
या,PART
प्रकरणात,NOUN
योग्य,NOUN
ती,PART
कारवाई,NOUN
करू,NOUN
असे,NOUN
आश्वासन,NOUN
त्यांनी,NOUN
आम्हाला,PP
दिले,VERB
आहे,NOUN
असं,NOUN
सांडव,NOUN
यांनी,NOUN
सांगितलं,NOUN
दरम्यान,NOUN
बृहन्मुंबई,NOUN
महानगरपालिका,NOUN
एससी,NOUN
एसटी,NOUN
व्हिजेएनटी,NOUN
एसबीसी,NOUN
ओबीसी,NOUN
एम्प्लॉईज,NOUN
असोसिएशननं,NOUN
मुंबई,NOUN
महापालिका,NOUN
आयुक्तांना,NOUN
पत्र,NOUN
लिहून,NOUN
या,PART
प्रकरणात,NOUN
कारवाईची,NOUN
मागणी,NOUN
केलीय,NOUN
अभिव्यक्ती,NOUN
स्वातंत्र्याची,NOUN
गळचेपी,NOUN
करणाऱ्या,NOUN
तसंच,NOUN
माजी,NOUN
कर्मचाऱ्याशी,NOUN
गैरवर्तन,NOUN
करणाऱ्या,NOUN
कस्तुरबा,NOUN
रुग्णालयाच्या,PP
सहायक,NOUN
अधिसेविका,NOUN
व,PART
संबंधित,NOUN
परिचारिक,NOUN
महिला,PP
कर्मचाऱ्यांवर,PP
कठोर,NOUN
कारवाई,NOUN
करावी,NOUN
अशी,NOUN
मागणी,NOUN
या,PART
संघटनेचे,NOUN
सरचिटणीस,NOUN
डॉ,PART
संजय,NOUN
कांबळे,NOUN
बापरेकर,NOUN
यांनी,NOUN
केलीय,NOUN
प्रबोधनकार,NOUN
ठाकरे,NOUN
आणि,NOUN
देवळांचा,NOUN
धर्म,NOUN
आणि,NOUN
धर्माची,NOUN
देवळे,NOUN
देवळांचा,NOUN
धर्म,NOUN
आणि,NOUN
धर्माची,NOUN
देवळे,NOUN
हे,PART
पुस्तक,NOUN
प्रबोधनकार,NOUN
ठाकरे,NOUN
यांनी,NOUN
1929,NUM
साली,VERB
लिहिलं,NOUN
आहे,NOUN
प्रबोधनकार,NOUN
ठाकरेकृत,NOUN
नवमतवादी,NOUN
माला,PP
अंतर्गत,NOUN
त्यांनी,NOUN
हे,PART
पुस्तक,NOUN
लिहिलं,NOUN
या,PART
पुस्तकातून,NOUN
प्रबोधनकारांनी,NOUN
अत्यंत,NOUN
चिकित्सक,NOUN
भाष्य,NOUN
आणि,NOUN
टीका,NOUN
केलीय,NOUN
मात्र,NOUN
धर्मचिकित्सा,NOUN
हा,PART
प्रबोधनकार,NOUN
ठाकरेंच्या,PP
लिखाणाचाच,NOUN
गाभा,NOUN
होता,NOUN
हिंदू,NOUN
समाजातील,NOUN
अनेक,NOUN
अंधश्रद्धांचे,NOUN
प्रबोधनकार,NOUN
ठाकरे,NOUN
टीकाकार,NOUN
होते,NOUN
महाराष्ट्र,NOUN
शासनाने,PP
प्रकाशित,NOUN
केलेल्या,NOUN
प्रबोधनकार,NOUN
ठाकरे,NOUN
समग्र,NOUN
वाङमय,NOUN
खंड,NOUN
चार,NOUN
मध्ये,PP
या,PART
पुस्तकाचा,NOUN
समावेश,NOUN
आहे,NOUN
ते,PART
तुम्ही,NOUN
या,PART
ठिकाणी,NOUN
वाचू,NOUN
शकता,NOUN
बीबीसी,NOUN
मराठीसाठी,PP
प्रबोधनकार,NOUN
ठाकरे,NOUN
यांच्या,PP
लेखन,NOUN
आणि,NOUN
कार्याचे,NOUN
अभ्यास,NOUN
सचिन,NOUN
परब,NOUN
यांनी,NOUN
सविस्तर,NOUN
लेख,NOUN
लिहिला,PP
होता,NOUN
तो,PART
तुम्ही,NOUN
इथे,NOUN
वाचू,NOUN
शकता,NOUN
प्रबोधनकार,NOUN
ठाकरेंचं,NOUN
बहुजनवादी,NOUN
हिंदुत्व,NOUN
कसं,NOUN
होतं,NOUN
20,NUM
नोव्हेंबर,NOUN
2022,NUM
प्रबोधनकार,NOUN
ठाकरेंचं,NOUN
बहुजनवादी,NOUN
हिंदुत्व,NOUN
कसं,NOUN
होतं,NOUN
प्रबोधनकार,NOUN
ठाकरेंनी,NOUN
गणपतीची,NOUN
मूर्तीच,NOUN
फोडून,NOUN
टाकण्याची,NOUN
धमकी,NOUN
का,PART
दिली,VERB
होती,NOUN
20,NUM
सप्टेंबर,NOUN
2023,NUM
प्रबोधनकार,NOUN
ठाकरेंनी,NOUN
गणपतीची,NOUN
मूर्तीच,NOUN
फोडून,NOUN
टाकण्याची,NOUN
धमकी,NOUN
का,PART
दिली,VERB
होती,NOUN
उद्धव,NOUN
ठाकरे,NOUN
राज,NOUN
ठाकरे,NOUN
आणि,NOUN
शेंडी,NOUN
जानव्याचं,NOUN
हिंदुत्व20,NOUN
ऑक्टोबर,NOUN
2021,NUM
उद्धव,NOUN
ठाकरे,NOUN
राज,NOUN
ठाकरे,NOUN
आणि,NOUN
शेंडी,NOUN
जानव्याचं,NOUN
हिंदुत्व,NOUN
एकनाथ,NOUN
शिंदे,NOUN
महाराष्ट्राचे,NOUN
मुख्यमंत्री,NOUN
इ,PART
महाराष्ट्र,NOUN
हे,PART
भारताच्या,PP
पश्चिम,NOUN
भागातले,VERB
एक,PART
राज्य,NOUN
आहे,NOUN
क्षेत्रफळाच्या,PP
दृष्टीने,PP
महाराष्ट्र,NOUN
भारतातील,NOUN
तिसरे,NOUN
व,PART
लोकसंख्येच्या,PP
बाबतीत,NOUN
दुसरे,NOUN
मोठे,NOUN
राज्य,NOUN
आहे,NOUN
महाराष्ट्र,NOUN
हे,PART
भारताच्या,PP
सर्वांत,NOUN
विकसनशिल,NOUN
राज्यांपैकी,NOUN
एक,PART
आहे,NOUN
महाराष्ट्र,NOUN
राज्याची,NOUN
सीमा,NOUN
गुजरात,NOUN
मध्य,NOUN
प्रदेश,NOUN
छत्तीसगढ,NOUN
तेलंगणा,NOUN
कर्नाटक,NOUN
गोवा,NOUN
आणि,NOUN
दादरा,NOUN
आणि,NOUN
नगर,NOUN
हवेली,VERB
या,PART
केंद्रशासित,NOUN
प्रदेशांशी,NOUN
जोडलेली,VERB
आहे,NOUN
राज्याच्या,PP
पश्चिमेला,PP
अरबी,NOUN
समुद्राची,NOUN
७२०,NUM
कि,PART
जवळपास,NOUN
११,NUM
कोटी,NOUN
लोकसंख्या,NOUN
असलेल्या,NOUN
महाराष्ट्राची,NOUN
राजधानी,NOUN
मुंबई,NOUN
आहे,NOUN
नागपूर,NOUN
शहर,NOUN
महाराष्ट्राची,NOUN
उपराजधानी,NOUN
आहे,NOUN
मध्ययुगीन,NOUN
महाराष्ट्र,NOUN
सातवाहन,NOUN
राजवंश,NOUN
राष्ट्रकूट,NOUN
राजवंश,NOUN
पश्चिम,NOUN
चालुक्य,NOUN
मुघल,NOUN
आणि,NOUN
मराठ्यांच्या,PP
साम्राज्याचा,NOUN
समावेश,NOUN
आहे,NOUN
विस्तार,NOUN
१,NUM
१८,NUM
८०९,NUM
चौरस,NOUN
मैल,NOUN
३,NUM
०७,NUM
७१३,NUM
चौरस,NOUN
किमी,NOUN
असून,NOUN
तो,PART
पश्चिम,NOUN
आणि,NOUN
कर्नाटक,NOUN
तेलंगणा,NOUN
गोवा,NOUN
गुजरात,NOUN
छत्तीसगड,NOUN
मध्य,NOUN
प्रदेश,NOUN
आणि,NOUN
दादरा,NOUN
आणि,NOUN
नगर,NOUN
हवेली,VERB
भारतीय,NOUN
राज्यांना,NOUN
अरबी,NOUN
समुद्र,NOUN
लागून,NOUN
आहे,NOUN
महाराष्ट्राला,PP
जगद्गुरू,NOUN
संत,NOUN
तुकाराम,NOUN
संत,NOUN
ज्ञानेश्र्वर,PP
संत,NOUN
चोखामेळा,NOUN
संत,NOUN
एकनाथ,NOUN
संत,NOUN
नामदेव,NOUN
संत,NOUN
गाडगेबाबा,NOUN
संत,NOUN
मुक्ताई,NOUN
यासारख्या,NOUN
अनेक,NOUN
महान,NOUN
संतांचा,NOUN
वारसा,NOUN
लाभला,PP
आहे,NOUN
त्यामुळे,NOUN
या,PART
राज्यास,NOUN
संतांची,NOUN
भूमी,NOUN
असेदेखील,NOUN
म्हणले,VERB
जाते,NOUN
पंढरपूर,NOUN
हे,PART
महाराष्ट्राचे,NOUN
आराध्य,NOUN
दैवत,NOUN
आहे,NOUN
मुंबई,NOUN
भारतातील,NOUN
टॉप,NOUN
शहर,NOUN
असून,NOUN
येथूनच,NOUN
अभिनेते,NOUN
राजकारणी,NOUN
आणि,NOUN
क्रिकेट,NOUN
खेळाडू,NOUN
तयार,NOUN
होतात,VERB
जगात,NOUN
महाराष्ट्राचे,NOUN
नाव,NOUN
गाजविणारे,NOUN
सचिन,NOUN
तेंडुलकर,NOUN
हे,PART
क्रिकेट,NOUN
खेळाडू,NOUN
महाराष्ट्रातले,VERB
आहेत,NOUN
मुघल,NOUN
साम्राज्याविरुद्ध,NOUN
लढा,NOUN
देऊन,NOUN
हिंदवी,NOUN
स्वराज्याची,NOUN
स्थापना,NOUN
करणारे,NOUN
छत्रपती,NOUN
शिवाजी,NOUN
महाराज,NOUN
याच,NOUN
राज्यातील,NOUN
आहेत,NOUN
जिजाऊ,NOUN
माताचे,NOUN
जन्म,NOUN
स्थान,NOUN
सिंदखेड,NOUN
राजा,NOUN
आणित्यांचे,NOUN
सासा,NOUN
जेथे,NOUN
छत्रपती,NOUN
शिवाजी,NOUN
महाराज,NOUN
यांचा,NOUN
जन्म,NOUN
झाले,VERB
ते,PART
शिवनेरी,NOUN
महाराष्ट्रात,NOUN
आहेत,NOUN
महाराष्ट्र,NOUN
रज्याला,PP
खुप,NOUN
मोठा,NOUN
इतिहास,NOUN
आहे,NOUN
याच,NOUN
महाराष्ट्रात,NOUN
प्रसिद्ध,NOUN
शेगाव,NOUN
चे,PART
गजानन,NOUN
महाराज,NOUN
संस्थान,NOUN
आहे,NOUN
जे,PART
जगभरात,NOUN
स्वच्छतेसाठी,PP
आणि,NOUN
तेथील,NOUN
सुविधांसाठी,PP
प्रसिद्ध,NOUN
आहे,NOUN
याच,NOUN
ठिकाणी,NOUN
आनंद,NOUN
सागर,NOUN
एक,PART
प्रेक्षणीय,NOUN
स्थळ,NOUN
पर्यकांचे,NOUN
आकर्षण,NOUN
आहे,NOUN
महाराष्ट्राला,PP
मोठा,NOUN
निसर्ग,NOUN
वारसा,NOUN
आणि,NOUN
संतांचा,NOUN
इतिहास,NOUN
लाभलेला,PP
आहे,NOUN
सर्व,NOUN
प्रकारची,NOUN
शेती,NOUN
महाराष्ट्रात,NOUN
केली,VERB
जाते,NOUN
यामध्ये,PP
मुख्यतः,NOUN
कपास,NOUN
ज्वारी,NOUN
गहू,NOUN
सोयाबीन,NOUN
हरभरा,NOUN
सोयाबीन,NOUN
यासारखे,NOUN
अनेक,NOUN
प्रकारच्या,PP
पिकांचा,NOUN
समावेश,NOUN
आहे,NOUN
महाराष्ट्राला,PP
ऋग्वेदामध्ये,PP
राष्ट्र,NOUN
या,PART
नावाने,PP
संबोधले,VERB
गेले,VERB
आहे,NOUN
अशोकाच्या,PP
काळात,NOUN
राष्ट्रिक,NOUN
आणि,NOUN
नंतर,NOUN
महाराष्ट्र,NOUN
या,PART
नावाने,PP
ओळखले,VERB
जाऊ,NOUN
लागले,VERB
असे,NOUN
चिनी,NOUN
प्रवाशी,NOUN
ह्युएन,NOUN
त्सांग,NOUN
व,PART
इतर,NOUN
प्रवाशांच्या,PP
नोंदींवरून,NOUN
दिसून,NOUN
येते,NOUN
हे,PART
नाव,NOUN
प्राकृत,NOUN
भाषेतील,NOUN
महाराष्ट्री,NOUN
या,PART
शब्दावरून,NOUN
पडले,VERB
असण्याची,NOUN
शक्यता,NOUN
आहे,NOUN
तर,PART
काहींच्या,PP
मते,NOUN
महाराष्ट्र,NOUN
म्हणजे,NOUN
महान,NOUN
असे,NOUN
राष्ट्र,NOUN
होय,NOUN
काही,NOUN
जण,PART
महाराष्ट्र,NOUN
या,PART
शब्दाचा,NOUN
अर्थ,NOUN
मर,PART
व,PART
रट्टा,NOUN
यांच्याशी,NOUN
लावतात,VERB
परंतु,NOUN
काहींच्या,PP
मते,NOUN
हे,PART
नाव,NOUN
महाकांतार,NOUN
महान,NOUN
वने,PP
दंडकारण्य,NOUN
या,PART
शब्दाचा,NOUN
अपभ्रंश,NOUN
आहे,NOUN
१,NUM
चक्रधर,NOUN
स्वामी,NOUN
यांनी,NOUN
महन्त्,NOUN
म्हणूनी,NOUN
महाराष्ट्र,NOUN
बोलिजे,NOUN
अशी,NOUN
व्याख्या,NOUN
केली,VERB
आहे,NOUN
या,PART
विषयाचा,NOUN
विस्तृत,NOUN
लेख,NOUN
पहा,NOUN
महाराष्ट्राचा,NOUN
इतिहास,NOUN
महाराष्ट्रातील,NOUN
विविध,NOUN
स्थळांचा,NOUN
नदी,NOUN
पर्वत,NOUN
स्थळ,NOUN
इ,PART
रामायण,NOUN
महाभारत,NOUN
इत्यादी,NOUN
प्राचीन,NOUN
ग्रंथामध्ये,PP
उल्लेख,NOUN
आढळतो,NOUN
उपलब्ध,NOUN
ऐतिहासिक,NOUN
साधनातून,NOUN
इ,PART
पूर्व,NOUN
तिसऱ्या,NOUN
शतकापासून,NOUN
महाराष्ट्राबद्दल,NOUN
माहिती,NOUN
मिळते,NOUN
महाराष्ट्राच्या,PP
प्रत्येक,NOUN
विभागाचा,NOUN
राजकीय,NOUN
कालखंडानुसार,NOUN
इतिहास,NOUN
वेगळा,NOUN
असला,PP
तरी,NOUN
सांस्कृतिक,NOUN
व,PART
सामाजिक,NOUN
इतिहास,NOUN
बराचसा,NOUN
समान,NOUN
आहे,NOUN
जनपद,NOUN
मगध,NOUN
मौर्य,NOUN
सातवाहन,NOUN
वाकाटक,NOUN
चालुक्य,NOUN
राष्ट्रकुट,NOUN
देवगिरीचे,NOUN
यादव,NOUN
अल्लाउद्दीन,NOUN
खिलजी,NOUN
मुहम्मद,NOUN
बिन,NOUN
तुघलक,NOUN
पोर्तुगीज,NOUN
विजापूर,NOUN
मुघल,NOUN
मराठा,NOUN
हैदराबादचा,NOUN
निजाम,NOUN
इंग्लिश,NOUN
लोक,NOUN
इत्यादी,NOUN
राज्यकर्त्यांनी,NOUN
महाराष्ट्राचे,NOUN
विविध,NOUN
भाग,NOUN
वेगवेगळ्या,NOUN
कालखंडांत,NOUN
व्यापले,VERB
होते,NOUN
महाराष्ट्री,NOUN
भाषेच्या,PP
वापराच्या,PP
संदर्भात,NOUN
महाराष्ट्राचा,NOUN
इतिहास,NOUN
तिसऱ्या,NOUN
शतकापासून,NOUN
नोंदवला,PP
गेला,PP
आहे,NOUN
त्या,NOUN
आधीच्या,PP
कालखंडाबद्दल,NOUN
विशेष,NOUN
माहिती,NOUN
उपलब्ध,NOUN
नाही,NOUN
त्या,NOUN
काळात,NOUN
हा,PART
दंडकारण्याचा,NOUN
भाग,NOUN
होता,NOUN
मगध,NOUN
चालुक्य,NOUN
वाकाटक,NOUN
राष्ट्रकुट,NOUN
यांचे,NOUN
राज्य,NOUN
महाराष्ट्रावर,PP
वेगवेगळ्या,NOUN
मध्ययुगीन,NOUN
कालखंडात,NOUN
होते,NOUN
परंतु,NOUN
सातवाहन,NOUN
राजा,NOUN
शालिवाहन,NOUN
आणि,NOUN
देवगिरीचे,NOUN
यादव,NOUN
यांच्या,PP
कालखंडात,NOUN
मराठी,NOUN
भाषा,NOUN
संस्कृतीचा,NOUN
विकास,NOUN
झाला,PP
मौर्य,NOUN
साम्राज्याच्या,PP
विघटनानंतर,NOUN
सातवाहन,NOUN
यांनी,NOUN
इ,PART
पू,PART
२३०,NUM
२२५,NUM
पर्यंत,NOUN
महाराष्ट्रावर,PP
राज्य,NOUN
केले,VERB
सातवाहनांच्या,PP
राज्यात,NOUN
मोठ्या,NOUN
प्रमाणात,NOUN
सांस्कृतिक,NOUN
सुधारणा,NOUN
झाली,VERB
महाराष्ट्री,NOUN
प्राकृत,NOUN
भाषा,NOUN
जी,PART
नंतर,NOUN
आधुनिक,NOUN
मराठी,NOUN
भाषेत,NOUN
रूपांतरीत,NOUN
झाली,VERB
सातवाहनांची,NOUN
राजभाषा,NOUN
होती,NOUN
७८,NUM
मध्ये,PP
महाराष्ट्राचा,NOUN
राज्यकर्ता,NOUN
गौतमीपुत्र,NOUN
सातकर्णी,NOUN
किंवा,NOUN
शातकारणी,NOUN
शालिवाहन,NOUN
हा,PART
होता,NOUN
त्याने,PP
सुरू,NOUN
केलेले,VERB
शालिवाहन,NOUN
शक,PART
पंचांग,NOUN
आजही,NOUN
रूढ,NOUN
आहे,NOUN
त्यानंतर,NOUN
देवगिरीच्या,PP
यादवांनी,NOUN
महाराष्ट्रावर,PP
राज्य,NOUN
प्रस्थापित,NOUN
केले,VERB
१३व्या,NOUN
शतकात,NOUN
महाराष्ट्र,NOUN
प्रथमच,NOUN
इस्लामी,NOUN
सत्तेखाली,VERB
आला,PP
जेव्हा,NOUN
दिल्लीचे,NOUN
अल्लाउद्दीन,NOUN
खिलजी,NOUN
व,PART
नंतर,NOUN
मुहम्मद,NOUN
बिन,NOUN
तुघलक,NOUN
यांनी,NOUN
दख्खनचे,NOUN
काही,NOUN
भाग,NOUN
काबीज,NOUN
केले,VERB
१३४७,NUM
मध्ये,PP
तुघलकांच्या,PP
पडावानंतर,NOUN
विजापूरच्या,PP
बहामनी,NOUN
सुलतानांनी,NOUN
सुमारे,NOUN
१५०,NUM
वर्षे,NOUN
राज्य,NOUN
केले,VERB
१७व्या,NOUN
शतकाच्या,PP
सुरुवातीस,NOUN
पश्चिम,NOUN
महाराष्ट्रातील,NOUN
मराठा,NOUN
साम्राज्याची,NOUN
मुहूर्तमेढ,NOUN
रोवली,VERB
गेली,VERB
शिवाजी,NOUN
महाराजांनी,NOUN
मराठा,NOUN
साम्राज्य,NOUN
स्थापन,NOUN
केले,VERB
छत्रपती,NOUN
शिवाजीराजे,NOUN
भोसले,VERB
यांच्या,PP
नेतृत्वाखाली,VERB
मराठ्यांनी,NOUN
आपले,VERB
स्वतंत्र,NOUN
राष्ट्र,NOUN
निर्माण,NOUN
करणे,NOUN
सुरू,NOUN
केले,VERB
१६७४,NUM
साली,VERB
राज्याभिषेकानंतर,NOUN
शिवाजी,NOUN
महाराजांच्या,PP
राज्याची,NOUN
अधिकृत,NOUN
सुरुवात,NOUN
झाली,VERB
शिवाजीराजांचे,NOUN
पुत्र,NOUN
संभाजी,NOUN
राजे,NOUN
भोसल्यांना,NOUN
मोगल,NOUN
बादशहा,NOUN
औरंगझेब,NOUN
यांनी,NOUN
पकडले,VERB
व,PART
त्यांची,NOUN
हत्या,NOUN
घडवून,NOUN
आणली,VERB
पुढील,NOUN
चार,NOUN
दशकात,NOUN
मराठा,NOUN
साम्राज्याची,NOUN
सूत्रे,NOUN
छ्त्रपतींचे,NOUN
प्रतिनिधी,NOUN
म्हणजेच,NOUN
पेशव्यांच्या,PP
हातात,VERB
गेली,VERB
भोसले,VERB
हे,PART
केवळ,NOUN
नाममात्र,NOUN
राज्यकर्ते,NOUN
राहिले,VERB
मोगलांना,NOUN
हरवून,NOUN
पेशवे,NOUN
भारताचे,NOUN
नवे,NOUN
राज्यकर्ते,NOUN
म्हणून,NOUN
उदयास,NOUN
आले,VERB
बाळाजी,NOUN
विश्वनाथ,NOUN
पेशवे,NOUN
व,PART
त्यांचे,NOUN
पुत्र,NOUN
बाजीराव,NOUN
पहिले,VERB
यांनी,NOUN
मराठा,NOUN
राज्य,NOUN
वाढवले,VERB
व,PART
सध्याच्या,PP
भारताच्याही,NOUN
सीमेपार,NOUN
आपले,VERB
वर्चस्व,NOUN
प्रस्थापित,NOUN
केले,VERB
१७६१,NUM
साली,VERB
पानिपतच्या,PP
तिसऱ्या,NOUN
लढाईत,NOUN
अफगाण,NOUN
सेनानी,NOUN
अहमदशाह,NOUN
अब्दालीने,PP
पेशव्यांचा,NOUN
व,PART
पर्यायाने,PP
मराठी,NOUN
साम्राज्याचा,NOUN
मोठा,NOUN
पराभव,NOUN
केला,PP
या,PART
पराभवानंतर,NOUN
मराठा,NOUN
साम्राज्याची,NOUN
एकसंधता,NOUN
नष्ट,NOUN
झाली,VERB
व,PART
महाराष्ट्रातील,NOUN
सत्ता,NOUN
पेशव्यांकडे,PP
राहिली,VERB
असली,VERB
तरी,NOUN
महाराष्ट्राबाहेरचे,NOUN
साम्राज्य,NOUN
अनेक,NOUN
सरदारांनी,NOUN
आपापल्यात,NOUN
वाटून,NOUN
घेतले,VERB
ब्रिटिश,NOUN
ईस्ट,NOUN
इंडिया,NOUN
कंपनीने,PP
भारतात,VERB
बस्तान,NOUN
बसवल्यावर,PP
मराठे,NOUN
व,PART
ब्रिटिश,NOUN
यांच्यात,NOUN
इ,PART
१७७७,NUM
१८१८च्या,PP
दरम्यान,NOUN
तीन,NOUN
युद्धे,NOUN
झाली,VERB
१८१९,NUM
मध्ये,PP
ब्रिटिशांनी,NOUN
पेशव्यांना,NOUN
पदच्युत,NOUN
करून,NOUN
मराठ्यांचे,NOUN
राज्य,NOUN
काबीज,NOUN
केले,VERB
महाराष्ट्र,NOUN
ब्रिटिशांच्या,PP
बॉम्बे,NOUN
राज्याचा,NOUN
एक,PART
भाग,NOUN
होता,NOUN
बॉम्बे,NOUN
राज्यात,NOUN
मुंबई,NOUN
प्रेसिडेन्सीमध्ये,PP
कराची,NOUN
ते,PART
उत्तर,NOUN
दख्खन,NOUN
भाग,NOUN
समाविष्ट,NOUN
होते,NOUN
अनेक,NOUN
राज्यकर्ते,NOUN
ब्रिटिशांचे,NOUN
वर्चस्व,NOUN
मानून,NOUN
आपापले,VERB
राज्य,NOUN
सांभाळीत,NOUN
होते,NOUN
मराठवाडा,NOUN
निजामाच्या,PP
प्रभुत्वाखाली,VERB
राहिला,PP
ब्रिटिशांनी,NOUN
सामाजिक,NOUN
सुधारणा,NOUN
तसेच,NOUN
अनेक,NOUN
नागरी,NOUN
सोयी,NOUN
सुविधा,NOUN
आणल्या,NOUN
परंतु,NOUN
त्यांच्या,PP
पक्षपाती,NOUN
निर्णयांमुळे,NOUN
व,PART
पारतंत्र्याच्या,PP
जाणीवेमुळे,NOUN
भारतीयांमध्ये,PP
असंतोष,NOUN
निर्माण,NOUN
झाला,PP
विसाव्या,NOUN
शतकाच्या,PP
सुरुवातीस,NOUN
लोकमान्य,NOUN
टिळक,NOUN
यांनी,NOUN
ब्रिटिशांविरुद्ध,NOUN
लढा,NOUN
उभारला,PP
जो,PART
पुढे,NOUN
महात्मा,NOUN
गांधी,NOUN
यांनी,NOUN
चालवला,PP
मुंबई,NOUN
हे,PART
भारतीय,NOUN
स्वातंत्र्यलढ्याचे,NOUN
एक,PART
महत्त्वाचे,NOUN
केंद्र,NOUN
होते,NOUN
या,PART
विषयावरील,NOUN
विस्तृत,NOUN
लेख,NOUN
पहा,NOUN
संयुक्त,NOUN
महाराष्ट्र,NOUN
चळवळ,NOUN
१९४७,NUM
रोजी,NOUN
भारताला,PP
स्वातंत्र्य,NOUN
मिळाल्यावर,PP
प्रांत,NOUN
व,PART
राज्यांची,NOUN
पुनर्रचना,NOUN
प्रक्रियेत,NOUN
भाषावार,NOUN
प्रांतरचनेच्या,PP
विचाराचे,NOUN
वर्चस्व,NOUN
होते,NOUN
तरीही,NOUN
भारत,NOUN
सरकारने,PP
मुंबईसह,NOUN
महाराष्ट्र,NOUN
राज्य,NOUN
निर्मितीस,NOUN
नकार,NOUN
दिला,PP
केंद्राच्या,PP
या,PART
पावित्र्याच्या,PP
विरोधात,NOUN
महाराष्ट्रातील,NOUN
जनतेने,PP
प्रखर,NOUN
आंदोलन,NOUN
केले,VERB
यात,NOUN
१०५,NUM
व्यक्तींनी,NOUN
आपल्या,NOUN
प्राणाचे,NOUN
बलिदान,NOUN
दिले,VERB
केंद्र,NOUN
सरकार,NOUN
मुंबई,NOUN
महाराष्ट्रात,NOUN
समाविष्ट,NOUN
करण्याच्या,PP
विरोधात,NOUN
होते,NOUN
आचार्य,NOUN
अत्रे,NOUN
शाहीर,NOUN
साबळे,NOUN
सेनापती,NOUN
बापट,NOUN
डांगे,NOUN
इत्यादी,NOUN
प्रभृतींनी,NOUN
संयुक्त,NOUN
महाराष्ट्र,NOUN
चळवळीला,PP
बळ,PART
दिले,VERB
आचार्य,NOUN
अत्र्यांनी,NOUN
मराठा,NOUN
या,PART
पत्रात,NOUN
आपली,VERB
आग्रही,NOUN
भूमिका,NOUN
मांडली,VERB
अखेर,NOUN
१,NUM
मे,PART
१९६०ला,PP
महाराष्ट्राचे,NOUN
सध्याचे,NOUN
प्रमुख,NOUN
भौगोलिक,NOUN
विभाग,NOUN
कोकण,NOUN
मराठवाडा,NOUN
पश्चिम,NOUN
महाराष्ट्र,NOUN
दक्षिण,NOUN
महाराष्ट्र,NOUN
उत्तर,NOUN
महाराष्ट्र,NOUN
विदर्भ,NOUN
एकत्र,NOUN
करून,NOUN
सध्याच्या,PP
मराठी,NOUN
भाषिक,NOUN
महाराष्ट्राची,NOUN
रचना,NOUN
करण्यात,NOUN
आली,VERB
१९६०,NUM
च्या,PP
दशकातील,NOUN
संयुक्त,NOUN
महाराष्ट्र,NOUN
चळवळीने,PP
महाराष्ट्राच्या,PP
विविध,NOUN
भौगोलिक,NOUN
भागांस,NOUN
एकत्र,NOUN
आणले,VERB
परंतु,NOUN
बेळगांव,NOUN
आणि,NOUN
आसपासचा,NOUN
परिसर,NOUN
व,PART
गुजरातेतील,NOUN
डांगी,NOUN
बोली,VERB
बोलणारा,NOUN
प्रदेश,NOUN
महाराष्ट्रात,NOUN
समाविष्ट,NOUN
केला,PP
गेला,PP
नाही,NOUN
बेळगांवासह,NOUN
८६५,NUM
गावे,NOUN
महाराष्ट्रात,NOUN
सामील,NOUN
करण्यासाठी,PP
आजही,NOUN
प्रयत्न,NOUN
सुरू,NOUN
आहेत,NOUN
महाराष्ट्र,NOUN
राज्य,NOUN
हे,PART
भारतीय,NOUN
उपखंडाच्या,PP
साधारण,NOUN
पश्चिम,NOUN
मध्य,NOUN
दिशेलाआहे,NOUN
महाराष्ट्राची,NOUN
जमीन,NOUN
प्राकृतिकदृष्ट्या,NOUN
एकसारखी,NOUN
homogeneous,NOUN
आहे,NOUN
व,PART
खूप,NOUN
मोठे,NOUN
क्षेत्र,NOUN
महाराष्ट्र,NOUN
देश,NOUN
पठारी,NOUN
आहे,NOUN
डेक्कन,NOUN
वा,PART
दख्खन,NOUN
असे,NOUN
या,PART
पठारांना,NOUN
संबोधले,VERB
जाते,NOUN
दख्खनचा,NOUN
पठारी,NOUN
प्रदेश,NOUN
विविध,NOUN
नद्यांनी,NOUN
व्यापलेला,PP
आहे,NOUN
महाराष्ट्राच्या,PP
पश्चिमेस,NOUN
व,PART
अरबी,NOUN
समुद्राला,PP
समांतर,NOUN
अशा,NOUN
सह्याद्री,NOUN
पर्वतरांगा,NOUN
किंवा,NOUN
पश्चिम,NOUN
घाट,NOUN
आहेत,NOUN
ज्यांची,NOUN
उंची,NOUN
सुमारे,NOUN
२१३४,NUM
मी,PART
या,PART
पर्वतरांगांमधून,NOUN
गोदावरी,NOUN
नर्मदा,NOUN
आणि,NOUN
कृष्णेसह,NOUN
इतरही,NOUN
अनेक,NOUN
नद्या,NOUN
उगम,NOUN
पावतात,VERB
अरबी,NOUN
समुद्राच्या,PP
व,PART
सह्याद्री,NOUN
पर्वतरांगाच्या,PP
मध्ये,PP
असलेल्या,NOUN
भागास,NOUN
कोकण,NOUN
म्हणतात,VERB
कोकण,NOUN
भागाची,NOUN
रुंदी,NOUN
५०,NUM
८०,NUM
कि,PART
राज्याच्या,PP
उत्तरेस,NOUN
सातपुडा,NOUN
तर,PART
पूर्वेस,NOUN
भामरागड,NOUN
चिरोळी,NOUN
गायखुरी,NOUN
पर्वतरांगा,NOUN
आहेत,NOUN
महाराष्ट्रातील,NOUN
काळी,NOUN
बेसाल्ट,NOUN
मृदा,NOUN
कापसाच्या,PP
लागवडीसाठी,PP
उपयुक्त,NOUN
आहे,NOUN
भारतातील,NOUN
इतर,NOUN
राज्यांप्रमाणेच,NOUN
राज्यपाल,NOUN
हा,PART
राज्याचा,NOUN
प्रमुख,NOUN
असतो,NOUN
राष्ट्रपती,NOUN
केंद्र,NOUN
सरकारच्या,PP
सल्ल्याने,PP
राज्यपालांची,NOUN
नेमणूक,NOUN
करतात,VERB
राज्यपाल,NOUN
हे,PART
पद,PART
केवळ,NOUN
नाममात्र,NOUN
असते,NOUN
राज्याचे,NOUN
शासन,NOUN
मुख्यमंत्री,NOUN
चालवतात,VERB
या,PART
व्यक्तीकडे,PP
शासनाचे,NOUN
सर्वाधिक,NOUN
अधिकार,NOUN
असतात,VERB
महाराष्ट्र,NOUN
विधानसभा,NOUN
व,PART
मंत्रालय,NOUN
राजधानी,NOUN
मुंबई,NOUN
येथे,NOUN
आहे,NOUN
मंत्रालयात,NOUN
राज्य,NOUN
सरकारची,NOUN
प्रशासकीय,NOUN
कार्यालये,NOUN
आहेत,NOUN
मुंबई,NOUN
उच्च,NOUN
न्यायालय,NOUN
याच,NOUN
शहरात,NOUN
आहे,NOUN
राज्य,NOUN
सरकारचे,NOUN
पावसाळी,NOUN
अधिवेशन,NOUN
मुंबई,NOUN
येथे,NOUN
तर,PART
हिवाळी,NOUN
अधिवेशन,NOUN
नागपूर,NOUN
महाराष्ट्राची,NOUN
उपराजधानी,NOUN
येथे,NOUN
होते,NOUN
महाराष्ट्रात,NOUN
दोन,NOUN
विधान,NOUN
सदने,PP
bicamel,NOUN
आहेत,NOUN
विधान,NOUN
सभेत,NOUN
लोकांनी,NOUN
प्रत्यक्षपणे,NOUN
निवडून,NOUN
दिलेले,VERB
प्रतिनिधी,NOUN
असतात,VERB
तर,PART
विधान,NOUN
परिषदेत,NOUN
अप्रत्यक्षरीत्या,NOUN
निवडलेले,VERB
प्रतिनिधी,NOUN
असतात,VERB
महाराष्ट्राचे,NOUN
संसदेत,NOUN
६७,NUM
प्रतिनिधी,NOUN
असतात,VERB
पैकी,NOUN
राज्यसभेत,NOUN
१९,NUM
प्रतिनिधी,NOUN
तर,PART
लोकसभेत,NOUN
४८,NUM
प्रतिनिधी,NOUN
असतात,VERB
भारताच्या,PP
स्वातंत्र्यानंतर,NOUN
महाराष्ट्रातील,NOUN
राज्य,NOUN
मुख्यत,NOUN
कॉॅंग्रेस,NOUN
पक्षाकडे,PP
आहे,NOUN
यशवंतराव,NOUN
चव्हाण,NOUN
वसंतदादा,NOUN
पाटील,NOUN
शरद,NOUN
पवार,NOUN
या,PART
काही,NOUN
महत्त्वाच्या,PP
काँग्रेस,NOUN
नेत्यांनी,NOUN
महाराष्ट्राचे,NOUN
मुख्यमंत्रीपद,NOUN
भूषविलेले,VERB
आहे,NOUN
१९९५,NUM
साली,VERB
शिवसेना,NOUN
भाजपा,NOUN
युती,NOUN
सत्तेवर,PP
आली,VERB
कॉॅंग्रेस,NOUN
पक्षातील,NOUN
फुटीनंतर,NOUN
शरद,NOUN
पवारांनी,NOUN
राष्ट्रवादी,NOUN
कॉॅंग्रेस,NOUN
हा,PART
नवा,NOUN
पक्ष,NOUN
स्थापन,NOUN
केला,PP
१९९९,NUM
नंतर,NOUN
१५,NUM
वर्षे,NOUN
राज्यात,NOUN
काँग्रेस,NOUN
राष्ट्रवादी,NOUN
काँग्रेस,NOUN
आघाडीची,NOUN
सत्ता,NOUN
राहिली,VERB
२०१४,NUM
च्या,PP
विधानसभा,NOUN
निवडणुकांनंतर,NOUN
राज्यात,NOUN
भाजपा,NOUN
शिवसेना,NOUN
युतीची,NOUN
सत्ता,NOUN
प्रस्थापित,NOUN
झाली,VERB
आणि,NOUN
देवेंद्र,NOUN
फडणवीस,NOUN
राज्याचे,NOUN
मुख्यमंत्री,NOUN
बनले,VERB
२०१९,NUM
च्या,PP
विधानसभा,NOUN
निवडणुकांनंतर,NOUN
राज्यात,NOUN
महाविकास,NOUN
आघाडीची,NOUN
सत्ता,NOUN
स्थापन,NOUN
झाली,VERB
आणि,NOUN
उद्धव,NOUN
ठाकरे,NOUN
मुख्यमंत्री,NOUN
बनले,VERB
या,PART
विषयाचा,NOUN
विस्तृत,NOUN
लेख,NOUN
महाराष्ट्रातील,NOUN
जिल्हे,NOUN
महाराष्ट्र,NOUN
राज्य,NOUN
३६,NUM
जिल्ह्यांत,NOUN
विभागले,VERB
गेले,VERB
आहे,NOUN
या,PART
जिल्ह्यांचे,NOUN
६,NUM
समूह,NOUN
अथवा,NOUN
महसुली,VERB
विभाग,NOUN
आहेत,NOUN
पुणे,NOUN
नाशिक,NOUN
छत्रपती,NOUN
संभाजीनगर,NOUN
औरंगाबाद,NOUN
कोकण,NOUN
नागपूर,NOUN
व,PART
अमरावती,NOUN
हे,PART
महाराष्ट्र,NOUN
शासनाचे,NOUN
अधिकृत,NOUN
राजस्व,NOUN
विभाग,NOUN
आहेत,NOUN
भौगोलिक,NOUN
ऐतिहासिक,NOUN
व,PART
राजकीय,NOUN
मतांनुसार,NOUN
महाराष्ट्रात,NOUN
पाच,NOUN
मुख्य,NOUN
विभाग,NOUN
आहेत,NOUN
देश,NOUN
पश्चिम,NOUN
महाराष्ट्र,NOUN
विभाग,NOUN
पुणे,NOUN
विभाग,NOUN
उत्तर,NOUN
महाराष्ट्र,NOUN
विभाग,NOUN
नाशिक,NOUN
विभाग,NOUN
मराठवाडा,NOUN
औरंगाबाद,NOUN
विभाग,NOUN
विदर्भ,NOUN
किंवा,NOUN
बेरार,NOUN
नागपूर,NOUN
आणि,NOUN
अमरावती,NOUN
विभाग,NOUN
आणि,NOUN
कोकण,NOUN
कोकण,NOUN
विभाग,NOUN
२०१४,NUM
साली,VERB
ठाणे,NOUN
जिल्ह्याचे,NOUN
विभाजन,NOUN
करून,NOUN
पालघर,NOUN
या,PART
नवीन,NOUN
जिल्ह्याची,NOUN
निर्मिती,NOUN
करण्यात,NOUN
आली,VERB
त्यामुळे,NOUN
एकूण,NOUN
जिल्ह्यांची,NOUN
संख्या,NOUN
वाढून,NOUN
३६,NUM
एवढी,NOUN
झालेली,VERB
आहे,NOUN
हे,PART
सुद्धा,NOUN
पहा,NOUN
महाराष्ट्रातील,NOUN
तालुके,NOUN
राज्याचे,NOUN
वार्षिक,NOUN
उत्पन्न,NOUN
पुढील,NOUN
तक्त्यात,NOUN
दिले,VERB
आहे,NOUN
स्रोत,NOUN
सांख्यिकी,NOUN
मंत्रालय,NOUN
भारत,NOUN
सरकार,NOUN
आकडे,PP
कोटी,NOUN
रु,PART
सन,PART
१९७०नंतरच्या,PP
दशकातील,NOUN
योग्य,NOUN
आर्थिक,NOUN
धोरणांमुळे,NOUN
महाराष्ट्र,NOUN
राज्य,NOUN
भारताच्या,PP
अग्रगण्य,NOUN
औद्योगिक,NOUN
राज्य,NOUN
बनले,VERB
आर्थिक,NOUN
क्षेत्रात,NOUN
पहिला,PP
क्रमांक,NOUN
मिळविण्याच्या,PP
प्रयत्न,NOUN
करणाऱ्या,NOUN
आणि,NOUN
प्रगतिशील,NOUN
पुरोगामी,NOUN
अशा,NOUN
राज्यांपैकी,NOUN
ते,PART
एक,PART
आहे,NOUN
परंतु,NOUN
महाराष्ट्रात,NOUN
विकास,NOUN
सारख्या,NOUN
प्रमाणात,NOUN
होऊ,NOUN
शकला,PP
नाही,NOUN
मुंबईसह,NOUN
पश्चिम,NOUN
महाराष्ट्राचा,NOUN
विकास,NOUN
झाला,PP
पण,PART
विदर्भ,NOUN
मराठवाडा,NOUN
व,PART
कोकण,NOUN
हे,PART
भाग,NOUN
मागास,NOUN
राहिले,VERB
महाराष्ट्रातील,NOUN
राजकारणात,NOUN
व,PART
नोकरशाहीतही,NOUN
पश्चिम,NOUN
महाराष्ट्राचा,NOUN
अधिक,NOUN
प्रभाव,NOUN
आहे,NOUN
संदर्भ,NOUN
हवा,NOUN
महाराष्ट्र,NOUN
भारताच्या,PP
दुसरे,NOUN
सर्वांत,NOUN
जास्त,NOUN
शहरीकरण,NOUN
झालेले,VERB
राज्य,NOUN
आहे,NOUN
एकूण,NOUN
राष्ट्रीय,NOUN
औद्योगिक,NOUN
उत्पन्नापैकी,NOUN
१३,NUM
महाराष्ट्राचे,NOUN
योगदान,NOUN
आहे,NOUN
१४,NUM
लोक,NOUN
कृषी,NOUN
व,PART
संबंधित,NOUN
उद्योगात,NOUN
रोजगार,NOUN
मिळवतात,VERB
एकूण,NOUN
वार्षिक,NOUN
उत्पन्नापैकी,NOUN
GSDP,NOUN
४६,NUM
हिस्सा,NOUN
हा,PART
कृषी,NOUN
व,PART
संबंधित,NOUN
उद्योगातून,NOUN
मिळतो,NOUN
महाराष्ट्रातील,NOUN
प्रमुख,NOUN
उद्योगधंदे,NOUN
रासायनिक,NOUN
आणि,NOUN
संबंधित,NOUN
उत्पादने,PP
विद्युत,NOUN
आणि,NOUN
साधी,NOUN
यंत्रे,NOUN
कापड,NOUN
पेट्रोलियम,NOUN
आणि,NOUN
तत्सम,NOUN
उद्योग,NOUN
हे,PART
आहेत,NOUN
इतर,NOUN
महत्त्वाचे,NOUN
उद्योगधंदे,NOUN
धातू,NOUN
उत्पादने,PP
वाईन,NOUN
द्राक्षापासून,NOUN
तयार,NOUN
केले,VERB
जाणारे,NOUN
मद्य,NOUN
दागिने,PP
औषधे,NOUN
अभियांत्रिकी,NOUN
सामान,NOUN
यांत्रिक,NOUN
सामान,NOUN
पोलाद,NOUN
व,PART
लोह,NOUN
उद्योग,NOUN
प्लास्टिक,NOUN
वायर्स,NOUN
महत्त्वाची,NOUN
पिके,NOUN
आंबा,NOUN
द्राक्षे,NOUN
केळी,NOUN
संत्री,NOUN
गहू,NOUN
तांदूळ,NOUN
ज्वारी,NOUN
बाजरी,NOUN
आणि,NOUN
कडधान्ये,NOUN
महत्त्वाची,NOUN
नगदी,NOUN
पिके,NOUN
शेंगदाणे,NOUN
कापूस,NOUN
ऊस,PART
हळकुंड,NOUN
व,PART
तंबाखू,NOUN
माहाराष्ट्रातील,NOUN
सिंचनाखालील,NOUN
जमीन,NOUN
३३,NUM
५००,NUM
किमी२,NOUN
इतकी,NOUN
आहे,NOUN
मुंबई,NOUN
महाराष्ट्राची,NOUN
राजधानी,NOUN
भारताची,NOUN
आर्थिक,NOUN
राजधानी,NOUN
म्हणून,NOUN
ओळखली,VERB
जाते,NOUN
जवळजवळ,NOUN
सर्व,NOUN
प्रमुख,NOUN
बँका,NOUN
आर्थिक,NOUN
संस्था,NOUN
विमा,NOUN
संस्था,NOUN
व,PART
गुंतवणूक,NOUN
संस्थांची,NOUN
मुख्य,NOUN
कार्यालये,NOUN
येथे,NOUN
आहेत,NOUN
भारताच्या,PP
चित्रपट,NOUN
आणि,NOUN
दूरचित्रवाणी,NOUN
कार्यक्रमांचे,NOUN
पहिल्या,NOUN
क्रमांकाचे,NOUN
निर्मिती,NOUN
केंद्र,NOUN
मुंबई,NOUN
आहे,NOUN
मुंबई,NOUN
शेअर,NOUN
बाजार,NOUN
भारताच्या,PP
सर्वांत,NOUN
मोठा,NOUN
व,PART
आशियातील,NOUN
सर्वांत,NOUN
जुना,NOUN
ही,PART
महत्त्वाची,NOUN
संस्था,NOUN
मुंबईत,NOUN
आहे,NOUN
महाराष्ट्र,NOUN
सरकारने,PP
सॉफ्टवेर,NOUN
पार्क्स,NOUN
पुणे,NOUN
मुंबई,NOUN
नाशिक,NOUN
नागपूर,NOUN
आणि,NOUN
औरंगाबाद,NOUN
येथे,NOUN
स्थापन,NOUN
केली,VERB
आहेत,NOUN
कोळसानिर्मित,NOUN
व,PART
अणुनिर्मित,NOUN
वीज,NOUN
या,PART
क्षेत्रात,NOUN
महाराष्ट्राचा,NOUN
प्रथम,NOUN
क्रमांक,NOUN
आहे,NOUN
जट्रोफा,NOUN
लागवडीसाठी,PP
महाराष्ट्राने,PP
नवा,NOUN
प्रयोग,NOUN
सुरू,NOUN
केला,PP
आहे,NOUN
४१,NUM
पेक्षा,NOUN
जास्त,NOUN
S,PART
P,PART
CNX,NOUN
500,NUM
कंपन्यांची,NOUN
महाराष्ट्रात,NOUN
कार्यालये,NOUN
आहेत,NOUN
महाराष्ट्राच्या,PP
रहिवाशांना,NOUN
महाराष्ट्रीय,NOUN
अथवा,NOUN
मराठी,NOUN
माणूस,NOUN
असे,NOUN
संबोधतात,VERB
२०११,NUM
च्या,PP
जनगणनेनुसार,NOUN
महाराष्ट्राची,NOUN
लोकसंख्या,NOUN
११,NUM
२३,NUM
७२,NUM
९७२,NUM
आहे,NOUN
महाराष्ट्र,NOUN
लोकसंख्येनुसार,NOUN
भारताच्या,PP
दुसऱ्या,NOUN
क्रमांकाचे,NOUN
राज्य,NOUN
आहे,NOUN
मराठी,NOUN
बोलणाऱ्यांची,NOUN
संख्या,NOUN
६२,NUM
४८१,NUM
६८१,NUM
आहे,NOUN
महाराष्ट्र,NOUN
राज्यापेक्षा,NOUN
जास्त,NOUN
लोकसंख्या,NOUN
असणारे,NOUN
केवळ,NOUN
११,NUM
देश,NOUN
आहेत,NOUN
महाराष्ट्रातील,NOUN
शहरी,NOUN
लोकसंख्येची,NOUN
टक्केवारी,NOUN
४२,NUM
लिंग,NOUN
गुणोत्तर,NOUN
sex,NOUN
ratio,NOUN
१,NUM
०००,NUM
पुरुषांमागे,NOUN
९४६,NUM
महिला,PP
इतका,NOUN
आहे,NOUN
साक्षरता,NOUN
वाढीचा,NOUN
दर,PART
१९९१,NUM
२००१ला,PP
२२,NUM
मराठी,NOUN
ही,PART
महाराष्ट्राची,NOUN
अधिकृत,NOUN
भाषा,NOUN
आहे,NOUN
त्यामुळे,NOUN
महाराष्ट्रात,NOUN
मराठी,NOUN
प्रामुख्याने,PP
बोलली,VERB
जाते,NOUN
इंग्रजी,NOUN
सुद्धा,NOUN
शहरी,NOUN
भागात,NOUN
काही,NOUN
प्रमाणात,NOUN
बोलली,VERB
जाते,NOUN
वायव्य,NOUN
महाराष्ट्रात,NOUN
अहिराणी,NOUN
बोलीभाषा,NOUN
तर,PART
दक्षिण,NOUN
कोकणात,NOUN
कोळी,NOUN
कोंकणी,NOUN
मालवणी,NOUN
व,PART
विदर्भात,NOUN
वऱ्हाडी,NOUN
आणि,NOUN
झाडीबोली,VERB
या,PART
बोलीभाषा,NOUN
अस्तित्वात,NOUN
आहेत,NOUN
महाराष्ट्रामधील,NOUN
धर्म,NOUN
२०११,NUM
नुसार,NOUN
३,NUM
राज्यात,NOUN
८०,NUM
हिंदू,NOUN
६,NUM
बौद्ध,NOUN
१२,NUM
मुस्लिम,NOUN
१,NUM
जैन,NOUN
व,PART
१,NUM
ख्रिश्चन,NOUN
धर्मीय,NOUN
लोक,NOUN
आहेत,NOUN
काही,NOUN
प्रमाणार,NOUN
शीख,NOUN
ज्यू,NOUN
व,PART
पारशी,NOUN
धर्मीय,NOUN
देखील,NOUN
आहेत,NOUN
सन,PART
२०११,NUM
च्या,PP
जनगणनेनुसार,NOUN
महाराष्ट्राच्या,PP
लोकसंख्येची,NOUN
घनता,NOUN
३६५,NUM
प्रति,NOUN
चौरस,NOUN
किमी,NOUN
इतकी,NOUN
झाली,VERB
आहे,NOUN
सन,PART
२००१,NUM
मध्ये,PP
ती,PART
३१५,NUM
इतकी,NOUN
होती,NOUN
महाराष्ट्रातील,NOUN
काही,NOUN
मंदिरे,NOUN
अनेक,NOUN
शतके,NOUN
जुनी,NOUN
आहेत,NOUN
मंदिरांच्या,PP
शिल्पशैलीत,NOUN
उत्तर,NOUN
व,PART
दक्षिण,NOUN
भारताचा,NOUN
मिलाप,NOUN
आढळतो,NOUN
मंदिरांवर,PP
हिंदू,NOUN
बौद्ध,NOUN
व,PART
जैन,NOUN
संस्कृतींचा,NOUN
ठसा,NOUN
आहे,NOUN
औरंगाबादजवळील,NOUN
अजिंठा,NOUN
व,PART
वेरुळची,NOUN
लेणी,NOUN
जगप्रसिद्ध,NOUN
आहेत,NOUN
मोगल,NOUN
शिल्पशैलीची,NOUN
झलक,NOUN
औरंगाबाद,NOUN
येथीलच,NOUN
बीबी,NOUN
का,PART
मकबरा,NOUN
येथे,NOUN
पहायला,PP
मिळते,NOUN
महाराष्ट्रात,NOUN
अनेक,NOUN
दुर्ग,NOUN
व,PART
किल्ले,VERB
आहेत,NOUN
रायगड,NOUN
प्रतापगड,NOUN
व,PART
सिंधुदुर्ग,NOUN
ही,PART
काही,NOUN
उदाहरणे,NOUN
महाराष्ट्राचे,NOUN
लोकसंगीत,NOUN
समृद्ध,NOUN
आहे,NOUN
गोंधळ,NOUN
लावणी,NOUN
भारुड,NOUN
अभंग,NOUN
आणि,NOUN
पोवाडा,NOUN
हे,PART
प्रकार,NOUN
विशेष,NOUN
लोकप्रिय,NOUN
आहेत,NOUN
मराठी,NOUN
साहित्य,NOUN
भारताच्या,PP
अग्रगण्य,NOUN
असे,NOUN
असून,NOUN
ज्ञानेश्वर,PP
भावार्थदीपिका,NOUN
अर्थात,NOUN
ज्ञानेश्वरी,NOUN
चे,PART
रचयिते,NOUN
संत,NOUN
एकनाथ,NOUN
संत,NOUN
तुकाराम,NOUN
पु,PART
अत्रे,NOUN
व्यंकटेश,NOUN
माडगूळकर,NOUN
हे,PART
काही,NOUN
प्रमुख,NOUN
लेखक,NOUN
व,PART
कवी,NOUN
आहेत,NOUN
प्रत्येक,NOUN
वर्षी,NOUN
अनेक,NOUN
मराठी,NOUN
पुस्तके,NOUN
प्रकाशित,NOUN
होत,NOUN
असतात,VERB
मराठी,NOUN
नाटक,NOUN
चित्रपट,NOUN
व,PART
दूरचित्रवाणीचे,NOUN
केंद्र,NOUN
मुंबई,NOUN
येथे,NOUN
आहे,NOUN
आणि,NOUN
बहुतेक,NOUN
कलाकार,NOUN
सर्व,NOUN
माध्यमातून,NOUN
कामे,NOUN
करतात,VERB
मराठी,NOUN
चित्रपटसृष्टीतील,NOUN
काही,NOUN
प्रसिद्ध,NOUN
व्यक्ति,NOUN
पु,PART
देशपांडे,NOUN
अशोक,NOUN
सराफ,NOUN
लक्ष्मीकांत,NOUN
बेर्डे,NOUN
सचिन,NOUN
पिळगांवकर,NOUN
महेश,NOUN
कोठारे,NOUN
आणि,NOUN
व्ही,NOUN
मराठी,NOUN
नाटकांचा,NOUN
जुना,NOUN
काळ,NOUN
हा,PART
कोल्हटकर,NOUN
खाडिलकर,NOUN
देवल,NOUN
गडकरी,NOUN
व,PART
किर्लोस्कर,NOUN
आदी,NOUN
लेखकांनी,NOUN
गाजवला,PP
तो,PART
काळ,NOUN
संगीत,NOUN
नाटके,NOUN
आणि,NOUN
नाट्यसंगीताचा,NOUN
होता,NOUN
याच,NOUN
काळात,NOUN
बालगंधर्व,NOUN
केशवराव,NOUN
भोसले,VERB
भाऊराव,NOUN
कोल्हटकर,NOUN
व,PART
दीनानाथ,NOUN
मंगेशकर,NOUN
या,PART
गायक,NOUN
कलावंतानी,NOUN
रंगभूमीची,NOUN
सेवा,NOUN
केली,VERB
मराठी,NOUN
दूरचित्रवाणी,NOUN
वाहिन्या,NOUN
पुढीलप्रमाणे,NOUN
दूरदर्शन,NOUN
सह्याद्री,NOUN
ABP,NOUN
माझा,NOUN
कलर,NOUN
मराठी,NOUN
झी,PART
मराठी,NOUN
स्टार,NOUN
माझा,NOUN
मी,PART
मराठी,NOUN
झी,PART
टॉकीज,NOUN
झी,PART
२४,NUM
तास,NOUN
आयबीएन,NOUN
लोकमत,NOUN
आणि,NOUN
साम,NOUN
मराठी,NOUN
मागील,NOUN
काही,NOUN
वर्षांपासून,NOUN
मराठी,NOUN
वाहिन्यांनी,NOUN
लोकप्रियता,NOUN
मिळवली,VERB
असून,NOUN
बहुतेक,NOUN
वाहिन्या,NOUN
२४,NUM
तास,NOUN
सुरू,NOUN
असतात,VERB
परदेशस्थ,NOUN
मराठी,NOUN
माणसेदेखील,NOUN
यांचा,NOUN
आस्वाद,NOUN
घेतात,VERB
महाराष्ट्राची,NOUN
खाद्यसंस्कृती,NOUN
भागानुसार,NOUN
बदलते,NOUN
कोकणात,NOUN
भात,NOUN
व,PART
मासे,NOUN
लोकप्रिय,NOUN
आहेत,NOUN
तर,PART
पूर्व,NOUN
महाराष्ट्रात,NOUN
गहू,NOUN
ज्वारी,NOUN
आणि,NOUN
बाजरी,NOUN
जास्त,NOUN
खाल्ली,VERB
जाते,NOUN
सर्व,NOUN
प्रकारच्या,PP
डाळी,NOUN
कांदे,NOUN
बटाटे,NOUN
टॉमेटो,NOUN
मिरची,NOUN
लसूण,NOUN
व,PART
आले,VERB
हे,PART
पदार्थ,NOUN
मराठी,NOUN
जेवणात,NOUN
सर्रास,NOUN
वापरले,VERB
जातात,VERB
सामिष,NOUN
अन्न,NOUN
अनेक,NOUN
जणांना,NOUN
आवडते,NOUN
मराठी,NOUN
स्त्रियांचा,NOUN
पारंपरिक,NOUN
वेष,NOUN
नऊवारी,NOUN
साडी,NOUN
तर,PART
पुरुषांचा,NOUN
धोतर,NOUN
पायजमा,NOUN
आणि,NOUN
सदरा,NOUN
असा,NOUN
आहे,NOUN
परंतु,NOUN
शहरी,NOUN
भागात,NOUN
आधुनिक,NOUN
पेहराव,NOUN
केले,VERB
जातात,VERB
त्याचबरोबर,NOUN
महाराष्ट्रातील,NOUN
खास,NOUN
महाराष्ट्राच्या,PP
राजधानीतील,NOUN
मुंबईमधील,NOUN
एक,PART
महत्त्वाची,NOUN
जात,NOUN
म्हणजे,NOUN
कोळी,NOUN
ह्या,NOUN
मुंबईला,PP
संपूर्ण,NOUN
समुद्र,NOUN
किनारा,NOUN
लाभल्याने,PP
येथील,NOUN
समुद्र,NOUN
किनाऱ्यावर,PP
आद्य,NOUN
अवलंबून,NOUN
असणारा,NOUN
कोळी,NOUN
समाज,NOUN
हा,PART
मूळ,NOUN
मुंबईचाच,NOUN
आहे,NOUN
असे,NOUN
म्हणण्यात,NOUN
काहीही,NOUN
वावगे,NOUN
ठरणार,NOUN
नाही,NOUN
मुळात,NOUN
मुंबई,NOUN
हे,PART
बेटच,NOUN
सात,NOUN
भूभागांनी,NOUN
एकत्र,NOUN
बनण्यात,NOUN
आले,VERB
आहे,NOUN
ते,PART
म्हणजे,NOUN
कुलाबा,NOUN
जुने,PP
स्त्रीचे,NOUN
बेट,NOUN
लहान,NOUN
कुलाबा,NOUN
माहीम,NOUN
माझगाव,NOUN
परळ,NOUN
वरळी,NOUN
आणि,NOUN
मलबार,NOUN
हिल,NOUN
ह्या,NOUN
कोळीवाड्यांमुळे,NOUN
बनली,VERB
आहे,NOUN
ह्या,NOUN
कोळी,NOUN
लोकांत,NOUN
फार,NOUN
जातीचे,NOUN
लोक,NOUN
असून,NOUN
त्यांच्यात,NOUN
स्त्रिया,NOUN
लुगडे,NOUN
चोळी,NOUN
पातळ,NOUN
फडकी,NOUN
आणि,NOUN
पुरुष,NOUN
रुमाल,NOUN
आणि,NOUN
कान,NOUN
टोपेरा,NOUN
आणि,NOUN
शर्ट,NOUN
असे,NOUN
असते,NOUN
कोळी,NOUN
नृत्य,NOUN
हे,PART
महाराष्ट्रातील,NOUN
लावणी,NOUN
नृत्यानंतर,NOUN
प्रसिद्ध,NOUN
आहे,NOUN
भारताच्या,PP
इतर,NOUN
प्रांतांप्रमाणेच,NOUN
क्रिकेट,NOUN
हा,PART
खेळ,NOUN
येथेही,NOUN
लोकप्रिय,NOUN
आहे,NOUN
लहान,NOUN
मुलांत,NOUN
विटी,NOUN
दांडू,NOUN
पकडा,NOUN
पकडी,NOUN
हे,PART
खेळ,NOUN
लोकप्रिय,NOUN
आहेत,NOUN
दिवाळी,NOUN
रंगपंचमी,NOUN
गोकुळाष्टमी,NOUN
व,PART
गणेशोत्सव,NOUN
होळी,NOUN
हे,PART
महाराष्ट्राचे,NOUN
मुख्य,NOUN
उत्सव,NOUN
आहेत,NOUN
यांपैकी,NOUN
गणेशोत्सव,NOUN
सर्वांत,NOUN
मोठा,NOUN
व,PART
लोकप्रिय,NOUN
सण,PART
आहे,NOUN
जो,PART
आता,NOUN
देशभर,NOUN
साजरा,NOUN
केला,PP
जातो,NOUN
दहा,NOUN
दिवस,NOUN
साजरा,NOUN
होणारा,NOUN
हा,PART
सण,PART
बुद्धी,NOUN
व,PART
विद्येचे,NOUN
दैवत,NOUN
असणाऱ्या,NOUN
गणपतीचा,NOUN
आहे,NOUN
त्याचबरोबर,NOUN
शिव,NOUN
जयंती,NOUN
वटपौर्णिमा,NOUN
मकरसंक्रांती,NOUN
दसरा,NOUN
इ,PART
सण,PART
देखील,NOUN
साजरे,NOUN
केले,VERB
जातात,VERB
स्वातंत्र्यपूर्व,NOUN
काळात,NOUN
सामाजिक,NOUN
सुधारणा,NOUN
व,PART
चळवळ,NOUN
व,PART
स्त्री,NOUN
शिक्षणाची,NOUN
चळवळ,NOUN
महाराष्ट्रातूनच,NOUN
सुरू,NOUN
झाली,VERB
ह्यात,NOUN
महात्मा,NOUN
जोतिबा,NOUN
फुले,VERB
गोपाळ,NOUN
गणेश,NOUN
आगरकर,NOUN
धोंडो,NOUN
केशव,NOUN
कर्वे,NOUN
हे,PART
अग्रणी,NOUN
होते,NOUN
राज्याचा,NOUN
सर्व,NOUN
भाग,NOUN
मान्सून,NOUN
प्रकारच्या,PP
हवामानाच्या,PP
पट्ट्यात,NOUN
मोडतो,NOUN
मार्चपासून,NOUN
सुरू,NOUN
असणारा,NOUN
उन्हाळा,NOUN
मे,PART
महिन्यात,NOUN
संपतो,NOUN
जूनच्या,PP
आरंभापासून,NOUN
मोसमी,NOUN
वाऱ्यांपासून,NOUN
पाऊस,NOUN
पडतो,NOUN
पावसाळ्यात,NOUN
जमिनीवर,PP
पसरलेली,VERB
हिरवळ,NOUN
त्यानंतर,NOUN
येणाऱ्या,NOUN
सौम्य,NOUN
हिवाळ्यात,NOUN
देखील,NOUN
टिकून,NOUN
राहते,NOUN
मात्र,NOUN
एकदा,NOUN
का,PART
उन्हाळा,NOUN
सुरू,NOUN
झाला,PP
की,PART
हिरवळ,NOUN
वाळून,NOUN
जाते,NOUN
व,PART
सर्वत्र,NOUN
रूक्षपणा,NOUN
पसरतो,NOUN
जून,NOUN
ते,PART
सप्टेंबर,NOUN
या,PART
चार,NOUN
महिन्यात,NOUN
पडणारा,NOUN
मोसमी,NOUN
पाऊस,NOUN
जोराचा,NOUN
असतो,NOUN
आणि,NOUN
घाटमाध्यावर,PP
त्याचे,NOUN
प्रमाण,NOUN
४००,NUM
सें,NOUN
सह्यादीच्या,PP
पश्चिमेकडील,NOUN
वाऱ्यांच्या,PP
दिशेत,NOUN
येणाऱ्या,NOUN
कोकण,NOUN
भागात,NOUN
मुसळधार,NOUN
पाऊस,NOUN
पडतो,NOUN
मात्र,NOUN
उत्तरेकडे,PP
त्याचे,NOUN
प्रमाण,NOUN
कमी,NOUN
होत,NOUN
जाते,NOUN
सह्याद्रीच्या,PP
पूर्वेकडे,PP
पर्जन्यछायेच्या,PP
प्रदेश,NOUN
असून,NOUN
मावळ,NOUN
भागातून,NOUN
हळूहळू,NOUN
पूर्वेकडे,PP
गेल्यास,NOUN
पावसाचे,NOUN
प्रमाण,NOUN
कमी,NOUN
होते,NOUN
व,PART
दख्खनचे,NOUN
पठाराच्या,PP
Deccan,NOUN
Plateau,NOUN
पश्चिम,NOUN
भागात,NOUN
ते,PART
७०,NUM
से,PART
सोलापूर,NOUN
व,PART
अहमदनगर,NOUN
हे,PART
जिल्हे,NOUN
कोरड्या,NOUN
भागाच्या,PP
मर्मस्थानीच,NOUN
आहेत,NOUN
मोसमी,NOUN
ऋतूच्या,PP
उत्तरकाळात,NOUN
पूर्वेकडील,NOUN
मराठवाडा,NOUN
आणि,NOUN
विदर्भ,NOUN
या,PART
भागात,NOUN
पावसाचे,NOUN
प्रमाण,NOUN
थोडेसे,NOUN
वाढते,NOUN
मराठवाड्यात,NOUN
थोडासा,NOUN
वळवाचा,NOUN
पाऊस,NOUN
पडतो,NOUN
तर,PART
विदर्भात,NOUN
बंगालच्या,PP
उपसागरावरून,NOUN
येणारी,NOUN
मोसमी,NOUN
वाऱ्यांची,NOUN
शाखादेखील,NOUN
थोडासा,NOUN
पाऊस,NOUN
देते,NOUN
भारतीय,NOUN
रेल्वेचे,NOUN
जाळे,NOUN
राज्यभर,NOUN
आहे,NOUN
व,PART
लांबच्या,PP
प्रवासाकरीता,NOUN
रेल्वे,NOUN
हे,PART
सोयीचे,NOUN
साधन,NOUN
आहे,NOUN
महाराष्ट्राच्या,PP
बहुतेक,NOUN
भागांना,NOUN
मध्य,NOUN
रेल्वे,NOUN
सेवा,NOUN
पुरवते,NOUN
कोकण,NOUN
भागात,NOUN
कोकण,NOUN
रेल्वे,NOUN
तर,PART
इतर,NOUN
काही,NOUN
भागांना,NOUN
पश्चिम,NOUN
रेल्वे,NOUN
सेवा,NOUN
देते,NOUN
सध्या,NOUN
मुंबई,NOUN
शहरात,NOUN
मोनोरेल,NOUN
व,PART
पुणे,NOUN
शहरात,NOUN
मेट्रो,NOUN
प्रकल्प,NOUN
हाती,NOUN
घेण्यात,NOUN
आला,PP
आहे,NOUN
महाराष्ट्र,NOUN
राज्य,NOUN
परिवहन,NOUN
मंडळाची,NOUN
एस,PART
टी,PART
सेवा,NOUN
बहुतेक,NOUN
शहरे,NOUN
व,PART
खेड्यांत,NOUN
उपलब्ध,NOUN
असते,NOUN
चे,PART
जाळे,NOUN
महाराष्ट्रभर,NOUN
पसरले,VERB
आहे,NOUN
विशेषतः,NOUN
ग्रामीण,NOUN
विभागात,NOUN
या,PART
बसेस,NOUN
लोकप्रिय,NOUN
आहेत,NOUN
बरोबरच,NOUN
खाजगी,NOUN
बससेवाही,NOUN
असतात,VERB
बाबासाहेब,NOUN
आंबेडकर,NOUN
आंतरराष्ट्रीय,NOUN
विमानतळ,NOUN
नागपूर,NOUN
छत्रपती,NOUN
शिवाजी,NOUN
आंतरराष्ट्रीय,NOUN
विमानतळ,NOUN
मुंबई,NOUN
असे,NOUN
एकूण,NOUN
पाच,NOUN
आंतरराष्ट्रीय,NOUN
विमानतळ,NOUN
आहेत,NOUN
नागपूर,NOUN
व,PART
पुणे,NOUN
विमानतळांवर,PP
देशांतर्गत,NOUN
तसेच,NOUN
काही,NOUN
आंतरराष्ट्रीय,NOUN
उड्डाणेदेखील,NOUN
होतात,VERB
छत्रपती,NOUN
संभाजीनगर,NOUN
रत्नागिरी,NOUN
कोल्हापूर,NOUN
व,PART
सोलापूर,NOUN
येथेही,NOUN
राष्ट्रीय,NOUN
विमानतळ,NOUN
आहेत,NOUN
मुंबईतल्या,NOUN
बंदरांपासून,NOUN
कोकण,NOUN
किनारपट्टीवरील,NOUN
इतर,NOUN
बंदरात,NOUN
फेरी,NOUN
सेवा,NOUN
समुद्रावरून,NOUN
वाहतूक,NOUN
होत,NOUN
असते,NOUN
शहरी,NOUN
भागात,NOUN
३,NUM
आसनी,NOUN
रिक्षा,NOUN
तर,PART
उपनगरात,NOUN
सहाआसनी,NOUN
रिक्षा,NOUN
लोकप्रिय,NOUN
आहेत,NOUN
महाराष्ट्रात,NOUN
महामार्गांचे,NOUN
मोठे,NOUN
जाळे,NOUN
आहे,NOUN
मुंबई,NOUN
पुणे,NOUN
द्रुतगतीमार्ग,NOUN
हा,PART
भारताच्या,PP
सर्वांत,NOUN
पहिला,PP
टोलमार्ग,NOUN
आहे,NOUN
मुंबई,NOUN
नागपूर,NOUN
दरम्यानच्या,PP
या,PART
प्रतीच्या,PP
मार्गाचे,NOUN
काम,NOUN
सुरू,NOUN
आहे,NOUN
मुंबई,NOUN
व,PART
न्हावा,NOUN
शेवा,NOUN
ही,PART
महाराष्ट्रातील,NOUN
मोठी,NOUN
बंदरे,NOUN
आहेत,NOUN
मुंबई,NOUN
मुंबई,NOUN
ही,PART
महाराष्ट्र,NOUN
राज्याची,NOUN
राजधानी,NOUN
असून,NOUN
भारताच्या,PP
सर्वांत,NOUN
जास्त,NOUN
लोकसंख्या,NOUN
असलेले,VERB
शहर,NOUN
आहे,NOUN
मुंबई,NOUN
ही,PART
भारताची,NOUN
आर्थिक,NOUN
व,PART
मनोरंजनाची,NOUN
राजधानी,NOUN
आहे,NOUN
मुंबईत,NOUN
अनेक,NOUN
कंपन्यांची,NOUN
मुख्य,NOUN
कार्यालये,NOUN
आहेत,NOUN
मुंबईत,NOUN
व्यवसाय,NOUN
व,PART
नोकरीच्या,PP
अनेक,NOUN
संधी,NOUN
उपलब्ध,NOUN
असल्याने,PP
भारताच्या,PP
विविध,NOUN
भागांतून,NOUN
लोक,NOUN
रोजगारासाठी,PP
येथे,NOUN
मोठ्या,NOUN
संख्येने,PP
येतात,VERB
पुणे,NOUN
शिवाजीपूर्वकाळापासून,NOUN
ज्ञात,NOUN
इतिहास,NOUN
असलेले,VERB
पुणे,NOUN
शहर,NOUN
ही,PART
महाराष्ट्राची,NOUN
सांस्कृतिक,NOUN
राजधानी,NOUN
मानली,VERB
जाते,NOUN
शिक्षण,NOUN
आणि,NOUN
संशोधनसंस्था,NOUN
येथे,NOUN
मोठ्या,NOUN
संख्येने,PP
आहेत,NOUN
पुणे,NOUN
शहर,NOUN
परिसरात,NOUN
आधुनिक,NOUN
उद्योगव्यवसाय,NOUN
मोठ्या,NOUN
संख्येने,PP
उभे,NOUN
राहिले,VERB
आहेत,NOUN
विशेषतः,NOUN
माहिती,NOUN
तंत्रज्ञान,NOUN
क्षेत्रात,NOUN
भारताच्या,PP
आघाडीचे,NOUN
शहर,NOUN
असा,NOUN
लौकिक,NOUN
पुण्याने,PP
मिळवला,PP
आहे,NOUN
नागपूर,NOUN
विदर्भ,NOUN
विभागातील,NOUN
सर्वांत,NOUN
मोठे,NOUN
शहर,NOUN
असलेले,VERB
नागपूर,NOUN
महाराष्ट्राची,NOUN
उपराजधानी,NOUN
आहे,NOUN
महाराष्ट्र,NOUN
विधानसभेचे,NOUN
हिवाळी,NOUN
अधिवेशन,NOUN
येथे,NOUN
भरते,NOUN
छत्रपती,NOUN
संभाजीनगर,NOUN
महाराष्ट्राची,NOUN
पर्यटन,NOUN
राजधानी,NOUN
असा,NOUN
लौकिक,NOUN
असलेल्या,NOUN
या,PART
शहरात,NOUN
आणि,NOUN
परिसरात,NOUN
अनेक,NOUN
जागतिक,NOUN
दर्जाची,NOUN
पर्यटनस्थळे,NOUN
आहेत,NOUN
मुंबई,NOUN
उच्च,NOUN
न्यायालयाचे,NOUN
खंडपीठ,NOUN
येथे,NOUN
आहे,NOUN
वाहनांचे,NOUN
सुटे,NOUN
भाग,NOUN
आणि,NOUN
पेयनिर्मितीच्या,PP
कारखान्यांची,NOUN
संख्या,NOUN
छ्त्रपती,NOUN
संभाजीनगर,NOUN
परिसरात,NOUN
मोठी,NOUN
आहे,NOUN
मराठवाडा,NOUN
विभागाचे,NOUN
मुख्यालय,NOUN
छ्त्रपती,NOUN
संभाजीनगर,NOUN
येथे,NOUN
आहे,NOUN
नाशिक,NOUN
हे,PART
उत्तर,NOUN
महाराष्ट्रातील,NOUN
ऐतिहासिक,NOUN
व,PART
औद्योगिक,NOUN
शहर,NOUN
आहे,NOUN
दर,PART
१२,NUM
वर्षांनी,NOUN
येथे,NOUN
सिंहस्थ,NOUN
कुंभमेळा,NOUN
भरतो,NOUN
या,PART
मुहूर्तावर,PP
गोदावरी,NOUN
नदीत,NOUN
स्नान,NOUN
करणे,NOUN
पवित्र,NOUN
मानले,VERB
जाते,NOUN
त्यासाठी,PP
हिंदू,NOUN
साधू,NOUN
आणि,NOUN
भाविक,NOUN
मोठ्या,NOUN
संख्येने,PP
येथे,NOUN
येतात,VERB
कोल्हापूर,NOUN
शिवाजीच्या,PP
काळापासून,NOUN
व्यूहात्मकदृष्ट्या,NOUN
महत्त्वाचे,NOUN
असलेले,VERB
हे,PART
शहर,NOUN
अंबाबाईच्या,PP
महालक्ष्मी,NOUN
मंदिरासाठी,PP
प्रसिद्ध,NOUN
आहे,NOUN
त्याच,NOUN
बरोबर,NOUN
येथे,NOUN
शिवाजी,NOUN
विद्यापीठ,NOUN
आहे,NOUN
सोलापूर,NOUN
महाराष्ट्राच्या,PP
दक्षिण,NOUN
भागातील,NOUN
एक,PART
प्रमुख,NOUN
शहर,NOUN
एके,NOUN
काळी,NOUN
कापड,NOUN
गिरण्यांसाठी,PP
प्रसिद्ध,NOUN
होते,NOUN
येथील,NOUN
सिद्धेश्वराचे,NOUN
मंदिरही,NOUN
प्रसिद्ध,NOUN
एके,NOUN
काळी,NOUN
कापूस,NOUN
उत्पादनात,NOUN
प्रसिद्ध,NOUN
होते,NOUN
भारताच्या,PP
पहिल्या,NOUN
महिला,PP
राष्ट्रपती,NOUN
प्रतिभा,NOUN
पाटील,NOUN
यांचे,NOUN
गांव,NOUN
आधुनिक,NOUN
संत,NOUN
गाडगे,NOUN
महाराज,NOUN
व,PART
राष्ट्रसंत,NOUN
तुकडोजी,NOUN
महाराज,NOUN
यांचा,NOUN
जिल्हा,NOUN
म्हणुन,NOUN
ओळख,NOUN
सातारा,NOUN
मराठी,NOUN
साम्राजाची,NOUN
राजधानी,NOUN
म्हणून,NOUN
प्रसिद्ध,NOUN
असणारे,NOUN
शहर,NOUN
या,PART
शहरात,NOUN
इतिहासाच्या,PP
पाऊलखुणा,NOUN
प्रखरतेने,PP
जानवतात,VERB
याच,NOUN
जिल्ह्यातील,NOUN
सर्वाधिक,NOUN
तरुण,NOUN
भारतीय,NOUN
लष्करात,NOUN
दाखल,NOUN
होतात,VERB
म्हणुन,NOUN
साताऱ्यास,NOUN
सैनिकांचा,NOUN
जिल्हा,NOUN
म्हणूनही,NOUN
ओळखले,VERB
जाते,NOUN
सातारचा,NOUN
कंदी,NOUN
पेढा,NOUN
प्रसिद्ध,NOUN
नांदेड,NOUN
नांदेड,NOUN
हे,PART
गोदावरी,NOUN
नदीच्या,PP
खोऱ्यात,NOUN
आहे,NOUN
येथे,NOUN
छत्रपती,NOUN
संभाजीनगर,NOUN
प्रशासकीय,NOUN
विभागाचे,NOUN
उप,PART
मुख्यालय,NOUN
आहे,NOUN
येथेच,NOUN
शीख,NOUN
धर्मीयांचे,NOUN
दहावे,NOUN
गुरू,NOUN
श्री,NOUN
गोविंदसिंग,NOUN
यांची,NOUN
समाधी,NOUN
गुरुद्वारा,NOUN
आहे,NOUN
स्वामी,NOUN
रामानंद,NOUN
तीर्थ,NOUN
विद्यापीठ,NOUN
येथेच,NOUN
आहे,NOUN
ठाणे,NOUN
मुंबईच्या,PP
उत्तरेस,NOUN
वसलेले,VERB
तलावांचे,NOUN
शहर,NOUN
म्हणून,NOUN
प्रसिद्ध,NOUN
असलेले,VERB
ठाणे,NOUN
हे,PART
ऐतिहासिक,NOUN
प्रमुख,NOUN
शहर,NOUN
आहे,NOUN
आशिया,NOUN
खंडातील,NOUN
पहिली,VERB
रेल्वे,NOUN
धावलेल्या,NOUN
शहराचा,NOUN
मान,NOUN
असून,NOUN
महाराष्ट्रातील,NOUN
सर्वाधिक,NOUN
लोकसंख्येचा,NOUN
जिल्ह्याचा,NOUN
मान,NOUN
देखील,NOUN
ठाण्याला,PP
आहे,NOUN
पिंपरी,NOUN
चिंचवड,NOUN
पुण्याच्या,PP
उत्तरेस,NOUN
वसलेले,VERB
आणि,NOUN
श्रीमन,NOUN
महासाधू,NOUN
मोरया,NOUN
गोसावी,NOUN
यांच्या,PP
पदस्पर्शाने,PP
पावन,NOUN
झालेले,VERB
पिंपरी,NOUN
चिंचवड,NOUN
हे,PART
शहर,NOUN
उद्योगनगरी,NOUN
म्हणून,NOUN
ओळखले,VERB
जाते,NOUN
येथे,NOUN
अनेक,NOUN
देशाविदेशातील,NOUN
कंपन्या,NOUN
कारखाने,PP
स्थापन,NOUN
झालेले,VERB
आहेत,NOUN
या,PART
शहराला,PP
उद्याननगरी,NOUN
असेही,NOUN
संबोधले,VERB
जाते,NOUN
तसेच,NOUN
याच,NOUN
शहरात,NOUN
सर्वाधिक,NOUN
उड्डाणपूल,NOUN
बांधलेले,VERB
आहेत,NOUN
प्रसिद्ध,NOUN
क्रांतिकारक,NOUN
चापेकर,NOUN
बंधू,NOUN
पिंपरी,NOUN
चिंचवड,NOUN
शहरातीलच,NOUN
होते,NOUN
शहराच्या,PP
मध्यभागी,NOUN
श्रीमन,NOUN
महासाधू,NOUN
मोरया,NOUN
गोसावी,NOUN
यांचे,NOUN
समाधी,NOUN
मंदिर,NOUN
वसलेले,VERB
आहे,NOUN
महाराष्ट्र,NOUN
हा,PART
भौगोलिक,NOUN
ऐतिहासिक,NOUN
धार्मिक,NOUN
आर्थिक,NOUN
अश्या,NOUN
सर्व,NOUN
दृष्टीने,PP
संपन्न,NOUN
आहे,NOUN
प्रवासासाठी,PP
चांगले,VERB
लोहमार्ग,NOUN
पक्के,NOUN
रस्ते,NOUN
चांगली,VERB
आणि,NOUN
स्वस्त,NOUN
उपाहारगृहे,NOUN
धर्मशाळा,NOUN
यांची,NOUN
येथे,NOUN
रेलचेल,NOUN
आहे,NOUN
महाराष्ट्र,NOUN
राज्य,NOUN
पर्यटन,NOUN
विकास,NOUN
मंडळाने,PP
महाराष्ट्रातील,NOUN
पर्यटन,NOUN
व्यवसायाच्या,PP
प्रगतीसाठी,PP
प्रयत्न,NOUN
केले,VERB
असून,NOUN
डेक्कन,NOUN
ओडिसी,NOUN
नावाची,NOUN
विशेष,NOUN
रेल्वे,NOUN
गाडी,NOUN
सुरू,NOUN
केली,VERB
आहे,NOUN
लेणी,NOUN
मुंबई,NOUN
थंड,NOUN
हवेची,NOUN
ठिकाणे,NOUN
किल्ले,VERB
व,PART
इतर,NOUN
ऐतिहासिक,NOUN
स्थळांवर,PP
मोठ्या,NOUN
प्रमाणात,NOUN
पर्यटक,NOUN
दिसून,NOUN
येतात,VERB
त्र्यंबकेश्वर,PP
तुळजापूरची,NOUN
भवानी,NOUN
शनी,NOUN
शिंगणापूर,NOUN
ज्योतिबा,NOUN
मंदिर,NOUN
अष्टविनायक,NOUN
गणपती,NOUN
मंदिरे,NOUN
पंढरपूर,NOUN
येथील,NOUN
भगवान,NOUN
पांडुरंग,NOUN
मंदिर,NOUN
या,PART
मंदिरांमध्ये,PP
दरवर्षी,NOUN
मोठ्या,NOUN
संख्येने,PP
हिंदू,NOUN
भाविक,NOUN
येतात,VERB
पुणे,NOUN
जिल्ह्यातील,NOUN
जेजुरी,NOUN
येथील,NOUN
खंडोबाचे,NOUN
देवाचे,NOUN
खंडोबा,NOUN
मंदिर,NOUN
संपूर्ण,NOUN
महाराष्ट्रातील,NOUN
यात्रेकरूंना,NOUN
आकर्षित,NOUN
करतात,VERB
जेथे,NOUN
उपासक,NOUN
एकमेकांना,NOUN
भांडार,NOUN
हळद,NOUN
पावडर,NOUN
ची,PART
वर्षाव,NOUN
करतात,VERB
पंढरपूर,NOUN
देहू,NOUN
आणि,NOUN
आळंदी,NOUN
यांसारखी,NOUN
वारकरी,NOUN
संप्रदायाशी,NOUN
संबंधित,NOUN
ठिकाणे,NOUN
वर्षभर,NOUN
लोकप्रिय,NOUN
राहतात,VERB
आणि,NOUN
धार्मिक,NOUN
निरीक्षणादरम्यान,NOUN
राज्यभरातून,NOUN
मोठ्या,NOUN
संख्येने,PP
लोक,NOUN
येतात,VERB
महाराष्ट्राच्या,PP
इतिहास,NOUN
भूगोलावर,PP
आणि,NOUN
संस्कृतीवर,PP
अनेक,NOUN
पुस्तके,NOUN
लिहिली,VERB
गेली,VERB
आहेत,NOUN
आधुनिक,NOUN
महाराष्ट्राचे,NOUN
राजकारण,NOUN
लेखक,NOUN
वसंत,NOUN
सिरसीकर,NOUN
मराठ्यांचा,NOUN
युद्धेतिहास,NOUN
ब्रिगेडियर,NOUN
का,PART
महाराष्ट्र,NOUN
एका,NOUN
संकल्पनेचा,NOUN
मागोवा,NOUN
लेखक,NOUN
माधव,NOUN
दातार,NOUN
महाराष्ट्र,NOUN
दर्शन,NOUN
संपादक,NOUN
सुहास,NOUN
कुलकर्णी,NOUN
महाराष्ट्र,NOUN
संस्कृती,NOUN
लेखक,NOUN
पु,PART
महाराष्ट्र,NOUN
संस्कृती,NOUN
प्रा,NOUN
महाराष्ट्राचा,NOUN
प्राचीन,NOUN
इतिहास,NOUN
लेखक,NOUN
प्रा,NOUN
महाराष्ट्राचा,NOUN
सांस्कृतिक,NOUN
इतिहास,NOUN
लेखक,NOUN
डॉ,PART
महाराष्ट्रातील,NOUN
दुर्ग,NOUN
लेखक,NOUN
निनाद,NOUN
बेडेकर,NOUN
महाराष्ट्रातील,NOUN
सार्वजनिक,NOUN
सुट्ट्यांची,NOUN
यादी,NOUN
महाराष्ट्र,NOUN
शासनाचे,NOUN
अधिकृत,NOUN
संकेतस्थळ,NOUN
काळे,NOUN
भगवान,NOUN
२३,NUM
जानेवारी,NOUN
१९८८,NUM
सन्युक्त,NOUN
महाराष्ट्र,NOUN
काल,NOUN
आणि,NOUN
आज,PART
जालना,NOUN
सन्केत,NOUN
प्रकाशन,NOUN
जालना,NOUN
ॲक्सेसदिनांक,NOUN
मधील,NOUN
दिनांक,NOUN
मूल्ये,NOUN
तपासा,NOUN
सहाय्य,NOUN
इंग्लिश,NOUN
मजकूर,NOUN
इंटरॅक्टीव्ह,NOUN
महाराष्ट्र,NOUN
नकाशा,NOUN
खेळ,NOUN
महाराष्ट्र,NOUN
शासनाचे,NOUN
अधिकृत,NOUN
संकेतस्थळ,NOUN
महाराष्ट्र,NOUN
राज्य,NOUN
पर्यटन,NOUN
मंडळ,NOUN
महाराष्ट्र,NOUN
राज्य,NOUN
वखार,NOUN
महामंडळ,NOUN
दादरा,NOUN
व,PART
नगर,NOUN
हवेली,VERB
आणि,NOUN
दमण,NOUN
व,PART
दीव,NOUN
राष्ट्रीय,NOUN
राजधानी,NOUN
प्रदेश,NOUN
दिल्ली,VERB
सकल,NOUN
देशांतर्गत,NOUN
उत्पादनानुसार,NOUN
रुग्णालयातील,NOUN
प्रसूतीसंख्येनुसार,NOUN
मुंबई,NOUN
पूर्वीचे,NOUN
नाव,NOUN
बॉम्बे,NOUN
हे,PART
भारताच्या,PP
महाराष्ट्र,NOUN
राज्याचे,NOUN
राजधानीचे,NOUN
शहर,NOUN
आहे,NOUN
अनेकदा,NOUN
भारताचे,NOUN
न्यूयॉर्क,NOUN
म्हणून,NOUN
ओळखली,VERB
जाणारी,NOUN
१,NUM
मुंबई,NOUN
ही,PART
भारताची,NOUN
आर्थिक,NOUN
राजधानी,NOUN
आणि,NOUN
भारतातील,NOUN
सर्वाधिक,NOUN
लोकसंख्या,NOUN
असलेले,VERB
शहर,NOUN
आहे,NOUN
येथील,NOUN
मुख्य,NOUN
भाषा,NOUN
मराठी,NOUN
आहे,NOUN
मुंबई,NOUN
आंतरराष्ट्रीय,NOUN
शहर,NOUN
आहे,NOUN
शहराची,NOUN
अंदाजे,NOUN
लोकसंख्या,NOUN
१,NUM
१३,NUM
मुंबई,NOUN
मेट्रोपॉलिटन,NOUN
क्षेत्राचे,NOUN
केंद्र,NOUN
हे,PART
शहर,NOUN
आहे,NOUN
आणि,NOUN
मुंबई,NOUN
महानगर,NOUN
प्रदेशाची,NOUN
२,NUM
३,NUM
कोटीपेक्षा,NOUN
जास्त,NOUN
लोकसंख्या,NOUN
आहे,NOUN
हे,PART
जगातील,NOUN
सहाव्या,NOUN
क्रमांकाचे,NOUN
सर्वाधिक,NOUN
लोकसंख्या,NOUN
असलेले,VERB
महानगर,NOUN
क्षेत्र,NOUN
आहे,NOUN
१४,NUM
मुंबई,NOUN
हे,PART
भारताच्या,PP
पश्चिम,NOUN
किनारपट्टीवर,PP
कोकण,NOUN
किनारपट्टीवर,PP
वसलेले,VERB
आहे,NOUN
आणि,NOUN
येथे,NOUN
खोल,NOUN
नैसर्गिक,NOUN
बंदर,NOUN
आहे,NOUN
२००८,NUM
मध्ये,PP
मुंबईला,PP
आल्फा,NOUN
वर्ल्ड,NOUN
सिटी,NOUN
म्हणून,NOUN
नाव,NOUN
देण्यात,NOUN
आले,VERB
मुंबई,NOUN
बनवणारी,NOUN
सात,NOUN
बेटे,NOUN
पूर्वी,NOUN
मराठी,NOUN
भाषा,NOUN
बोलणाऱ्या,NOUN
कोळी,NOUN
लोकांची,NOUN
निवासस्थाने,PP
होती,NOUN
१७,NUM
१८,NUM
१९,NUM
शतकानुशतके,NOUN
बॉम्बेची,NOUN
सात,NOUN
बेटे,NOUN
स्वदेशी,NOUN
राज्यकर्त्यांच्या,PP
ताब्यात,NOUN
होती,NOUN
नंतर,NOUN
ती,PART
पोर्तुगीज,NOUN
साम्राज्याच्या,PP
स्वाधीन,NOUN
झाली,VERB
पुढे,NOUN
१६६१,NUM
मध्ये,PP
कॅथरीन,NOUN
ब्रागांझाचा,NOUN
विवाह,NOUN
इंग्लंडच्या,PP
चार्ल्स,NOUN
II,PART
सोबत,NOUN
झाला,PP
तेव्हा,NOUN
हुंड्याच्या,PP
रुपात,NOUN
ईस्ट,NOUN
इंडिया,NOUN
कंपनीला,PP
ही,PART
सात,NOUN
बेटे,NOUN
मिळाली,VERB
१७८२,NUM
च्या,PP
सुरूवातीस,NOUN
हॉर्नबी,NOUN
वेलार्ड,NOUN
प्रकल्पाने,PP
मुंबईचा,NOUN
आकार,NOUN
बदलला,PP
२०,NUM
ज्याने,PP
अरबी,NOUN
समुद्रातील,NOUN
सात,NOUN
बेटांमधील,NOUN
क्षेत्राचे,NOUN
पुनर्वसन,NOUN
हाती,NOUN
घेतले,VERB
२१,NUM
प्रमुख,NOUN
रस्ते,NOUN
आणि,NOUN
रेल्वेच्या,PP
बांधकामाबरोबरच,NOUN
१८४५,NUM
मध्ये,PP
पूर्ण,NOUN
झालेल्या,NOUN
पुनर्वसन,NOUN
प्रकल्पाने,PP
मुंबईचे,NOUN
अरबी,NOUN
समुद्रावरील,NOUN
प्रमुख,NOUN
बंदरात,NOUN
रूपांतर,NOUN
केले,VERB
१९,NUM
व्या,NOUN
शतकात,NOUN
मुंबई,NOUN
आर्थिक,NOUN
आणि,NOUN
शैक्षणिक,NOUN
विकासाने,PP
वैशिष्ट्यीकृत,NOUN
होती,NOUN
२०,NUM
व्या,NOUN
शतकाच्या,PP
सुरुवातीच्या,PP
काळात,NOUN
हे,PART
शहर,NOUN
भारतीय,NOUN
स्वातंत्र्य,NOUN
चळवळीचा,NOUN
एक,PART
मजबूत,NOUN
आधार,NOUN
बनले,VERB
१९४७,NUM
मध्ये,PP
भारताच्या,PP
स्वातंत्र्यानंतर,NOUN
हे,PART
शहर,NOUN
बॉम्बे,NOUN
स्टेटमध्ये,PP
समाविष्ट,NOUN
करण्यात,NOUN
आले,VERB
१९६०,NUM
मध्ये,PP
संयुक्त,NOUN
महाराष्ट्र,NOUN
चळवळीच्या,PP
अनुषंगाने,PP
मुंबई,NOUN
या,PART
राजधानीसह,NOUN
महाराष्ट्र,NOUN
राज्याची,NOUN
निर्मिती,NOUN
करण्यात,NOUN
आली,VERB
मुंबई,NOUN
ही,PART
दक्षिण,NOUN
आशियाची,NOUN
आर्थिक,NOUN
व्यावसायिक,NOUN
२३,NUM
आणि,NOUN
मनोरंजन,NOUN
राजधानी,NOUN
आहे,NOUN
मुंबईचे,NOUN
वॉल,NOUN
स्ट्रीट,NOUN
म्हणून,NOUN
ओळखल्या,NOUN
जाणाऱ्या,NOUN
दलाल,NOUN
स्ट्रीटवर,PP
बॉम्बे,NOUN
स्टॉक,NOUN
एक्सचेंज,NOUN
वसलेले,VERB
आहे,NOUN
२४,NUM
जागतिक,NOUN
आर्थिक,NOUN
प्रवाहाच्या,PP
दृष्टीने,PP
हे,PART
शहर,NOUN
जगातील,NOUN
शीर्ष,NOUN
दहा,NOUN
वाणिज्य,NOUN
केंद्रांपैकी,NOUN
एक,PART
आहे,NOUN
२५,NUM
भारताच्या,PP
GDP,NOUN
च्या,PP
६,NUM
१६,NUM
उत्पन्न,NOUN
२६,NUM
देशाच्या,PP
औद्योगिक,NOUN
उत्पादनाच्या,PP
२५,NUM
भारतातील,NOUN
सागरी,NOUN
व्यापारापैकी,NOUN
७०,NUM
मुंबई,NOUN
पोर्ट,NOUN
ट्रस्ट,NOUN
धरमतर,NOUN
पोर्ट,NOUN
आणि,NOUN
जेएनपीटी,NOUN
२७,NUM
आणि,NOUN
भारताच्या,PP
अर्थव्यवस्थेतील,NOUN
७०,NUM
भांडवली,VERB
व्यवहार,NOUN
मुंबईचे,NOUN
आहेत,NOUN
२८,NUM
२९,NUM
या,PART
शहरात,NOUN
महत्त्वाच्या,PP
वित्तीय,NOUN
संस्था,NOUN
आणि,NOUN
असंख्य,NOUN
भारतीय,NOUN
कंपन्या,NOUN
आणि,NOUN
बहुराष्ट्रीय,NOUN
कंपन्यांची,NOUN
कॉर्पोरेट,NOUN
मुख्यालये,NOUN
आहेत,NOUN
भारतातील,NOUN
काही,NOUN
प्रमुख,NOUN
वैज्ञानिक,NOUN
आणि,NOUN
आण्विक,NOUN
संस्थांचे,NOUN
घर,PART
देखील,NOUN
हे,PART
शहर,NOUN
आहे,NOUN
मुंबई,NOUN
हे,PART
बॉलीवूड,NOUN
आणि,NOUN
मराठी,NOUN
चित्रपट,NOUN
उद्योगांचे,NOUN
घर,PART
आहे,NOUN
मुंबईतील,NOUN
व्यवसायाच्या,PP
संधी,NOUN
संपूर्ण,NOUN
भारतातून,NOUN
स्थलांतरितांना,NOUN
आकर्षित,NOUN
करतात,VERB
मुंबईचे,NOUN
नाव,NOUN
मुंबादेवी,NOUN
या,PART
देवीवरून,NOUN
पडले,VERB
आहे,NOUN
असा,NOUN
समज,NOUN
आहे,NOUN
संदर्भ,NOUN
हवा,NOUN
पोर्तुगीजांच्या,PP
बोम,NOUN
बाहीया,NOUN
या,PART
नावाचे,NOUN
इंग्रजांनी,NOUN
बॉम्बे,NOUN
केले,VERB
मुंबई,NOUN
बम्बई,NOUN
आणि,NOUN
बॉम्बे,NOUN
ही,PART
तीनही,NOUN
स्त्रीलिंगी,NOUN
नावे,NOUN
एकाच,NOUN
वेळी,NOUN
प्रचलित,NOUN
होती,NOUN
काहीजण,NOUN
या,PART
नगरीला,PP
मुंबापुरी,NOUN
म्हणतात,VERB
१९९५,NUM
मध्ये,PP
या,PART
शहराचे,NOUN
बॉम्बे,NOUN
हे,PART
अधिकृत,NOUN
नाव,NOUN
बदलून,NOUN
मुंबई,NOUN
करण्यात,NOUN
आले,VERB
मुंबई,NOUN
हा,PART
सात,NOUN
बेटांचा,NOUN
समूह,NOUN
होता,NOUN
या,PART
बेटांवर,PP
पाषाणयुगापासून,NOUN
वस्ती,NOUN
असल्याचे,NOUN
पुरावे,NOUN
आहेत,NOUN
याचा,NOUN
सर्वांत,NOUN
जुना,NOUN
लिखित,NOUN
पुरावा,NOUN
इ,PART
२५०,NUM
सालातील,NOUN
असून,NOUN
यात,NOUN
मुंबई,NOUN
शहराचा,NOUN
उल्लेख,NOUN
ग्रीकांनी,NOUN
Heptanesia,NOUN
असा,NOUN
नोंदवला,PP
आहे,NOUN
३,NUM
च्या,PP
सुमारास,NOUN
ही,PART
बेटे,NOUN
सम्राट,NOUN
अशोकाच्या,PP
मौर्य,NOUN
साम्राज्यात,NOUN
समाविष्ट,NOUN
होती,NOUN
शिलाहार,NOUN
या,PART
हिंदू,NOUN
साम्राज्याने,PP
१३४३,NUM
पर्यंत,NOUN
मुंबईवर,PP
राज्य,NOUN
केले,VERB
व,PART
नंतर,NOUN
गुजरातच्या,PP
मुस्लिम,NOUN
साम्राज्याने,PP
मुंबई,NOUN
हस्तगत,NOUN
केली,VERB
एलिफंटा,NOUN
गुंफा,NOUN
व,PART
वाळकेश्वर,PP
मंदिर,NOUN
ही,PART
याच,NOUN
काळातील,NOUN
आहेत,NOUN
१५३४,NUM
साली,VERB
पोर्तुगीजांनी,NOUN
बहादूर,NOUN
शहाकडून,NOUN
मुंबई,NOUN
काबीज,NOUN
केली,VERB
व,PART
बॉम,NOUN
बाहीया,NOUN
असे,NOUN
नाव,NOUN
दिले,VERB
१६६१,NUM
रोजी,NOUN
पोर्तुगीजांनी,NOUN
मुंबई,NOUN
इंग्लंडचा,NOUN
राजा,NOUN
दुसरा,NOUN
चार्ल्स,NOUN
याच्या,PP
कॅथेरीन,NOUN
ब्रेगांझा,NOUN
या,PART
पोर्तुगीज,NOUN
राजकन्येशी,NOUN
झालेल्या,NOUN
लग्नात,NOUN
हुंडा,NOUN
म्हणून,NOUN
देऊन,NOUN
टाकली,VERB
व,PART
नंतर,NOUN
हीच,NOUN
मुंबई,NOUN
ब्रिटिश,NOUN
राजघराण्याकडून,NOUN
ईस्ट,NOUN
इंडिया,NOUN
कंपनीस,NOUN
भाड्याने,PP
देण्यात,NOUN
आली,VERB
कंपनीने,PP
ही,PART
बेटे,NOUN
भारतीय,NOUN
उपखंडातील,NOUN
आपले,VERB
पहिले,VERB
मोठे,NOUN
बंदर,NOUN
स्थापन,NOUN
करण्यास,NOUN
योग्य,NOUN
वाटले,VERB
आणि,NOUN
आपली,VERB
एक,PART
प्रेसिडेन्सी,NOUN
येथे,NOUN
हलवली,VERB
मुंबईमध्ये,PP
कोळी,NOUN
समाजातील,NOUN
लोक,NOUN
हे,PART
एक,PART
बेट,NOUN
होण्या,NOUN
आधीपासून,NOUN
समुद्रकिनाऱ्यावर,PP
राहत,NOUN
आले,VERB
आहेत,NOUN
त्यांचा,NOUN
उदरनिर्वाह,NOUN
समुद्रावर,PP
आहे,NOUN
हे,PART
कोळी,NOUN
समुद्रातून,NOUN
मासे,NOUN
पकडून,NOUN
ते,PART
ताजे,NOUN
असतानाच,NOUN
बाजारात,NOUN
विकतात,VERB
किंवा,NOUN
सुकवून,NOUN
पावसाळ्यात,NOUN
स्वतःसाठी,PP
किंवा,NOUN
विकण्यासाठी,PP
ठेवतात,VERB
जेथे,NOUN
कोळी,NOUN
समाजाची,NOUN
वस्ती,NOUN
असते,NOUN
त्याला,PP
कोळीवाडा,NOUN
असे,NOUN
म्हणतात,VERB
मुंबईत,NOUN
असे,NOUN
बरेच,NOUN
कोळीवाडे,NOUN
आहेत,NOUN
मुंबई,NOUN
मध्ये,PP
आगरी,NOUN
आणि,NOUN
कोळी,NOUN
समाजाबरोबरच,NOUN
भंडारी,NOUN
समाज,NOUN
देखील,NOUN
इथला,PP
मूळ,NOUN
रहिवासी,NOUN
समजला,PP
जातो,NOUN
यांचे,NOUN
वास्तव्य,NOUN
पालघर,NOUN
ते,PART
प्रभादेवी,NOUN
व,PART
डोंगरी,NOUN
पर्यंत,NOUN
होते,NOUN
कालांतराने,PP
हे,PART
लोक,NOUN
इतरत्र,NOUN
स्थलांतरित,NOUN
झाले,VERB
दादर,NOUN
माहीम,NOUN
प्रभादेवी,NOUN
येथे,NOUN
भंडारी,NOUN
अधिक,NOUN
असत,NOUN
भागोजीशेठ,NOUN
कीर,NOUN
हे,PART
त्यांतील,NOUN
एक,PART
होत,NOUN
आगरी,NOUN
समाज,NOUN
हे,PART
मुंबई,NOUN
ठाणे,NOUN
आणि,NOUN
रायगड,NOUN
जिल्ह्यात,NOUN
खाड्या,NOUN
नदीकाठी,NOUN
आणि,NOUN
भात,NOUN
खाचरांच्या,PP
ठिकाणी,NOUN
हा,PART
समाज,NOUN
बहुसंख्येने,PP
आहे,NOUN
१९३१,NUM
च्या,PP
जनगणनेनुसार,NOUN
आगरी,NOUN
लोकांची,NOUN
लोकसंख्या,NOUN
मुंबई,NOUN
शहर,NOUN
जिल्ह्यात,NOUN
७,NUM
४८६,NUM
तर,PART
मुंबई,NOUN
उपनगर,NOUN
जिल्ह्यांत,NOUN
७,NUM
३२०,NUM
तत्कालिन,NOUN
मुंबई,NOUN
राज्यातील,NOUN
एकूण,NOUN
लोकसंख्या,NOUN
२,NUM
६५,NUM
२८५,NUM
होती,NOUN
३०,NUM
माहीम,NOUN
शीव,NOUN
धारावी,NOUN
कुलाबा,NOUN
वडाळा,NOUN
शिवडी,NOUN
वरळी,NOUN
वेसावे,NOUN
कफ,PART
परेड,NOUN
मांडवी,NOUN
चारकोप,NOUN
बंदरपखाडी,NOUN
खार,NOUN
मुंबई,NOUN
गोराई,NOUN
मालाड,NOUN
मढ,PART
या,PART
भागांतही,NOUN
मुंबईचे,NOUN
मूळ,NOUN
रहिवासी,NOUN
अनेक,NOUN
शतके,NOUN
राहत,NOUN
होते,NOUN
मुंबईची,NOUN
लोकसंख्या,NOUN
वाढत,NOUN
गेली,VERB
१६८७,NUM
रोजी,NOUN
ईस्ट,NOUN
इंडिया,NOUN
कंपनीने,PP
आपले,VERB
मुख्यालय,NOUN
सुरतेहून,NOUN
मुंबईत,NOUN
हलविले,VERB
कालांतराने,PP
हे,PART
शहर,NOUN
मुंबई,NOUN
इलाख्याची,NOUN
Bombay,NOUN
Province,NOUN
राजधानी,NOUN
झाली,VERB
१८१७,NUM
ते,PART
१८४५,NUM
पर्यंत,NOUN
हॉर्नबी,NOUN
व्हेलार्ड,NOUN
Hornby,NOUN
Vellard,NOUN
च्या,PP
आताच्या,PP
सागर,NOUN
किनाऱ्याने,PP
जाणाऱ्या,NOUN
हाजी,NOUN
अली,VERB
रोडच्या,PP
आतल्या,NOUN
भागात,NOUN
येणारी,NOUN
बेटे,NOUN
जोडून,NOUN
जमीन,NOUN
सलग,NOUN
करण्याचे,NOUN
काम,NOUN
मुंबईत,NOUN
सुरू,NOUN
होते,NOUN
याचा,NOUN
परिणाम,NOUN
म्हणून,NOUN
मुंबईचे,NOUN
क्षेत्रफळ,NOUN
वाढून,NOUN
४३८,NUM
चौरस,NOUN
कि,PART
१८५३,NUM
रोजी,NOUN
आशियातील,NOUN
पहिला,PP
लोहमार्ग,NOUN
मुंबईपासून,NOUN
सुरू,NOUN
झाला,PP
अमेरिकन,NOUN
यादवी,NOUN
युद्धाच्या,PP
काळात,NOUN
मुंबई,NOUN
ही,PART
जगातील,NOUN
प्रमुख,NOUN
कापूस,NOUN
बाजारपेठ,NOUN
म्हणून,NOUN
उदयास,NOUN
आली,VERB
व,PART
शहराची,NOUN
भरभराट,NOUN
सुरूच,NOUN
राहिली,VERB
सुएझ,NOUN
कालव्याच्या,PP
निर्मितीनंतर,NOUN
मुंबई,NOUN
हे,PART
अरबी,NOUN
समुद्रातील,NOUN
प्रमुख,NOUN
बंदर,NOUN
झाले,VERB
पुढील,NOUN
३०,NUM
वर्षात,NOUN
मुंबई,NOUN
शहराची,NOUN
भरभराट,NOUN
झाली,VERB
१९०६च्या,PP
सुमारास,NOUN
शहराच्या,PP
लोकसंख्येची,NOUN
वाढ,NOUN
होऊन,NOUN
ती,PART
१०,NUM
लाखांपर्यंत,NOUN
पोहोचली,VERB
व,PART
मुंबई,NOUN
शहर,NOUN
हे,PART
कलकत्याखालोखाल,NOUN
दुसरे,NOUN
मोठे,NOUN
शहर,NOUN
बनले,VERB
भारतीय,NOUN
स्वातंत्र्ययुद्धाचे,NOUN
मुंबई,NOUN
हे,PART
प्रमुख,NOUN
केंद्र,NOUN
होते,NOUN
महात्मा,NOUN
गांधीनी,NOUN
१९४२,NUM
मध्ये,PP
भारत,NOUN
छोडो,NOUN
आंदोलन,NOUN
मुंबई,NOUN
येथून,NOUN
सुरू,NOUN
केले,VERB
भारताच्या,PP
स्वातंत्र्यानंतर,NOUN
मुंबई,NOUN
हीच,NOUN
बॉम्बे,NOUN
इलाख्याची,NOUN
राजधानी,NOUN
राहिली,VERB
१९५०,NUM
साली,VERB
मुंबई,NOUN
शहरच्या,PP
सीमा,NOUN
उत्तरेकडील,NOUN
साष्टी,NOUN
बेटापर्यंत,NOUN
वाढविण्यात,NOUN
आल्या,NOUN
१९५५,NUM
नंतर,NOUN
बॉम्बे,NOUN
इलाख्याची,NOUN
फाळणी,NOUN
करून,NOUN
महाराष्ट्र,NOUN
व,PART
गुजरात,NOUN
राज्यांची,NOUN
निर्मिती,NOUN
व्हावी,NOUN
अशी,NOUN
मागणी,NOUN
होत,NOUN
होती,NOUN
परंतु,NOUN
काहींच्या,PP
मते,NOUN
मुंबईला,PP
केंद्रशासित,NOUN
करावी,NOUN
असे,NOUN
होते,NOUN
संयुक्त,NOUN
महाराष्ट्र,NOUN
चळवळीने,PP
यास,NOUN
प्रखर,NOUN
विरोध,NOUN
केला,PP
व,PART
मुंबईला,PP
महाराष्ट्र,NOUN
राज्याची,NOUN
राजधानी,NOUN
करण्याची,NOUN
मागणी,NOUN
केली,VERB
त्यावेळेस,NOUN
देशाचे,NOUN
पंतप्रधान,NOUN
पंडित,NOUN
जवाहरलाल,NOUN
नेहरू,NOUN
आणि,NOUN
गृहमंत्री,NOUN
मोरारजी,NOUN
देसाई,NOUN
यांनी,NOUN
विरोध,NOUN
केला,PP
तरीही,NOUN
मराठी,NOUN
आणि,NOUN
इतर,NOUN
सहकाऱ्यांनी,NOUN
त्यांचा,NOUN
विरोधाला,PP
न,PART
जुमानता,NOUN
मुंबई,NOUN
ही,PART
महाराष्ट्राची,NOUN
केली,VERB
त्यासाठी,PP
झालेल्या,NOUN
चळवळीदरम्यान,NOUN
केलेल्या,NOUN
गोळीबारात,NOUN
१०५,NUM
लोक,NOUN
मरण,NOUN
पावले,VERB
या,PART
१०५,NUM
हुतात्म्यांच्या,PP
आहुतीनंतर,NOUN
१,NUM
मे,PART
१९६०,NUM
रोजी,NOUN
महाराष्ट्र,NOUN
राज्याची,NOUN
निर्मिती,NOUN
झाली,VERB
आणि,NOUN
त्या,NOUN
राज्याची,NOUN
राजधानी,NOUN
मुंबईच,NOUN
राहिली,VERB
त्यांच्याच,NOUN
स्मरणार्थ,NOUN
फ्लोरा,NOUN
फाऊंटन,NOUN
येथे,NOUN
कारंज्याच्याच,NOUN
शेजारी,NOUN
एक,PART
स्तंभ,NOUN
उभारून,NOUN
त्या,NOUN
चौकाचे,NOUN
नाव,NOUN
हुतात्मा,NOUN
चौक,NOUN
केले,VERB
१९७०,NUM
च्या,PP
शेवटी,NOUN
मुंबईने,PP
बांधकाम,NOUN
व्यवसायाची,NOUN
भरभराट,NOUN
तसेच,NOUN
परप्रांतीयांचे,NOUN
लोंढे,NOUN
अनुभवले,VERB
याच,NOUN
काळात,NOUN
मुंबई,NOUN
कोलकात्याला,PP
मागे,NOUN
टाकून,NOUN
भारताच्या,PP
सर्वांत,NOUN
जास्त,NOUN
लोकसंख्या,NOUN
असलेले,VERB
शहर,NOUN
बनले,VERB
परप्रांतीयांच्या,PP
वाढत्या,NOUN
लोंढ्यामुळे,NOUN
मराठी,NOUN
लोकांमध्ये,PP
असंतोष,NOUN
वाढला,PP
याचा,NOUN
परिणाम,NOUN
म्हणून,NOUN
स्थानिक,NOUN
लोकांच्या,PP
हितरक्षणासाठी,PP
शिवसेना,NOUN
नावाची,NOUN
राजकीय,NOUN
संघटना,NOUN
उदयास,NOUN
आली,VERB
बाळासाहेब,NOUN
ठाकरे,NOUN
यांच्या,PP
नेतृत्वाला,PP
भरघोस,NOUN
पाठिंबा,NOUN
मिळाला,PP
मराठी,NOUN
अस्मितेच्या,PP
रक्षणार्थ,NOUN
मुंबईची,NOUN
बम्बई,NOUN
हिंदी,NOUN
भाषा,NOUN
व,PART
बॉम्बे,NOUN
ही,PART
नावे,NOUN
बदलून,NOUN
केवळ,NOUN
मुंबई,NOUN
हेच,NOUN
मराठी,NOUN
नाव,NOUN
अधिकृत,NOUN
करण्यात,NOUN
आले,VERB
यानंतर,NOUN
मुंबई,NOUN
विमानतळास,NOUN
व,PART
मुंबईच्या,PP
मध्य,NOUN
रेल्वेतील,NOUN
प्रमुख,NOUN
स्थानकास,NOUN
छत्रपती,NOUN
शिवाजी,NOUN
महाराज,NOUN
यांचे,NOUN
नाव,NOUN
देण्यात,NOUN
आले,VERB
संदर्भ,NOUN
हवा,NOUN
दादर,NOUN
पश्चिम,NOUN
येथे,NOUN
असलेला,PP
कबुतरखाना,NOUN
१९३३,NUM
मध्ये,PP
वलमजी,NOUN
रतनजी,NOUN
व्होरा,NOUN
यांनी,NOUN
बांधला,PP
या,PART
व्यतिरिक्त,NOUN
फोर्टमध्ये,PP
जीपीओ,NOUN
समोर,NOUN
ग्रॅंटरोड,NOUN
गिरगाव,NOUN
व,PART
घाटकोपर,NOUN
येथेही,NOUN
कबुतरखाने,PP
आहेत,NOUN
मुंबई,NOUN
पश्चिम,NOUN
किनारपट्टीत,NOUN
कोकण,NOUN
विभाग,NOUN
उल्हास,NOUN
नदीच्या,PP
मुखावर,PP
असलेल्या,NOUN
साळशेत,NOUN
बेटांवर,PP
साष्टी,NOUN
वसले,VERB
आहे,NOUN
मुंबईचा,NOUN
मोठा,NOUN
भाग,NOUN
हा,PART
समुद्रसपाटीच्या,PP
पातळीत,NOUN
आहे,NOUN
जमिनीची,NOUN
उंची,NOUN
सरासरी,NOUN
१०,NUM
ते,PART
१५,NUM
मी,PART
उत्तर,NOUN
मुंबईचा,NOUN
भूभाग,NOUN
डोंगराळ,NOUN
आहे,NOUN
मुंबईतील,NOUN
सर्वांत,NOUN
उंच,NOUN
भूभाग,NOUN
हा,PART
समुद्रसपाटीपासून,NOUN
४५०,NUM
मीटर,NOUN
१,NUM
४५०,NUM
फूट,NOUN
उंचीवर,PP
आहे,NOUN
मुंबईचे,NOUN
मुंबई,NOUN
जिल्हा,NOUN
व,PART
मुंबई,NOUN
उपनगर,NOUN
जिल्हा,NOUN
असे,NOUN
दोन,NOUN
वेगवेगळे,NOUN
भाग,NOUN
आहेत,NOUN
मुंबई,NOUN
जिल्ह्याला,PP
आयलंड,NOUN
सिटी,NOUN
किंवा,NOUN
दक्षिण,NOUN
मुंबई,NOUN
म्हणतात,VERB
मुंबईचे,NOUN
एकूण,NOUN
क्षेत्रफळ,NOUN
६०३,NUM
४,NUM
चौरस,NOUN
किलोमीटर,NOUN
आहे,NOUN
ज्यामधील,NOUN
४३७,NUM
७१,NUM
चौरस,NOUN
किलोमीटर,NOUN
बृहन्मुंबई,NOUN
महानगरपालिकेच्या,PP
हद्दीत,NOUN
येते,NOUN
व,PART
इतर,NOUN
भाग,NOUN
मुंबई,NOUN
पोर्ट,NOUN
ट्रस्ट,NOUN
अणुऊर्जा,NOUN
कमिशन,NOUN
आणि,NOUN
संजय,NOUN
गांधी,NOUN
राष्ट्रीय,NOUN
उद्यानाकडे,PP
आहेत,NOUN
मुंबईला,PP
पाणीपुरवठा,NOUN
करणारे,NOUN
सात,NOUN
तलाव,NOUN
धरणे,NOUN
आहेत,NOUN
भातसा,NOUN
तानसा,NOUN
तुळशी,NOUN
विहार,NOUN
मध्य,NOUN
वैतरणा,NOUN
अप्पर,NOUN
वैतरणा,NOUN
व,PART
मोडकसागर,NOUN
विहार,NOUN
व,PART
पवई,NOUN
तलाव,NOUN
शहराच्या,PP
हद्दीत,NOUN
आहेत,NOUN
तर,PART
तुळशी,NOUN
तलाव,NOUN
बोरीवली,VERB
उद्यानाच्या,PP
जवळपास,NOUN
आहे,NOUN
तीन,NOUN
नद्या,NOUN
दहिसर,NOUN
पोयसर,NOUN
व,PART
ओशिवरा,NOUN
ऊर्फ,NOUN
वालभट,NOUN
या,PART
बोरीवली,VERB
राष्ट्रीय,NOUN
उद्यानातून,NOUN
उगम,NOUN
पावतात,VERB
तर,PART
मिठी,NOUN
नदी,NOUN
तुळशी,NOUN
तलावातून,NOUN
सुरू,NOUN
होते,NOUN
याशिवाय,NOUN
शहराच्या,PP
उत्तरेस,NOUN
वाहणारी,NOUN
उल्हास,NOUN
नदी,NOUN
कर्जतजवळच्या,PP
डोंगरात,NOUN
उगम,NOUN
पावते,NOUN
आणि,NOUN
वसईजवळ,NOUN
समुद्राला,PP
मिळते,NOUN
मिठी,NOUN
नदी,NOUN
माहीमच्या,PP
खाडीत,NOUN
लुप्त,NOUN
होते,NOUN
गेटवे,NOUN
ऑफ,PART
इंडिया,NOUN
हॉटेल,NOUN
ताज,NOUN
छत्रपती,NOUN
शिवाजी,NOUN
महाराज,NOUN
टर्मिनस,NOUN
बृहन्मुंबई,NOUN
मनपा,NOUN
इमारत,NOUN
मुंबई,NOUN
उच्च,NOUN
न्यायालय,NOUN
मुंबई,NOUN
विद्यापीठ,NOUN
राजाबाई,NOUN
टॉवर,PP
महाराष्ट्र,NOUN
पोलीस,NOUN
मुख्यालय,NOUN
छत्रपती,NOUN
शिवाजी,NOUN
महाराज,NOUN
वस्तू,NOUN
संग्रहालय,NOUN
रिझर्व्ह,NOUN
बँक,NOUN
नाणी,NOUN
नोटा,NOUN
संग्रहालय,NOUN
एशियाटीक,NOUN
सोसायटी,NOUN
लायब्ररी,NOUN
डेव्हिड,NOUN
ससून,NOUN
लायब्ररी,NOUN
जहांगीर,NOUN
आर्ट,NOUN
गॅलरी,NOUN
नॅशनल,NOUN
गॅलरी,NOUN
ऑफ,PART
मॉडर्न,NOUN
आर्ट्स,NOUN
फ्लोरा,NOUN
फाऊंटन,NOUN
हुतात्मा,NOUN
चौक,NOUN
वेलिंग्टन,NOUN
फाऊंटन,NOUN
ओव्हल,NOUN
मैदान,NOUN
आझाद,NOUN
मैदान,NOUN
बलार्ड,NOUN
ईस्टेट,NOUN
क्रॉफर्ड,NOUN
मार्केट,NOUN
फॅशन,NOUN
स्ट्रीट,NOUN
सेंट,NOUN
थॉमस,NOUN
कॅथेड्रल,NOUN
कॅथेड्रल,NOUN
ऑफ,PART
होली,VERB
नेम,NOUN
Knesset,NOUN
Eliymoo,NOUN
सिनेगॉग,NOUN
हॉर्निमन,NOUN
सर्कल,NOUN
गार्डन,NOUN
हॉटेल,NOUN
ट्रायडेंट,NOUN
नरिमन,NOUN
पॉइंटचे,NOUN
टोक,NOUN
वरळी,NOUN
नेहरू,NOUN
तारांगण,NOUN
नेहरू,NOUN
सेंटर,NOUN
आर्ट,NOUN
गॅलरी,NOUN
गिरगाव,NOUN
तारापोरवाला,PP
मत्स्यालय,NOUN
प्रभादेवी,NOUN
सिद्धीविनायक,NOUN
मंदिर,NOUN
महालक्ष्मी,NOUN
महालक्ष्मी,NOUN
मंदिर,NOUN
हाजी,NOUN
अली,VERB
दर्गा,NOUN
भुलेश्वर,PP
मुंबादेवी,NOUN
मंदिर,NOUN
चोरबाजार,NOUN
भायखळा,NOUN
जिजामाता,NOUN
उद्यान,NOUN
भाऊ,NOUN
दाजी,NOUN
लाड,NOUN
संग्रहालय,NOUN
ताडदेव,NOUN
ऑगस्ट,NOUN
क्रांती,NOUN
मैदान,NOUN
मणीभवन,NOUN
मलबार,NOUN
हिल,NOUN
वाळकेश्वर,PP
मंदिर,NOUN
बाणगंगा,NOUN
तलाव,NOUN
कमला,PP
नेहरू,NOUN
गार्डन,NOUN
हँगिंग,NOUN
गार्डन,NOUN
पवई,NOUN
तलाव,NOUN
पवई,NOUN
अंधेरी,NOUN
पूर्व,NOUN
जुहू,NOUN
जुहू,NOUN
विलेपार्ले,VERB
पूर्व,NOUN
संजय,NOUN
गांधी,NOUN
राष्ट्रीय,NOUN
उद्यान,NOUN
बोरीवली,VERB
मिठी,NOUN
ऊर्फ,NOUN
माहीम,NOUN
ही,PART
मुंबईतील,NOUN
सर्वात,NOUN
महत्त्वाची,NOUN
नदी,NOUN
आहे,NOUN
या,PART
नदीची,NOUN
लांबी,NOUN
फक्त,NOUN
१८,NUM
किलोमीटर,NOUN
असली,VERB
तरी,NOUN
दर,PART
दहा,NOUN
पंधरा,NOUN
वर्षांनी,NOUN
हिला,PP
बेसुमार,NOUN
पूर,NOUN
येतो,NOUN
आणि,NOUN
मुंबईच्या,PP
कुर्ल्यातील,NOUN
आणि,NOUN
अन्य,NOUN
अनेक,NOUN
पश्चिमी,NOUN
उपनगरांतील,NOUN
रस्ते,NOUN
आणि,NOUN
घरे,NOUN
पाण्याखाली,VERB
जातात,VERB
२००५,NUM
सालच्या,PP
अभूतपूर्व,NOUN
पूरानंतर,NOUN
मिठी,NOUN
नदीच्या,PP
रुंदीकरणासाठी,PP
आणि,NOUN
खोलीकरणासाठी,PP
१४,NUM
वर्षांत,NOUN
२,NUM
०००,NUM
कोटी,NOUN
रुपये,NOUN
खर्च,NOUN
झाले,VERB
तरी,NOUN
२०१९,NUM
साली,VERB
मिठीच्या,PP
पुरामुळे,NOUN
मुंबई,NOUN
परत,NOUN
पाण्याखाली,VERB
गेली,VERB
मिठी,NOUN
नदीला,PP
फक्त,NOUN
अर्धा,NOUN
डझन,NOUN
नाले,VERB
मिळतात,VERB
पण,PART
पुरेश्या,NOUN
नालेसफाईच्या,PP
अभावी,NOUN
मिठी,NOUN
नदीला,PP
पूर,NOUN
येतोच,NOUN
येतो,NOUN
या,PART
नद्यांना,NOUN
मिळणारे,NOUN
जिजामाता,NOUN
नाला,PP
मालपा,NOUN
डोंगरी,NOUN
नाला,PP
आंबेवाडी,NOUN
नाला,PP
असे,NOUN
तीन,NOUN
नाले,VERB
असून,NOUN
हे,PART
तिन्ही,NOUN
नाले,VERB
अंधेरी,NOUN
पूर्व,NOUN
पश्चिम,NOUN
वाहणाऱ्या,NOUN
मोगरा,NOUN
नाल्यात,NOUN
विलीन,NOUN
होतात,VERB
तसेच,NOUN
रस्त्यावरून,NOUN
वाहणाऱ्या,NOUN
पावसाचे,NOUN
पाणीही,NOUN
पदपथालगतच्या,PP
गटाराच्या,PP
माध्यमातून,NOUN
मोगरा,NOUN
नाल्यालाच,NOUN
येऊन,NOUN
मिळते,NOUN
अंधेरी,NOUN
पूर्व,NOUN
भागाचे,NOUN
क्षेत्रफळ,NOUN
सुमारे,NOUN
३००,NUM
हेक्टरच्या,PP
आसपास,NOUN
आहे,NOUN
अंधेरी,NOUN
पूर्व,NOUN
भागातील,NOUN
३००,NUM
हेक्टर,NOUN
परिसरात,NOUN
मुसळधार,NOUN
पाऊस,NOUN
पडल्यानंतर,NOUN
तीन,NOUN
नाले,VERB
तसेच,NOUN
रस्त्यावरून,NOUN
वाहणारे,NOUN
पाणी,NOUN
मोगरा,NOUN
नाल्याला,PP
येऊन,NOUN
मिळते,NOUN
परिणामी,NOUN
मोगरा,NOUN
नाला,PP
दुथडी,NOUN
भरून,NOUN
वाहू,NOUN
लागतो,NOUN
याशिवाय,NOUN
धारावीतील,NOUN
६०,NUM
फुटी,NOUN
रस्त्यावरील,NOUN
नाला,PP
जोगेश्वरी,NOUN
रेल्वे,NOUN
स्टाफ,NOUN
कॉलनी,NOUN
जवळून,NOUN
वाहणारा,NOUN
नाला,PP
माहीम,NOUN
आणि,NOUN
किंग्ज,NOUN
सर्कल,NOUN
रेल्वेमार्गालगत,NOUN
असलेल्या,NOUN
आझाद,NOUN
नगर,NOUN
मधील,NOUN
नाला,PP
वगैरे,NOUN
नाले,VERB
आहेत,NOUN
शहरातून,NOUN
वाहणाऱ्या,NOUN
मिठी,NOUN
दहिसर,NOUN
या,PART
नद्यांचे,NOUN
नालेच,NOUN
झाले,VERB
आहेत,NOUN
एफ,PART
उत्तर,NOUN
आणिक,NOUN
वडाळा,NOUN
रोड,NOUN
नाला,PP
कोरबा,NOUN
मिठागर,NOUN
नाला,PP
खाऊ,NOUN
क्लिक,NOUN
रोड,NOUN
नाला,PP
जे,PART
केमिकल,NOUN
नाला,PP
दीनबंधू,NOUN
नाला,PP
प्रतीक्षानगर,NOUN
रावळी,NOUN
लो,PART
लेव्हल,NOUN
नाला,PP
वडाळा,NOUN
ट्रक,NOUN
टर्मिनस,NOUN
नाला,PP
शेख,NOUN
मिस्त्री,NOUN
नाला,PP
सेमिंडा,NOUN
नाला,PP
सोमय्या,NOUN
नाला,PP
जी,PART
दक्षिण,NOUN
एलपीजी,NOUN
नाला,PP
टेक्स्टाईल,NOUN
मिल,NOUN
नाला,PP
नेहरू,NOUN
सायन्स,NOUN
सेंटर,NOUN
नाला,PP
रेसकोर्स,NOUN
नाला,PP
जी,PART
उत्तर,NOUN
कुट्टीवाडी,NOUN
नाला,PP
दादर,NOUN
धारावी,NOUN
नाला,PP
नाईकनगर,NOUN
नाला,PP
नाईकनगर,NOUN
ब्रॅंच,NOUN
नाला,PP
प्रेमनगर,NOUN
नाला,PP
शेठवाडी,NOUN
नाला,PP
एल,PART
अलीदादा,NOUN
नाला,PP
कारशेड,NOUN
नाला,PP
टिळकनगर,NOUN
रेल्वे,NOUN
स्थानक,NOUN
नाला,PP
नाला,PP
क्रमांक,NOUN
१०,NUM
बाह्मणवाडी,NOUN
नाला,PP
कुर्ला,PP
भारतीय,NOUN
नगर,NOUN
नाला,PP
भारतीयनगर,NOUN
नाला,PP
उपनाला,PP
मिठी,NOUN
नदी,NOUN
कुर्ला,PP
पश्चिम,NOUN
शिवाजी,NOUN
कुटिर,NOUN
आऊटफॉल,NOUN
श्रमजीवी,NOUN
नाला,PP
संजयनगर,NOUN
नाला,PP
सफेद,NOUN
पूल,NOUN
नाला,PP
एम,PART
पूर्व,NOUN
आदर्श,NOUN
नगर,NOUN
नाला,PP
एनएडी,NOUN
नाला,PP
गायकवाड,NOUN
नगर,NOUN
नाला,PP
डम्पिंग,NOUN
ग्राऊंड,NOUN
नाला,PP
देवनाला,PP
नाला,PP
निरंकारी,NOUN
नाला,PP
पीएमजीपी,NOUN
नाला,PP
पीएमजीपी,NOUN
नाला,PP
देवनार,NOUN
पीएमजीपी,NOUN
नाला,PP
गोवंडी,NOUN
मानखुर्द,NOUN
नाला,PP
रफिकनगर,NOUN
नाला,PP
रफीनगर,NOUN
नाला,PP
वैभवनगर,NOUN
नाला,PP
सुभाषनगर,NOUN
नाला,PP
एम,PART
पश्चिम,NOUN
अयोध्यानगर,NOUN
नाला,PP
चरई,NOUN
नाला,PP
फर्टिलायझर,NOUN
नाला,PP
वाशीनाका,NOUN
नाला,PP
एन,PART
गावदेवी,NOUN
नाला,PP
गौरीशंकर,NOUN
वाडी,NOUN
नाला,PP
बर्,NOUN
नगर,NOUN
नाला,PP
लक्ष्मीबाग,NOUN
नाला,PP
वल्लभबाग,NOUN
नाला,PP
सोमय्या,NOUN
नाला,PP
सोमय्या,NOUN
नाला,PP
घाटकोपर,NOUN
पूर्व,NOUN
सोमय्या,NOUN
नाला,PP
रेल्वे,NOUN
कल्व्हर्ट,NOUN
एस,PART
अलॉंग,NOUN
वेस्ट,NOUN
साईट,NOUN
मिठी,NOUN
उषानगर,NOUN
नाला,PP
कन्नमवारनगर,NOUN
नाला,PP
क्रॉम्प्टन,NOUN
कांजूर,NOUN
नाला,PP
टेक्नोवर्क,NOUN
नाला,PP
ट्रान्समिशन,NOUN
नाला,PP
दातार,NOUN
कॉलनी,NOUN
नाला,PP
टी,PART
एसीसी,NOUN
नाला,PP
नानेपाडा,NOUN
नाला,PP
मोतीनगर,NOUN
नाला,PP
रामगड,NOUN
नाला,PP
एच,PART
पूर्व,NOUN
ओएनजीसी,NOUN
गोळीबार,NOUN
नाला,PP
चमडावाडी,NOUN
नाला,PP
बेहरामपाडा,NOUN
नाला,PP
वांद्रे,NOUN
मिठी,NOUN
नदी,NOUN
वाकोला,PP
नदी,NOUN
एच,PART
पश्चिम,NOUN
गझदरबंध,NOUN
नाला,PP
बोरान,NOUN
नाला,PP
हरिजन,NOUN
नाला,PP
के,PART
पूर्व,NOUN
कार्गो,NOUN
नाला,PP
कृष्णनगर,NOUN
नाला,PP
हा,PART
नाला,PP
सेव्हन,NOUN
हिल्स,NOUN
हाॅस्पिटलपाशी,NOUN
उगम,NOUN
पावतो,NOUN
आणि,NOUN
विमानतळाच्या,PP
टी,PART
2,NUM
टर्मिनलजवळ,NOUN
मिठी,NOUN
नदीला,PP
मिळतो,NOUN
कोंडीविटा,NOUN
नाला,PP
कोलडोंगरी,NOUN
नाला,PP
चोखामेळा,NOUN
नाला,PP
जिजामाता,NOUN
नाला,PP
नवलकर,NOUN
नाला,PP
अंधेरी,NOUN
पूर्व,NOUN
मिठी,NOUN
नदी,NOUN
मेघवाडी,NOUN
नाला,PP
मोगरा,NOUN
नाला,PP
लेलेवाडी,NOUN
नाला,PP
शास्त्रीनगर,NOUN
नाला,PP
श्रद्धानंद,NOUN
नाला,PP
के,PART
पश्चिम,NOUN
अभिषेक,NOUN
नाला,PP
आल्फा,NOUN
कल्व्हर्ट,NOUN
इंडियन,NOUN
ऑईल,NOUN
नाला,PP
कोलडोंगरी,NOUN
नाला,PP
जीवननगर,NOUN
नाला,PP
नेहरूनगर,NOUN
नाला,PP
पत्रावाला,PP
चाळ,NOUN
फेअरडील,NOUN
नाला,PP
मीलन,NOUN
सबवे,NOUN
रसराज,NOUN
नाला,PP
स्टार,NOUN
बाजार,NOUN
नाला,PP
पी,PART
दक्षिण,NOUN
प्रेमनगर,NOUN
नाला,PP
भगतसिंह,NOUN
नाला,PP
मोतीलाल,NOUN
नगर,NOUN
नाला,PP
वालभट,NOUN
नाला,PP
पी,PART
उत्तर,NOUN
पुष्पापा,NOUN
पार्क,NOUN
आणि,NOUN
मालवणी,NOUN
नाला,PP
आर,PART
दक्षिण,NOUN
पोयसर,NOUN
नदी,NOUN
प्रणाली,VERB
आर,PART
मध्य,NOUN
चंदावरकर,NOUN
नाला,PP
प्रणाली,VERB
आर,PART
उत्तर,NOUN
अवधूतनगर,NOUN
नाला,PP
काजूपाडा,NOUN
नाला,PP
केतकीपाडा,NOUN
नाला,PP
कोकणी,NOUN
पाडा,NOUN
नाला,PP
तेरे,NOUN
कंपाऊंड,NOUN
नाला,PP
दहिसर,NOUN
नदी,NOUN
प्रणाली,VERB
धारखाडी,NOUN
नाला,PP
यादवनगर,NOUN
नाला,PP
मुंबई,NOUN
शहर,NOUN
हे,PART
विषुववृत्तीय,NOUN
प्रदेशात,NOUN
Tropical,NOUN
zone,NOUN
आणि,NOUN
अरबी,NOUN
समुद्राजवळ,NOUN
असल्यामुळे,NOUN
इथे,NOUN
दोन,NOUN
प्रमुख,NOUN
प्रकारचे,NOUN
ऋतू,NOUN
अनुभवास,NOUN
येतात,VERB
१,NUM
आर्द्र,NOUN
२,NUM
शुष्क,NOUN
आर्द्र,NOUN
हवामानाच्या,PP
काळात,NOUN
मार्च,NOUN
ते,PART
ऑक्टोबर,NOUN
तापमान,NOUN
व,PART
सापेक्ष,NOUN
आर्द्रता,NOUN
अधिक,NOUN
असते,NOUN
मान्सूनचा,NOUN
पाऊस,NOUN
मुंबईत,NOUN
जून,NOUN
ते,PART
ऑक्टोबरपर्यंत,NOUN
पडतो,NOUN
सरासरी,NOUN
वार्षिक,NOUN
पर्जन्यमान,NOUN
२,NUM
२००,NUM
मिमी,NOUN
८५,NUM
इंच,NOUN
आहे,NOUN
विक्रमी,NOUN
वार्षिक,NOUN
पर्जन्यमान,NOUN
१९५४,NUM
साली,VERB
३,NUM
४५२,NUM
मिमी,NOUN
इतके,NOUN
झाले,VERB
होते,NOUN
तर,PART
एका,NOUN
दिवसात,NOUN
सर्वांत,NOUN
जास्त,NOUN
पाऊस,NOUN
जुलै,NOUN
२६,NUM
२००५,NUM
रोजी,NOUN
९४४,NUM
मिमी,NOUN
३७,NUM
नोव्हेंबर,NOUN
ते,PART
फेब्रुवारीपर्यंत,NOUN
असलेल्या,NOUN
शुष्क,NOUN
ऋतूत,NOUN
मध्यम,NOUN
सापेक्ष,NOUN
आर्द्रता,NOUN
व,PART
मध्यम,NOUN
तापमान,NOUN
असते,NOUN
उत्तरेकडून,NOUN
वाहणारे,NOUN
थंड,NOUN
वारे,NOUN
या,PART
बदलाकरता,NOUN
कारणीभूत,NOUN
असतात,VERB
वार्षिक,NOUN
तापमान,NOUN
कमाल,NOUN
४०,NUM
से,PART
विक्रमी,NOUN
वार्षिक,NOUN
तापमान,NOUN
कमाल,NOUN
४३,NUM
से,PART
व,PART
किमान,NOUN
७,NUM
से,PART
असे,NOUN
नोंदवले,VERB
गेले,VERB
आहे,NOUN
मुंबई,NOUN
भारताची,NOUN
आर्थिक,NOUN
राजधानी,NOUN
म्हणून,NOUN
ओळखली,VERB
जाते,NOUN
भारताच्या,PP
१०,NUM
कारखाना,NOUN
रोजगार,NOUN
Factory,NOUN
employment,NOUN
४०,NUM
प्राप्तिकर,NOUN
२०,NUM
केंद्रीय,NOUN
कर,PART
Central,NOUN
excise,NOUN
६०,NUM
आयात,NOUN
कर,PART
४०,NUM
परदेश,NOUN
व्यापार,NOUN
आणि,NOUN
४०,NUM
अब्ज,NOUN
रुपये,NOUN
९,NUM
अब्ज,NOUN
अमेरिकन,NOUN
डॉलर्स,NOUN
व्यावसायिक,NOUN
कर,PART
एकट्या,NOUN
मुंबईतून,NOUN
येतो,NOUN
महत्त्वाच्या,PP
आर्थिक,NOUN
संस्थांची,NOUN
कार्यालये,NOUN
मुंबईत,NOUN
असून,NOUN
मुंबई,NOUN
शेअर,NOUN
बाजार,NOUN
भारतीय,NOUN
रिझर्व,NOUN
बँक,NOUN
नॅशनल,NOUN
स्टॉक,NOUN
एक्सचेंज,NOUN
टाटा,NOUN
गोदरेज,NOUN
व,PART
रिलायन्स,NOUN
समूह,NOUN
अशा,NOUN
मोठ्या,NOUN
उद्योगसमूहांच्या,PP
मुख्य,NOUN
कचेऱ्या,NOUN
मुंबईत,NOUN
आहेत,NOUN
२००८,NUM
साली,VERB
मुंबईचे,NOUN
वार्षिक,NOUN
सकल,NOUN
उत्पन्न,NOUN
९,NUM
१९,NUM
६००,NUM
कोटी,NOUN
इतके,NOUN
होते,NOUN
व,PART
प्रति,NOUN
व्यक्ती,NOUN
आय,PART
१,NUM
२८,NUM
०००,NUM
होती,NOUN
जी,PART
राष्ट्रीय,NOUN
सरासरीच्या,PP
तिप्पट,NOUN
आहे,NOUN
अनेक,NOUN
आंतरराष्ट्रीय,NOUN
बँका,NOUN
व,PART
कंपन्यांच्या,PP
शाखा,NOUN
मुंबईत,NOUN
आहेत,NOUN
१९८०,NUM
पर्यंत,NOUN
कापड,NOUN
गिरणी,NOUN
ही,PART
मुंबईच्या,PP
अर्थव्यवस्थेचा,NOUN
कणा,NOUN
होती,NOUN
परंतु,NOUN
आता,NOUN
अभियांत्रिकी,NOUN
दागिने,PP
पॉलिशिंग,NOUN
आरोग्य,NOUN
माहिती,NOUN
तंत्रज्ञान,NOUN
ही,PART
क्षेत्रे,NOUN
महत्त्वाची,NOUN
भूमिका,NOUN
बजावतात,VERB
मुंबईला,PP
राजधानीचा,NOUN
दर्जा,NOUN
मिळाल्यामुळे,NOUN
केंद्रीय,NOUN
व,PART
राज्य,NOUN
सरकारी,NOUN
नोकर,NOUN
यांचेही,NOUN
नोकरदार,NOUN
वर्गातील,NOUN
प्रमाण,NOUN
लक्षणीय,NOUN
आहे,NOUN
मुंबईत,NOUN
भरपूर,NOUN
प्रमाणात,NOUN
कुशल,NOUN
व,PART
अकुशल,NOUN
कामगार,NOUN
उपलब्ध,NOUN
आहेत,NOUN
त्यांचे,NOUN
व्यवसाय,NOUN
प्रामुख्याने,PP
फेरीवाले,VERB
टॅक्सी,NOUN
वाहक,NOUN
मॅकेनिक,NOUN
व,PART
इतर,NOUN
आहेत,NOUN
मुंबईतील,NOUN
बंदरामुळे,NOUN
खूप,NOUN
लोकांना,NOUN
रोजगार,NOUN
मिळाले,VERB
आहेत,NOUN
मुंबईतील,NOUN
मनोरंजन,NOUN
व्यवसायानेदेखील,NOUN
खूप,NOUN
लोकांना,NOUN
व्यवसाय,NOUN
पुरवला,PP
असून,NOUN
मुंबई,NOUN
हे,PART
भारताच्या,PP
प्रमुख,NOUN
दूरचित्रवाणी,NOUN
वाहिन्या,NOUN
चित्रपट,NOUN
व्यावसायिक,NOUN
व,PART
उपग्रह,NOUN
वाहिन्यांचे,NOUN
मुख्यालय,NOUN
आहे,NOUN
बॉलिवूड,NOUN
म्हणून,NOUN
ओळखल्या,NOUN
जाणाऱ्या,NOUN
हिंदी,NOUN
चित्रपटसृष्टीचे,NOUN
मुंबई,NOUN
हेच,NOUN
केंद्र,NOUN
आहे,NOUN
मुंबईचा,NOUN
कारभार,NOUN
बृहन्मुंबई,NOUN
महानगरपालिका,NOUN
चालवते,NOUN
महानगरपालिकेचे,NOUN
कार्यक्षेत्र,NOUN
नागरी,NOUN
प्रशासन,NOUN
व,PART
पायाभूत,NOUN
सेवा,NOUN
सुविधा,NOUN
पुरवणे,NOUN
हे,PART
असते,NOUN
प्रशासकीय,NOUN
प्रमुख,NOUN
या,PART
नात्याने,PP
बहुतांश,NOUN
कार्यकारी,NOUN
अधिकार,NOUN
महाराष्ट्र,NOUN
सरकारने,PP
नेमलेल्या,NOUN
आय,PART
दर्जाच्या,PP
महापालिका,NOUN
आयुक्ताकडे,PP
असतात,VERB
प्रशासकीय,NOUN
सोईकरता,NOUN
शहराचे,NOUN
१४,NUM
प्रभाग,NOUN
पाडण्यात,NOUN
आले,VERB
आहेत,NOUN
प्रत्येक,NOUN
प्रभागावर,PP
एक,PART
उपायुक्त,NOUN
असतो,NOUN
मुंबई,NOUN
महापालिकेच्या,PP
१४,NUM
प्रभागातील,NOUN
लोकांनी,NOUN
निवडलेले,VERB
२२७,NUM
नगरसेवक,NOUN
५,NUM
नियुक्त,NOUN
नगरसेवक,NOUN
व,PART
एक,PART
महापौर,NOUN
यांपासून,NOUN
महापालिकेची,NOUN
सभा,NOUN
काउन्सिल,NOUN
बनविली,VERB
जाते,NOUN
राज्यातील,NOUN
जवळजवळ,NOUN
सर्व,NOUN
राजकीय,NOUN
पक्ष,NOUN
आपले,VERB
उमेदवार,NOUN
नगरसेवकपदासाठी,PP
उभे,NOUN
करतात,VERB
मुंबई,NOUN
शहर,NOUN
महाराष्ट्राच्या,PP
२,NUM
जिल्ह्यात,NOUN
विभागले,VERB
आहे,NOUN
जिल्ह्याचा,NOUN
प्रमुख,NOUN
जिल्हाधिकारी,NOUN
हा,PART
असतो,NOUN
व,PART
त्याचे,NOUN
काम,NOUN
सातबारा,NOUN
जमीनजुमल्याच्या,PP
नोंदी,NOUN
ठेवणे,NOUN
राज्य,NOUN
सरकाराकरिता,NOUN
सारावसुली,VERB
करवसुली,VERB
व,PART
निवडणुकीचे,NOUN
व्यवस्थापन,NOUN
करणे,NOUN
हे,PART
असते,NOUN
मुंबईचे,NOUN
प्रतिनिधित्व,NOUN
लोकसभेवर,PP
६,NUM
खासदार,NOUN
तर,PART
महाराष्ट्र,NOUN
विधानसभेवर,PP
३६,NUM
आमदार,NOUN
करतात,VERB
मुंबई,NOUN
पोलिसांचा,NOUN
प्रमुख,NOUN
पोलीस,NOUN
आयुक्त,NOUN
असतो,NOUN
हा,PART
राज्याच्या,PP
गृह,NOUN
मंत्रालयाने,PP
नियुक्त,NOUN
केलेला,PP
एक,PART
आय,PART
मुंबई,NOUN
पोलिस,NOUN
हे,PART
गृहमंत्रालयाच्या,PP
अखत्यारीत,NOUN
असून,NOUN
शहर,NOUN
सात,NOUN
पोलीस,NOUN
व,PART
सतरा,NOUN
वाहतूक,NOUN
नियंत्रण,NOUN
विभागात,NOUN
काम,NOUN
करतात,VERB
या,PART
विभागाचे,NOUN
प्रमुख,NOUN
म्हणून,NOUN
पोलीस,NOUN
उपायुक्त,NOUN
काम,NOUN
करतात,VERB
वाहतूक,NOUN
नियंत्रण,NOUN
पोलीस,NOUN
ही,PART
मुंबई,NOUN
पोलिसांच्या,PP
अधिकारक्षेत्रात,NOUN
असलेली,VERB
स्वायत्त,NOUN
संस्था,NOUN
आहे,NOUN
मुंबई,NOUN
उच्च,NOUN
न्यायालयाचे,NOUN
अधिकारक्षेत्र,NOUN
महाराष्ट्र,NOUN
व,PART
गोवा,NOUN
ही,PART
राज्ये,NOUN
तसेच,NOUN
दमण,NOUN
आणि,NOUN
दीव,NOUN
दादरा,NOUN
आणि,NOUN
नगर,NOUN
हवेली,VERB
हे,PART
केंद्रशासित,NOUN
प्रदेश,NOUN
आहेत,NOUN
मुंबईत,NOUN
सत्र,NOUN
न्यायालय,NOUN
Sessions,NOUN
Court,NOUN
आणि,NOUN
दिवाणी,NOUN
न्यायालय,NOUN
Civil,NOUN
Court,NOUN
अशी,NOUN
आणखी,NOUN
दोन,NOUN
कनिष्ठ,NOUN
न्यायालये,NOUN
आहेत,NOUN
मुंबई,NOUN
सार्वजनिक,NOUN
वाहतूक,NOUN
व्यवस्थेमध्ये,PP
उपनगरीय,NOUN
रेल्वे,NOUN
बेस्ट,NOUN
बसेस,NOUN
रिक्षा,NOUN
व,PART
भाड्याच्या,PP
अन्य,NOUN
गाड्या,NOUN
सामील,NOUN
आहेत,NOUN
रिक्षांना,NOUN
दक्षिण,NOUN
मुंबईमध्ये,PP
चालवण्यावर,PP
बंदी,NOUN
आहे,NOUN
सर्व,NOUN
भाड्याच्या,PP
गाड्यांना,NOUN
सी,PART
२००५,NUM
मध्ये,PP
मुंबईत,NOUN
एकूण,NOUN
१५,NUM
वाहतुकीच,NOUN
नवीन,NOUN
साधन,NOUN
म्हणून,NOUN
कॅब,NOUN
हा,PART
ही,PART
पर्याय,NOUN
आहे,NOUN
मुंबईतून,NOUN
राष्ट्रीय,NOUN
महामार्ग,NOUN
क्र,NOUN
३,NUM
राष्ट्रीय,NOUN
महामार्ग,NOUN
क्र,NOUN
४,NUM
व,PART
राष्ट्रीय,NOUN
महामार्ग,NOUN
क्र,NOUN
मुंबई,NOUN
पुणे,NOUN
द्रुतगती,NOUN
मार्ग,NOUN
हा,PART
भारताच्या,PP
पहिला,PP
द्रुतगती,NOUN
मार्ग,NOUN
असून,NOUN
मुंबई,NOUN
वडोदरा,NOUN
द्रुतगती,NOUN
मार्ग,NOUN
व,PART
पश्चिम,NOUN
मुक्तमार्ग,NOUN
यांचे,NOUN
काम,NOUN
सुरू,NOUN
आहे,NOUN
राजीव,NOUN
गांधी,NOUN
सागरी,NOUN
सेतू,NOUN
वांद्रे,NOUN
वरळी,NOUN
सागरी,NOUN
महामार्ग,NOUN
सागरी,NOUN
सेतू,NOUN
व,PART
माहीम,NOUN
कॉजवे,NOUN
हे,PART
दोन,NOUN
पूल,NOUN
दक्षिण,NOUN
मुंबईला,PP
पश्चिम,NOUN
उपनगरांशी,NOUN
जोडतात,VERB
मुंबईतील,NOUN
तीन,NOUN
मुख्य,NOUN
महामार्ग,NOUN
आहेत,NOUN
१,NUM
पूर्व,NOUN
द्रुतगती,NOUN
मार्ग,NOUN
भायखळा,NOUN
ते,PART
ठाणे,NOUN
२,NUM
पूर्व,NOUN
मुक्त,NOUN
मार्ग,NOUN
चिंचपोकळी,NOUN
ते,PART
चेंबूर,NOUN
३,NUM
सायन,NOUN
पनवेल,NOUN
द्रुतगती,NOUN
मार्ग,NOUN
४,NUM
पश्चिम,NOUN
द्रुतगती,NOUN
मार्ग,NOUN
वांद्रे,NOUN
ते,PART
भाईंदर,NOUN
मुंबईच्या,PP
बेस्ट,NOUN
बसेसमधून,NOUN
दररोज,NOUN
सुमारे,NOUN
५५,NUM
लाख,NOUN
लोक,NOUN
प्रवास,NOUN
करतात,VERB
बेस्ट,NOUN
मुंबईसह,NOUN
नवी,NOUN
मुंबई,NOUN
मीरा,NOUN
भाईंदर,NOUN
व,PART
ठाण्यापर्यंत,NOUN
सुविधा,NOUN
पुरवते,NOUN
बेस्टच्या,PP
एकूण,NOUN
४,NUM
०१३,NUM
गाड्या,NOUN
दररोज,NOUN
३९०,NUM
मार्गांवरून,NOUN
धावतात,VERB
यामध्ये,PP
सिंगल,NOUN
डेकर,NOUN
डबल,NOUN
डेकर,NOUN
व्हेस्टिब्यूल,NOUN
लो,PART
फ्लोअर,NOUN
दुर्बल,NOUN
मित्र,NOUN
वातानुकूलित,NOUN
व,PART
युरो,NOUN
३,NUM
च्या,PP
सी,PART
वर,PART
चालणाऱ्या,NOUN
बसेस,NOUN
सामील,NOUN
आहेत,NOUN
महाराष्ट्र,NOUN
राज्य,NOUN
परिवहन,NOUN
महामंडळाच्या,PP
एस,PART
गाड्या,NOUN
मुंबईला,PP
महाराष्ट्राच्या,PP
व,PART
भारताच्या,PP
प्रमुख,NOUN
शहरांशी,NOUN
जोडतात,VERB
नवी,NOUN
मुंबई,NOUN
महापालिका,NOUN
परिवहन,NOUN
एन,PART
व्होल्व्हो,NOUN
बसेस,NOUN
नवी,NOUN
मुंबईतील,NOUN
गावांपासून,NOUN
ते,PART
मुंबईतील,NOUN
वांद्रे,NOUN
व,PART
बोरीवलीपर्यंत,NOUN
चालवते,NOUN
मुंबई,NOUN
दर्शन,NOUN
ही,PART
बस,PART
सुविधा,NOUN
मुंबईच्या,PP
अनेक,NOUN
प्रेक्षणीय,NOUN
स्थळे,NOUN
दाखविते,NOUN
मुंबईची,NOUN
८८,NUM
लोकसंख्या,NOUN
सार्वजनिक,NOUN
परिवहनसेवा,NOUN
वापरते,NOUN
पण,PART
तरीही,NOUN
शहरामध्ये,PP
वाहतूककोंडी,NOUN
ही,PART
वारंवार,NOUN
घडते,NOUN
मुंबईत,NOUN
रेल्वेच्या,PP
दोन,NOUN
विभागांची,NOUN
मुख्यालये,NOUN
आहेत,NOUN
मध्य,NOUN
रेल्वेचे,NOUN
मुख्यालय,NOUN
छत्रपती,NOUN
शिवाजी,NOUN
महाराज,NOUN
टर्मिनस,NOUN
मध्ये,PP
आहे,NOUN
तर,PART
पश्चिम,NOUN
रेल्वेचे,NOUN
मुख्यालय,NOUN
चर्चगेट,NOUN
येथे,NOUN
आहे,NOUN
मुंबईची,NOUN
जीवनरेषा,NOUN
मानली,VERB
जाणारी,NOUN
मुंबई,NOUN
उपनगरी,NOUN
रेल्वे,NOUN
तीन,NOUN
वेगवेगळ्या,NOUN
भागांमध्ये,PP
विभाजित,NOUN
आहे,NOUN
पश्चिम,NOUN
मध्य,NOUN
व,PART
हार्बर,NOUN
२००७,NUM
मध्ये,PP
मुंबई,NOUN
उपनगरीय,NOUN
रेल्वेनी,NOUN
तब्बल,NOUN
६३,NUM
लाख,NOUN
लोकांना,NOUN
सेवा,NOUN
पुरवली,VERB
गर्दीच्या,PP
वेळेला,PP
एका,NOUN
१७००,NUM
जणांची,NOUN
क्षमता,NOUN
असलेली,VERB
९,NUM
डब्यांची,NOUN
लोकलगाडी,NOUN
वास्तवामध्ये,PP
४५००हून,NOUN
अधिक,NOUN
लोकांना,NOUN
घेऊन,NOUN
जाते,NOUN
उपनगरीय,NOUN
रेल्वेची,NOUN
एकूण,NOUN
लांबी,NOUN
३१९,NUM
कि,PART
आहे,NOUN
व,PART
१२,NUM
आणि,NOUN
१५,NUM
डब्यांच्या,PP
गाड्या,NOUN
दररोज,NOUN
२,NUM
२२६,NUM
खेपा,NOUN
करतात,VERB
मुंबई,NOUN
मेट्रोचा,NOUN
पहिला,PP
मार्ग,NOUN
कार्यरत,NOUN
असून,NOUN
तो,PART
वर्सोवा,NOUN
ते,PART
घाटकोपर,NOUN
असा,NOUN
धावतो,NOUN
मेट्रोच्या,PP
दुसऱ्या,NOUN
व,PART
तिसऱ्या,NOUN
मार्गाची,NOUN
चाचपणी,NOUN
केली,VERB
गेली,VERB
असून,NOUN
त्यांचे,NOUN
काम,NOUN
भविष्यात,NOUN
सुरू,NOUN
होण्याची,NOUN
अपेक्षा,NOUN
आहे,NOUN
मुंबई,NOUN
मोनोरेल,NOUN
ह्या,NOUN
जलद,NOUN
परिवहन,NOUN
पद्धतीचा,NOUN
पहिला,PP
टप्पा,NOUN
मार्च,NOUN
२०१४,NUM
मध्ये,PP
चालू,NOUN
झाला,PP
जो,PART
चेंबूर,NOUN
ते,PART
वडाळा,NOUN
डेपो,NOUN
दरम्यान,NOUN
धावतो,NOUN
वडाळा,NOUN
ते,PART
दक्षिण,NOUN
मुंबईमधील,NOUN
जेकब,NOUN
सर्कलपर्यंत,NOUN
नंतर,NOUN
चालू,NOUN
झाले,VERB
भारतीय,NOUN
रेल्वे,NOUN
मार्फत,NOUN
मुंबई,NOUN
महाराष्ट्रातील,NOUN
व,PART
भारताच्या,PP
इतर,NOUN
शहरांना,NOUN
चांगल्या,NOUN
प्रकारे,NOUN
जोडलेली,VERB
आहे,NOUN
बाहेरगावच्या,PP
गाड्या,NOUN
छत्रपती,NOUN
शिवाजी,NOUN
महाराज,NOUN
टर्मिनस,NOUN
दादर,NOUN
लोकमान्य,NOUN
टिळक,NOUN
टर्मिनस,NOUN
कुर्ला,PP
मुंबई,NOUN
सेंट्रल,NOUN
वांद्रे,NOUN
टर्मिनस,NOUN
ह्या,NOUN
पाच,NOUN
प्रमुख,NOUN
टर्मिनसहून,NOUN
सर्व,NOUN
लांब,NOUN
पल्ल्यांच्या,PP
गाड्या,NOUN
सुटतात,VERB
छत्रपती,NOUN
शिवाजी,NOUN
आंतरराष्ट्रीय,NOUN
विमानतळ,NOUN
मुंबईतील,NOUN
महत्त्वाचे,NOUN
हवाई,NOUN
प्रवास,NOUN
केंद्रस्थान,NOUN
आहे,NOUN
व,PART
देशातील,NOUN
सर्वांत,NOUN
व्यस्त,NOUN
विमानतळ,NOUN
आहे,NOUN
५,NUM
कोटी,NOUN
लोकांनी,NOUN
या,PART
विमानतळाचा,NOUN
आंतरराष्ट्रीय,NOUN
देशांतर्गत,NOUN
व,PART
राज्यांतर्गत,NOUN
प्रवासासाठी,PP
वापर,NOUN
केला,PP
सध्या,NOUN
वर्षात,NOUN
सुमारे,NOUN
४,NUM
कोटी,NOUN
प्रवासी,NOUN
मुंबई,NOUN
विमानतळाचा,NOUN
वापर,NOUN
करतात,VERB
नवी,NOUN
मुंबई,NOUN
आंतरराष्ट्रीय,NOUN
विमानतळ,NOUN
हा,PART
प्रस्तावित,NOUN
विमानतळ,NOUN
नवी,NOUN
मुंबई,NOUN
येथे,NOUN
तयार,NOUN
होत,NOUN
आहे,NOUN
याने,PP
सध्याच्या,PP
विमानतळाचा,NOUN
भार,NOUN
कमी,NOUN
होण्यास,NOUN
मदत,NOUN
होईल,NOUN
जुहू,NOUN
विमानतळ,NOUN
हा,PART
भारताच्या,PP
पहिला,PP
विमानतळ,NOUN
आहे,NOUN
येथून,NOUN
खाजगी,NOUN
कंपन्यांची,NOUN
छोटी,NOUN
विमाने,PP
उडतात,VERB
हा,PART
विमानतळ,NOUN
शिकाऊ,NOUN
आणि,NOUN
हौशी,NOUN
वैमानिकांसाठीही,NOUN
उपयोगात,NOUN
आहे,NOUN
मुंबईतील,NOUN
सागरी,NOUN
बंदरांचा,NOUN
कारभार,NOUN
मुंबई,NOUN
पोर्ट,NOUN
ट्रस्ट,NOUN
व,PART
जवाहरलाल,NOUN
नेहरू,NOUN
पोर्ट,NOUN
ट्रस्ट,NOUN
नवी,NOUN
मुंबई,NOUN
या,PART
संस्था,NOUN
पाहतात,VERB
मुंबई,NOUN
बंदर,NOUN
हे,PART
जगातील,NOUN
सर्वोत्कृष्ट,NOUN
नैसर्गिक,NOUN
बंदरांपैकी,NOUN
एक,PART
आहे,NOUN
न्हावा,NOUN
शेवा,NOUN
बंदर,NOUN
म्हणजेच,NOUN
जवाहरलाल,NOUN
नेहरू,NOUN
बंदर,NOUN
सुरुवात,NOUN
२६,NUM
मे,PART
१९८९,NUM
भारताच्या,PP
सर्वांत,NOUN
व्यस्त,NOUN
बंदर,NOUN
असून,NOUN
देशातील,NOUN
५५,NUM
ते,PART
६०,NUM
मालवाहतूक,NOUN
मुंबई,NOUN
येथून,NOUN
होते,NOUN
मुंबई,NOUN
भारतीय,NOUN
नौदलाच्या,PP
पश्चिम,NOUN
विभागाचे,NOUN
मुख्यालय,NOUN
आहे,NOUN
बृहन्मुंबई,NOUN
महानगरपालिका,NOUN
मुंबईला,PP
तुळशी,NOUN
व,PART
विहार,NOUN
या,PART
तलावांमार्फत,NOUN
पाणीपुरवठा,NOUN
करते,NOUN
आणि,NOUN
भांडुपच्या,PP
जलशुद्धीकरण,NOUN
केंद्रात,NOUN
पाणी,NOUN
शुद्ध,NOUN
केले,VERB
जाते,NOUN
मुंबईला,PP
दररोज,NOUN
४२०,NUM
कोटी,NOUN
लिटर,NOUN
पाण्याची,NOUN
गरज,NOUN
पडते,NOUN
पण,PART
महानगरपालिका,NOUN
फक्त,NOUN
३५०,NUM
कोटी,NOUN
लिटरच,NOUN
पुरवते,NOUN
या,PART
पाण्यापैकी,NOUN
सुमारे,NOUN
७०,NUM
कोटी,NOUN
लिटर,NOUN
पाण्याची,NOUN
गळती,NOUN
अथवा,NOUN
चोरी,NOUN
होते,NOUN
मुंबईचा,NOUN
रोजचा,NOUN
कचरा,NOUN
७८००,NUM
मेट्रिक,NOUN
टन,PART
आहे,NOUN
व,PART
तो,PART
मुलुंड,NOUN
व,PART
गोराईतील,NOUN
डम्पिंग,NOUN
केंद्रांत,NOUN
पाठविला,PP
जातो,NOUN
वांद्रे,NOUN
व,PART
वरळीतील,NOUN
सांडपाणी,NOUN
शुद्धीकरण,NOUN
केंद्रात,NOUN
सांडपाण्याचे,NOUN
शुद्धीकरण,NOUN
केले,VERB
जाते,NOUN
बेस्ट,NOUN
महावितरण,NOUN
व,PART
रिलायन्स,NOUN
एजन्सी,NOUN
या,PART
कंपन्या,NOUN
मुंबईत,NOUN
वीजपुरवठा,NOUN
करतात,VERB
वीज,NOUN
ही,PART
मुख्यत,NOUN
अणुशक्ती,NOUN
व,PART
जलशक्ती,NOUN
मार्फत,NOUN
तयार,NOUN
केली,VERB
जाते,NOUN
मागणी,NOUN
व,PART
निर्मिती,NOUN
मधील,NOUN
फरक,NOUN
घटत,NOUN
चालला,PP
आहे,NOUN
पण,PART
काही,NOUN
वेळा,NOUN
वीजपुरवठा,NOUN
खंडित,NOUN
झाल्याचे,NOUN
प्रसंग,NOUN
घडतात,VERB
महानगर,NOUN
टेलिफोन,NOUN
निगम,NOUN
लिमिटेड,NOUN
एम,PART
ही,PART
कंपनी,NOUN
दूरध्वनी,NOUN
सेवा,NOUN
तर,PART
एम,PART
टाटा,NOUN
उद्योगसमूह,NOUN
रिलायन्स,NOUN
मोबाईल,NOUN
एअरटेल,NOUN
व्होडाफोन,NOUN
आयडिया,NOUN
एअरटेल,NOUN
या,PART
कंपन्या,NOUN
भ्रमणध्वनी,NOUN
सेवा,NOUN
पुरवतात,VERB
टाटा,NOUN
रिलायन्स,NOUN
व,PART
एअरटेल,NOUN
या,PART
कंपन्या,NOUN
इंटरनेट,NOUN
सेवादेखील,NOUN
पुरवतात,VERB
मुंबईची,NOUN
लोकसंख्या,NOUN
३,NUM
कोटी,NOUN
२९,NUM
लाख,NOUN
असून,NOUN
लोकसंख्या,NOUN
घनता,NOUN
२९,NUM
०००,NUM
व्यक्ती,NOUN
चौरस,NOUN
कि,PART
प्रत्येक,NOUN
१,NUM
०००,NUM
पुरुषांमागे,NOUN
८११,NUM
स्त्रिया,NOUN
आहेत,NOUN
स्त्रियांचे,NOUN
प्रमाण,NOUN
कमीअसण्याचे,NOUN
कारण,NOUN
रोजगाराकरिता,NOUN
इतर,NOUN
गावांहून,NOUN
मुंबईकडे,PP
होणारे,NOUN
पुरुषांचे,NOUN
स्थलांतर,NOUN
हे,PART
आहे,NOUN
साक्षरतेचे,NOUN
प्रमाण,NOUN
८६,NUM
आहे,NOUN
लोकसंख्या,NOUN
जास्त,NOUN
असल्यामुळे,NOUN
नागरी,NOUN
सोयी,NOUN
सुविधांवर,PP
ताण,NOUN
पडतो,NOUN
मुंबईत,NOUN
बोलली,VERB
जाणारी,NOUN
प्रमुख,NOUN
भाषा,NOUN
महाराष्ट्र,NOUN
राज्याची,NOUN
राजभाषा,NOUN
मराठी,NOUN
असून,NOUN
कोकणी,NOUN
हिंदी,NOUN
इंग्रजी,NOUN
या,PART
भाषादेखील,NOUN
बोलल्या,NOUN
जातात,VERB
मुंबई,NOUN
मोठे,NOUN
शहर,NOUN
असून,NOUN
त्यामानाने,PP
गुन्ह्यांचे,NOUN
प्रमाण,NOUN
मध्यम,NOUN
आहे,NOUN
शहरातील,NOUN
प्रमुख,NOUN
कारागृह,NOUN
आर्थर,NOUN
रोड,NOUN
जेल,NOUN
हे,PART
आहे,NOUN
विकसनशील,NOUN
देशांतील,NOUN
इतर,NOUN
मोठ्या,NOUN
शहरांप्रमाणे,NOUN
मुंबईतदेखील,NOUN
अतिनागरीकरणामुळे,NOUN
गरिबी,NOUN
निकृष्ट,NOUN
सार्वजनिक,NOUN
आरोग्य,NOUN
बेरोजगारी,NOUN
पायाभूत,NOUN
नागरी,NOUN
सुविधांचा,NOUN
अभाव,NOUN
अतिस्थलांतरण,NOUN
व,PART
बकाल,NOUN
वस्त्यांची,NOUN
झोपडपट्ट्यांची,NOUN
वाढ,NOUN
असे,NOUN
प्रश्न,NOUN
निर्माण,NOUN
झाले,VERB
आहेत,NOUN
जागेची,NOUN
कमतरता,NOUN
घरांच्या,PP
वाढत्या,NOUN
किंमतीमुळे,NOUN
लोक,NOUN
उपनगरात,NOUN
कार्यालयांपासून,NOUN
दूर,NOUN
राहतात,VERB
यामुळे,NOUN
वाहतूक,NOUN
व्यवस्थेवर,PP
ताण,NOUN
येतो,NOUN
मुंबईतील,NOUN
४५,NUM
४८,NUM
लोकसंख्या,NOUN
झोपडपट्टीत,NOUN
राहते,NOUN
मुंबईतील,NOUN
धारावी,NOUN
झोपडपट्टी,NOUN
ही,PART
आशिया,NOUN
खंडातील,NOUN
सर्वांत,NOUN
मोठी,NOUN
झोपडपट्टी,NOUN
आहे,NOUN
